pack_combo,mass,series,parallel,mass_kg,batt_mass,accel_time,skidpad_time,endur_time,energy_wh,final_soc,pack_energy_kwh,final_energy_kwh,total_points,score_breakdown
[100   2],200,100,2,200,14.399999999999999,3.6253038322989397,4.411893476136811,1680.9985762350695,3049.0091554081605,0.037715583591902045,3.6,3.0826259041460577,373.9431430809567,"ScoreBreakdown(accel=100.0, skidpad=75.0, autocross=14.247551877131226, endurance=98.30592293993466, efficiency=86.38966826389083)"
[100   2],205,100,2,205,14.399999999999999,3.63304424605127,4.42563881461237,1684.8317254840697,3053.1942232136917,0.03613346470427658,3.6,3.086414455500092,371.3733643728458,"ScoreBreakdown(accel=100.0, skidpad=75.0, autocross=13.630817590943558, endurance=96.87520444884763, efficiency=85.8673423330546)"
[100   2],210,100,2,210,14.399999999999999,3.6413066374271352,4.43876149137175,1688.4654555332672,3057.388276564083,0.034528463318177126,3.6,3.0903668193826297,368.9379883778695,"ScoreBreakdown(accel=100.0, skidpad=75.0, autocross=13.048754327982792, endurance=95.52491682587777, efficiency=85.36431722400889)"
[100   2],215,100,2,215,14.399999999999999,3.6502306563926226,4.451909490984619,1692.6640643345918,3062.0083121834623,0.03292311038338353,3.6,3.094630820434319,366.14817414060656,"ScoreBreakdown(accel=100.0, skidpad=75.0, autocross=12.379318890408168, endurance=93.97194064054622, efficiency=84.79691460965215)"
[100   2],220,100,2,220,14.399999999999999,3.659836849872832,4.464692498941417,1696.9730413615027,3064.8594424019966,0.03193043087928995,3.6,3.0970465021874367,363.38714925853634,"ScoreBreakdown(accel=100.0, skidpad=75.0, autocross=11.695730462359212, endurance=92.38613192809662, efficiency=84.3052868680805)"
[100   2],225,100,2,225,14.399999999999999,3.6701055085420506,4.476935933773376,1701.9548869746777,3067.054372315045,0.03125348951311648,3.6,3.098794236449912,360.2632478474431,"ScoreBreakdown(accel=100.0, skidpad=75.0, autocross=10.909710604418889, endurance=90.56269974619507, efficiency=83.79083749682917)"
[100   2],230,100,2,230,14.399999999999999,3.6811818926376247,4.4886810058795845,1707.4353406625332,3068.751861395662,0.030705595871056094,3.6,3.1001949009318692,356.8806836079334,"ScoreBreakdown(accel=100.0, skidpad=75.0, autocross=10.050320314431698, endurance=88.56906065966777, efficiency=83.26130263383389)"
[100   2],235,100,2,235,14.399999999999999,3.69325466831323,4.500279849860846,1713.6020983630572,3069.112174718719,0.03064618780054758,3.6,3.1000785784986378,353.1710277398781,"ScoreBreakdown(accel=100.0, skidpad=75.0, autocross=9.089883333262943, endurance=86.34101046162215, efficiency=82.74013394499306)"
[100   2],240,100,2,240,14.399999999999999,3.706403470020561,4.511733862737842,1719.2638241470895,3069.065862311305,0.03077734011309349,3.6,3.099429840975173,349.0788497816133,"ScoreBreakdown(accel=99.27312442299333, skidpad=75.0, autocross=8.214168791243162, endurance=84.30950189100862, efficiency=82.2820546763682)"
[100   2],245,100,2,245,14.399999999999999,3.72069539565949,4.522747919369422,1725.6135069970392,3068.93405026232,0.030886273151149893,3.6,3.0988155216220235,344.23680089365513,"ScoreBreakdown(accel=98.17541342826301, skidpad=75.0, autocross=7.238882279032754, endurance=82.04700331037574, efficiency=81.77550187598361)"
[100   2],250,100,2,250,14.399999999999999,3.736347465548562,4.533349610791845,1732.3987972621899,3067.7753134064387,0.031404476193030585,3.6,3.0971226620227803,339.41466079985315,"ScoreBreakdown(accel=96.98286923697341, skidpad=75.0, autocross=6.5, endurance=79.64762149041113, efficiency=81.28417007246863)"
[100   2],255,100,2,255,14.399999999999999,3.753710765628057,4.543751833798964,1739.6088941039316,3065.953259179294,0.03209895947470137,3.6,3.095105031578523,335.0829809412227,"ScoreBreakdown(accel=95.67158063929313, skidpad=75.0, autocross=6.5, endurance=77.11853347841516, efficiency=80.79286682351437)"
[100   2],260,100,2,260,14.399999999999999,3.7731330596000134,4.554205599096264,1747.352126562609,3064.9151668624268,0.032681336725241754,3.6,3.0936501928082336,330.3734889284912,"ScoreBreakdown(accel=94.21909558161298, skidpad=75.0, autocross=6.5, endurance=74.42568087076049, efficiency=80.22871247611776)"
[100   2],265,100,2,265,14.399999999999999,3.7952596185436107,4.564290460655897,1753.9367279221285,3065.392849865012,0.03275841518541945,3.6,3.093742225191881,325.92918361377946,"ScoreBreakdown(accel=92.58248880387598, skidpad=75.0, autocross=6.5, endurance=72.1544699379831, efficiency=79.6922248719204)"
[100   2],270,100,2,270,14.399999999999999,3.821174457418792,4.5740298978115845,1759.8984995746102,3065.0412583926313,0.03302045783781227,3.6,3.0926371447951873,321.5473248533717,"ScoreBreakdown(accel=90.68977811745462, skidpad=75.0, autocross=6.5, endurance=70.11275017657505, efficiency=79.244796559342)"
[100   2],275,100,2,275,14.399999999999999,3.849749874109179,4.583512153122953,1765.8940261062041,3063.736555307088,0.033572583012187976,3.6,3.090917413102311,317.04570722526387,"ScoreBreakdown(accel=88.6322903140801, skidpad=75.0, autocross=6.5, endurance=68.07337368485801, efficiency=78.8400432263258)"
[100   2],280,100,2,280,14.399999999999999,3.8782795667071923,4.593257496777142,1771.6050972356568,3062.036969769486,0.034363389113418574,3.6,3.0885936345248806,312.7292263255366,"ScoreBreakdown(accel=86.60834141317284, skidpad=75.0, autocross=6.5, endurance=66.14359125175562, efficiency=78.47729366060813)"
[100   2],285,100,2,285,14.399999999999999,3.906724326227902,4.602689228761392,1777.6758673361946,3059.134784179865,0.03540889199782111,3.6,3.085419573247293,308.3684327850913,"ScoreBreakdown(accel=84.61984659093939, skidpad=75.0, autocross=6.5, endurance=64.10586131121113, efficiency=78.14272488294071)"
[100   2],290,100,2,290,14.399999999999999,3.935079819301123,4.6118214268334015,1784.4488740672086,3055.9197833346943,0.036619004894943886,3.6,3.081929772887052,303.7864027122719,"ScoreBreakdown(accel=82.66620466115832, skidpad=75.0, autocross=6.5, endurance=61.848780238368185, efficiency=77.77141781274543)"
[100   2],295,100,2,295,14.399999999999999,3.9633417441227863,4.620667299055384,1791.330826076688,3053.6874760122855,0.037507974038027886,3.6,3.0795296845902715,299.17149376440864,"ScoreBreakdown(accel=80.7468256290709, skidpad=75.0, autocross=6.5, endurance=59.57287555912458, efficiency=77.35179257621319)"
[100   2],300,100,2,300,14.399999999999999,3.9915058253446176,4.62980857849513,1798.4348153502815,3050.1461680609577,0.03889034378486663,3.6,3.0756486057427845,294.5794020545428,"ScoreBreakdown(accel=78.86113094825608, skidpad=75.0, autocross=6.5, endurance=57.241811898157486, efficiency=76.97645920812927)"
[104   2],200,104,2,200,14.975999999999999,3.6253038322989397,4.411893476136811,1675.1887204166549,3158.090800787674,0.04438777111935632,3.744,3.1935857108292143,372.5916837022837,"ScoreBreakdown(accel=100.0, skidpad=75.0, autocross=15.187709149566386, endurance=100.48692766810953, efficiency=81.91704688460774)"
[104   2],205,104,2,205,14.975999999999999,3.63304424605127,4.42563881461237,1679.1547014258804,3161.60932044855,0.0431559209834472,3.744,3.196561160350203,369.97640330697567,"ScoreBreakdown(accel=100.0, skidpad=75.0, autocross=14.545224995080334, endurance=98.99647386873389, efficiency=81.43470444316148)"
[104   2],210,104,2,210,14.975999999999999,3.6413066374271352,4.43876149137175,1683.1678875527227,3164.121293522609,0.04235030409886231,3.744,3.1984617629802674,367.3885975853698,"ScoreBreakdown(accel=100.0, skidpad=75.0, autocross=13.898175658255354, endurance=97.49542962395304, efficiency=80.99499230316135)"
[104   2],215,104,2,215,14.975999999999999,3.6502306563926226,4.451909490984619,1687.9941711573017,3165.894772896725,0.04168475728194529,3.744,3.2003171696982915,364.3471786664032,"ScoreBreakdown(accel=100.0, skidpad=75.0, autocross=13.124104831818077, endurance=95.6997171597723, efficiency=80.5233566748128)"
[104   2],220,104,2,220,14.975999999999999,3.659836849872832,4.464692498941417,1692.8175616723947,3167.1532277964207,0.041289115615983495,3.744,3.201186744295373,361.34723682554215,"ScoreBreakdown(accel=100.0, skidpad=75.0, autocross=12.35490785737381, endurance=93.9153112020164, efficiency=80.07701776615194)"
[104   2],225,104,2,225,14.975999999999999,3.6701055085420506,4.476935933773376,1698.2421727859958,3167.4291389674104,0.04129826055033091,3.744,3.2010967012961924,358.042903525507,"ScoreBreakdown(accel=100.0, skidpad=75.0, autocross=11.495053151010989, endurance=91.92059474860513, efficiency=79.6272556258909)"
[104   2],230,104,2,230,14.975999999999999,3.6811818926376247,4.4886810058795845,1704.4299156928985,3166.908093839562,0.04160400051108951,3.744,3.2001418436758096,354.3353228984567,"ScoreBreakdown(accel=100.0, skidpad=75.0, autocross=10.520916840152958, endurance=89.6607644391876, efficiency=79.15364161911616)"
[104   2],235,104,2,235,14.975999999999999,3.69325466831323,4.500279849860846,1711.4480182568027,3164.9558888758957,0.04240506552729003,3.744,3.197614154394361,350.22099273871027,"ScoreBreakdown(accel=100.0, skidpad=75.0, autocross=9.424582316055407, endurance=87.11745508997132, efficiency=78.67895533268354)"
[104   2],240,104,2,240,14.975999999999999,3.706403470020561,4.511733862737842,1717.8817605416496,3162.7437750995464,0.043254445829343416,3.744,3.19486029569278,345.7700560132997,"ScoreBreakdown(accel=99.27312442299333, skidpad=75.0, autocross=8.42740378495056, endurance=84.80417075453147, efficiency=78.2653570508244)"
[104   2],245,104,2,245,14.975999999999999,3.72069539565949,4.522747919369422,1725.3485692646343,3161.412180586537,0.04394353721228282,3.744,3.1926209325913693,340.3326114917056,"ScoreBreakdown(accel=98.17541342826301, skidpad=75.0, autocross=7.279432168627114, endurance=82.14107214707492, efficiency=77.73669374774053)"
[104   2],250,104,2,250,14.975999999999999,3.736347465548562,4.533349610791845,1733.3911346370162,3158.387203329626,0.04508226238031553,3.744,3.1891606072159995,335.0211490606087,"ScoreBreakdown(accel=96.98286923697341, skidpad=75.0, autocross=6.5, endurance=79.29829039789503, efficiency=77.23998942574026)"
[104   2],255,104,2,255,14.975999999999999,3.753710765628057,4.543751833798964,1741.676090625161,3154.2183666031347,0.0466413646204045,3.744,3.184767697863447,330.3468659893598,"ScoreBreakdown(accel=95.67158063929313, skidpad=75.0, autocross=6.5, endurance=76.39728469418151, efficiency=76.77800065588515)"
[104   2],260,104,2,260,14.975999999999999,3.7731330596000134,4.554205599096264,1750.5129593076,3150.3676937950104,0.04825467232511963,3.744,3.1804916291638032,325.31774242522573,"ScoreBreakdown(accel=94.21909558161298, skidpad=75.0, autocross=6.5, endurance=73.33328992784634, efficiency=76.2653569157664)"
[104   2],265,104,2,265,14.975999999999999,3.7952596185436107,4.564290460655897,1758.1522724538052,3147.39401113438,0.04959765218691284,3.744,3.177098007455576,320.60350301258563,"ScoreBreakdown(accel=92.58248880387598, skidpad=75.0, autocross=6.5, endurance=70.70934428421369, efficiency=75.81166992449599)"
[104   2],270,104,2,270,14.975999999999999,3.821174457418792,4.5740298978115845,1764.6012946061057,3145.1608051742287,0.05050726388589162,3.744,3.174189428341928,316.1219466801606,"ScoreBreakdown(accel=90.68977811745462, skidpad=75.0, autocross=6.5, endurance=68.51192401124891, efficiency=75.42024455145705)"
[104   2],275,104,2,275,14.975999999999999,3.849749874109179,4.583512153122953,1771.867070765349,3141.590745039741,0.05186401163282176,3.744,3.1701497001912724,311.21475862988206,"ScoreBreakdown(accel=88.6322903140801, skidpad=75.0, autocross=6.5, endurance=66.05536827824218, efficiency=75.02710003755978)"
[104   2],280,104,2,280,14.975999999999999,3.8782795667071923,4.593257496777142,1778.5048502328202,3137.3056161309473,0.0534631611119512,3.744,3.1655050036036343,306.6510259250254,"ScoreBreakdown(accel=86.60834141317284, skidpad=75.0, autocross=6.5, endurance=63.82868234045871, efficiency=74.71400217139387)"
[104   2],285,104,2,285,14.975999999999999,3.906724326227902,4.602689228761392,1785.6246001193815,3132.1489304275665,0.05523969655899862,3.744,3.1602177200694714,301.9833733076383,"ScoreBreakdown(accel=84.61984659093939, skidpad=75.0, autocross=6.5, endurance=61.45871772972758, efficiency=74.40480898697135)"
[104   2],290,104,2,290,14.975999999999999,3.935079819301123,4.6118214268334015,1793.6637468919655,3126.551085750594,0.05732263920326058,3.744,3.15422809219421,297.02160334916994,"ScoreBreakdown(accel=82.66620466115832, skidpad=75.0, autocross=6.5, endurance=58.80532762656473, efficiency=74.05007106144691)"
[104   2],295,104,2,295,14.975999999999999,3.9633417441227863,4.620667299055384,1801.555358398534,3121.6979521070957,0.05919110116472127,3.744,3.149098174074732,292.1493476329265,"ScoreBreakdown(accel=80.7468256290709, skidpad=75.0, autocross=6.5, endurance=56.2236655613058, efficiency=73.67885644254977)"
[104   2],300,104,2,300,14.975999999999999,3.9915058253446176,4.62980857849513,1809.4327642331496,3116.120712766985,0.061252488192922665,3.744,3.14318696535898,287.37305325543446,"ScoreBreakdown(accel=78.86113094825608, skidpad=75.0, autocross=6.5, endurance=53.66910915477577, efficiency=73.34281315240266)"
[108   2],200,108,2,200,15.552,3.6253038322989397,4.411893476136811,1669.4006770435972,3268.4173797332824,0.05040696750011746,3.888,3.305455481743121,371.4989106513274,"ScoreBreakdown(accel=100.0, skidpad=75.0, autocross=16.130843781010093, endurance=102.67483936202895, efficiency=77.69322750828832)"
[108   2],205,108,2,205,15.552,3.63304424605127,4.42563881461237,1674.058675293657,3269.5790395623494,0.049972299858881596,3.888,3.3060533802566865,368.554960173508,"ScoreBreakdown(accel=100.0, skidpad=75.0, autocross=15.371332374335783, endurance=100.91290227168561, efficiency=77.27072552748659)"
[108   2],210,108,2,210,15.552,3.6413066374271352,4.43876149137175,1679.0461399550225,3269.3853539748025,0.04992902109980597,3.888,3.305747631840138,365.4797653914157,"ScoreBreakdown(accel=100.0, skidpad=75.0, autocross=14.56277141905906, endurance=99.03717858355363, efficiency=76.87981538880301)"
[108   2],215,108,2,215,15.552,3.6502306563926226,4.451909490984619,1684.655058126548,3268.8027653361055,0.050115195702873275,3.888,3.305141675644904,362.0580370130851,"ScoreBreakdown(accel=100.0, skidpad=75.0, autocross=13.659180778183366, endurance=96.94100221193452, efficiency=76.45785402296718)"
[108   2],220,108,2,220,15.552,3.659836849872832,4.464692498941417,1690.1890757142248,3267.6182413487254,0.050575300009891945,3.888,3.3035135565940985,358.72909258674076,"ScoreBreakdown(accel=100.0, skidpad=75.0, autocross=12.77353410590468, endurance=94.88645279093289, efficiency=76.06910568990322)"
[108   2],225,108,2,225,15.552,3.6701055085420506,4.476935933773376,1696.9512612555723,3265.091273070059,0.05157570009212984,3.888,3.300525453739039,354.73471769843377,"ScoreBreakdown(accel=100.0, skidpad=75.0, autocross=11.699176991194971, endurance=92.39412728792317, efficiency=75.64141341931564)"
[108   2],230,108,2,230,15.552,3.6811818926376247,4.4886810058795845,1704.866716822344,3262.4873504639295,0.05272501548837672,3.888,3.297063791231172,350.08522972113076,"ScoreBreakdown(accel=100.0, skidpad=75.0, autocross=10.452418442427463, endurance=89.50185982429834, efficiency=75.130951454405)"
[108   2],235,108,2,235,15.552,3.69325466831323,4.500279849860846,1713.378274857226,3258.3183583864784,0.05410047273598021,3.888,3.292761687967978,345.1890020898918,"ScoreBreakdown(accel=100.0, skidpad=75.0, autocross=9.124621643833141, endurance=86.42159742491414, efficiency=74.64278302114448)"
[108   2],240,108,2,240,15.552,3.706403470020561,4.511733862737842,1720.5760071728416,3254.3580086130173,0.05550714018844302,3.888,3.2882903776025985,340.3773449406097,"ScoreBreakdown(accel=99.27312442299333, skidpad=75.0, autocross=8.01203251138345, endurance=83.84058015308719, efficiency=74.25160785314573)"
[108   2],245,108,2,245,15.552,3.72069539565949,4.522747919369422,1728.6783705857554,3250.6248319468395,0.05689853070241933,3.888,3.2839145189583023,334.6934526028856,"ScoreBreakdown(accel=98.17541342826301, skidpad=75.0, autocross=6.770694944596611, endurance=80.96088844426194, efficiency=73.78645578576405)"
[108   2],250,108,2,250,15.552,3.736347465548562,4.533349610791845,1737.6785330926737,3244.7816703344565,0.05904071085280942,3.888,3.277470108035033,329.61981426675925,"ScoreBreakdown(accel=96.98286923697341, skidpad=75.0, autocross=6.5, endurance=77.79358950672159, efficiency=73.34335552306426)"
[108   2],255,108,2,255,15.552,3.753710765628057,4.543751833798964,1747.3214518774905,3237.5852699920406,0.061567480393357424,3.888,3.2700865336608502,324.5200363654815,"ScoreBreakdown(accel=95.67158063929313, skidpad=75.0, autocross=6.5, endurance=74.43630147460539, efficiency=72.91215425158296)"
[108   2],260,108,2,260,15.552,3.7731330596000134,4.554205599096264,1757.9612757719026,3230.993800510479,0.06406250339081516,3.888,3.263064214328509,318.88306860524074,"ScoreBreakdown(accel=94.21909558161298, skidpad=75.0, autocross=6.5, endurance=70.77466972817912, efficiency=72.38930329544864)"
[108   2],265,108,2,265,15.552,3.7952596185436107,4.564290460655897,1767.3391026059044,3225.328650862686,0.06629015291908803,3.888,3.2569005628017886,313.5951887569331,"ScoreBreakdown(accel=92.58248880387598, skidpad=75.0, autocross=6.5, endurance=67.58390078381112, efficiency=71.92879916924602)"
[108   2],270,108,2,270,15.552,3.821174457418792,4.5740298978115845,1773.9573895269953,3221.6937872475964,0.0677269854995161,3.888,3.2524347336427515,309.13484876629417,"ScoreBreakdown(accel=90.68977811745462, skidpad=75.0, autocross=6.5, endurance=65.35235984362272, efficiency=71.59271080521684)"
[108   2],275,108,2,275,15.552,3.849749874109179,4.583512153122953,1781.983961963054,3215.7293406809777,0.06992923030634007,3.888,3.245857768757495,304.05143493274846,"ScoreBreakdown(accel=88.6322903140801, skidpad=75.0, autocross=6.5, endurance=62.668217814138295, efficiency=71.2509268045301)"
[108   2],280,108,2,280,15.552,3.8782795667071923,4.593257496777142,1789.7329705924224,3208.4045572962996,0.07255407243248965,3.888,3.2381804757060757,299.19524445714404,"ScoreBreakdown(accel=86.60834141317284, skidpad=75.0, autocross=6.5, endurance=60.09973625039613, efficiency=70.98716679357508)"
[108   2],285,108,2,285,15.552,3.906724326227902,4.602689228761392,1797.4581576049848,3200.965970039104,0.07519079242727218,3.888,3.2303610298183822,294.41428435805176,"ScoreBreakdown(accel=84.61984659093939, skidpad=75.0, autocross=6.5, endurance=57.56119449360748, efficiency=70.73324327350488)"
[108   2],290,108,2,290,15.552,3.935079819301123,4.6118214268334015,1806.2193598154847,3192.2792183392608,0.07829860115649165,3.888,3.2212527875764563,289.3342561709991,"ScoreBreakdown(accel=82.66620466115832, skidpad=75.0, autocross=6.5, endurance=54.70849017363541, efficiency=70.45956133620535)"
[108   2],295,108,2,295,15.552,3.9633417441227863,4.620667299055384,1814.914685260408,3183.6489672570747,0.08137199997614833,3.888,3.212463605067595,284.3440529403132,"ScoreBreakdown(accel=80.7468256290709, skidpad=75.0, autocross=6.5, endurance=51.904467819219605, efficiency=70.19275949202267)"
[108   2],300,108,2,300,15.552,3.9915058253446176,4.62980857849513,1823.3032088991104,3175.3116647519164,0.08440395910338538,3.888,3.203650263861022,279.52586645386805,"ScoreBreakdown(accel=78.86113094825608, skidpad=75.0, autocross=6.5, endurance=49.224727197456176, efficiency=69.94000830815583)"
[112   2],200,112,2,200,16.128,3.6253038322989397,4.411893476136811,1661.6308477630491,3382.02057897374,0.05499446530792896,4.032,3.4209428609538657,371.8205710136499,"ScoreBreakdown(accel=100.0, skidpad=75.0, autocross=17.407231408706654, endurance=105.63584124183103, efficiency=73.7774983631122)"
[112   2],205,112,2,205,16.128,3.63304424605127,4.42563881461237,1668.1116501790543,3379.8904643743413,0.05547566003509602,4.032,3.418579905751779,367.857453139614,"ScoreBreakdown(accel=100.0, skidpad=75.0, autocross=16.341775799451675, endurance=103.16416571521768, efficiency=73.35151162494462)"
[112   2],210,112,2,210,16.128,3.6413066374271352,4.43876149137175,1674.6978896842695,3376.312004764921,0.05652768456878078,4.032,3.4147388772282596,363.91578984990156,"ScoreBreakdown(accel=100.0, skidpad=75.0, autocross=15.267434745644675, endurance=100.67187747076642, efficiency=72.97647763349049)"
[112   2],215,112,2,215,16.128,3.6502306563926226,4.451909490984619,1681.7916405802246,3373.074742665703,0.05767257953290731,4.032,3.411016999725386,359.68155480046454,"ScoreBreakdown(accel=100.0, skidpad=75.0, autocross=14.11972118780794, endurance=98.00937751504237, efficiency=72.55245609761418)"
[112   2],220,112,2,220,16.128,3.659836849872832,4.464692498941417,1688.832252614164,3368.977141029266,0.058943362529743845,4.032,3.406672052416385,355.54835239871056,"ScoreBreakdown(accel=100.0, skidpad=75.0, autocross=12.990138700653725, endurance=95.38893855490355, efficiency=72.16927514315333)"
[112   2],225,112,2,225,16.128,3.6701055085420506,4.476935933773376,1697.1883133733593,3363.7157858746536,0.06071450575767626,4.032,3.4010625643993686,350.7031456171241,"ScoreBreakdown(accel=100.0, skidpad=75.0, autocross=11.661670133667467, endurance=92.30711776727708, efficiency=71.73435771617953)"
[112   2],230,112,2,230,16.128,3.6811818926376247,4.4886810058795845,1706.1454467581543,3358.33043984691,0.06257940520424973,4.032,3.395183535336073,345.5530906896429,"ScoreBreakdown(accel=100.0, skidpad=75.0, autocross=10.25209185663683, endurance=89.03713626835882, efficiency=71.26386256464724)"
[112   2],235,112,2,235,16.128,3.69325466831323,4.500279849860846,1715.6475696461591,3351.9360571335255,0.06481785061324755,4.032,3.3880935001667236,340.17515760077356,"ScoreBreakdown(accel=100.0, skidpad=75.0, autocross=8.772837855610556, endurance=85.60551895814707, efficiency=70.79680078701591)"
[112   2],240,112,2,240,16.128,3.706403470020561,4.511733862737842,1724.3474755430777,3345.245090604238,0.06701581769866395,4.032,3.3810682490947275,334.6090169344077,"ScoreBreakdown(accel=99.27312442299333, skidpad=75.0, autocross=7.432766479186314, endurance=82.49678162901617, efficiency=70.40634440321185)"
[112   2],245,112,2,245,16.128,3.72069539565949,4.522747919369422,1733.5302513263925,3339.135357903314,0.06920288035999847,4.032,3.3741854360706527,328.8880997713072,"ScoreBreakdown(accel=98.17541342826301, skidpad=75.0, autocross=6.5, endurance=79.24934931481476, efficiency=69.96333702822943)"
[112   2],250,112,2,250,16.128,3.736347465548562,4.533349610791845,1743.5504913955626,3330.9686601633016,0.07204424540985369,4.032,3.3654664726905175,323.7708170006439,"ScoreBreakdown(accel=96.98286923697341, skidpad=75.0, autocross=6.5, endurance=75.74478115214123, efficiency=69.54316661152924)"
[112   2],255,112,2,255,16.128,3.753710765628057,4.543751833798964,1754.410725051318,3321.0553070795836,0.07541633612247253,4.032,3.3553584954160236,318.29843890049864,"ScoreBreakdown(accel=95.67158063929313, skidpad=75.0, autocross=6.5, endurance=71.99163302770981, efficiency=69.13522523349572)"
[112   2],260,112,2,260,16.128,3.7731330596000134,4.554205599096264,1765.8089384154216,3310.8245266430845,0.07906305872826438,4.032,3.3446909487203147,312.52959646909574,"ScoreBreakdown(accel=94.21909558161298, skidpad=75.0, autocross=6.5, endurance=68.1022193612597, efficiency=68.70828152622303)"
[112   2],265,112,2,265,16.128,3.7952596185436107,4.564290460655897,1775.9282890758004,3300.792881944307,0.08273582325601829,4.032,3.3340984235682756,307.1453763649336,"ScoreBreakdown(accel=92.58248880387598, skidpad=75.0, autocross=6.5, endurance=64.69102985140736, efficiency=68.37185770965027)"
[112   2],270,112,2,270,16.128,3.821174457418792,4.5740298978115845,1782.3423182108777,3295.5912241140163,0.08476332400274554,4.032,3.327899522654992,302.85658101303494,"ScoreBreakdown(accel=90.68977811745462, skidpad=75.0, autocross=6.5, endurance=62.5489447410746, efficiency=68.11785815450571)"
[112   2],275,112,2,275,16.128,3.849749874109179,4.583512153122953,1789.784509036585,3288.8075236598875,0.0871804258119161,4.032,3.3206916296046196,298.069619540154,"ScoreBreakdown(accel=88.6322903140801, skidpad=75.0, autocross=6.5, endurance=60.08272780350079, efficiency=67.8546014225731)"
[112   2],280,112,2,280,16.128,3.8782795667071923,4.593257496777142,1796.6667061096707,3282.432303480596,0.08953888451647615,4.032,3.3137902006029605,293.54651516867136,"ScoreBreakdown(accel=86.60834141317284, skidpad=75.0, autocross=6.5, endurance=57.82026640698062, efficiency=67.61790734851795)"
[112   2],285,112,2,285,16.128,3.906724326227902,4.602689228761392,1802.629658646517,3277.213686774003,0.09142989456955225,4.032,3.3081652875956746,289.3972787298042,"ScoreBreakdown(accel=84.61984659093939, skidpad=75.0, autocross=6.5, endurance=55.87396696418492, efficiency=67.40346517467988)"
[112   2],290,112,2,290,16.128,3.935079819301123,4.6118214268334015,1808.958200068638,3272.472597641153,0.09320320826561866,4.032,3.303027728246307,285.13642818803294,"ScoreBreakdown(accel=82.66620466115832, skidpad=75.0, autocross=6.5, endurance=53.82237532194583, efficiency=67.14784820492879)"
[112   2],295,112,2,295,16.128,3.9633417441227863,4.620667299055384,1814.006580116801,3269.7215357100577,0.09443179593724074,4.032,3.2999274313615112,281.34938543753333,"ScoreBreakdown(accel=80.7468256290709, skidpad=75.0, autocross=6.5, endurance=52.196051625458054, efficiency=66.90650818300439)"
[112   2],300,112,2,300,16.128,3.9915058253446176,4.62980857849513,1818.0612745142578,3268.6496566033356,0.09516143711122993,4.032,3.298440555550454,277.92822171815243,"ScoreBreakdown(accel=78.86113094825608, skidpad=75.0, autocross=6.5, endurance=50.8963816364049, efficiency=66.67070913349146)"
[116   2],200,116,2,200,16.703999999999997,3.6253038322989397,4.411893476136811,1652.9882362608196,3494.722221110291,0.05981201170735662,4.176,3.535638955165831,373.02499287653404,"ScoreBreakdown(accel=100.0, skidpad=75.0, autocross=18.84109198147091, endurance=108.96215353067005, efficiency=70.2217473643931)"
[116   2],205,116,2,205,16.703999999999997,3.63304424605127,4.42563881461237,1659.3692704557202,3492.3146733605618,0.06035568233065564,4.176,3.5328966656092287,369.10380065981525,"ScoreBreakdown(accel=100.0, skidpad=75.0, autocross=17.780997663760523, endurance=106.50291528721205, efficiency=69.81988770884266)"
[116   2],210,116,2,210,16.703999999999997,3.6413066374271352,4.43876149137175,1666.178914894472,3488.71501010325,0.06122542154367503,4.176,3.5291471208482386,364.98981598398393,"ScoreBreakdown(accel=100.0, skidpad=75.0, autocross=16.65865363746228, endurance=103.89926832327896, efficiency=69.43189402324268)"
[116   2],215,116,2,215,16.703999999999997,3.6502306563926226,4.451909490984619,1674.2965842424594,3483.320218287649,0.06283212672477345,4.176,3.5235056366030713,360.1695889140042,"ScoreBreakdown(accel=100.0, skidpad=75.0, autocross=15.332653488834186, endurance=100.8231738457798, efficiency=69.01376157939018)"
[116   2],220,116,2,220,16.703999999999997,3.659836849872832,4.464692498941417,1682.7412820950399,3477.346114854117,0.06458881236838176,4.176,3.5172329787980887,355.2182396039461,"ScoreBreakdown(accel=100.0, skidpad=75.0, autocross=13.966811009709232, endurance=97.65465194816389, efficiency=68.59677664607297)"
[116   2],225,116,2,225,16.703999999999997,3.6701055085420506,4.476935933773376,1692.4149023110208,3469.6848021722517,0.06704723472880623,4.176,3.5090777892089937,349.63746060195723,"ScoreBreakdown(accel=100.0, skidpad=75.0, autocross=12.418953124961064, endurance=94.06388531351936, efficiency=68.1546221634768)"
[116   2],230,116,2,230,16.703999999999997,3.6811818926376247,4.4886810058795845,1702.7502794327422,3461.4436910813833,0.06966272795177193,4.176,3.500434109054689,343.74832226062273,"ScoreBreakdown(accel=100.0, skidpad=75.0, autocross=10.784641884466453, endurance=90.27256161977654, efficiency=67.69111875637975)"
[116   2],235,116,2,235,16.703999999999997,3.69325466831323,4.500279849860846,1713.2243774145063,3452.8193005396556,0.07244472036273879,4.176,3.491290023959634,337.86387576274853,"ScoreBreakdown(accel=100.0, skidpad=75.0, autocross=9.148512413589593, endurance=86.4770199412593, efficiency=67.23834340789958)"
[116   2],240,116,2,240,16.703999999999997,3.706403470020561,4.511733862737842,1722.090443503803,3445.393114912992,0.07487192203328427,4.176,3.483282869434033,332.21763043832095,"ScoreBreakdown(accel=99.27312442299333, skidpad=75.0, autocross=7.7791228836487125, endurance=83.30026948994558, efficiency=66.8651136417333)"
[116   2],245,116,2,245,16.703999999999997,3.72069539565949,4.522747919369422,1731.1527516579783,3437.9747216700944,0.07745304862242909,4.176,3.475072940631154,326.24481857870944,"ScoreBreakdown(accel=98.17541342826301, skidpad=75.0, autocross=6.5, endurance=80.08683229125234, efficiency=66.4825728591941)"
[116   2],250,116,2,250,16.703999999999997,3.736347465548562,4.533349610791845,1740.2195230756313,3429.552258769209,0.0803695215031582,4.176,3.4660005070805364,321.52906075261546,"ScoreBreakdown(accel=96.98286923697341, skidpad=75.0, autocross=6.5, endurance=76.90530554987231, efficiency=66.14088596576975)"
[116   2],255,116,2,255,16.703999999999997,3.753710765628057,4.543751833798964,1749.4666199128324,3420.448568106804,0.08346502890942932,4.176,3.456635912170811,316.6820671553325,"ScoreBreakdown(accel=95.67158063929313, skidpad=75.0, autocross=6.5, endurance=73.69447011951047, efficiency=65.81601639652892)"
[116   2],260,116,2,260,16.703999999999997,3.7731330596000134,4.554205599096264,1758.927256646646,3412.096942513231,0.08652301246811116,4.176,3.447746864672029,311.61794830947,"ScoreBreakdown(accel=94.21909558161298, skidpad=75.0, autocross=6.5, endurance=70.4444266809843, efficiency=65.45442604687277)"
[116   2],265,116,2,265,16.703999999999997,3.7952596185436107,4.564290460655897,1766.2553680113701,3406.350979974829,0.08881452490485765,4.176,3.4414911145485108,307.18546563593395,"ScoreBreakdown(accel=92.58248880387598, skidpad=75.0, autocross=6.5, endurance=67.95090571012639, efficiency=65.15207112193158)"
[116   2],270,116,2,270,16.703999999999997,3.821174457418792,4.5740298978115845,1771.3022524314326,3404.1612309348056,0.0899089262222803,4.176,3.4383259368032153,303.31776838525184,"ScoreBreakdown(accel=90.68977811745462, skidpad=75.0, autocross=6.5, endurance=66.24561067619172, efficiency=64.88237959160551)"
[116   2],275,116,2,275,16.703999999999997,3.849749874109179,4.583512153122953,1776.811734488333,3401.383743832397,0.09109786434839087,4.176,3.435002251925089,299.1310258628349,"ScoreBreakdown(accel=88.6322903140801, skidpad=75.0, autocross=6.5, endurance=64.39506835194383, efficiency=64.603667196811)"
[116   2],280,116,2,280,16.703999999999997,3.8782795667071923,4.593257496777142,1781.4326310255997,3398.9202551963863,0.0922353361327589,4.176,3.432076020789346,295.33629855377376,"ScoreBreakdown(accel=86.60834141317284, skidpad=75.0, autocross=6.5, endurance=62.85181309211621, efficiency=64.37614404848472)"
[116   2],285,116,2,285,16.703999999999997,3.906724326227902,4.602689228761392,1785.8814803544076,3397.1383933419793,0.09305304730542158,4.176,3.4299815270012823,291.63069517459684,"ScoreBreakdown(accel=84.61984659093939, skidpad=75.0, autocross=6.5, endurance=61.3735627139366, efficiency=64.13728586972086)"
[116   2],290,116,2,290,16.703999999999997,3.935079819301123,4.6118214268334015,1790.6707246415087,3395.885317628364,0.09378075241140986,4.176,3.428363523998878,287.8144981185972,"ScoreBreakdown(accel=82.66620466115832, skidpad=75.0, autocross=6.5, endurance=59.79041674017951, efficiency=63.85787671725941)"
[116   2],295,116,2,295,16.703999999999997,3.9633417441227863,4.620667299055384,1794.683385960717,3396.3012929874176,0.09406766220898456,4.176,3.4285210832784294,284.2901962532193,"ScoreBreakdown(accel=80.7468256290709, skidpad=75.0, autocross=6.5, endurance=58.470485622238364, efficiency=63.57288500191004)"
[116   2],300,116,2,300,16.703999999999997,3.9915058253446176,4.62980857849513,1797.82015827583,3398.456307929382,0.09388755468496762,4.176,3.4301585049681975,281.0900940204288,"ScoreBreakdown(accel=78.86113094825608, skidpad=75.0, autocross=6.5, endurance=57.44277405145534, efficiency=63.286189020717416)"
[120   2],200,120,2,200,17.279999999999998,3.6253038322989397,4.411893476136811,1643.8740170529895,3610.682480082091,0.06255687238722131,4.32,3.6546902219893447,374.6960014177941,"ScoreBreakdown(accel=100.0, skidpad=75.0, autocross=20.369528538194402, endurance=112.50786599247428, efficiency=66.81860688712543)"
[120   2],205,120,2,205,17.279999999999998,3.63304424605127,4.42563881461237,1650.466837496347,3605.927236969085,0.06406362102396036,4.32,3.6493543684344014,370.6880148864336,"ScoreBreakdown(accel=100.0, skidpad=75.0, autocross=19.26223655680808, endurance=109.9391372088119, efficiency=66.48664112081357)"
[120   2],210,120,2,210,17.279999999999998,3.6413066374271352,4.43876149137175,1657.2773354395865,3600.150915932845,0.0657832653287531,4.32,3.6432570948271836,366.6111860610502,"ScoreBreakdown(accel=100.0, skidpad=75.0, autocross=18.127635684241618, endurance=107.30705644933506, efficiency=66.17649392747352)"
[120   2],215,120,2,215,17.279999999999998,3.6502306563926226,4.451909490984619,1665.3131885099674,3593.481355056004,0.06781879212684454,4.32,3.636298746451637,361.83955293527526,"ScoreBreakdown(accel=100.0, skidpad=75.0, autocross=16.800830634981352, endurance=104.22909473947374, efficiency=65.80962756082016)"
[120   2],220,120,2,220,17.279999999999998,3.659836849872832,4.464692498941417,1673.385637431936,3587.350328319962,0.06965970247437378,4.32,3.6296378714746727,357.07376065470453,"ScoreBreakdown(accel=100.0, skidpad=75.0, autocross=15.48081344197509, endurance=101.16687969989674, efficiency=65.42606751283267)"
[120   2],225,120,2,225,17.279999999999998,3.6701055085420506,4.476935933773376,1682.7420792796047,3580.5089022097573,0.07161059687631062,4.32,3.6225247616325413,351.5990092385421,"ScoreBreakdown(accel=100.0, skidpad=75.0, autocross=13.966682720473562, endurance=97.65435433898953, efficiency=64.977972179079)"
[120   2],230,120,2,230,17.279999999999998,3.6811818926376247,4.4886810058795845,1692.1496102241415,3573.590504162722,0.0737134821136863,4.32,3.6151204034363045,346.1576443674365,"ScoreBreakdown(accel=100.0, skidpad=75.0, autocross=12.46116600054836, endurance=94.16181199445371, efficiency=64.53466637243442)"
[120   2],235,120,2,235,17.279999999999998,3.69325466831323,4.500279849860846,1701.6876102534402,3566.087755561739,0.07605805844573643,4.32,3.6071334484008934,340.7197457099814,"ScoreBreakdown(accel=100.0, skidpad=75.0, autocross=10.951763847615043, endurance=90.66025610717311, efficiency=64.10772575519326)"
[120   2],240,120,2,240,17.279999999999998,3.706403470020561,4.511733862737842,1709.919136358884,3559.5435339187284,0.07818330634322025,4.32,3.5998649627781556,335.3518052352427,"ScoreBreakdown(accel=99.27312442299333, skidpad=75.0, autocross=9.66265024497558, endurance=87.66973213321185, efficiency=63.74629843406187)"
[120   2],245,120,2,245,17.279999999999998,3.72069539565949,4.522747919369422,1718.6035909711895,3552.9740113043517,0.08045572278424844,4.32,3.59231107872397,329.3953943905338,"ScoreBreakdown(accel=98.17541342826301, skidpad=75.0, autocross=8.315991663609712, endurance=84.54571361066326, efficiency=63.358275687997825)"
[120   2],250,120,2,250,17.279999999999998,3.736347465548562,4.533349610791845,1727.2448736015756,3545.0753631681505,0.08312753413661371,4.32,3.5837564113695812,323.46369854208535,"ScoreBreakdown(accel=96.98286923697341, skidpad=75.0, autocross=6.989468544871408, endurance=81.46840593158973, efficiency=63.02295482865075)"
[120   2],255,120,2,255,17.279999999999998,3.753710765628057,4.543751833798964,1735.761136125004,3536.7165865351067,0.08590523617416362,4.32,3.575225595707626,318.35353130954485,"ScoreBreakdown(accel=95.67158063929313, skidpad=75.0, autocross=6.5, endurance=78.46559833429035, efficiency=62.71635233596137)"
[120   2],260,120,2,260,17.279999999999998,3.7731330596000134,4.554205599096264,1743.8676160408916,3530.3847155569683,0.08832563294492538,4.32,3.5683967640452323,313.7271797317318,"ScoreBreakdown(accel=94.21909558161298, skidpad=75.0, autocross=6.5, endurance=75.63452462952873, efficiency=62.37355952059006)"
[120   2],265,120,2,265,17.279999999999998,3.7952596185436107,4.564290460655897,1750.067299079082,3526.8384555733633,0.09001252356136254,4.32,3.564263175736408,309.6398395878447,"ScoreBreakdown(accel=92.58248880387598, skidpad=75.0, autocross=6.5, endurance=73.48707215154673, efficiency=62.070278632421974)"
[120   2],270,120,2,270,17.279999999999998,3.821174457418792,4.5740298978115845,1754.5851785295051,3525.494272003807,0.09087580674964214,4.32,3.561966617475771,305.93046704614295,"ScoreBreakdown(accel=90.68977811745462, skidpad=75.0, autocross=6.5, endurance=71.93172345244011, efficiency=61.80896547624822)"
[120   2],275,120,2,275,17.279999999999998,3.849749874109179,4.583512153122953,1759.243925580328,3524.311819153972,0.09163920504428631,4.32,3.560281425889555,302.00263192397495,"ScoreBreakdown(accel=88.6322903140801, skidpad=75.0, autocross=6.5, endurance=70.33624496681118, efficiency=61.53409664308368)"
[120   2],280,120,2,280,17.279999999999998,3.8782795667071923,4.593257496777142,1763.2918163983134,3523.6543548203535,0.0922554724933755,4.32,3.5591973378464683,298.34920224006135,"ScoreBreakdown(accel=86.60834141317284, skidpad=75.0, autocross=6.5, endurance=68.95681112646963, efficiency=61.28404970041888)"
[120   2],285,120,2,285,17.279999999999998,3.906724326227902,4.602689228761392,1767.3024969649884,3523.2209845200236,0.09270132193287509,4.32,3.5583899004818806,294.7462702761319,"ScoreBreakdown(accel=84.61984659093939, skidpad=75.0, autocross=6.5, endurance=67.59628987860057, efficiency=61.030133806591905)"
[120   2],290,120,2,290,17.279999999999998,3.935079819301123,4.6118214268334015,1771.6824197315468,3523.44530005976,0.09299877814607471,4.32,3.558194556186914,291.01459892226353,"ScoreBreakdown(accel=82.66620466115832, skidpad=75.0, autocross=6.5, endurance=66.11754918755003, efficiency=60.73084507355519)"
[120   2],295,120,2,295,17.279999999999998,3.9633417441227863,4.620667299055384,1774.9511413947496,3526.135083952949,0.0926338778569025,4.32,3.560637810206846,287.68994264586667,"ScoreBreakdown(accel=80.7468256290709, skidpad=75.0, autocross=6.5, endurance=65.0187255310342, efficiency=60.424391485761575)"
[120   2],300,120,2,300,17.279999999999998,3.9915058253446176,4.62980857849513,1778.1518094200992,3529.1017656061726,0.0922331362783093,4.32,3.563113223459794,284.4223181856469,"ScoreBreakdown(accel=78.86113094825608, skidpad=75.0, autocross=6.5, endurance=63.94669357735291, efficiency=60.11449366003788)"
[124   2],200,124,2,200,17.855999999999998,3.6253038322989397,4.411893476136811,1634.8331246854018,3731.117807285805,0.06367237803451417,4.464,3.7775497844248975,376.4511535814971,"ScoreBreakdown(accel=100.0, skidpad=75.0, autocross=21.902505329724725, endurance=116.06411102565912, efficiency=63.484537226113304)"
[124   2],205,124,2,205,17.855999999999998,3.63304424605127,4.42563881461237,1641.6653188162381,3724.2128308283,0.06582360048770887,4.464,3.7702006398518995,372.3210899064084,"ScoreBreakdown(accel=100.0, skidpad=75.0, autocross=20.74247755844877, endurance=113.37304419232609, efficiency=63.20556815563355)"
[124   2],210,124,2,210,17.855999999999998,3.6413066374271352,4.43876149137175,1648.6451772691844,3716.3152694780456,0.06823817955910484,4.464,3.761988173807789,368.1651762413817,"ScoreBreakdown(accel=100.0, skidpad=75.0, autocross=19.567306638290233, endurance=110.64684783302893, efficiency=62.95102177006256)"
[124   2],215,124,2,215,17.855999999999998,3.6502306563926226,4.451909490984619,1656.616580425492,3707.263484095291,0.07096625828911712,4.464,3.7529511122662345,363.46408019973177,"ScoreBreakdown(accel=100.0, skidpad=75.0, autocross=18.237306105934458, endurance=107.56147314669629, efficiency=62.66530094710101)"
[124   2],220,124,2,220,17.855999999999998,3.659836849872832,4.464692498941417,1664.5477966494166,3699.496594187443,0.0733067752136895,4.464,3.7447636663208796,358.79278807492966,"ScoreBreakdown(accel=100.0, skidpad=75.0, autocross=16.926653012861692, endurance=104.520981223909, efficiency=62.345153838158986)"
[124   2],225,124,2,225,17.855999999999998,3.6701055085420506,4.476935933773376,1673.1328643455417,3691.628248071325,0.07584136101430652,4.464,3.7362707268438755,353.7701170234946,"ScoreBreakdown(accel=100.0, skidpad=75.0, autocross=15.521954040439274, endurance=101.26231888055409, efficiency=61.98584410250122)"
[124   2],230,124,2,230,17.855999999999998,3.6811818926376247,4.4886810058795845,1681.3115135934659,3685.045218262329,0.07797402209982249,4.464,3.7290937595927756,349.0045383814444,"ScoreBreakdown(accel=100.0, skidpad=75.0, autocross=14.197096422895878, endurance=98.18887488055574, efficiency=61.61856707799282)"
[124   2],235,124,2,235,17.855999999999998,3.69325466831323,4.500279849860846,1689.9130177017616,3678.299970724943,0.0801047699212233,4.464,3.721734812817374,344.03742177765673,"ScoreBreakdown(accel=100.0, skidpad=75.0, autocross=12.81757609812097, endurance=94.98862271087937, efficiency=61.2312229686564)"
[124   2],240,124,2,240,17.855999999999998,3.706403470020561,4.511733862737842,1697.333469842587,3672.3497715328986,0.08185966874161772,4.464,3.715446531541393,339.07074733515606,"ScoreBreakdown(accel=99.27312442299333, skidpad=75.0, autocross=11.638708360155652, endurance=92.25385036397672, efficiency=60.90506418803034)"
[124   2],245,124,2,245,17.855999999999998,3.72069539565949,4.522747919369422,1705.4956031512043,3666.724327070653,0.08364041744824115,4.464,3.709146140546185,333.3233093751445,"ScoreBreakdown(accel=98.17541342826301, skidpad=75.0, autocross=10.353859199659343, endurance=89.27321916939412, efficiency=60.52081757782797)"
[124   2],250,124,2,250,17.855999999999998,3.736347465548562,4.533349610791845,1713.470754255709,3660.0225571924543,0.08591790197046097,4.464,3.7017420184294094,327.66945164155175,"ScoreBreakdown(accel=96.98286923697341, skidpad=75.0, autocross=9.110267368082074, endurance=86.3882979502404, efficiency=60.18801708625587)"
[124   2],255,124,2,255,17.855999999999998,3.753710765628057,4.543751833798964,1720.8555172824856,3654.3402849070103,0.08790448909627788,4.464,3.695700848351622,322.24794380810715,"ScoreBreakdown(accel=95.67158063929313, skidpad=75.0, autocross=7.96901497940444, endurance=83.74078680638718, efficiency=59.86656138302239)"
[124   2],260,124,2,260,17.855999999999998,3.7731330596000134,4.554205599096264,1727.178461854516,3651.8434879723136,0.08925742751819336,4.464,3.6925887248111136,317.22898643174585,"ScoreBreakdown(accel=94.21909558161298, skidpad=75.0, autocross=6.999612796651907, endurance=81.49193886777587, efficiency=59.51833918570509)"
[124   2],265,124,2,265,17.855999999999998,3.7952596185436107,4.564290460655897,1732.4378356114203,3650.7629244714158,0.09028335911805178,4.464,3.6906951728281534,312.9153519571828,"ScoreBreakdown(accel=92.58248880387598, skidpad=75.0, autocross=6.5, endurance=79.63387131465461, efficiency=59.198991838652226)"
[124   2],270,124,2,270,17.855999999999998,3.821174457418792,4.5740298978115845,1736.743791318887,3650.176379384683,0.09083319747089774,4.464,3.689371473789116,309.240311620886,"ScoreBreakdown(accel=90.68977811745462, skidpad=75.0, autocross=6.5, endurance=78.12101221684131, efficiency=58.929521286590074)"
[124   2],275,124,2,275,17.855999999999998,3.849749874109179,4.583512153122953,1741.4793575934432,3649.9924646021514,0.09132744442854944,4.464,3.688467592899833,305.2182429914031,"ScoreBreakdown(accel=88.6322903140801, skidpad=75.0, autocross=6.5, endurance=76.4658514973718, efficiency=58.62010117995123)"
[124   2],280,124,2,280,17.855999999999998,3.8782795667071923,4.593257496777142,1745.57822247692,3649.772869706011,0.09179600659951806,4.464,3.6878214744683944,301.5043687211988,"ScoreBreakdown(accel=86.60834141317284, skidpad=75.0, autocross=6.5, endurance=75.0404792643489, efficiency=58.35554804367704)"
[124   2],285,124,2,285,17.855999999999998,3.906724326227902,4.602689228761392,1749.348206723017,3650.146934860084,0.09199704130932461,4.464,3.6878347776854,297.9503690096118,"ScoreBreakdown(accel=84.61984659093939, skidpad=75.0, autocross=6.5, endurance=73.7353717380168, efficiency=58.09515068065562)"
[124   2],290,124,2,290,17.855999999999998,3.935079819301123,4.6118214268334015,1753.0608458917652,3652.4385841302765,0.09174301356129527,4.464,3.6896582143787264,294.4011461077895,"ScoreBreakdown(accel=82.66620466115832, skidpad=75.0, autocross=6.5, endurance=72.4556020305096, efficiency=57.7793394161216)"
[124   2],295,124,2,295,17.855999999999998,3.9633417441227863,4.620667299055384,1756.313081172443,3656.0929390026577,0.09117252036971969,4.464,3.6929047735314593,291.03809219112975,"ScoreBreakdown(accel=80.7468256290709, skidpad=75.0, autocross=6.5, endurance=71.33898211668733, efficiency=57.45228444537155)"
[124   2],300,124,2,300,17.855999999999998,3.9915058253446176,4.62980857849513,1759.7503066180657,3659.6985012325563,0.09060329053391968,4.464,3.6959581860238195,287.6406556967512,"ScoreBreakdown(accel=78.86113094825608, skidpad=75.0, autocross=6.5, endurance=70.16333395075844, efficiency=57.116190797736685)"
[128   2],200,128,2,200,18.432,3.6253038322989397,4.411893476136811,1625.4474147041726,3857.4650994575613,0.06282084251615655,4.608,3.905902888790523,378.52093155307614,"ScoreBreakdown(accel=100.0, skidpad=75.0, autocross=23.511990643983466, endurance=119.79784279931668, efficiency=60.21109810977598)"
[128   2],205,128,2,205,18.432,3.63304424605127,4.42563881461237,1633.3108815935718,3847.282180873834,0.06584070032729783,4.608,3.895449558174667,373.78457704226025,"ScoreBreakdown(accel=100.0, skidpad=75.0, autocross=22.162286679149354, endurance=116.66675950586414, efficiency=59.955530857246735)"
[128   2],210,128,2,210,18.432,3.6413066374271352,4.43876149137175,1640.7972553742868,3836.4638478503975,0.0691120128067371,4.608,3.884380282247614,369.3532419170532,"ScoreBreakdown(accel=100.0, skidpad=75.0, autocross=20.889328982667024, endurance=113.71371448223377, efficiency=59.75019845215238)"
[128   2],215,128,2,215,18.432,3.6502306563926226,4.451909490984619,1648.72840764406,3825.3579186084094,0.07252029454442138,4.608,3.8730982902069337,364.6937304778441,"ScoreBreakdown(accel=100.0, skidpad=75.0, autocross=19.553353503999485, endurance=110.61447893821406, efficiency=59.52589803563052)"
[128   2],220,128,2,220,18.432,3.659836849872832,4.464692498941417,1656.7544139606227,3816.019174280543,0.07534318892015629,4.608,3.8633532441742453,359.9679901965015,"ScoreBreakdown(accel=100.0, skidpad=75.0, autocross=18.214421628714938, endurance=107.50838505762766, efficiency=59.24518351015889)"
[128   2],225,128,2,225,18.432,3.6701055085420506,4.476935933773376,1665.1536126361727,3806.0438788823276,0.07846626011747475,4.608,3.852989662632969,355.0789431311569,"ScoreBreakdown(accel=100.0, skidpad=75.0, autocross=16.82705368760775, endurance=104.28992775480255, efficiency=58.96196168874659)"
[128   2],230,128,2,230,18.432,3.6811818926376247,4.4886810058795845,1672.333978091109,3798.9199760006372,0.08081006133190793,4.608,3.845408186760259,350.89679062670973,"ScoreBreakdown(accel=100.0, skidpad=75.0, autocross=15.652060166521414, endurance=101.56414293113517, efficiency=58.68058752905313)"
[128   2],235,128,2,235,18.432,3.69325466831323,4.500279849860846,1679.4902009036682,3792.1472120348435,0.08308692777686988,4.608,3.8381207782777946,346.7551288139109,"ScoreBreakdown(accel=100.0, skidpad=75.0, autocross=14.491013684676112, endurance=98.87071286280579, efficiency=58.393402266429)"
[128   2],240,128,2,240,18.432,3.706403470020561,4.511733862737842,1685.7940543568807,3786.620985147406,0.08490143841570817,4.608,3.832119105706974,342.3962626750471,"ScoreBreakdown(accel=99.27312442299333, skidpad=75.0, autocross=13.476424199400805, endurance=96.51703807942575, efficiency=58.12967597322721)"
[128   2],245,128,2,245,18.432,3.72069539565949,4.522747919369422,1692.2739602930772,3782.030544599296,0.08662160817406654,4.608,3.8266622453054433,337.5607326354966,"ScoreBreakdown(accel=98.17541342826301, skidpad=75.0, autocross=12.441377957748053, endurance=94.11590710579921, efficiency=57.82803414368627)"
[128   2],250,128,2,250,18.432,3.736347465548562,4.533349610791845,1698.2868613580092,3778.423180304184,0.088076951865115,4.608,3.822497971637009,332.9057944921373,"ScoreBreakdown(accel=96.98286923697341, skidpad=75.0, autocross=11.487992381305048, endurance=91.90421496559999, efficiency=57.53071790825884)"
[128   2],255,128,2,255,18.432,3.753710765628057,4.543751833798964,1703.018238494021,3778.054519089768,0.08877747699251286,4.608,3.8215719811585713,328.8126617437089,"ScoreBreakdown(accel=95.67158063929313, skidpad=75.0, autocross=10.74253390241445, endurance=90.17487827397694, efficiency=57.223668928024345)"
[128   2],260,128,2,260,18.432,3.7731330596000134,4.554205599096264,1709.2195530023282,3777.252982519034,0.08954438827956064,4.608,3.8200740570694665,323.7469910169477,"ScoreBreakdown(accel=94.21909558161298, skidpad=75.0, autocross=9.77172701885919, endurance=87.92277166877611, efficiency=56.8333967476994)"
[128   2],265,128,2,265,18.432,3.7952596185436107,4.564290460655897,1714.6623232843167,3776.885463166296,0.09018368306266425,4.608,3.818966947985312,318.9506111118818,"ScoreBreakdown(accel=92.58248880387598, skidpad=75.0, autocross=8.925455377027543, endurance=85.95956561137422, efficiency=56.48310131960408)"
[128   2],270,128,2,270,18.432,3.821174457418792,4.5740298978115845,1719.3998707371036,3776.3804487571497,0.09060661183648652,4.608,3.8178122517493285,314.3293751183837,"ScoreBreakdown(accel=90.68977811745462, skidpad=75.0, autocross=8.193197050190106, endurance=84.2608510240358, efficiency=56.185548926703184)"
[128   2],275,128,2,275,18.432,3.849749874109179,4.583512153122953,1724.3719387325796,3776.256172211217,0.09095780634269995,4.608,3.817223063418864,309.4122940045139,"ScoreBreakdown(accel=88.6322903140801, skidpad=75.0, autocross=7.4290174088533, endurance=82.48808442445014, efficiency=55.86290185713037)"
[128   2],280,128,2,280,18.432,3.8782795667071923,4.593257496777142,1728.5391192907366,3777.3428861387674,0.0910391533442622,4.608,3.8176955242216417,304.968842740003,"ScoreBreakdown(accel=86.60834141317284, skidpad=75.0, autocross=6.79193091310912, endurance=81.0101522739329, efficiency=55.55841813978815)"
[128   2],285,128,2,285,18.432,3.906724326227902,4.602689228761392,1731.8200587850529,3779.728138079682,0.09072460472848462,4.608,3.8195395349000982,301.2456631250798,"ScoreBreakdown(accel=84.61984659093939, skidpad=75.0, autocross=6.5, endurance=79.85153878287828, efficiency=55.27427775126208)"
[128   2],290,128,2,290,18.432,3.935079819301123,4.6118214268334015,1735.3840888488185,3782.8692715711536,0.09019225791883193,4.608,3.822293791529023,297.7147831164386,"ScoreBreakdown(accel=82.66620466115832, skidpad=75.0, autocross=6.5, endurance=78.59792049207039, efficiency=54.95065796320987)"
[128   2],295,128,2,295,18.432,3.9633417441227863,4.620667299055384,1738.838577626067,3787.1275623571128,0.0894581569281832,4.608,3.826046019454585,294.23718234222713,"ScoreBreakdown(accel=80.7468256290709, skidpad=75.0, autocross=6.5, endurance=77.38773693983894, efficiency=54.60261977331732)"
[128   2],300,128,2,300,18.432,3.9915058253446176,4.62980857849513,1742.5431577778254,3791.120100386892,0.08877551669577914,4.608,3.8294760003576176,290.70447721415917,"ScoreBreakdown(accel=78.86113094825608, skidpad=75.0, autocross=6.5, endurance=76.09527273617181, efficiency=54.24807352973129)"
[132   2],200,132,2,200,19.008,3.6253038322989397,4.411893476136811,1614.3808879580406,3990.3391220036233,0.06012922136972192,4.752,4.040735496202588,381.77454842937595,"ScoreBreakdown(accel=100.0, skidpad=75.0, autocross=25.43374842065796, endurance=124.25599349412285, efficiency=57.0848065145951)"
[132   2],205,132,2,205,19.008,3.63304424605127,4.42563881461237,1623.8417403175822,3976.415404143432,0.06410571983404931,4.752,4.02634237631709,376.04739159728376,"ScoreBreakdown(accel=100.0, skidpad=75.0, autocross=23.789199496874996, endurance=120.44092011901047, efficiency=56.81727198139828)"
[132   2],210,132,2,210,19.008,3.6413066374271352,4.43876149137175,1633.0038263453755,3961.5430992108054,0.06843461795210269,4.752,4.011248913857694,370.60678702782116,"ScoreBreakdown(accel=100.0, skidpad=75.0, autocross=22.21474648846922, endurance=116.7884573276225, efficiency=56.603583211729436)"
[132   2],215,132,2,215,19.008,3.6502306563926226,4.451909490984619,1641.446722408936,3947.775279780548,0.07256981925019661,4.752,3.997278402803464,365.6516491470367,"ScoreBreakdown(accel=100.0, skidpad=75.0, autocross=20.779443165791676, endurance=113.45879810473899, efficiency=56.41340787650603)"
[132   2],220,132,2,220,19.008,3.659836849872832,4.464692498941417,1649.932795612596,3936.081757851506,0.07606153824284771,4.752,3.985134620110501,360.66334233555585,"ScoreBreakdown(accel=100.0, skidpad=75.0, autocross=19.351601771337705, endurance=110.14644928428905, efficiency=56.165291279929065)"
[132   2],225,132,2,225,19.008,3.6701055085420506,4.476935933773376,1658.3576643083418,3923.171479945537,0.08000024372670367,4.752,3.9719786772527392,355.80093023767347,"ScoreBreakdown(accel=100.0, skidpad=75.0, autocross=17.948513725810216, endurance=106.89152401692947, efficiency=55.96089249493377)"
[132   2],230,132,2,230,19.008,3.6811818926376247,4.4886810058795845,1665.4548914168834,3913.977148057855,0.08294798420514199,4.752,3.9623028018832125,351.69637596658754,"ScoreBreakdown(accel=100.0, skidpad=75.0, autocross=16.777548853730046, endurance=104.1750849727271, efficiency=55.74374214013042)"
[132   2],235,132,2,235,19.008,3.69325466831323,4.500279849860846,1671.4501760651724,3907.821916588751,0.08532731745728019,4.752,3.9551417681163166,348.210815163965,"ScoreBreakdown(accel=100.0, skidpad=75.0, autocross=15.796140526356126, endurance=101.89838482368866, efficiency=55.51628981392021)"
[132   2],240,132,2,240,19.008,3.706403470020561,4.511733862737842,1676.7115383332841,3902.2288581055873,0.08717598867485027,4.752,3.949403964250355,344.4515706247466,"ScoreBreakdown(accel=99.27312442299333, skidpad=75.0, autocross=14.9406550154934, endurance=99.91380415960043, efficiency=55.32398702665938)"
[132   2],245,132,2,245,19.008,3.72069539565949,4.522747919369422,1681.781989594634,3898.8912731392797,0.08873656477176904,4.752,3.9451143208220074,340.3908748114902,"ScoreBreakdown(accel=98.17541342826301, skidpad=75.0, autocross=14.121276064742716, endurance=98.0129845646774, efficiency=55.081200753807096)"
[132   2],250,132,2,250,19.008,3.736347465548562,4.533349610791845,1686.4760961281013,3896.5672250828143,0.09008621745824018,4.752,3.9420281487620623,336.4493118682287,"ScoreBreakdown(accel=96.98286923697341, skidpad=75.0, autocross=13.367105990723509, endurance=96.26343845626567, efficiency=54.83589818426609)"
[132   2],255,132,2,255,19.008,3.753710765628057,4.543751833798964,1689.581876445247,3898.576096521317,0.09023517079732722,4.752,3.9437228917091933,333.2260286396646,"ScoreBreakdown(accel=95.67158063929313, skidpad=75.0, autocross=12.870424996546184, endurance=95.11122315308612, efficiency=54.57279985073923)"
[132   2],260,132,2,260,19.008,3.7731330596000134,4.554205599096264,1693.865655844692,3901.240086659879,0.09016836366881044,4.752,3.9459082097404914,329.15099105420734,"ScoreBreakdown(accel=94.21909558161298, skidpad=75.0, autocross=12.18834528148746, endurance=93.52891439778372, efficiency=54.21463579332318)"
[132   2],265,132,2,265,19.008,3.7952596185436107,4.564290460655897,1698.3809584553483,3903.6564428687348,0.09010479765531497,4.752,3.9475450650693094,324.7756447887732,"ScoreBreakdown(accel=92.58248880387598, skidpad=75.0, autocross=11.473126306777871, endurance=91.86972820494427, efficiency=53.85030147317512)"
[132   2],270,132,2,270,19.008,3.821174457418792,4.5740298978115845,1702.8207897724433,3904.9383750503275,0.09009052846711366,4.752,3.9479421528494743,320.23517325620276,"ScoreBreakdown(accel=90.68977811745462, skidpad=75.0, autocross=10.773560369338146, endurance=90.24685439227439, efficiency=53.5249803771356)"
[132   2],275,132,2,275,19.008,3.849749874109179,4.583512153122953,1707.526065097965,3906.3994259439028,0.08993799189623204,4.752,3.9489793392216606,315.3837871804376,"ScoreBreakdown(accel=88.6322903140801, skidpad=75.0, autocross=10.036140227053824, endurance=88.53616527234911, efficiency=53.17919136695456)"
[132   2],280,132,2,280,19.008,3.8782795667071923,4.593257496777142,1711.2470373164015,3908.756097521065,0.08952986143795964,4.752,3.951063346963899,311.1275232617485,"ScoreBreakdown(accel=86.60834141317284, skidpad=75.0, autocross=9.455853526529149, endurance=87.18999897161608, efficiency=52.873329350430424)"
[132   2],285,132,2,285,19.008,3.906724326227902,4.602689228761392,1714.716284517703,3911.626643968725,0.08900045671174382,4.752,3.953620559400129,307.04766589154997,"ScoreBreakdown(accel=84.61984659093939, skidpad=75.0, autocross=8.917092085588964, endurance=85.94016419981727, efficiency=52.57056301520435)"
[132   2],290,132,2,290,19.008,3.935079819301123,4.6118214268334015,1718.6159576919388,3915.00227980983,0.0883594382382823,4.752,3.95663596117241,302.74925277047015,"ScoreBreakdown(accel=82.66620466115832, skidpad=75.0, autocross=8.314083716901553, endurance=84.54128749929487, efficiency=52.22767689311542)"
[132   2],295,132,2,295,19.008,3.9633417441227863,4.620667299055384,1722.474584128496,3919.2180961545896,0.08758064020236085,4.752,3.9603968695244944,298.49606190366404,"ScoreBreakdown(accel=80.7468256290709, skidpad=75.0, autocross=7.720109882720108, endurance=83.16336937990786, efficiency=51.86575701196521)"
[132   2],300,132,2,300,19.008,3.9915058253446176,4.62980857849513,1726.6394785010627,3923.510061716637,0.08681079081291247,4.752,3.964042047303326,294.1104494421003,"ScoreBreakdown(accel=78.86113094825608, skidpad=75.0, autocross=7.081970212793008, endurance=81.68299404468127, efficiency=51.484354236369924)"
[136   2],200,136,2,200,19.584,3.6253038322989397,4.411893476136811,1601.456278449339,4131.8408686598295,0.05512719248484778,4.896,4.18451031947575,386.31943428500415,"ScoreBreakdown(accel=100.0, skidpad=75.0, autocross=27.71179488244683, endurance=129.54067324913302, efficiency=54.06696615342432)"
[136   2],205,136,2,205,19.584,3.63304424605127,4.42563881461237,1612.5360051818375,4113.737981054023,0.06009285694274842,4.896,4.165948323715187,379.55106901155955,"ScoreBreakdown(accel=100.0, skidpad=75.0, autocross=25.756686746216992, endurance=125.00515540096931, efficiency=53.78922686437326)"
[136   2],210,136,2,210,19.584,3.6413066374271352,4.43876149137175,1623.5495160218557,4094.213518033536,0.06548085847207291,4.896,4.146248643576649,372.9602259471336,"ScoreBreakdown(accel=100.0, skidpad=75.0, autocross=23.83970902628083, endurance=120.55809362357387, efficiency=53.56242329727888)"
[136   2],215,136,2,215,19.584,3.6502306563926226,4.451909490984619,1634.490672193508,4075.080490352274,0.07096047635460433,4.896,4.12664383484118,366.4984494547905,"ScoreBreakdown(accel=100.0, skidpad=75.0, autocross=21.960905040505736, endurance=116.19958840702036, efficiency=53.33795600726436)"
[136   2],220,136,2,220,19.584,3.659836849872832,4.464692498941417,1643.6107242050941,4060.5570879983534,0.07523441259501915,4.896,4.111512851821968,361.1429827330489,"ScoreBreakdown(accel=100.0, skidpad=75.0, autocross=20.413934144626623, endurance=112.61087943546502, efficiency=53.118169152957265)"
[136   2],225,136,2,225,19.584,3.6701055085420506,4.476935933773376,1651.884143589758,4045.253832389072,0.07983031194976474,4.896,4.095861078286932,356.396082030362,"ScoreBreakdown(accel=100.0, skidpad=75.0, autocross=19.02534831310913, endurance=109.38959683434013, efficiency=52.98113688291274)"
[136   2],230,136,2,230,19.584,3.6811818926376247,4.4886810058795845,1659.7970316531992,4032.5598146805587,0.08374103434147924,4.896,4.082457505768348,351.85032860919915,"ScoreBreakdown(accel=100.0, skidpad=75.0, autocross=17.710224338569525, endurance=106.3387332281078, efficiency=52.801371042521794)"
[136   2],235,136,2,235,19.584,3.69325466831323,4.500279849860846,1666.2588103199532,4022.5324384479327,0.08708223588127084,4.896,4.071875616597666,348.16259741433703,"ScoreBreakdown(accel=100.0, skidpad=75.0, autocross=16.64553997316869, endurance=103.86884685586442, efficiency=52.64821058530393)"
[136   2],240,136,2,240,19.584,3.706403470020561,4.511733862737842,1670.3131357580546,4017.609799778981,0.08904601553203938,4.896,4.066183289333046,345.0998563196593,"ScoreBreakdown(accel=99.27312442299333, skidpad=75.0, autocross=15.981728901404189, endurance=102.32891824117294, efficiency=52.516084754088794)"
[136   2],245,136,2,245,19.584,3.72069539565949,4.522747919369422,1674.569155807095,4014.078856765646,0.0907053135660649,4.896,4.061944883086889,341.51800184836947,"ScoreBreakdown(accel=98.17541342826301, skidpad=75.0, autocross=15.288352715341818, endurance=100.72040359735281, efficiency=52.33383210741179)"
[136   2],250,136,2,250,19.584,3.736347465548562,4.533349610791845,1678.5660380229676,4011.9031857134855,0.09212547378878387,4.896,4.059071381502776,337.9731636566027,"ScoreBreakdown(accel=96.98286923697341, skidpad=75.0, autocross=14.640395886188879, endurance=99.21725412495073, efficiency=52.13264440848966)"
[136   2],255,136,2,255,19.584,3.753710765628057,4.543751833798964,1681.3613852195551,4013.9203326763995,0.09228486591834367,4.896,4.061028682348031,334.9273162827103,"ScoreBreakdown(accel=95.67158063929313, skidpad=75.0, autocross=14.18905726583517, endurance=98.17022540554343, efficiency=51.896452972038574)"
[136   2],260,136,2,260,19.584,3.7731330596000134,4.554205599096264,1683.8609733080862,4019.9411161160883,0.09153586449984898,4.896,4.066543433316411,331.81470380841927,"ScoreBreakdown(accel=94.21909558161298, skidpad=75.0, autocross=13.786741189861274, endurance=97.23692063872807, efficiency=51.57194639821696)"
[136   2],265,136,2,265,19.584,3.7952596185436107,4.564290460655897,1687.0598740877697,4025.14607777097,0.09087021027925768,4.896,4.070953112337586,328.12858333533535,"ScoreBreakdown(accel=92.58248880387598, skidpad=75.0, autocross=13.273607790930551, endurance=96.0465385589792, efficiency=51.22594818154964)"
[136   2],270,136,2,270,19.584,3.821174457418792,4.5740298978115845,1691.0483494602074,4027.9513363941755,0.09054609102078133,4.896,4.072735404137478,323.7904543895367,"ScoreBreakdown(accel=90.68977811745462, skidpad=75.0, autocross=12.636538553411393, endurance=94.5686464446045, efficiency=50.89549127406617)"
[136   2],275,136,2,275,19.584,3.849749874109179,4.583512153122953,1694.7723293921078,4031.5846348950718,0.08990296407384496,4.896,4.075994683084402,319.4331388175076,"ScoreBreakdown(accel=88.6322903140801, skidpad=75.0, autocross=12.044423389767, endurance=93.19504012426235, efficiency=50.56138498939815)"
[136   2],280,136,2,280,19.584,3.8782795667071923,4.593257496777142,1697.2641339039956,4037.223034488718,0.08881002822871017,4.896,4.081235451051016,315.79078008830396,"ScoreBreakdown(accel=86.60834141317284, skidpad=75.0, autocross=11.649675869940666, endurance=92.27929311850167, efficiency=50.25346968668878)"
[136   2],285,136,2,285,19.584,3.906724326227902,4.602689228761392,1700.219899590916,4042.191852207254,0.08780391801246054,4.896,4.085895821156186,311.93469605891164,"ScoreBreakdown(accel=84.61984659093939, skidpad=75.0, autocross=11.18292867664228, endurance=91.19651913451757, efficiency=49.93540165681235)"
[136   2],290,136,2,290,19.584,3.935079819301123,4.6118214268334015,1703.6252697560453,4047.4960054212047,0.0867438192485558,4.896,4.090665238254611,307.8488891043236,"ScoreBreakdown(accel=82.66620466115832, skidpad=75.0, autocross=10.64719197525546, endurance=89.95370124325675, efficiency=49.58179122465308)"
[136   2],295,136,2,295,19.584,3.9633417441227863,4.620667299055384,1707.1065168103282,4053.239009848973,0.08558691356370864,4.896,4.095991552982437,303.7506040903331,"ScoreBreakdown(accel=80.7468256290709, skidpad=75.0, autocross=10.101727599342706, endurance=88.68831680408175, efficiency=49.21373405783781)"
[136   2],300,136,2,300,19.584,3.9915058253446176,4.62980857849513,1711.2884738211965,4057.9343309879723,0.08468350292875819,4.896,4.1000626183001065,299.31715424651765,"ScoreBreakdown(accel=78.86113094825608, skidpad=75.0, autocross=9.449405698861892, endurance=87.17504110973364, efficiency=48.8315764896661)"
[140   2],200,140,2,200,20.16,3.6253038322989397,4.411893476136811,1586.3867365638444,4280.504420417961,0.04841135563416163,5.04,4.335861030648496,392.4538591216324,"ScoreBreakdown(accel=100.0, skidpad=75.0, autocross=30.41477053720363, endurance=135.8111163505268, efficiency=51.22797223390191)"
[140   2],205,140,2,205,20.16,3.63304424605127,4.42563881461237,1598.4967598634762,4260.202085388058,0.05382738779044065,5.04,4.314816135542955,384.9213239969199,"ScoreBreakdown(accel=100.0, skidpad=75.0, autocross=28.238612713183816, endurance=130.7628008797028, efficiency=50.9199104040333)"
[140   2],210,140,2,210,20.16,3.6413066374271352,4.43876149137175,1611.6218522999684,4236.520997345152,0.060078712131953024,5.04,4.290950657514569,376.93332409655443,"ScoreBreakdown(accel=100.0, skidpad=75.0, autocross=25.916978989012293, endurance=125.37700610050271, efficiency=50.63933900703941)"
[140   2],215,140,2,215,20.16,3.6502306563926226,4.451909490984619,1625.4045944484585,4211.260536131701,0.06691068741899059,5.04,4.265418119028126,368.7011337610513,"ScoreBreakdown(accel=100.0, skidpad=75.0, autocross=23.519376164180738, endurance=119.81497594814438, efficiency=50.366781648726224)"
[140   2],220,140,2,220,20.16,3.659836849872832,4.464692498941417,1636.3253122598046,4191.788232753709,0.0723558565720469,5.04,4.245178555604035,362.2684216627254,"ScoreBreakdown(accel=100.0, skidpad=75.0, autocross=21.64832228196675, endurance=115.47444965172095, efficiency=50.14564972903768)"
[140   2],225,140,2,225,20.16,3.6701055085420506,4.476935933773376,1646.1705625301997,4171.649540983189,0.07806967074043458,5.04,4.224654833566683,356.6125430781127,"ScoreBreakdown(accel=100.0, skidpad=75.0, autocross=19.98280738475428, endurance=111.6107387895401, efficiency=50.018996903818355)"
[140   2],230,140,2,230,20.16,3.6811818926376247,4.4886810058795845,1654.6291650369456,4155.409787598373,0.08289294645968667,5.04,4.207622185568641,351.7836403322055,"ScoreBreakdown(accel=100.0, skidpad=75.0, autocross=18.56770015029831, endurance=108.32793105118266, efficiency=49.88800913072453)"
[140   2],235,140,2,235,20.16,3.69325466831323,4.500279849860846,1662.314457628911,4140.660300643577,0.0875085298779286,5.04,4.191933542371441,347.4414922261489,"ScoreBreakdown(accel=100.0, skidpad=75.0, autocross=17.294452773583348, endurance=105.3742140187559, efficiency=49.77282543380967)"
[140   2],240,140,2,240,20.16,3.706403470020561,4.511733862737842,1667.1702064050132,4132.058929547269,0.09042135884276531,5.04,4.182567653683671,343.9746403152613,"ScoreBreakdown(accel=99.27312442299333, skidpad=75.0, autocross=16.496036597016314, endurance=103.52202448919611, efficiency=49.683454806055515)"
[140   2],245,140,2,245,20.16,3.72069539565949,4.522747919369422,1670.3273977216838,4128.298977757262,0.09237519956365144,5.04,4.177830756810234,341.05711357657094,"ScoreBreakdown(accel=98.17541342826301, skidpad=75.0, autocross=15.979399490714819, endurance=102.3235144051591, efficiency=49.57878625243398)"
[140   2],250,140,2,250,20.16,3.736347465548562,4.533349610791845,1673.4738754372563,4125.635471063286,0.09404587153327439,5.04,4.174466044951291,338.0299681910883,"ScoreBreakdown(accel=96.98286923697341, skidpad=75.0, autocross=15.46645501219344, endurance=101.13357058857967, efficiency=49.44707335334176)"
[140   2],255,140,2,255,20.16,3.753710765628057,4.543751833798964,1676.6089484749716,4125.789207702721,0.09481469777176803,5.04,4.174379139776575,334.8253163960411,"ScoreBreakdown(accel=95.67158063929313, skidpad=75.0, autocross=14.957284567055279, endurance=99.95238188659062, efficiency=49.24406930310209)"
[140   2],260,140,2,260,20.16,3.7731330596000134,4.554205599096264,1678.131156891983,4132.4250508956,0.09411528452403255,5.04,4.1805138952522976,332.28754411496965,"ScoreBreakdown(accel=94.21909558161298, skidpad=75.0, autocross=14.710747242166468, endurance=99.38045728735695, efficiency=48.97724400383326)"
[140   2],265,140,2,265,20.16,3.7952596185436107,4.564290460655897,1679.8357616873234,4140.063527935146,0.09296763277590832,5.04,4.187485268310446,329.43329285422067,"ScoreBreakdown(accel=92.58248880387598, skidpad=75.0, autocross=14.435199267505915, endurance=98.74123292224941, efficiency=48.67437186058939)"
[140   2],270,140,2,270,20.16,3.821174457418792,4.5740298978115845,1682.9864687105317,4144.842948694192,0.09227556074110971,5.04,4.191116491135543,325.53518171693986,"ScoreBreakdown(accel=90.68977811745462, skidpad=75.0, autocross=13.927359372931065, endurance=97.56313087092477, efficiency=48.354913355629364)"
[140   2],275,140,2,275,20.16,3.849749874109179,4.583512153122953,1686.5978080886655,4148.869361163775,0.09163735603202734,5.04,4.194606758918492,321.2254021385929,"ScoreBreakdown(accel=88.6322903140801, skidpad=75.0, autocross=13.34760719554081, endurance=96.21820457281443, efficiency=48.0273000561576)"
[140   2],280,140,2,280,20.16,3.8782795667071923,4.593257496777142,1688.7550516253277,4155.254361245465,0.09040287683378496,5.04,4.200729360614352,317.76032408594926,"ScoreBreakdown(accel=86.60834141317284, skidpad=75.0, autocross=13.002473609042143, endurance=95.41755344126926, efficiency=47.73195562246503)"
[140   2],285,140,2,285,20.16,3.906724326227902,4.602689228761392,1690.9878543732518,4162.315845803614,0.08901201624623584,5.04,4.207284163350631,314.2732545869026,"ScoreBreakdown(accel=84.61984659093939, skidpad=75.0, autocross=12.646178837514913, endurance=94.59101026162435, efficiency=47.41621889682398)"
[140   2],290,140,2,290,20.16,3.935079819301123,4.6118214268334015,1693.5336211250308,4169.651128508827,0.08752362612586424,5.04,4.214210055829063,310.6344095459472,"ScoreBreakdown(accel=82.66620466115832, skidpad=75.0, autocross=12.241089754066799, endurance=93.65127258981549, efficiency=47.075842540906635)"
[140   2],295,140,2,295,20.16,3.9633417441227863,4.620667299055384,1696.2505847145771,4177.851503559091,0.085830635739223,5.04,4.222112806701241,306.91356071920853,"ScoreBreakdown(accel=80.7468256290709, skidpad=75.0, autocross=11.810100714478839, endurance=92.65145143149138, efficiency=46.705182944167476)"
[140   2],300,140,2,300,20.16,3.9915058253446176,4.62980857849513,1699.5655687248645,4185.822820453269,0.08422477921599318,5.04,4.229409074343341,302.8889372927078,"ScoreBreakdown(accel=78.86113094825608, skidpad=75.0, autocross=11.286114641375836, endurance=91.43589299627828, efficiency=46.30579870679759)"
[144   2],200,144,2,200,20.735999999999997,3.6253038322989397,4.411893476136811,1569.0348613714411,4436.185148606297,0.040204003037513716,5.184,4.494316318183687,400.3566251734677,"ScoreBreakdown(accel=100.0, skidpad=75.0, autocross=33.59143242683137, endurance=143.18043083037514, efficiency=48.58476191626117)"
[144   2],205,144,2,205,20.735999999999997,3.63304424605127,4.42563881461237,1582.1265071623138,4413.355284229782,0.04600957083373129,5.184,4.471088240964064,392.0464451518976,"ScoreBreakdown(accel=100.0, skidpad=75.0, autocross=31.188250288729947, endurance=137.60545762159626, efficiency=48.252737241571424)"
[144   2],210,144,2,210,20.735999999999997,3.6413066374271352,4.43876149137175,1596.9599727794264,4387.101070320458,0.052780047184341976,5.184,4.444410016660992,382.8112582622729,"ScoreBreakdown(accel=100.0, skidpad=75.0, autocross=28.51294324881191, endurance=131.39920099363047, efficiency=47.899114019830456)"
[144   2],215,144,2,215,20.735999999999997,3.6502306563926226,4.451909490984619,1612.3873217699027,4358.373988186696,0.06029311615493357,5.184,4.415148176405878,373.4285879608291,"ScoreBreakdown(accel=100.0, skidpad=75.0, autocross=25.782745279298236, endurance=125.06560675897707, efficiency=47.58023592255377)"
[144   2],220,144,2,220,20.735999999999997,3.659836849872832,4.464692498941417,1625.5773760861273,4333.522387465306,0.06686523597138307,5.184,4.389520521042386,365.5619628973008,"ScoreBreakdown(accel=100.0, skidpad=75.0, autocross=23.48957764398443, endurance=119.74584845708932, efficiency=47.32653679622707)"
[144   2],225,144,2,225,20.735999999999997,3.6701055085420506,4.476935933773376,1638.7429911891138,4306.99256376165,0.07403756380981243,5.184,4.362387021552254,357.88465447002636,"ScoreBreakdown(accel=100.0, skidpad=75.0, autocross=21.237471261031665, endurance=114.5213452664154, efficiency=47.12583794257931)"
[144   2],230,144,2,230,20.735999999999997,3.6811818926376247,4.4886810058795845,1648.7902712927896,4286.088871235198,0.07987125382931527,5.184,4.340622039347906,352.1294657443163,"ScoreBreakdown(accel=100.0, skidpad=75.0, autocross=19.5429833015513, endurance=110.59042183496668, efficiency=46.9960606077983)"
[144   2],235,144,2,235,20.735999999999997,3.69325466831323,4.500279849860846,1657.707316382165,4265.981063279746,0.08568886984502669,5.184,4.3196167321021575,347.1221231557711,"ScoreBreakdown(accel=100.0, skidpad=75.0, autocross=18.05631550880291, endurance=107.14160579080507, efficiency=46.924201856163116)"
[144   2],240,144,2,240,20.735999999999997,3.706403470020561,4.511733862737842,1664.3138143697101,4251.423661467307,0.09001189194036395,5.184,4.304393906894536,342.71464107564987,"ScoreBreakdown(accel=99.27312442299333, skidpad=75.0, autocross=16.965140337274065, endurance=104.61026526071794, efficiency=46.86611105466457)"
[144   2],245,144,2,245,20.735999999999997,3.72069539565949,4.522747919369422,1669.1302496666588,4241.228586835044,0.09353603244705669,5.184,4.293198608940673,338.9432638157422,"ScoreBreakdown(accel=98.17541342826301, skidpad=75.0, autocross=16.17506860194895, endurance=102.77743341346942, efficiency=46.815348372060775)"
[144   2],250,144,2,250,20.735999999999997,3.736347465548562,4.533349610791845,1670.9877221296601,4237.900084840919,0.0956221924865286,5.184,4.289045076637574,336.70927503542623,"ScoreBreakdown(accel=96.98286923697341, skidpad=75.0, autocross=15.871592052093483, endurance=102.07341951118836, efficiency=46.78139423517098)"
[144   2],255,144,2,255,20.735999999999997,3.753710765628057,4.543751833798964,1673.6557955646065,4236.451220854425,0.09699112898663553,5.184,4.28731247752286,333.8247323157442,"ScoreBreakdown(accel=95.67158063929313, skidpad=75.0, autocross=15.436857043301309, endurance=101.06490834238886, efficiency=46.65138629076093)"
[144   2],260,144,2,260,20.735999999999997,3.7731330596000134,4.554205599096264,1675.774385571286,4240.331514841139,0.0971321603002106,5.184,4.290474814312864,331.0037353771638,"ScoreBreakdown(accel=94.21909558161298, skidpad=75.0, autocross=15.092640715963134, endurance=100.26638509585263, efficiency=46.425613983735055)"
[144   2],265,144,2,265,20.735999999999997,3.7952596185436107,4.564290460655897,1676.3191461455235,4249.339134126113,0.09579385863852294,5.184,4.298963592373325,328.82097991649516,"ScoreBreakdown(accel=92.58248880387598, skidpad=75.0, autocross=15.00427177374007, endurance=100.06138420242429, efficiency=46.1728351364548)"
[144   2],270,144,2,270,20.735999999999997,3.821174457418792,4.5740298978115845,1678.3166987214825,4255.971170757772,0.0947789536025418,5.184,4.3044731496797795,325.5707765920356,"ScoreBreakdown(accel=90.68977811745462, skidpad=75.0, autocross=14.680727410070324, endurance=99.31081639039186, efficiency=45.889454674118774)"
[144   2],275,144,2,275,20.735999999999997,3.849749874109179,4.583512153122953,1681.0119773128606,4261.883318474139,0.09383092719229671,5.184,4.309687009781425,321.7605737941821,"ScoreBreakdown(accel=88.6322903140801, skidpad=75.0, autocross=14.24539081220166, endurance=98.3009096374081, efficiency=45.58198303049228)"
[144   2],280,144,2,280,20.735999999999997,3.8782795667071923,4.593257496777142,1683.353366305232,4267.997731261853,0.09275069876095517,5.184,4.315344125690035,318.1954585683813,"ScoreBreakdown(accel=86.60834141317284, skidpad=75.0, autocross=13.868345354316865, endurance=97.42622840003001, efficiency=45.292543400861554)"
[144   2],285,144,2,285,20.735999999999997,3.906724326227902,4.602689228761392,1685.2088359377337,4275.654699461353,0.09127242274888173,5.184,4.3226469250323705,314.9218687188543,"ScoreBreakdown(accel=84.61984659093939, skidpad=75.0, autocross=13.570294018742988, endurance=96.73480007076566, efficiency=44.9969280384062)"
[144   2],290,144,2,290,20.735999999999997,3.935079819301123,4.6118214268334015,1687.1471457360508,4284.717775190077,0.08945488936227815,5.184,4.331338601899926,311.60421532675707,"ScoreBreakdown(accel=82.66620466115832, skidpad=75.0, autocross=13.25963587507032, endurance=96.01412609412229, efficiency=44.66424869640614)"
[144   2],295,144,2,295,20.735999999999997,3.9633417441227863,4.620667299055384,1689.0666091626426,4295.05693483361,0.08740014492712343,5.184,4.341248068734335,308.30588098499396,"ScoreBreakdown(accel=80.7468256290709, skidpad=75.0, autocross=12.95270092451079, endurance=95.3020892913025, efficiency=44.30426514010979)"
[144   2],300,144,2,300,20.735999999999997,3.9915058253446176,4.62980857849513,1691.4132738002272,4305.250089920583,0.08532721779757955,5.184,4.350977687138593,304.7975042203686,"ScoreBreakdown(accel=78.86113094825608, skidpad=75.0, autocross=12.578400121677014, endurance=94.43377518612564, efficiency=43.924197964309826)"
[100   3],200,100,3,200,21.599999999999998,3.6253038322989397,4.411893476136811,1550.1639569756526,4648.4571694536835,0.03136303022504063,5.4,4.713110341315803,408.4989190708275,"ScoreBreakdown(accel=100.0, skidpad=75.0, autocross=37.12691521506622, endurance=151.3821486743999, efficiency=44.98985518136142)"
[100   3],205,100,3,205,21.599999999999998,3.63304424605127,4.42563881461237,1557.1387287005587,4647.428566145056,0.031215820783667043,5.4,4.7121413846278974,403.69328947028254,"ScoreBreakdown(accel=100.0, skidpad=75.0, autocross=35.8102016865723, endurance=148.32759757375408, efficiency=44.55549020995617)"
[100   3],210,100,3,210,21.599999999999998,3.6413066374271352,4.43876149137175,1563.9014327358063,4647.130538637354,0.030899131192336265,5.4,4.712028832193836,399.0594946649288,"ScoreBreakdown(accel=100.0, skidpad=75.0, autocross=34.544737269351245, endurance=145.3919356816246, efficiency=44.12282171395297)"
[100   3],215,100,3,215,21.599999999999998,3.6502306563926226,4.451909490984619,1570.4536389904738,4648.57219627912,0.03049916794290041,5.4,4.712950280903843,394.57050974161456,"ScoreBreakdown(accel=100.0, skidpad=75.0, autocross=33.32905718222483, endurance=142.57176495518527, efficiency=43.66968760420447)"
[100   3],220,100,3,220,21.599999999999998,3.659836849872832,4.464692498941417,1576.403918527042,4649.079399338704,0.030356048651848877,5.4,4.712981207754894,390.54355560619496,"ScoreBreakdown(accel=100.0, skidpad=75.0, autocross=32.23381292770682, endurance=140.03098484567977, efficiency=43.278757832808374)"
[100   3],225,100,3,225,21.599999999999998,3.6701055085420506,4.476935933773376,1582.6731535785038,4649.2247373838745,0.030462432359843652,5.4,4.712537180133678,386.34186062890603,"ScoreBreakdown(accel=100.0, skidpad=75.0, autocross=31.088769251779027, endurance=137.3746785612038, efficiency=42.87841281592316)"
[100   3],230,100,3,230,21.599999999999998,3.6811818926376247,4.4886810058795845,1588.9361983980507,4649.181292762288,0.030715983540945513,5.4,4.711599986394081,382.1814579911702,"ScoreBreakdown(accel=100.0, skidpad=75.0, autocross=29.953878477154625, endurance=134.74192527833372, efficiency=42.48565423568189)"
[100   3],235,100,3,235,21.599999999999998,3.69325466831323,4.500279849860846,1595.6138522685317,4646.775174429117,0.03150697613630245,5.4,4.708716525092291,377.83192657604525,"ScoreBreakdown(accel=100.0, skidpad=75.0, autocross=28.753672216580917, endurance=131.95765119372635, efficiency=42.120603165737954)"
[100   3],240,100,3,240,21.599999999999998,3.706403470020561,4.511733862737842,1601.5958245287793,4644.912769776757,0.03220487067395456,5.4,4.706134709705048,373.2332667101199,"ScoreBreakdown(accel=99.27312442299333, skidpad=75.0, autocross=27.6870026368264, endurance=129.48315946233845, efficiency=41.78998018796169)"
[100   3],245,100,3,245,21.599999999999998,3.72069539565949,4.522747919369422,1608.2314083531837,4643.515759965716,0.03295527793078272,5.4,4.703492082769931,367.8602809490262,"ScoreBreakdown(accel=98.17541342826301, skidpad=75.0, autocross=26.513068009463936, endurance=126.7598310917414, efficiency=41.41196841955788)"
[100   3],250,100,3,250,21.599999999999998,3.736347465548562,4.533349610791845,1615.1797314814437,4640.456010917692,0.034152398467530716,5.4,4.6995323156812265,362.2623660003936,"ScoreBreakdown(accel=96.98286923697341, skidpad=75.0, autocross=25.294143381209935, endurance=123.93213358255241, efficiency=41.053219799657874)"
[100   3],255,100,3,255,21.599999999999998,3.753710765628057,4.543751833798964,1622.3260024240994,4636.132610817825,0.035579538251332976,5.4,4.694970835779851,356.48444588165086,"ScoreBreakdown(accel=95.67158063929313, skidpad=75.0, autocross=24.051384906059297, endurance=121.04914560835677, efficiency=40.71233472794164)"
[100   3],260,100,3,260,21.599999999999998,3.7731330596000134,4.554205599096264,1629.8994251210074,4632.73684745409,0.0369747133758573,5.4,4.690704916197981,350.3163564064614,"ScoreBreakdown(accel=94.21909558161298, skidpad=75.0, autocross=22.746237688051636, endurance=118.0214263778648, efficiency=40.32959675893199)"
[100   3],265,100,3,265,21.599999999999998,3.7952596185436107,4.564290460655897,1636.630769467268,4630.994368012041,0.037939055511195516,5.4,4.688156392752561,344.4984686099201,"ScoreBreakdown(accel=92.58248880387598, skidpad=75.0, autocross=21.596347071405518, endurance=115.35387601653727, efficiency=39.965756718101375)"
[100   3],270,100,3,270,21.599999999999998,3.821174457418792,4.5740298978115845,1642.4745793058921,4629.317401969914,0.038803059082050895,5.4,4.685051566354393,339.00702603883724,"ScoreBreakdown(accel=90.68977811745462, skidpad=75.0, autocross=20.605713714753016, endurance=113.05577537093929, efficiency=39.65575883569028)"
[100   3],275,100,3,275,21.599999999999998,3.849749874109179,4.583512153122953,1648.2012445801179,4626.4411664427425,0.039926558915175804,5.4,4.681141041687421,333.4734048904368,"ScoreBreakdown(accel=88.6322903140801, skidpad=75.0, autocross=19.64175342066326, endurance=110.81955168706868, efficiency=39.379809468624785)"
[100   3],280,100,3,280,21.599999999999998,3.8782795667071923,4.593257496777142,1654.2158332723536,4622.110497523959,0.04132638630681466,5.4,4.676358042015469,327.8517748676322,"ScoreBreakdown(accel=86.60834141317284, skidpad=75.0, autocross=18.636513416893035, endurance=108.48756610821475, efficiency=39.119353929351576)"
[100   3],285,100,3,285,21.599999999999998,3.906724326227902,4.602689228761392,1660.0784214426196,4617.42655636675,0.04283750893764504,5.4,4.670959346601148,322.39137770090656,"ScoreBreakdown(accel=84.61984659093939, skidpad=75.0, autocross=17.663688131073396, endurance=106.23077715356993, efficiency=38.87706582532381)"
[100   3],290,100,3,290,21.599999999999998,3.935079819301123,4.6118214268334015,1666.0677012538395,4612.612034424589,0.04447034572065333,5.4,4.6654227146145555,316.9168484247039,"ScoreBreakdown(accel=82.66620466115832, skidpad=75.0, autocross=16.676909822089087, endurance=103.94161956190354, efficiency=38.63211437955299)"
[100   3],295,100,3,295,21.599999999999998,3.9633417441227863,4.620667299055384,1672.1559419570972,4607.694634909806,0.04618826150129816,5.4,4.659976386271657,311.4449526954445,"ScoreBreakdown(accel=80.7468256290709, skidpad=75.0, autocross=15.681071961902536, endurance=101.63144535462784, efficiency=38.38560974984321)"
[100   3],300,100,3,300,21.599999999999998,3.9915058253446176,4.62980857849513,1678.2988090382107,4602.592976346485,0.048051910301537465,5.4,4.654007267595869,306.0041050782097,"ScoreBreakdown(accel=78.86113094825608, skidpad=75.0, autocross=14.68362159108529, endurance=99.31753039735955, efficiency=38.14182214150876)"
[104   3],200,104,3,200,22.464,3.6253038322989397,4.411893476136811,1536.1503218476262,4841.410398404189,0.03055527570182349,5.616,4.912614272102534,414.2301490384048,"ScoreBreakdown(accel=100.0, skidpad=75.0, autocross=39.80858744903509, endurance=157.60317146833353, efficiency=41.818390121036224)"
[104   3],205,104,3,205,22.464,3.63304424605127,4.42563881461237,1543.6728872030562,4837.027761759133,0.03155299642164474,5.616,4.907832970066408,409.0385972863745,"ScoreBreakdown(accel=100.0, skidpad=75.0, autocross=38.36300383171263, endurance=154.2496637129914, efficiency=41.42592974167047)"
[104   3],210,104,3,210,22.464,3.6413066374271352,4.43876149137175,1550.789729524414,4832.866402766097,0.032389995991889416,5.616,4.903944220345807,404.17386662844234,"ScoreBreakdown(accel=100.0, skidpad=75.0, autocross=37.00829677797796, endurance=151.10697410550233, efficiency=41.05859574496201)"
[104   3],215,104,3,215,22.464,3.6502306563926226,4.451909490984619,1557.9815460696716,4830.298666005142,0.03290408015705168,5.616,4.90156840139958,399.27006591785823,"ScoreBreakdown(accel=100.0, skidpad=75.0, autocross=35.651891047466506, endurance=147.96034385723934, efficiency=40.65783101315244)"
[104   3],220,104,3,220,22.464,3.659836849872832,4.464692498941417,1564.54889282835,4827.555916320863,0.03332515287752584,5.616,4.899317827975545,394.8395150180794,"ScoreBreakdown(accel=100.0, skidpad=75.0, autocross=34.42415575641645, endurance=145.11220711114822, efficiency=40.30315215051472)"
[104   3],225,104,3,225,22.464,3.6701055085420506,4.476935933773376,1571.3243785587285,4825.738506646925,0.03366414129526253,5.616,4.897455342172976,390.2870916787042,"ScoreBreakdown(accel=100.0, skidpad=75.0, autocross=33.168265509869414, endurance=142.19875566414407, efficiency=39.920070504690706)"
[104   3],230,104,3,230,22.464,3.6811818926376247,4.4886810058795845,1577.8825944154898,4825.300653699831,0.033776494257733984,5.616,4.896251039236376,385.8914749300246,"ScoreBreakdown(accel=100.0, skidpad=75.0, autocross=31.96292039056152, endurance=139.4025603026127, efficiency=39.525994236850366)"
[104   3],235,104,3,235,22.464,3.69325466831323,4.500279849860846,1584.8204282962863,4822.246906576305,0.03460804138801342,5.616,4.892556159040934,381.33265424582504,"ScoreBreakdown(accel=100.0, skidpad=75.0, autocross=30.69866331893435, endurance=136.46969924660516, efficiency=39.16429168028555)"
[104   3],240,104,3,240,22.464,3.706403470020561,4.511733862737842,1591.1772283839541,4818.838368601075,0.03559110125003974,5.616,4.888369844286442,376.47586243978856,"ScoreBreakdown(accel=99.27312442299333, skidpad=75.0, autocross=29.5499644883316, endurance=133.80491362589248, efficiency=38.847859902571145)"
[104   3],245,104,3,245,22.464,3.72069539565949,4.522747919369422,1598.2803113699974,4815.450250768199,0.03678099614457145,5.616,4.883420000041681,370.7940219498436,"ScoreBreakdown(accel=98.17541342826301, skidpad=75.0, autocross=28.277218828028488, endurance=130.85236049008023, efficiency=38.4890292034719)"
[104   3],250,104,3,250,22.464,3.736347465548562,4.533349610791845,1605.953205894121,4809.651754848295,0.03869395431393265,5.616,4.875959897461867,364.7375626821063,"ScoreBreakdown(accel=96.98286923697341, skidpad=75.0, autocross=26.915022727656577, endurance=127.69229757005691, efficiency=38.14737314741936)"
[104   3],255,104,3,255,22.464,3.753710765628057,4.543751833798964,1613.841277703128,4802.612431419906,0.04085438945861439,5.616,4.867884199171083,358.49574041417304,"ScoreBreakdown(accel=95.67158063929313, skidpad=75.0, autocross=25.528128341436425, endurance=124.4749388339057, efficiency=37.82109259953781)"
[104   3],260,104,3,260,22.464,3.7731330596000134,4.554205599096264,1622.173668209742,4796.169586493825,0.04300171367186978,5.616,4.8600146886247915,351.8679526444258,"ScoreBreakdown(accel=94.21909558161298, skidpad=75.0, autocross=24.077762077453727, endurance=121.11033615297534, efficiency=37.46075883238379)"
[104   3],265,104,3,265,22.464,3.7952596185436107,4.564290460655897,1629.5750355630091,4791.604574212026,0.04474130201257657,5.616,4.854008972093432,345.6562264003665,"ScoreBreakdown(accel=92.58248880387598, skidpad=75.0, autocross=22.801891887146343, endurance=118.15053463977713, efficiency=37.121311069567064)"
[104   3],270,104,3,270,22.464,3.821174457418792,4.5740298978115845,1635.9534698645439,4787.951412036615,0.04612299488932768,5.616,4.848632755238611,339.8485590396655,"ScoreBreakdown(accel=90.68977811745462, skidpad=75.0, autocross=21.711619489233165, endurance=115.62128839070193, efficiency=36.82587304227573)"
[104   3],275,104,3,275,22.464,3.849749874109179,4.583512153122953,1642.2201639109119,4782.620686248356,0.047820813821354086,5.616,4.842237356738444,334.00848305091546,"ScoreBreakdown(accel=88.6322903140801, skidpad=75.0, autocross=20.648695019141357, endurance=113.15548467579976, efficiency=36.572013041894266)"
[104   3],280,104,3,280,22.464,3.8782795667071923,4.593257496777142,1648.4274462114677,4776.121242048724,0.04978623519942855,5.616,4.834921880667757,328.2902112495114,"ScoreBreakdown(accel=86.60834141317284, skidpad=75.0, autocross=19.603814768407105, endurance=110.73154047620294, efficiency=36.34651459172853)"
[104   3],285,104,3,285,22.464,3.906724326227902,4.602689228761392,1654.5985108239522,4769.536097132583,0.051713521528161374,5.616,4.827694295333611,322.65918061218554,"ScoreBreakdown(accel=84.61984659093939, skidpad=75.0, autocross=18.572802416427344, endurance=108.33976743949584, efficiency=36.12676416532293)"
[104   3],290,104,3,290,22.464,3.935079819301123,4.6118214268334015,1660.975540726706,4762.621677990435,0.05379354266484496,5.616,4.8202198032350765,316.97237357250646,"ScoreBreakdown(accel=82.66620466115832, skidpad=75.0, autocross=17.51542792775204, endurance=105.88683873611083, efficiency=35.903902247485306)"
[104   3],295,104,3,295,22.464,3.9633417441227863,4.620667299055384,1667.504075134345,4755.994217634131,0.05586893884812141,5.616,4.813139873950063,311.25232770273266,"ScoreBreakdown(accel=80.7468256290709, skidpad=75.0, autocross=16.44131041626003, endurance=103.39506907175264, efficiency=35.66912258564911)"
[104   3],300,104,3,300,22.464,3.9915058253446176,4.62980857849513,1673.975148488467,4749.797107834729,0.05795533397842483,5.616,4.806004893813872,305.62178662799215,"ScoreBreakdown(accel=78.86113094825608, skidpad=75.0, autocross=15.384914646512819, endurance=100.94441082956841, efficiency=35.43133020365483)"
[108   3],200,108,3,200,23.328,3.6253038322989397,4.411893476136811,1521.668594887886,5046.013142373327,0.027278379594472695,5.832,5.12160164385194,420.49798143052874,"ScoreBreakdown(accel=100.0, skidpad=75.0, autocross=42.631729962467624, endurance=164.1523812129537, efficiency=38.71387025510737)"
[108   3],205,108,3,205,23.328,3.63304424605127,4.42563881461237,1529.9986814311376,5037.417195352002,0.028949003256342688,5.832,5.1136247044967735,414.72652343333107,"ScoreBreakdown(accel=100.0, skidpad=75.0, autocross=41.00129071816648, endurance=160.3700398908342, efficiency=38.35519282433041)"
[108   3],210,108,3,210,23.328,3.6413066374271352,4.43876149137175,1537.7914541299674,5029.115622315533,0.03064050086300139,5.832,5.106101316901011,409.38936239019245,"ScoreBreakdown(accel=100.0, skidpad=75.0, autocross=39.49201095149757, endurance=156.86876791884006, efficiency=38.028583519854834)"
[108   3],215,108,3,215,23.328,3.6502306563926226,4.451909490984619,1545.546157926569,5022.877727886042,0.03219033707812644,5.832,5.0995922196857375,404.09406622329806,"ScoreBreakdown(accel=100.0, skidpad=75.0, autocross=38.005212734200896, endurance=153.41964931194275, efficiency=37.669204177154405)"
[108   3],220,108,3,220,23.328,3.659836849872832,4.464692498941417,1552.4559825055096,5016.781292108069,0.03358366849541649,5.832,5.0937322670555645,399.4306316455356,"ScoreBreakdown(accel=100.0, skidpad=75.0, autocross=36.69291618254694, endurance=150.3753448451895, efficiency=37.362370617799186)"
[108   3],225,108,3,225,23.328,3.6701055085420506,4.476935933773376,1559.8237594820516,5009.751291211433,0.03524852795398806,5.832,5.086970682465761,394.5138857590209,"ScoreBreakdown(accel=100.0, skidpad=75.0, autocross=35.30645445567089, endurance=147.15898980501845, efficiency=37.048441498331606)"
[108   3],230,108,3,230,23.328,3.6811818926376247,4.4886810058795845,1566.9829714211555,5004.195743970363,0.03666563071863167,5.832,5.081167070991375,389.7570723318973,"ScoreBreakdown(accel=100.0, skidpad=75.0, autocross=33.9717298959461, endurance=144.06265617986776, efficiency=36.7226862560834)"
[108   3],235,108,3,235,23.328,3.69325466831323,4.500279849860846,1574.3552596025895,4997.107314059013,0.03854560262946131,5.832,5.073481691209748,384.9296950640704,"ScoreBreakdown(accel=100.0, skidpad=75.0, autocross=32.60996690270176, endurance=140.90359799460623, efficiency=36.41613016676239)"
[108   3],240,108,3,240,23.328,3.706403470020561,4.511733862737842,1581.018076287822,4992.167116386262,0.04007378536802983,5.832,5.066992772920557,379.8517026684303,"ScoreBreakdown(accel=99.27312442299333, skidpad=75.0, autocross=31.390178413774763, endurance=138.07389647580356, efficiency=36.114503355858645)"
[108   3],245,108,3,245,23.328,3.72069539565949,4.522747919369422,1588.3932551279113,4987.4164206954,0.041666888674655136,5.832,5.06020956217788,373.9670965914428,"ScoreBreakdown(accel=98.17541342826301, skidpad=75.0, autocross=30.051907844952467, endurance=134.96933671356433, efficiency=35.770438604662964)"
[108   3],250,108,3,250,23.328,3.736347465548562,4.533349610791845,1596.3714804480992,4979.744712706031,0.0435524225237986,5.832,5.052172839069281,367.69323240925166,"ScoreBreakdown(accel=96.98286923697341, skidpad=75.0, autocross=28.618134363535535, endurance=131.6432264618162, efficiency=35.449002346926484)"
[108   3],255,108,3,255,23.328,3.753710765628057,4.543751833798964,1604.446066199799,4971.415907195747,0.04544384357195108,5.832,5.044172847302735,361.30161017106246,"ScoreBreakdown(accel=95.67158063929313, skidpad=75.0, autocross=27.18156232635498, endurance=128.31062403739514, efficiency=35.137843168019195)"
[108   3],260,108,3,260,23.328,3.7731330596000134,4.554205599096264,1612.9882028230572,4963.397354514193,0.04757454193052991,5.832,5.035645874578006,354.51588697141983,"ScoreBreakdown(accel=94.21909558161298, skidpad=75.0, autocross=25.677463265047958, endurance=124.82137041937303, efficiency=34.79795770538588)"
[108   3],265,108,3,265,23.328,3.7952596185436107,4.564290460655897,1620.4877169708182,4957.031621567176,0.04946753134721499,5.832,5.028479379847403,348.23129874066643,"ScoreBreakdown(accel=92.58248880387598, skidpad=75.0, autocross=24.370021256203053, endurance=121.7883276650271, efficiency=34.4904610155603)"
[108   3],270,108,3,270,23.328,3.821174457418792,4.5740298978115845,1627.075639878981,4952.36690890846,0.05096662345743976,5.832,5.022188187874193,342.2741035639767,"ScoreBreakdown(accel=90.68977811745462, skidpad=75.0, autocross=23.23144725500273, endurance=119.14702992389162, efficiency=34.20584826762774)"
[108   3],275,108,3,275,23.328,3.849749874109179,4.583512153122953,1633.5424290787666,4946.37673312359,0.05277072258954976,5.832,5.01501808650414,336.28485013028865,"ScoreBreakdown(accel=88.6322903140801, skidpad=75.0, autocross=22.12274027187865, endurance=116.57501857722536, efficiency=33.9548009671046)"
[108   3],280,108,3,280,23.328,3.8782795667071923,4.593257496777142,1639.7272702633609,4939.7407477450315,0.05472828597954839,5.832,5.007392639648327,330.5464768717989,"ScoreBreakdown(accel=86.60834141317284, skidpad=75.0, autocross=21.07055370157847, endurance=114.13412496077443, efficiency=33.733456796273174)"
[108   3],285,108,3,285,23.328,3.906724326227902,4.602689228761392,1645.6829116137096,4933.964705615651,0.05656645236701555,5.832,5.000336994279652,324.9966374670119,"ScoreBreakdown(accel=84.61984659093939, skidpad=75.0, autocross=20.064833906247486, endurance=111.80102634722607, efficiency=33.51093062259894)"
[108   3],290,108,3,290,23.328,3.935079819301123,4.6118214268334015,1651.5297476159742,4928.910890522686,0.058352053665625375,5.832,4.993965580272498,319.5606428364561,"ScoreBreakdown(accel=82.66620466115832, skidpad=75.0, autocross=19.084543859692502, endurance=109.52692041920241, efficiency=33.28297389640287)"
[108   3],295,108,3,295,23.328,3.9633417441227863,4.620667299055384,1657.3579267461785,4923.796012607351,0.06017510722713669,5.832,4.987850786356612,314.196075789932,"ScoreBreakdown(accel=80.7468256290709, skidpad=75.0, autocross=18.114265329294554, endurance=107.2760395033284, efficiency=33.05894532823825)"
[108   3],300,108,3,300,23.328,3.9915058253446176,4.62980857849513,1663.0967893820896,4919.186691801657,0.06202065353423297,5.832,4.9817477732343844,308.9339725936186,"ScoreBreakdown(accel=78.86113094825608, skidpad=75.0, autocross=17.16550124600583, endurance=105.07506844003446, efficiency=32.83227195932228)"
[112   3],200,112,3,200,24.192,3.6253038322989397,4.411893476136811,1507.1272257267428,5257.3072218608,0.022758041534517676,6.048,5.336700870651378,427.1297269348222,"ScoreBreakdown(accel=100.0, skidpad=75.0, autocross=45.52108924276957, endurance=170.85520257752418, efficiency=35.75343511452846)"
[112   3],205,112,3,205,24.192,3.63304424605127,4.42563881461237,1515.7140394842897,5247.957448206744,0.024642270610141532,6.048,5.327442820479429,421.08204850555774,"ScoreBreakdown(accel=100.0, skidpad=75.0, autocross=43.8081928468802, endurance=166.88157470925046, efficiency=35.392280949427054)"
[112   3],210,112,3,210,24.192,3.6413066374271352,4.43876149137175,1524.127633424704,5238.068817482753,0.026649594564969615,6.048,5.318079370711983,415.23581345973764,"ScoreBreakdown(accel=100.0, skidpad=75.0, autocross=42.14857086546972, endurance=163.0315344079466, efficiency=35.05570818632132)"
[112   3],215,112,3,215,24.192,3.6502306563926226,4.451909490984619,1532.480323770025,5229.092766043329,0.028655628647597086,6.048,5.3090288326004975,409.48128918691094,"ScoreBreakdown(accel=100.0, skidpad=75.0, autocross=40.518988269274644, endurance=159.25118036351407, efficiency=34.71112055412228)"
[112   3],220,112,3,220,24.192,3.659836849872832,4.464692498941417,1540.144757954856,5220.007995518794,0.030663212429088805,6.048,5.2999807169697295,404.2711752698682,"ScoreBreakdown(accel=100.0, skidpad=75.0, autocross=39.0392330145438, endurance=155.8184002300899, efficiency=34.413542025234534)"
[112   3],225,112,3,225,24.192,3.6701055085420506,4.476935933773376,1547.9901914948193,5208.977271319196,0.03311672258244791,6.048,5.289611577357767,399.0223124413523,"ScoreBreakdown(accel=100.0, skidpad=75.0, autocross=37.53970894240536, endurance=152.33975980764757, efficiency=34.14284369129941)"
[112   3],230,112,3,230,24.192,3.6811818926376247,4.4886810058795845,1555.7323957928502,5200.2636192747095,0.03539462856027718,6.048,5.279909749289308,393.85725321619157,"ScoreBreakdown(accel=100.0, skidpad=75.0, autocross=36.07474219150721, endurance=148.94128648408116, efficiency=33.84122454060318)"
[112   3],235,112,3,235,24.192,3.69325466831323,4.500279849860846,1563.7805889758786,5188.650778697724,0.03833878586042534,6.048,5.267687446965238,388.5873897446984,"ScoreBreakdown(accel=100.0, skidpad=75.0, autocross=34.56725399699211, endurance=145.44417065431236, efficiency=33.57596509339393)"
[112   3],240,112,3,240,24.192,3.706403470020561,4.511733862737842,1571.0270364473731,5178.464717987287,0.04076637447438128,6.048,5.257415165868116,383.1578815992064,"ScoreBreakdown(accel=99.27312442299333, skidpad=75.0, autocross=33.22315297246305, endurance=142.32608522797761, efficiency=33.33551897577241)"
[112   3],245,112,3,245,24.192,3.72069539565949,4.522747919369422,1578.804628337663,5169.175848074079,0.0434476736156023,6.048,5.246354120835232,377.0330071405301,"ScoreBreakdown(accel=98.17541342826301, skidpad=75.0, autocross=31.794261179820364, endurance=139.0112996626519, efficiency=33.052032869794886)"
[112   3],250,112,3,250,24.192,3.736347465548562,4.533349610791845,1586.8645959970295,5156.204788870215,0.04675942739700163,6.048,5.232920032402674,370.74161770709406,"ScoreBreakdown(accel=96.98286923697341, skidpad=75.0, autocross=30.328270267145665, endurance=135.61045045821703, efficiency=32.820027744757965)"
[112   3],255,112,3,255,24.192,3.753710765628057,4.543751833798964,1595.081372498082,5145.037025715608,0.04982960374778953,6.048,5.22054104000212,364.2506974616153,"ScoreBreakdown(accel=95.67158063929313, skidpad=75.0, autocross=28.849008608680183, endurance=132.17881538405055, efficiency=32.55129282959142)"
[112   3],260,112,3,260,24.192,3.7731330596000134,4.554205599096264,1603.1516714546683,5135.573429874288,0.05254892725997928,6.048,5.210124634324301,357.7372487723565,"ScoreBreakdown(accel=94.21909558161298, skidpad=75.0, autocross=27.41087773987866, endurance=128.8425967357959, efficiency=32.264678715069024)"
[112   3],265,112,3,265,24.192,3.7952596185436107,4.564290460655897,1610.2036783865858,5128.932307385338,0.05450280289206699,6.048,5.202726823532768,351.69202429441077,"ScoreBreakdown(accel=92.58248880387598, skidpad=75.0, autocross=26.1660090479538, endurance=125.95471341813287, efficiency=31.988813024448135)"
[112   3],270,112,3,270,24.192,3.821174457418792,4.5740298978115845,1616.5197300724153,5124.748741364727,0.05581679642962907,6.048,5.196939720659202,345.8531341516361,"ScoreBreakdown(accel=90.68977811745462, skidpad=75.0, autocross=25.06027650396808, endurance=123.38960226360958, efficiency=31.713477266603757)"
[112   3],275,112,3,275,24.192,3.849749874109179,4.583512153122953,1622.7273607309871,5119.123287434644,0.05727507660541278,6.048,5.190790591299664,339.9734070648063,"ScoreBreakdown(accel=88.6322903140801, skidpad=75.0, autocross=23.981912105100026, endurance=120.8879805439424, efficiency=31.471224101683738)"
[112   3],280,112,3,280,24.192,3.8782795667071923,4.593257496777142,1628.6534412750186,5113.225329578772,0.05887672908384136,6.048,5.184344871554023,334.33706771646644,"ScoreBreakdown(accel=86.60834141317284, skidpad=75.0, autocross=22.96012704003582, endurance=118.51761324112815, efficiency=31.250986022129585)"
[112   3],285,112,3,285,24.192,3.906724326227902,4.602689228761392,1634.2151093262855,5108.081012405026,0.06040891957638123,6.048,5.178514360448372,328.9756251111771,"ScoreBreakdown(accel=84.61984659093939, skidpad=75.0, autocross=22.00791558351992, endurance=116.3086448591632, efficiency=31.03921807755459)"
[112   3],290,112,3,290,24.192,3.935079819301123,4.6118214268334015,1639.854795371477,5103.367508793331,0.06192593191469577,6.048,5.1729230748552615,323.6166088718598,"ScoreBreakdown(accel=82.66620466115832, skidpad=75.0, autocross=21.048942200767474, endurance=114.08398996013824, efficiency=30.817472049795743)"
[112   3],295,112,3,295,24.192,3.9633417441227863,4.620667299055384,1645.4941769531235,5099.127934151999,0.0634211861062381,6.048,5.167852474837448,318.30739236457543,"ScoreBreakdown(accel=80.7468256290709, skidpad=75.0, autocross=20.096593533442043, endurance=111.87470327246741, efficiency=30.58926992959508)"
[112   3],300,112,3,300,24.192,3.9915058253446176,4.62980857849513,1651.1964492802254,5094.2905683731315,0.06507946374963404,6.048,5.162152775138816,313.0271634054121,"ScoreBreakdown(accel=78.86113094825608, skidpad=75.0, autocross=19.140238607165962, endurance=109.65612274644658, efficiency=30.369671103543528)"
[116   3],200,116,3,200,25.055999999999997,3.6253038322989397,4.411893476136811,1493.1872253740319,5466.309254634191,0.018761891674139143,6.264,5.550538643033968,433.7870258867051,"ScoreBreakdown(accel=100.0, skidpad=75.0, autocross=48.34379003054179, endurance=177.40338759385477, efficiency=33.03984826230856)"
[116   3],205,116,3,205,25.055999999999997,3.63304424605127,4.42563881461237,1501.5366331384873,5459.394722244164,0.020195030001179826,6.264,5.543156059344146,427.7661360366486,"ScoreBreakdown(accel=100.0, skidpad=75.0, autocross=46.64682960539209, endurance=173.46672846320652, efficiency=32.65257796804994)"
[116   3],210,116,3,210,25.055999999999997,3.6413066374271352,4.43876149137175,1510.129860352477,5450.747058547989,0.021999474987851313,6.264,5.53442621194254,421.66432020439686,"ScoreBreakdown(accel=100.0, skidpad=75.0, autocross=44.91990925003774, endurance=169.460567397778, efficiency=32.28384355658111)"
[116   3],215,116,3,215,25.055999999999997,3.6502306563926226,4.451909490984619,1518.5645878330963,5442.549466616933,0.02382837173943939,6.264,5.525789287318476,415.7378965427008,"ScoreBreakdown(accel=100.0, skidpad=75.0, autocross=43.24384858855755, endurance=165.5723921588331, efficiency=31.921655795310134)"
[116   3],220,116,3,220,25.055999999999997,3.659836849872832,4.464692498941417,1526.6203928764521,5433.011090601135,0.025810129328387072,6.264,5.516214083391718,410.16709250998645,"ScoreBreakdown(accel=100.0, skidpad=75.0, autocross=41.66037486660129, endurance=161.89900284857234, efficiency=31.607714794812846)"
[116   3],225,116,3,225,25.055999999999997,3.6701055085420506,4.476935933773376,1534.9987651004458,5422.013152209932,0.028308472168474777,6.264,5.50483006577939,404.4533788500324,"ScoreBreakdown(accel=100.0, skidpad=75.0, autocross=40.031128348181106, endurance=158.1194284473309, efficiency=31.302822054520405)"
[116   3],230,116,3,230,25.055999999999997,3.6811818926376247,4.4886810058795845,1543.1950334971452,5410.699386962018,0.030906157557890918,6.264,5.492879585663301,398.93361147766194,"ScoreBreakdown(accel=100.0, skidpad=75.0, autocross=38.454412020971716, endurance=154.4617151418462, efficiency=31.017484314844015)"
[116   3],235,116,3,235,25.055999999999997,3.69325466831323,4.500279849860846,1552.1847239744395,5394.814935953858,0.03457037244336382,6.264,5.476609749403155,393.0039312599819,"ScoreBreakdown(accel=100.0, skidpad=75.0, autocross=36.7442125895044, endurance=150.49434377163814, efficiency=30.765374898839415)"
[116   3],240,116,3,240,25.055999999999997,3.706403470020561,4.511733862737842,1560.0637178639577,5381.351299760162,0.03772263051949377,6.264,5.462558485687532,387.1299849729793,"ScoreBreakdown(accel=99.27312442299333, skidpad=75.0, autocross=35.26151950207536, endurance=147.05474836677666, efficiency=30.540592681133973)"
[116   3],245,116,3,245,25.055999999999997,3.72069539565949,4.522747919369422,1568.7983789955363,5366.439876582799,0.041447452017340805,6.264,5.4463016487233675,380.38769342735793,"ScoreBreakdown(accel=98.17541342826301, skidpad=75.0, autocross=33.635211372263846, endurance=143.28199052659, efficiency=30.29507810024111)"
[116   3],250,116,3,250,25.055999999999997,3.736347465548562,4.533349610791845,1577.7704649694197,5348.425378731833,0.04598687092690772,6.264,5.427326784440862,373.5075096215792,"ScoreBreakdown(accel=96.98286923697341, skidpad=75.0, autocross=31.983444645943546, endurance=139.4501730790522, efficiency=30.091022659609994)"
[116   3],255,116,3,255,25.055999999999997,3.753710765628057,4.543751833798964,1586.483796480876,5330.783678042215,0.05025606554169752,6.264,5.409581798946918,366.7384602087816,"ScoreBreakdown(accel=95.67158063929313, skidpad=75.0, autocross=30.397196908534315, endurance=135.77034852545893, efficiency=29.89933413549524)"
[116   3],260,116,3,260,25.055999999999997,3.7731330596000134,4.554205599096264,1594.9104280669087,5316.713059115335,0.05417782670543409,6.264,5.393986330563649,360.01753969737905,"ScoreBreakdown(accel=94.21909558161298, skidpad=75.0, autocross=28.879628388060972, endurance=132.2498480565227, efficiency=29.668967671182415)"
[116   3],265,116,3,265,25.055999999999997,3.7952596185436107,4.564290460655897,1601.630907042176,5306.633248777566,0.0570381400323217,6.264,5.383282952474038,354.2011975375654,"ScoreBreakdown(accel=92.58248880387598, skidpad=75.0, autocross=27.68077043410451, endurance=129.4687018136005, efficiency=29.46923648598442)"
[116   3],270,116,3,270,25.055999999999997,3.821174457418792,4.5740298978115845,1607.5769665535668,5300.72783395005,0.05897314292203745,6.264,5.375494919526246,348.5910015341669,"ScoreBreakdown(accel=90.68977811745462, skidpad=75.0, autocross=26.628417838845547, endurance=127.02742304752539, efficiency=29.245382530341296)"
[116   3],275,116,3,275,25.055999999999997,3.849749874109179,4.583512153122953,1613.1496116771043,5293.9612575420015,0.061025932615125726,6.264,5.367618876314676,343.09458191519076,"ScoreBreakdown(accel=88.6322903140801, skidpad=75.0, autocross=25.649195741933674, endurance=124.7557945807622, efficiency=29.057301278414794)"
[116   3],280,116,3,280,25.055999999999997,3.8782795667071923,4.593257496777142,1618.3225730975169,5288.311179884655,0.06283266647086105,6.264,5.361231340090856,337.8895465641166,"ScoreBreakdown(accel=86.60834141317284, skidpad=75.0, autocross=24.746241504540805, endurance=122.6610945568199, efficiency=28.87386908958308)"
[116   3],285,116,3,285,25.055999999999997,3.906724326227902,4.602689228761392,1623.359391891352,5284.144512232627,0.06434865363000127,6.264,5.356093140638399,332.80170752655795,"ScoreBreakdown(accel=84.61984659093939, skidpad=75.0, autocross=23.872580809572238, endurance=120.63435056151847, efficiency=28.674929564527794)"
[116   3],290,116,3,290,25.055999999999997,3.935079819301123,4.6118214268334015,1628.5332326701205,5279.961129772351,0.0658389948710161,6.264,5.3511237590867955,327.68291389617144,"ScoreBreakdown(accel=82.66620466115832, skidpad=75.0, autocross=22.980779723601913, endurance=118.56552394907847, efficiency=28.47040556233274)"
[116   3],295,116,3,295,25.055999999999997,3.9633417441227863,4.620667299055384,1633.723052765371,5276.712707557701,0.06715178691701292,6.264,5.347075613776286,322.5935386143189,"ScoreBreakdown(accel=80.7468256290709, skidpad=75.0, autocross=22.091899013729133, endurance=116.50347211173583, efficiency=28.251341859783057)"
[116   3],300,116,3,300,25.055999999999997,3.9915058253446176,4.62980857849513,1639.1350137279117,5273.292560782934,0.0684826490942818,6.264,5.342571358875949,317.4241381361027,"ScoreBreakdown(accel=78.86113094825608, skidpad=75.0, autocross=21.17096665837863, endurance=114.36706591647643, efficiency=28.024974612991564)"
[120   3],200,120,3,200,25.919999999999995,3.6253038322989397,4.411893476136811,1479.3504070356717,5668.53682486947,0.016776321246939535,6.48,5.757623298444799,440.86310172813586,"ScoreBreakdown(accel=100.0, skidpad=75.0, autocross=51.19820531776954, endurance=184.02514484675933, efficiency=30.639751563606993)"
[120   3],205,120,3,205,25.919999999999995,3.63304424605127,4.42563881461237,1487.7972120007673,5664.738548720184,0.017364769547486184,6.48,5.753491976313403,434.61819611360346,"ScoreBreakdown(accel=100.0, skidpad=75.0, autocross=49.449390150556525, endurance=179.96819154732225, efficiency=30.200614415724722)"
[120   3],210,120,3,210,25.919999999999995,3.6413066374271352,4.43876149137175,1496.3700835361392,5659.44563911046,0.01833970415674175,6.48,5.747995474895503,428.3742999663712,"ScoreBreakdown(accel=100.0, skidpad=75.0, autocross=47.69466217863242, endurance=175.8975215481269, efficiency=29.782116239611884)"
[120   3],215,120,3,215,25.919999999999995,3.6502306563926226,4.451909490984619,1504.7649130334146,5654.0314869731865,0.01940093919530887,6.48,5.742389583933216,422.33269922932703,"ScoreBreakdown(accel=100.0, skidpad=75.0, autocross=45.99575188551799, endurance=171.95633905593564, efficiency=29.380608287873393)"
[120   3],220,120,3,220,25.919999999999995,3.659836849872832,4.464692498941417,1512.8260425195463,5647.111321808312,0.020799161847016617,6.48,5.735084240284444,416.62072292269335,"ScoreBreakdown(accel=100.0, skidpad=75.0, autocross=44.382119914950934, endurance=168.21298774597315, efficiency=29.025615261769225)"
[120   3],225,120,3,225,25.919999999999995,3.6701055085420506,4.476935933773376,1521.2103758196706,5638.440298592189,0.02266181169187698,6.48,5.72617560623672,410.7666137465628,"ScoreBreakdown(accel=100.0, skidpad=75.0, autocross=42.721934844348304, endurance=164.36164117365868, efficiency=28.683037728555888)"
[120   3],230,120,3,230,25.919999999999995,3.6811818926376247,4.4886810058795845,1529.3249598940079,5628.782905823903,0.02479422242331075,6.48,5.71570185567158,405.1815449523116,"ScoreBreakdown(accel=100.0, skidpad=75.0, autocross=41.13249736553613, endurance=160.67441696334245, efficiency=28.374630623433028)"
[120   3],235,120,3,235,25.919999999999995,3.69325466831323,4.500279849860846,1538.6271786989705,5612.008016282944,0.028336852375840257,6.48,5.69901153381163,398.938566163041,"ScoreBreakdown(accel=100.0, skidpad=75.0, autocross=39.33105813975368, endurance=156.4953848118656, efficiency=28.112123211421753)"
[120   3],240,120,3,240,25.919999999999995,3.706403470020561,4.511733862737842,1547.093257365385,5595.942891056682,0.03170187431608317,6.48,5.683026856668003,392.6085435087345,"ScoreBreakdown(accel=99.27312442299333, skidpad=75.0, autocross=37.710373010098415, endurance=152.73567137423493, efficiency=27.889374701407803)"
[120   3],245,120,3,245,25.919999999999995,3.72069539565949,4.522747919369422,1556.7720333716852,5578.045629700652,0.03600004995752248,6.48,5.662991679595895,385.1743286533087,"ScoreBreakdown(accel=98.17541342826301, skidpad=75.0, autocross=35.879133434456044, endurance=148.48750748719476, efficiency=27.63227430339484)"
[120   3],250,120,3,250,25.919999999999995,3.736347465548562,4.533349610791845,1567.4688151483247,5553.769800040163,0.04145674604423274,6.48,5.638372644630741,377.1401484135292,"ScoreBreakdown(accel=96.98286923697341, skidpad=75.0, autocross=33.88159361097918, endurance=143.8535553523182, efficiency=27.422130213258345)"
[120   3],255,120,3,255,25.919999999999995,3.753710765628057,4.543751833798964,1577.2297628340161,5531.441386310864,0.04684609505497844,6.48,5.614547154684,369.6722410110393,"ScoreBreakdown(accel=95.67158063929313, skidpad=75.0, autocross=32.08245612307491, endurance=139.67986284064685, efficiency=27.23834140802444)"
[120   3],260,120,3,260,25.919999999999995,3.7731330596000134,4.554205599096264,1587.411919972673,5509.743456717091,0.052277473015653206,6.48,5.590969859639568,361.85673892797547,"ScoreBreakdown(accel=94.21909558161298, skidpad=75.0, autocross=30.229259778086583, endurance=135.3807629887816, efficiency=27.0276205794943)"
[120   3],265,120,3,265,25.919999999999995,3.7952596185436107,4.564290460655897,1594.877983893401,5493.5594115806825,0.056397949659361575,6.48,5.574114538580525,355.61191093928477,"ScoreBreakdown(accel=92.58248880387598, skidpad=75.0, autocross=28.885440569931355, endurance=132.26333132843052, efficiency=26.88065023704694)"
[120   3],270,120,3,270,25.919999999999995,3.821174457418792,4.5740298978115845,1600.5107784815223,5485.274601197044,0.059002754685012024,6.48,5.56358145031614,350.211979404595,"ScoreBreakdown(accel=90.68977811745462, skidpad=75.0, autocross=27.879889601450028, endurance=129.93062436441562, efficiency=26.71168732127473)"
[120   3],275,120,3,275,25.919999999999995,3.849749874109179,4.583512153122953,1605.985041282444,5476.483287363162,0.061743507349034735,6.48,5.5527706869135525,344.7812020837226,"ScoreBreakdown(accel=88.6322903140801, skidpad=75.0, autocross=26.909397993385113, endurance=127.67924914464933, efficiency=26.56026463160803)"
[120   3],280,120,3,280,25.919999999999995,3.8782795667071923,4.593257496777142,1611.0112120115255,5467.4178112653535,0.06440517716863182,6.48,5.542619115507636,339.6958102095172,"ScoreBreakdown(accel=86.60834141317284, skidpad=75.0, autocross=26.024153123485462, endurance=125.62563183672503, efficiency=26.437683836133875)"
[120   3],285,120,3,285,25.919999999999995,3.906724326227902,4.602689228761392,1615.7727863778123,5460.810912019461,0.06647970446271854,6.48,5.535399019313583,334.79479691975627,"ScoreBreakdown(accel=84.61984659093939, skidpad=75.0, autocross=25.19059102355403, endurance=123.69190975162232, efficiency=26.292449553640573)"
[120   3],290,120,3,290,25.919999999999995,3.935079819301123,4.6118214268334015,1620.4059498876668,5455.944106682277,0.06832233937773735,6.48,5.52948889846678,330.0000411005402,"ScoreBreakdown(accel=82.66620466115832, skidpad=75.0, autocross=24.384211020242603, endurance=121.82124550055227, efficiency=26.128379918587047)"
[120   3],295,120,3,295,25.919999999999995,3.9633417441227863,4.620667299055384,1624.9738231885713,5453.322176551192,0.06994110297818591,6.48,5.524942143446445,325.262463940797,"ScoreBreakdown(accel=80.7468256290709, skidpad=75.0, autocross=23.5936960628521, endurance=119.98738545360938, efficiency=25.9345567952646)"
[120   3],300,120,3,300,25.919999999999995,3.9915058253446176,4.62980857849513,1629.6927552590807,5450.31591021156,0.07150703811859599,6.48,5.520364873175701,320.4865225741443,"ScoreBreakdown(accel=78.86113094825608, skidpad=75.0, autocross=22.781692635712247, endurance=118.10367581713639, efficiency=25.74002317303964)"
[124   3],200,124,3,200,26.784,3.6253038322989397,4.411893476136811,1470.355442552154,5831.265591587796,0.023727384944251768,6.696,5.924268913643061,445.1944500053467,"ScoreBreakdown(accel=100.0, skidpad=75.0, autocross=53.082601885963115, endurance=188.39662390189804, efficiency=28.715224217485538)"
[124   3],205,124,3,205,26.784,3.63304424605127,4.42563881461237,1475.5699868593574,5851.124934969255,0.019737516912815844,6.696,5.943859638681525,440.9657018693261,"ScoreBreakdown(accel=100.0, skidpad=75.0, autocross=51.987384180194276, endurance=185.85590538096847, efficiency=28.12241230816337)"
[124   3],210,124,3,210,26.784,3.6413066374271352,4.43876149137175,1482.138180280582,5860.836629162581,0.017645487508267454,6.696,5.953705751186939,435.9046626639376,"ScoreBreakdown(accel=100.0, skidpad=75.0, autocross=50.61882473540207, endurance=182.68108058580506, efficiency=27.60475734273049)"
[124   3],215,124,3,215,26.784,3.6502306563926226,4.451909490984619,1489.9660926948009,5860.188929011525,0.01754450624877653,6.696,5.953033894950618,430.1070242029897,"ScoreBreakdown(accel=100.0, skidpad=75.0, autocross=49.00354732961096, endurance=178.93391214640206, efficiency=27.16956472697664)"
[124   3],220,124,3,220,26.784,3.659836849872832,4.464692498941417,1497.7170472071314,5858.18113784178,0.01786509646711265,6.696,5.950433170625748,424.4456319835197,"ScoreBreakdown(accel=100.0, skidpad=75.0, autocross=47.42078658409375, endurance=175.26217682003312, efficiency=26.76266857939282)"
[124   3],225,124,3,225,26.784,3.6701055085420506,4.476935933773376,1505.9138787852712,5854.11060598397,0.01844368399762875,6.696,5.947105450942953,418.5497109824572,"ScoreBreakdown(accel=100.0, skidpad=75.0, autocross=45.76470265190365, endurance=171.42034419025873, efficiency=26.36466414029486)"
[124   3],230,124,3,230,26.784,3.6811818926376247,4.4886810058795845,1513.5554730145038,5851.2121764565,0.0190594674893085,6.696,5.943532652928766,413.09804349819944,"ScoreBreakdown(accel=100.0, skidpad=75.0, autocross=44.236954613071234, endurance=167.8762289726815, efficiency=25.984859912446737)"
[124   3],235,124,3,235,26.784,3.69325466831323,4.500279849860846,1522.226336229209,5841.5649893914,0.020753576536314898,6.696,5.934759632366306,407.06827661199145,"ScoreBreakdown(accel=100.0, skidpad=75.0, autocross=42.52200643311675, endurance=163.89784131487215, efficiency=25.648428864002515)"
[124   3],240,124,3,240,26.784,3.706403470020561,4.511733862737842,1530.284053239168,5829.2102319307705,0.022880615501351505,6.696,5.92384229015842,400.847557511741,"ScoreBreakdown(accel=99.27312442299333, skidpad=75.0, autocross=40.94574965376094, endurance=160.2411940821298, efficiency=25.38748935285699)"
[124   3],245,124,3,245,26.784,3.72069539565949,4.522747919369422,1539.4024818828502,5813.479954025501,0.02633296847508033,6.696,5.90649844774111,393.6277543241625,"ScoreBreakdown(accel=98.17541342826301, skidpad=75.0, autocross=39.18189819077134, endurance=156.1493591377333, efficiency=25.121083567394823)"
[124   3],250,124,3,250,26.784,3.736347465548562,4.533349610791845,1550.422070571347,5789.586358483998,0.031628206935882704,6.696,5.8808071934561434,385.2033792444339,"ScoreBreakdown(accel=96.98286923697341, skidpad=75.0, autocross=37.0779768400364, endurance=151.26861998036276, efficiency=24.873913187061344)"
[124   3],255,124,3,255,26.784,3.753710765628057,4.543751833798964,1561.8525949608431,5762.422005578347,0.03762429934106848,6.696,5.85208029835767,376.53503648086183,"ScoreBreakdown(accel=95.67158063929313, skidpad=75.0, autocross=34.926966936717264, endurance=146.2786434019348, efficiency=24.657845502916665)"
[124   3],260,124,3,260,26.784,3.7731330596000134,4.554205599096264,1574.2628348169376,5731.544660778956,0.044452904769794924,6.696,5.819556131367441,367.23963819649856,"ScoreBreakdown(accel=94.21909558161298, skidpad=75.0, autocross=32.626960084774716, endurance=140.94301928244226, efficiency=24.450563247668665)"
[124   3],265,124,3,265,26.784,3.7952596185436107,4.564290460655897,1584.4156793224754,5706.890675896683,0.05020169436598319,6.696,5.792884494245375,359.2729456912889,"ScoreBreakdown(accel=92.58248880387598, skidpad=75.0, autocross=30.77211518014832, endurance=136.64009505302806, efficiency=24.278246654236575)"
[124   3],270,124,3,270,26.784,3.821174457418792,4.5740298978115845,1591.9899820298044,5692.034728400114,0.054115603569109126,6.696,5.774676208728719,352.66194277661094,"ScoreBreakdown(accel=90.68977811745462, skidpad=75.0, autocross=29.403758122687034, endurance=133.46573976199826, efficiency=24.102666774470986)"
[124   3],275,124,3,275,26.784,3.849749874109179,4.583512153122953,1598.8407404841855,5676.746693268834,0.05789485528245427,6.696,5.75798385150499,346.4027305924553,"ScoreBreakdown(accel=88.6322903140801, skidpad=75.0, autocross=28.17728126067259, endurance=130.6205223569124, efficiency=23.972636660790272)"
[124   3],280,124,3,280,26.784,3.8782795667071923,4.593257496777142,1604.1830763834803,5662.635472082689,0.061431715388340115,6.696,5.743263146351024,341.15919153542626,"ScoreBreakdown(accel=86.60834141317284, skidpad=75.0, autocross=27.228123735922882, endurance=128.4186385764466, efficiency=23.90408780988394)"
[124   3],285,124,3,285,26.784,3.906724326227902,4.602689228761392,1608.5684113854559,5652.935730113718,0.06438818193356112,6.696,5.731822171366484,336.5176392703405,"ScoreBreakdown(accel=84.61984659093939, skidpad=75.0, autocross=26.453705537989276, endurance=126.62212026956479, efficiency=23.821966871847025)"
[124   3],290,124,3,290,26.784,3.935079819301123,4.6118214268334015,1613.2261830242965,5644.447939136026,0.06724771097724187,6.696,5.721064222756171,331.73648117757574,"ScoreBreakdown(accel=82.66620466115832, skidpad=75.0, autocross=25.63578778461369, endurance=124.72469040365529, efficiency=23.709798328148448)"
[124   3],295,124,3,295,26.784,3.9633417441227863,4.620667299055384,1618.1521842115892,5635.187068393865,0.0700088643995236,6.696,5.711256045792125,326.8489289171166,"ScoreBreakdown(accel=80.7468256290709, skidpad=75.0, autocross=24.77589139193996, endurance=122.7298772451036, efficiency=23.596334651002138)"
[124   3],300,124,3,300,26.784,3.9915058253446176,4.62980857849513,1622.6268890485658,5627.8888408050425,0.07240517740977907,6.696,5.7034008066269,322.26705132225726,"ScoreBreakdown(accel=78.86113094825608, skidpad=75.0, autocross=23.999299947215263, endurance=120.92831737585135, efficiency=23.47830305093459)"
[128   3],200,128,3,200,27.647999999999996,3.6253038322989397,4.411893476136811,1466.9617322907911,5945.89972370895,0.03921171844733137,6.912,6.0438027454346726,446.1165794593569,"ScoreBreakdown(accel=100.0, skidpad=75.0, autocross=53.799570070178234, endurance=190.0598679628347, efficiency=27.257141426343978)"
[128   3],205,128,3,205,27.647999999999996,3.63304424605127,4.42563881461237,1472.0519014893134,5968.3605851020975,0.03483450121338581,6.912,6.0660020574903974,441.94330954383037,"ScoreBreakdown(accel=100.0, skidpad=75.0, autocross=52.725440798409785, endurance=187.5680710166385, efficiency=26.649797728782083)"
[128   3],210,128,3,210,27.647999999999996,3.6413066374271352,4.43876149137175,1476.9887788490391,5991.5331312698345,0.030380363150294947,6.912,6.089173392555852,437.9062086297483,"ScoreBreakdown(accel=100.0, skidpad=75.0, autocross=51.69073171639067, endurance=185.16772219593105, efficiency=26.047754717426603)"
[128   3],215,128,3,215,27.647999999999996,3.6502306563926226,4.451909490984619,1481.891109153953,6014.555667244237,0.026014274082386664,6.912,6.111978211610297,433.9262595350679,"ScoreBreakdown(accel=100.0, skidpad=75.0, autocross=50.67008528390615, endurance=182.79999632674983, efficiency=25.456177924411996)"
[128   3],220,128,3,220,27.647999999999996,3.659836849872832,4.464692498941417,1486.7803458892122,6033.082473288296,0.02247588991215789,6.912,6.130341090174667,430.04565570045327,"ScoreBreakdown(accel=100.0, skidpad=75.0, autocross=49.658868654174555, endurance=180.45414599370818, efficiency=24.932641052570506)"
[128   3],225,128,3,225,27.647999999999996,3.6701055085420506,4.476935933773376,1492.1636294798323,6051.024642248566,0.019021099692746308,6.912,6.148660173731218,425.8371537476679,"ScoreBreakdown(accel=100.0, skidpad=75.0, autocross=48.55313573788074, endurance=177.8890339754933, efficiency=24.394984034293913)"
[128   3],230,128,3,230,27.647999999999996,3.6811818926376247,4.4886810058795845,1498.7766615841533,6054.9227881149845,0.018278548181170584,6.912,6.151795764194982,420.9525298979329,"ScoreBreakdown(accel=100.0, skidpad=75.0, autocross=47.20568312805786, endurance=174.7631734421771, efficiency=23.983673327697936)"
[128   3],235,128,3,235,27.647999999999996,3.69325466831323,4.500279849860846,1506.183462021899,6056.038450989689,0.01785090362179822,6.912,6.153627053961063,415.57582452025645,"ScoreBreakdown(accel=100.0, skidpad=75.0, autocross=45.71054234541041, endurance=171.29470150471622, efficiency=23.570580670129857)"
[128   3],240,128,3,240,27.647999999999996,3.706403470020561,4.511733862737842,1513.2730229143642,6054.027765310724,0.017741559588207226,6.912,6.153772457623271,409.79260989689953,"ScoreBreakdown(accel=99.27312442299333, skidpad=75.0, autocross=44.29314892281702, endurance=168.00659019930322, efficiency=23.219746351785936)"
[128   3],245,128,3,245,27.647999999999996,3.72069539565949,4.522747919369422,1521.1151325944718,6051.680791666524,0.01820111090886931,6.912,6.151146234629017,403.15837951256276,"ScoreBreakdown(accel=98.17541342826301, skidpad=75.0, autocross=42.740691221992044, endurance=164.4051527748809, efficiency=22.837122087426792)"
[128   3],250,128,3,250,27.647999999999996,3.736347465548562,4.533349610791845,1529.6078260446986,6045.646169082484,0.019745056446449624,6.912,6.143790653356647,396.07995174710413,"ScoreBreakdown(accel=96.98286923697341, skidpad=75.0, autocross=41.07739536740821, endurance=160.5465897136126, efficiency=22.473097429109863)"
[128   3],255,128,3,255,27.647999999999996,3.753710765628057,4.543751833798964,1538.9201512689979,6031.9911690976205,0.022832748847618125,6.912,6.128487171355645,388.48185088157936,"ScoreBreakdown(accel=95.67158063929313, skidpad=75.0, autocross=39.27467571936043, endurance=156.36458720058397, efficiency=22.171007322341822)"
[128   3],260,128,3,260,27.647999999999996,3.7731330596000134,4.554205599096264,1549.922218211538,6008.2874047033665,0.028001026972104725,6.912,6.102322764787181,379.7995087199342,"ScoreBreakdown(accel=94.21909558161298, skidpad=75.0, autocross=37.172763701104984, endurance=151.4885093523015, efficiency=21.91914008491471)"
[128   3],265,128,3,265,27.647999999999996,3.7952596185436107,4.564290460655897,1560.898703456394,5982.132210914464,0.0336188974617487,6.912,6.073896793653727,371.0868160958165,"ScoreBreakdown(accel=92.58248880387598, skidpad=75.0, autocross=35.105266573424515, endurance=146.69226818801246, efficiency=21.706792530503574)"
[128   3],270,128,3,270,27.647999999999996,3.821174457418792,4.5740298978115845,1570.5291336609193,5960.6925083007645,0.03822858685167046,6.912,6.050151003458792,363.0498199154133,"ScoreBreakdown(accel=90.68977811745462, skidpad=75.0, autocross=33.31510919897629, endurance=142.53940800991077, efficiency=21.505524589071573)"
[128   3],275,128,3,275,27.647999999999996,3.849749874109179,4.583512153122953,1579.5024451338318,5939.4220796264635,0.042898764794002134,6.912,6.027055050509463,355.35360034538456,"ScoreBreakdown(accel=88.6322903140801, skidpad=75.0, autocross=31.66674685788337, endurance=138.71548815620662, efficiency=21.339075017214473)"
[128   3],280,128,3,280,27.647999999999996,3.8782795667071923,4.593257496777142,1587.9879960783517,5917.449448662885,0.047667345501992836,6.912,6.003717750087779,348.0824402006409,"ScoreBreakdown(accel=86.60834141317284, skidpad=75.0, autocross=30.125121773810683, endurance=135.1391805574507, efficiency=21.20979645620675)"
[128   3],285,128,3,285,27.647999999999996,3.906724326227902,4.602689228761392,1595.5155937492102,5897.409735128196,0.0521163687097217,6.912,5.982734770309023,341.49486949586736,"ScoreBreakdown(accel=84.61984659093939, skidpad=75.0, autocross=28.771259858101157, endurance=131.9984515262215, efficiency=21.105311520605298)"
[128   3],290,128,3,290,27.647999999999996,3.935079819301123,4.6118214268334015,1602.0967141207739,5880.049156614386,0.05646859089465158,6.912,5.963053637255889,335.5551777128783,"ScoreBreakdown(accel=82.66620466115832, skidpad=75.0, autocross=27.59804840969254, endurance=129.276800807613, efficiency=21.014123834414395)"
[128   3],295,128,3,295,27.647999999999996,3.9633417441227863,4.620667299055384,1608.2357966944735,5861.25388157045,0.06103242494862219,6.912,5.943214216014744,329.9826928183652,"ScoreBreakdown(accel=80.7468256290709, skidpad=75.0, autocross=26.512294851252427, endurance=126.75803749638828, efficiency=20.965534841653607)"
[128   3],300,128,3,300,27.647999999999996,3.9915058253446176,4.62980857849513,1613.4567072473749,5844.646949979418,0.06538375774456456,6.912,5.925007652289791,325.0216906369115,"ScoreBreakdown(accel=78.86113094825608, skidpad=75.0, autocross=25.595429729515658, endurance=124.63106659031108, efficiency=20.934063368828685)"
[132   3],200,132,3,200,28.512,3.6253038322989397,4.411893476136811,1464.1385299752951,6049.7721698736,0.05599707283744267,7.128,6.152247619025312,446.8180746162661,"ScoreBreakdown(accel=100.0, skidpad=75.0, autocross=54.3985431278525, endurance=191.44938342917078, efficiency=25.970148059242856)"
[132   3],205,132,3,205,28.512,3.63304424605127,4.42563881461237,1469.1041261126707,6075.948936715386,0.05116242352595633,7.128,6.1774620988568625,442.68902489200974,"ScoreBreakdown(accel=100.0, skidpad=75.0, autocross=53.3465742604904, endurance=189.0089948464533, efficiency=25.333455785066082)"
[132   3],210,132,3,210,28.512,3.6413066374271352,4.43876149137175,1474.006775699753,6100.792517205523,0.04641393804477034,7.128,6.202896813059493,438.65601081663067,"ScoreBreakdown(accel=100.0, skidpad=75.0, autocross=52.31489420246343, endurance=186.61567284545174, efficiency=24.72544376871551)"
[132   3],215,132,3,215,28.512,3.6502306563926226,4.451909490984619,1478.8337381639146,6125.592162495807,0.041835143211810734,7.128,6.227549838719244,434.70952456267287,"ScoreBreakdown(accel=100.0, skidpad=75.0, autocross=51.30582411455064, endurance=184.27480212379342, efficiency=24.12889832432884)"
[132   3],220,132,3,220,28.512,3.659836849872832,4.464692498941417,1483.6651376627797,6146.000254539808,0.03801839873084996,7.128,6.248001623964927,430.8456263722899,"ScoreBreakdown(accel=100.0, skidpad=75.0, autocross=50.302401352174776, endurance=181.94703223543038, efficiency=23.596192784684774)"
[132   3],225,132,3,225,28.512,3.6701055085420506,4.476935933773376,1488.4999345262534,6168.466443921876,0.03382623581464811,7.128,6.271159174537899,426.97936555335554,"ScoreBreakdown(accel=100.0, skidpad=75.0, autocross=49.30479372568147, endurance=179.6327524717802, efficiency=23.04181935589389)"
[132   3],230,132,3,230,28.512,3.6811818926376247,4.4886810058795845,1493.3205855683495,6187.542728394403,0.03045573668548702,7.128,6.289544426863725,423.19415704012306,"ScoreBreakdown(accel=100.0, skidpad=75.0, autocross=48.316536351146745, endurance=177.34016369997698, efficiency=22.53745698899932)"
[132   3],235,132,3,235,28.512,3.69325466831323,4.500279849860846,1498.1742303511346,6209.63273323407,0.0264169439280266,7.128,6.3120659294293615,419.3724778805403,"ScoreBreakdown(accel=100.0, skidpad=75.0, autocross=47.32794033677361, endurance=175.04678934143183, efficiency=21.997748202334876)"
[132   3],240,132,3,240,28.512,3.706403470020561,4.511733862737842,1502.8962538422852,6225.6145276734,0.023157525992960348,7.128,6.33005231090067,415.02260907043745,"ScoreBreakdown(accel=99.27312442299333, skidpad=75.0, autocross=46.372281105009264, endurance=172.82982270817536, efficiency=21.547380834259513)"
[132   3],245,132,3,245,28.512,3.72069539565949,4.522747919369422,1507.7828662331851,6246.030009400275,0.019679501414922203,7.128,6.349486937347853,410.15213829909584,"ScoreBreakdown(accel=98.17541342826301, skidpad=75.0, autocross=45.38961420668692, endurance=170.55020288891822, efficiency=21.0369077752277)"
[132   3],250,132,3,250,28.512,3.736347465548562,4.533349610791845,1514.341080820862,6256.849836075707,0.018098961031648028,7.128,6.358653959206578,404.14211744017257,"ScoreBreakdown(accel=96.98286923697341, skidpad=75.0, autocross=44.080765778555154, endurance=167.51389748139246, efficiency=20.564584943251557)"
[132   3],255,132,3,255,28.512,3.753710765628057,4.543751833798964,1521.3469998073112,6261.741244707344,0.017475573800150544,7.128,6.362585529658228,397.8129292368205,"ScoreBreakdown(accel=95.67158063929313, skidpad=75.0, autocross=42.695033397628755, endurance=164.2992343995899, efficiency=20.147080800308732)"
[132   3],260,132,3,260,28.512,3.7731330596000134,4.554205599096264,1529.361992374288,6263.786935468318,0.01737277650231417,7.128,6.36350469203137,390.71976435139766,"ScoreBreakdown(accel=94.21909558161298, skidpad=75.0, autocross=41.12528232174371, endurance=160.65767929073516, efficiency=19.71770715730578)"
[132   3],265,132,3,265,28.512,3.7952596185436107,4.564290460655897,1537.5647533361223,6260.876787066097,0.018289555195062264,7.128,6.358729521699687,383.43220603159483,"ScoreBreakdown(accel=92.58248880387598, skidpad=75.0, autocross=39.53570159323481, endurance=156.97012276552334, efficiency=19.343892868960744)"
[132   3],270,132,3,270,28.512,3.821174457418792,4.5740298978115845,1544.9756666666672,6253.281213117177,0.020021591554124866,7.128,6.3490320248730825,376.54604578814565,"ScoreBreakdown(accel=90.68977811745462, skidpad=75.0, autocross=38.11408358391245, endurance=153.67221113850428, efficiency=19.06997294827432)"
[132   3],275,132,3,275,28.512,3.849749874109179,4.583512153122953,1552.5721604406597,6241.941074975353,0.022476247317842986,7.128,6.336195511779634,369.4629315973495,"ScoreBreakdown(accel=88.6322903140801, skidpad=75.0, autocross=36.6709518098434, endurance=150.32439124186965, efficiency=18.835298231556376)"
[132   3],280,132,3,280,28.512,3.8782795667071923,4.593257496777142,1560.446995927178,6227.021236588302,0.02569342101639985,7.128,6.319556789386023,362.31980518968635,"ScoreBreakdown(accel=86.60834141317284, skidpad=75.0, autocross=35.1897749636427, endurance=146.88831325838566, efficiency=18.63337555448518)"
[132   3],285,132,3,285,28.512,3.906724326227902,4.602689228761392,1568.5865434552293,6209.010856910783,0.029489432780251835,7.128,6.300079023142118,355.12643258547615,"ScoreBreakdown(accel=84.61984659093939, skidpad=75.0, autocross=33.674438765464785, endurance=143.3729913969271, efficiency=18.459155832144873)"
[132   3],290,132,3,290,28.512,3.935079819301123,4.6118214268334015,1577.3424373531323,6186.008094381454,0.03419520224238697,7.128,6.275851939820406,347.6793249913079,"ScoreBreakdown(accel=82.66620466115832, skidpad=75.0, autocross=32.06181796177829, endurance=139.63198582188795, efficiency=18.31931654648338)"
[132   3],295,132,3,295,28.512,3.9633417441227863,4.620667299055384,1587.2569127366846,6156.898347799191,0.04003758046798416,7.128,6.246142916842376,339.6526494658086,"ScoreBreakdown(accel=80.7468256290709, skidpad=75.0, autocross=30.257293537937787, endurance=135.44579653644087, efficiency=18.202733762359088)"
[132   3],300,132,3,300,28.512,3.9915058253446176,4.62980857849513,1596.9526211153895,6126.7976347243475,0.04653744304681937,7.128,6.213284546029344,331.89100981661585,"ScoreBreakdown(accel=78.86113094825608, skidpad=75.0, autocross=28.514256856950194, endurance=131.4022483407549, efficiency=18.113373670654646)"
[136   3],200,136,3,200,29.375999999999998,3.6253038322989397,4.411893476136811,1462.1084772437057,6143.225664132476,0.07423917983910029,7.344,6.248228734388714,447.1039262225861,"ScoreBreakdown(accel=100.0, skidpad=75.0, autocross=54.830670518399344, endurance=192.45184536781585, efficiency=24.821410336370874)"
[136   3],205,136,3,205,29.375999999999998,3.63304424605127,4.42563881461237,1466.9683843207138,6170.744457516457,0.06917201705472208,7.344,6.275524924970011,443.0414250819588,"ScoreBreakdown(accel=100.0, skidpad=75.0, autocross=53.7981614921949, endurance=190.05660030184688, efficiency=24.186663287917)"
[136   3],210,136,3,210,29.375999999999998,3.6413066374271352,4.43876149137175,1471.716458476256,6197.203721670191,0.06406785463657036,7.344,6.303627024997943,439.10697027669715,"ScoreBreakdown(accel=100.0, skidpad=75.0, autocross=52.795997410938625, endurance=187.7317503392809, efficiency=23.57922252647764)"
[136   3],215,136,3,215,29.375999999999998,3.6502306563926226,4.451909490984619,1476.4246491231136,6224.075135932774,0.05924825219186897,7.344,6.3302758129494014,435.2252916910926,"ScoreBreakdown(accel=100.0, skidpad=75.0, autocross=51.80861622635276, endurance=185.4411941789113, efficiency=22.97548128582858)"
[136   3],220,136,3,220,29.375999999999998,3.659836849872832,4.464692498941417,1481.12108676161,6246.842893763413,0.05512795428740963,7.344,6.352926830319596,431.43214361542954,"ScoreBreakdown(accel=100.0, skidpad=75.0, autocross=50.82995372422052, endurance=183.17086387671677, efficiency=22.431326014492228)"
[136   3],225,136,3,225,29.375999999999998,3.6701055085420506,4.476935933773376,1485.8511499829604,6271.955954918175,0.05064545995487859,7.344,6.378272766599049,427.610751161264,"ScoreBreakdown(accel=100.0, skidpad=75.0, autocross=49.85053744911962, endurance=180.89878494963085, efficiency=21.86142876251354)"
[136   3],230,136,3,230,29.375999999999998,3.6811818926376247,4.4886810058795845,1490.6126439637662,6293.2667126933975,0.047077833771180036,7.344,6.398224156267338,423.84038672578146,"ScoreBreakdown(accel=100.0, skidpad=75.0, autocross=48.870890985865536, endurance=178.62617202523916, efficiency=21.34332371467673)"
[136   3],235,136,3,235,29.375999999999998,3.69325466831323,4.500279849860846,1495.4188512133921,6317.692675327219,0.04281164976199831,7.344,6.42256905725261,420.0248717613432,"ScoreBreakdown(accel=100.0, skidpad=75.0, autocross=47.88837170173856, endurance=176.34689464577104, efficiency=20.78960541383362)"
[136   3],240,136,3,240,29.375999999999998,3.706403470020561,4.511733862737842,1500.1007398724119,6335.564954650738,0.039375463520821524,7.344,6.442039145756965,415.67912424578356,"ScoreBreakdown(accel=99.27312442299333, skidpad=75.0, autocross=46.93732017763748, endurance=174.14061710942883, efficiency=20.32806253572392)"
[136   3],245,136,3,245,29.375999999999998,3.72069539565949,4.522747919369422,1504.8945944643542,6357.632679738555,0.03558004676411653,7.344,6.463848226861955,410.8550463746036,"ScoreBreakdown(accel=98.17541342826301, skidpad=75.0, autocross=45.96965616476398, endurance=171.89580142886166, efficiency=19.814175352714944)"
[136   3],250,136,3,250,29.375999999999998,3.736347465548562,4.533349610791845,1509.7137079298434,6383.7463462727965,0.03140872102220711,7.344,6.488796727556297,405.8952428206883,"ScoreBreakdown(accel=96.98286923697341, skidpad=75.0, autocross=45.00308749918464, endurance=169.65352676743822, efficiency=19.255759317092036)"
[136   3],255,136,3,255,29.375999999999998,3.753710765628057,4.543751833798964,1514.5148962905425,6407.793117844134,0.027536741798748324,7.344,6.512068398958786,400.8803503233679,"ScoreBreakdown(accel=95.67158063929313, skidpad=75.0, autocross=44.04623094129565, endurance=167.43378254152205, efficiency=18.728756201257085)"
[136   3],260,136,3,260,29.375999999999998,3.7731330596000134,4.554205599096264,1519.3394716192663,6435.656265306442,0.023098538721765143,7.344,6.538326840466801,395.68871284600357,"ScoreBreakdown(accel=94.21909558161298, skidpad=75.0, autocross=43.090805146183904, endurance=165.21735744153676, efficiency=18.161454676669898)"
[136   3],265,136,3,265,29.375999999999998,3.7952596185436107,4.564290460655897,1524.1289292041115,6459.296249220266,0.019368288092388906,7.344,6.560124031507685,390.41279870875263,"ScoreBreakdown(accel=92.58248880387598, skidpad=75.0, autocross=42.14831667792217, endurance=163.030944736134, efficiency=17.651048490820507)"
[136   3],270,136,3,270,29.375999999999998,3.821174457418792,4.5740298978115845,1529.6749606363135,6467.989175804836,0.018114161934651415,7.344,6.566855933124643,384.55078022465693,"ScoreBreakdown(accel=90.68977811745462, skidpad=75.0, autocross=41.064320619096534, endurance=160.5162585246472, efficiency=17.280422963458587)"
[136   3],275,136,3,275,29.375999999999998,3.849749874109179,4.583512153122953,1535.341568209403,6471.649690615464,0.017613021265163273,7.344,6.569959593218007,378.52720989616927,"ScoreBreakdown(accel=88.6322903140801, skidpad=75.0, autocross=39.96484598957741, endurance=157.9656646657297, efficiency=16.964408926782077)"
[136   3],280,136,3,280,29.375999999999998,3.8782795667071923,4.593257496777142,1540.9616323138787,6475.702020283885,0.01716938650024731,7.344,6.572950657875259,372.59381330852284,"ScoreBreakdown(accel=86.60834141317284, skidpad=75.0, autocross=38.88238893230346, endurance=155.45454867569376, efficiency=16.64853428735281)"
[136   3],285,136,3,285,29.375999999999998,3.906724326227902,4.602689228761392,1546.7113117269248,6478.073437271798,0.017051381830209083,7.344,6.5743933433390325,366.6552525409759,"ScoreBreakdown(accel=84.61984659093939, skidpad=75.0, autocross=37.78310777522285, endurance=152.90440363987824, efficiency=16.34789453493538)"
[136   3],290,136,3,290,29.375999999999998,3.935079819301123,4.6118214268334015,1552.6804372291601,6479.066863626995,0.017195903116819344,7.344,6.57426787010447,360.64830980060344,"ScoreBreakdown(accel=82.66620466115832, skidpad=75.0, autocross=36.65048417165821, endurance=150.27690980768276, efficiency=16.054711160104127)"
[136   3],295,136,3,295,29.375999999999998,3.9633417441227863,4.620667299055384,1559.5360173322485,6474.554960628921,0.018223103737734492,7.344,6.569344342056341,354.1754661953346,"ScoreBreakdown(accel=80.7468256290709, skidpad=75.0, autocross=35.360355699147846, endurance=147.28403150849152, efficiency=15.784253358624344)"
[136   3],300,136,3,300,29.375999999999998,3.9915058253446176,4.62980857849513,1567.266985534452,6463.014822048795,0.020760057423099856,7.344,6.555966449973629,347.2751108185842,"ScoreBreakdown(accel=78.86113094825608, skidpad=75.0, autocross=33.91903131750512, endurance=143.94040445441945, efficiency=15.554544098403582)"
[140   3],200,140,3,200,30.240000000000002,3.6253038322989397,4.411893476136811,1460.5786133377985,6224.384850900655,0.0938533566135655,7.56,6.331190537492627,447.20539780307183,"ScoreBreakdown(accel=100.0, skidpad=75.0, autocross=55.15711889023581, endurance=193.20914998413406, efficiency=23.839128928701964)"
[140   3],205,140,3,205,30.240000000000002,3.63304424605127,4.42563881461237,1465.3482455537603,6255.001249805596,0.08841153982924402,7.56,6.361336743415496,443.1765423878982,"ScoreBreakdown(accel=100.0, skidpad=75.0, autocross=54.14160621840966, endurance=190.8533335652093, efficiency=23.18160260427927)"
[140   3],210,140,3,210,30.240000000000002,3.6413066374271352,4.43876149137175,1470.0050616800766,6284.764268879035,0.08288405608346666,7.56,6.392579819030664,439.2735365469981,"ScoreBreakdown(accel=100.0, skidpad=75.0, autocross=53.15647143817317, endurance=188.5679886802835, efficiency=22.54907642854144)"
[140   3],215,140,3,215,30.240000000000002,3.6502306563926226,4.451909490984619,1474.6280542372688,6314.757324846347,0.07757277941146457,7.56,6.422662875071364,435.42120355328893,"ScoreBreakdown(accel=100.0, skidpad=75.0, autocross=52.18464633546593, endurance=186.31351998009083, efficiency=21.923037237732167)"
[140   3],220,140,3,220,30.240000000000002,3.659836849872832,4.464692498941417,1479.2461558258192,6339.763230136109,0.07310387080207077,7.56,6.4479401067169535,431.6617379777676,"ScoreBreakdown(accel=100.0, skidpad=75.0, autocross=51.21991411887112, endurance=184.07550556749592, efficiency=21.36631829140057)"
[140   3],225,140,3,225,30.240000000000002,3.6701055085420506,4.476935933773376,1483.901873076892,6366.246433453923,0.06840106560709604,7.56,6.475278746842009,427.8822308217683,"ScoreBreakdown(accel=100.0, skidpad=75.0, autocross=50.2534022191063, endurance=181.83336259309277, efficiency=20.795466009569203)"
[140   3],230,140,3,230,30.240000000000002,3.6811818926376247,4.4886810058795845,1488.575283973951,6388.72805746839,0.06470996185678446,7.56,6.496558671927507,424.1644252663713,"ScoreBreakdown(accel=100.0, skidpad=75.0, autocross=49.28929747296151, endurance=179.59680380506023, efficiency=20.278323988349598)"
[140   3],235,140,3,235,30.240000000000002,3.69325466831323,4.500279849860846,1493.294956507933,6413.976082352381,0.06041497511616075,7.56,6.521783522597779,420.4049262911694,"ScoreBreakdown(accel=100.0, skidpad=75.0, autocross=48.321773564606886, endurance=177.35231314311176, efficiency=19.730839583450756)"
[140   3],240,140,3,240,30.240000000000002,3.706403470020561,4.511733862737842,1497.909338519092,6431.981678720705,0.05692241680196576,7.56,6.542118065228227,416.1067484261224,"ScoreBreakdown(accel=99.27312442299333, skidpad=75.0, autocross=47.38172853005541, endurance=175.17156878770874, efficiency=19.280326685364894)"
[140   3],245,140,3,245,30.240000000000002,3.72069539565949,4.522747919369422,1502.6316222689832,6455.071199865325,0.052980447592758904,7.56,6.565354020818866,411.323395686512,"ScoreBreakdown(accel=98.17541342826301, skidpad=75.0, autocross=46.42567927498895, endurance=172.95369736682682, efficiency=18.7686056164332)"
[140   3],250,140,3,250,30.240000000000002,3.736347465548562,4.533349610791845,1507.404339581223,6482.533406759171,0.04873573542968851,7.56,6.591337767336677,406.3833740123205,"ScoreBreakdown(accel=96.98286923697341, skidpad=75.0, autocross=45.46550588184971, endurance=170.72625864811093, efficiency=18.208740245386448)"
[140   3],255,140,3,255,30.240000000000002,3.753710765628057,4.543751833798964,1512.1649425616233,6507.849207653305,0.04482620528954168,7.56,6.615424406020165,401.38419002022164,"ScoreBreakdown(accel=95.67158063929313, skidpad=75.0, autocross=44.51380761505779, endurance=168.51848077889053, efficiency=17.680320986980195)"
[140   3],260,140,3,260,30.240000000000002,3.7731330596000134,4.554205599096264,1516.944237576493,6536.923347981253,0.040355721737654,7.56,6.64261896118359,396.2133720659958,"ScoreBreakdown(accel=94.21909558161298, skidpad=75.0, autocross=43.564381226925846, endurance=166.31597328117542, efficiency=17.113921976281617)"
[140   3],265,140,3,265,30.240000000000002,3.7952596185436107,4.564290460655897,1521.6600681579941,6562.672297545226,0.03645947996331772,7.56,6.66589311891849,390.96651277995005,"ScoreBreakdown(accel=92.58248880387598, skidpad=75.0, autocross=42.63340803614532, endurance=164.15627405804742, efficiency=16.594341881881366)"
[140   3],270,140,3,270,30.240000000000002,3.821174457418792,4.5740298978115845,1526.3003059418925,6579.979804707821,0.03383582094663136,7.56,6.681180501900057,385.63458213145526,"ScoreBreakdown(accel=90.68977811745462, skidpad=75.0, autocross=41.72297325282388, endurance=162.04422044176718, efficiency=16.17761031940956)"
[140   3],275,140,3,275,30.240000000000002,3.849749874109179,4.583512153122953,1530.8089742666298,6595.161088925279,0.031431712366123875,7.56,6.696000360987132,380.27437632527926,"ScoreBreakdown(accel=88.6322903140801, skidpad=75.0, autocross=40.84363991647447, endurance=160.00431688472457, efficiency=15.794129210000191)"
[140   3],280,140,3,280,30.240000000000002,3.8782795667071923,4.593257496777142,1535.2489627431644,6610.815352231983,0.029148073448961982,7.56,6.710288638068506,375.0100138864881,"ScoreBreakdown(accel=86.60834141317284, skidpad=75.0, autocross=39.98274871053142, endurance=158.00719592884147, efficiency=15.411727833942324)"
[140   3],285,140,3,285,30.240000000000002,3.906724326227902,4.602689228761392,1539.6194492962459,6625.151620566695,0.026996327053639732,7.56,6.724065615062906,369.8625403655413,"ScoreBreakdown(accel=84.61984659093939, skidpad=75.0, autocross=39.140182909025036, endurance=156.0525867897514, efficiency=15.04992407582547)"
[140   3],290,140,3,290,30.240000000000002,3.935079819301123,4.6118214268334015,1543.9299702800283,6640.729950232319,0.024606148564780234,7.56,6.73904220666976,364.7959065264577,"ScoreBreakdown(accel=82.66620466115832, skidpad=75.0, autocross=38.313850059112724, endurance=154.13563533328178, efficiency=14.680216472904876)"
[140   3],295,140,3,295,30.240000000000002,3.9633417441227863,4.620667299055384,1548.2172340221468,6658.749156570689,0.021741718577365534,7.56,6.756987539887053,359.7712640748506,"ScoreBreakdown(accel=80.7468256290709, skidpad=75.0, autocross=37.496539806946416, endurance=152.2396147666979, efficiency=14.28828387213539)"
[140   3],300,140,3,300,30.240000000000002,3.9915058253446176,4.62980857849513,1552.5148656545457,6678.874087748135,0.018639661079863253,7.56,6.776166554908792,354.7691635336379,"ScoreBreakdown(accel=78.86113094825608, skidpad=75.0, autocross=36.68178343897164, endurance=150.34951877641646, efficiency=13.876730369993709)"
[144   3],200,144,3,200,31.103999999999996,3.6253038322989397,4.411893476136811,1459.7268772597795,6294.349653470125,0.11424325045014184,7.776,6.403400769079638,446.95782411710087,"ScoreBreakdown(accel=100.0, skidpad=75.0, autocross=55.33916220826742, endurance=193.63145947319563, efficiency=22.98720243563779)"
[144   3],205,144,3,205,31.103999999999996,3.63304424605127,4.42563881461237,1464.291334892382,6329.417850407027,0.10825189330710737,7.776,6.437754515913875,443.0361801922286,"ScoreBreakdown(accel=100.0, skidpad=75.0, autocross=54.36606478153969, endurance=191.37403919799968, efficiency=22.296076212689194)"
[144   3],210,144,3,210,31.103999999999996,3.6413066374271352,4.43876149137175,1468.791425347075,6361.846954324784,0.1024121798023432,7.776,6.471735836983097,439.2249552826665,"ScoreBreakdown(accel=100.0, skidpad=75.0, autocross=53.41261052193856, endurance=189.16218772457287, efficiency=21.650157036155022)"
[144   3],215,144,3,215,31.103999999999996,3.6502306563926226,4.451909490984619,1473.2795077072567,6393.683201846692,0.09700824707445879,7.776,6.503312988739864,435.45732647552586,"ScoreBreakdown(accel=100.0, skidpad=75.0, autocross=52.467501776007715, endurance=186.96969642130873, efficiency=21.020128278209455)"
[144   3],220,144,3,220,31.103999999999996,3.659836849872832,4.464692498941417,1477.8045016106603,6420.579720095152,0.09240717139434727,7.776,6.530047725062004,431.7484828009334,"ScoreBreakdown(accel=100.0, skidpad=75.0, autocross=51.52043171927016, endurance=184.77265521105753, efficiency=20.455395870605688)"
[144   3],225,144,3,225,31.103999999999996,3.6701055085420506,4.476935933773376,1482.3983346506193,6448.503569344665,0.0875509216898632,7.776,6.558998075713625,428.00177937811446,"ScoreBreakdown(accel=100.0, skidpad=75.0, autocross=50.564868237590765, endurance=182.55591070168848, efficiency=19.881000438835198)"
[144   3],230,144,3,230,31.103999999999996,3.6811818926376247,4.4886810058795845,1487.0160857426556,6472.12659322079,0.08369090329149961,7.776,6.581860499539279,424.31421944568166,"ScoreBreakdown(accel=100.0, skidpad=75.0, autocross=49.61027978720076, endurance=180.34142809882658, efficiency=19.362511559654333)"
[144   3],235,144,3,235,31.103999999999996,3.69325466831323,4.500279849860846,1491.6809232018256,6498.77186750859,0.0793094314398677,7.776,6.608319358102343,420.5818386094278,"ScoreBreakdown(accel=100.0, skidpad=75.0, autocross=48.651958457636674, endurance=178.11828585212962, efficiency=18.811594299661472)"
[144   3],240,144,3,240,31.103999999999996,3.706403470020561,4.511733862737842,1496.2361392576788,6518.186164466747,0.0757753657312269,7.776,6.6295388201384835,416.31148331061985,"ScoreBreakdown(accel=99.27312442299333, skidpad=75.0, autocross=47.72192377294876, endurance=175.96076380327372, efficiency=18.35567131140401)"
[144   3],245,144,3,245,31.103999999999996,3.72069539565949,4.522747919369422,1500.8941504007382,6542.720802029731,0.07159228311791216,7.776,6.654851613469025,411.56035237207897,"ScoreBreakdown(accel=98.17541342826301, skidpad=75.0, autocross=46.77673934345414, endurance=173.7680969270332, efficiency=17.84010267332853)"
[144   3],250,144,3,250,31.103999999999996,3.736347465548562,4.533349610791845,1505.6047061610864,6571.205846769012,0.06714739976411045,7.776,6.682641285873136,406.6567481393567,"ScoreBreakdown(accel=96.98286923697341, skidpad=75.0, autocross=45.82684049490848, endurance=171.564493401636, efficiency=17.282545005838838)"
[144   3],255,144,3,255,31.103999999999996,3.753710765628057,4.543751833798964,1510.3141719420878,6597.419568566858,0.06309650189439908,7.776,6.708127712251376,401.68649155213564,"ScoreBreakdown(accel=95.67158063929313, skidpad=75.0, autocross=44.88308471323343, endurance=169.375140744985, efficiency=16.756685454624044)"
[144   3],260,144,3,260,31.103999999999996,3.7731330596000134,4.554205599096264,1515.0469502747108,6627.161676477021,0.05846397619473476,7.776,6.736960991692229,396.54462471215214,"ScoreBreakdown(accel=94.21909558161298, skidpad=75.0, autocross=43.940568096392944, endurance=167.18866273967427, efficiency=16.196298294471955)"
[144   3],265,144,3,265,31.103999999999996,3.7952596185436107,4.564290460655897,1519.7274921536407,6653.3126239606545,0.054572065710998506,7.776,6.760954219514626,391.3204759288735,"ScoreBreakdown(accel=92.58248880387598, skidpad=75.0, autocross=43.01422778275167, endurance=165.0397110023572, efficiency=15.684048339888696)"
[144   3],270,144,3,270,31.103999999999996,3.821174457418792,4.5740298978115845,1524.3222018197446,6671.532115372466,0.05188078428960376,7.776,6.777105078865844,386.01024969701035,"ScoreBreakdown(accel=90.68977811745462, skidpad=75.0, autocross=42.1104080484638, endurance=162.94300317304504, efficiency=15.267060358046887)"
[144   3],275,144,3,275,31.103999999999996,3.849749874109179,4.583512153122953,1528.7854153090389,6687.412700529821,0.049505585915906106,7.776,6.792191754999939,380.6732819845368,"ScoreBreakdown(accel=88.6322903140801, skidpad=75.0, autocross=41.237656565021865, endurance=160.91836839361272, efficiency=14.884966711822111)"
[144   3],280,144,3,280,31.103999999999996,3.8782795667071923,4.593257496777142,1533.1856349578457,6703.291223483542,0.04728200092990018,7.776,6.806518866174322,375.43325333802176,"ScoreBreakdown(accel=86.60834141317284, skidpad=75.0, autocross=40.38219731952347, endurance=158.93384866069573, efficiency=14.50886594462967)"
[144   3],285,144,3,285,31.103999999999996,3.906724326227902,4.602689228761392,1537.5236512178615,6717.824325104868,0.04518718081142282,7.776,6.820321046757576,370.3048164870486,"ScoreBreakdown(accel=84.61984659093939, skidpad=75.0, autocross=39.54362432997626, endurance=156.98850216522587, efficiency=14.152843400907052)"
[144   3],290,144,3,290,31.103999999999996,3.935079819301123,4.6118214268334015,1541.7913718515497,6734.2474458165,0.04279676278648375,7.776,6.8356850537032665,365.2576558096343,"ScoreBreakdown(accel=82.66620466115832, skidpad=75.0, autocross=38.72324481517168, endurance=155.08536143213107, efficiency=13.782844901173252)"
[144   3],295,144,3,295,31.103999999999996,3.9633417441227863,4.620667299055384,1546.0288649752065,6753.040763577763,0.0399273896559081,7.776,6.854155949325506,360.25846889023563,"ScoreBreakdown(accel=80.7468256290709, skidpad=75.0, autocross=37.91315711504588, endurance=153.206095956011, efficiency=13.392390190107822)"
[144   3],300,144,3,300,31.103999999999996,3.9915058253446176,4.62980857849513,1550.2358306354988,6774.7151848090525,0.03673661980147253,7.776,6.874422648825486,355.3017131264856,"ScoreBreakdown(accel=78.86113094825608, skidpad=75.0, autocross=37.113286321645596, endurance=151.3505319631734, efficiency=12.976763893410524)"
[100   4],200,100,4,200,28.799999999999997,3.6253038322989397,4.411893476136811,1452.6055372540714,6260.343083151626,0.022274066392799427,7.2,6.381358421570116,452.8672984643098,"ScoreBreakdown(accel=100.0, skidpad=75.0, autocross=56.8695752654726, endurance=197.1817570794456, efficiency=23.815966119391586)"
[100   4],205,100,4,205,28.799999999999997,3.63304424605127,4.42563881461237,1460.0898015293512,6263.81025998329,0.02107265129471661,7.2,6.386254293173224,447.070226551482,"ScoreBreakdown(accel=100.0, skidpad=75.0, autocross=55.261567683049776, endurance=193.45145339193448, efficiency=23.35720547649778)"
[100   4],210,100,4,210,28.799999999999997,3.6413066374271352,4.43876149137175,1468.2095788146546,6261.078678004544,0.020695645167703176,7.2,6.386957273123001,440.9306301848601,"ScoreBreakdown(accel=100.0, skidpad=75.0, autocross=53.53555994907372, endurance=189.44740945265, efficiency=22.947660783136396)"
[100   4],215,100,4,215,28.799999999999997,3.6502306563926226,4.451909490984619,1476.3203511464692,6260.811827545187,0.020035729061261703,7.2,6.389360438122236,434.83402044124904,"ScoreBreakdown(accel=100.0, skidpad=75.0, autocross=51.83042093210087, endurance=185.49177738209158, efficiency=22.511822127056565)"
[100   4],220,100,4,220,28.799999999999997,3.659836849872832,4.464692498941417,1483.9121374459012,6260.405305516152,0.019486287393783202,7.2,6.391362385837678,429.1898824266332,"ScoreBreakdown(accel=100.0, skidpad=75.0, autocross=50.25127806937262, endurance=181.8284349275326, efficiency=22.11016942972794)"
[100   4],225,100,4,225,28.799999999999997,3.6701055085420506,4.476935933773376,1491.739294837347,6262.5138040347665,0.019075758607753904,7.2,6.39332594475635,423.3991409181144,"ScoreBreakdown(accel=100.0, skidpad=75.0, autocross=48.64000484337499, endurance=178.09055550318908, efficiency=21.668580571550343)"
[100   4],230,100,4,230,28.799999999999997,3.6811818926376247,4.4886810058795845,1498.8185615741309,6264.270340539095,0.0185856491648922,7.2,6.395691328524765,418.215693380481,"ScoreBreakdown(accel=100.0, skidpad=75.0, autocross=47.19718361245995, endurance=174.74345601377473, efficiency=21.275053754246354)"
[100   4],235,100,4,235,28.799999999999997,3.69325466831323,4.500279849860846,1506.3253430017066,6263.562967603878,0.018668560973108327,7.2,6.395580241692816,412.8044033528589,"ScoreBreakdown(accel=100.0, skidpad=75.0, autocross=45.68204569844402, endurance=171.22859413779673, efficiency=20.893763516618172)"
[100   4],240,100,4,240,28.799999999999997,3.706403470020561,4.511733862737842,1512.8577563304007,6263.789320341127,0.01911298220383184,7.2,6.393666237603597,407.40188888972887,"ScoreBreakdown(accel=99.27312442299333, skidpad=75.0, autocross=44.37580558045995, endurance=168.19833956552097, efficiency=20.55461932075464)"
[100   4],245,100,4,245,28.799999999999997,3.72069539565949,4.522747919369422,1519.8253500237863,6262.866813030921,0.019980455901596715,7.2,6.389975013780088,401.3757000528814,"ScoreBreakdown(accel=98.17541342826301, skidpad=75.0, autocross=42.99492132513877, endurance=164.99492330930565, efficiency=20.210441990173987)"
[100   4],250,100,4,250,28.799999999999997,3.736347465548562,4.533349610791845,1527.3800269745689,6259.931242796072,0.02171057589304133,7.2,6.382702640387343,394.9139771503481,"ScoreBreakdown(accel=96.98286923697341, skidpad=75.0, autocross=41.511920654278605, endurance=161.55461436327704, efficiency=19.864572895819016)"
[100   4],255,100,4,255,28.799999999999997,3.753710765628057,4.543751833798964,1534.5890494504276,6254.579878808529,0.023666758505274058,7.2,6.374622133263743,388.6542050630552,"ScoreBreakdown(accel=95.67158063929313, skidpad=75.0, autocross=40.110387362787456, endurance=158.30329586044905, efficiency=19.568941200525572)"
[100   4],260,100,4,260,28.799999999999997,3.7731330596000134,4.554205599096264,1542.2851140590021,6249.393125107338,0.025964432210413783,7.2,6.365015205430173,381.96367399749704,"ScoreBreakdown(accel=94.21909558161298, skidpad=75.0, autocross=38.62862628064008, endurance=154.86586254908588, efficiency=19.250089586158072)"
[100   4],265,100,4,265,28.799999999999997,3.7952596185436107,4.564290460655897,1549.2290268137358,6246.342498396478,0.02787155423883311,7.2,6.357383102364685,375.62588294615165,"ScoreBreakdown(accel=92.58248880387598, skidpad=75.0, autocross=37.30431461697235, endurance=151.7936850690827, efficiency=18.945394456220644)"
[100   4],270,100,4,270,28.799999999999997,3.821174457418792,4.5740298978115845,1555.360739115291,6242.73941694195,0.029391369070387252,7.2,6.350456847348826,369.62781799279225,"ScoreBreakdown(accel=90.68977811745462, skidpad=75.0, autocross=36.14473318423451, endurance=149.10365366513017, efficiency=18.689653025972962)"
[100   4],275,100,4,275,28.799999999999997,3.849749874109179,4.583512153122953,1561.1925154334788,6238.425042816234,0.03108401844963459,7.2,6.34326246312609,363.70649286128435,"ScoreBreakdown(accel=88.6322903140801, skidpad=75.0, autocross=35.050324561867285, endurance=146.56481207987514, efficiency=18.459065905461824)"
[100   4],280,100,4,280,28.799999999999997,3.8782795667071923,4.593257496777142,1566.807051162195,6234.320671169316,0.032683792932953884,7.2,6.336836918460517,357.98928806209784,"ScoreBreakdown(accel=86.60834141317284, skidpad=75.0, autocross=34.004381333142746, endurance=144.13840195240556, efficiency=18.238163363376703)"
[100   4],285,100,4,285,28.799999999999997,3.906724326227902,4.602689228761392,1572.277167212654,6229.0308348060435,0.03429723568302809,7.2,6.330222747832185,352.4435172002624,"ScoreBreakdown(accel=84.61984659093939, skidpad=75.0, autocross=32.99252662695485, endurance=141.79107139067344, efficiency=18.040072591694678)"
[100   4],290,100,4,290,28.799999999999997,3.935079819301123,4.6118214268334015,1577.8304968169782,6224.51026957742,0.03581574171305558,7.2,6.32413908069828,346.89360876632736,"ScoreBreakdown(accel=82.66620466115832, skidpad=75.0, autocross=31.972456010077387, endurance=139.42468131561765, efficiency=17.830266779474016)"
[100   4],295,100,4,295,28.799999999999997,3.9633417441227863,4.620667299055384,1583.3666700718954,6220.283388200497,0.03727824835837585,7.2,6.318799781067791,341.41090559669175,"ScoreBreakdown(accel=80.7468256290709, skidpad=75.0, autocross=30.962659026820432, endurance=137.0821243205782, efficiency=17.619296620222215)"
[100   4],300,100,4,300,28.799999999999997,3.9915058253446176,4.62980857849513,1588.7931308237255,6218.773474772715,0.038574329169205085,7.2,6.314360441591601,336.02515968041945,"ScoreBreakdown(accel=78.86113094825608, skidpad=75.0, autocross=29.979703079455096, endurance=134.801833956777, efficiency=17.38249169593129)"
[104   4],200,104,4,200,29.951999999999998,3.6253038322989397,4.411893476136811,1447.669191116773,6421.213548332476,0.038856943555986775,7.488,6.553576680633743,454.6624400746992,"ScoreBreakdown(accel=100.0, skidpad=75.0, autocross=57.93925758697474, endurance=199.6632378585057, efficiency=22.059944629218705)"
[104   4],205,104,4,205,29.951999999999998,3.63304424605127,4.42563881461237,1452.8750454202352,6444.134207432412,0.03426493399176525,7.488,6.578914083920237,450.35460943478324,"ScoreBreakdown(accel=100.0, skidpad=75.0, autocross=56.81138340934342, endurance=197.04676188547106, efficiency=21.49646413996877)"
[104   4],210,104,4,210,29.951999999999998,3.6413066374271352,4.43876149137175,1458.0265248471985,6467.231445962516,0.029346389328405078,7.488,6.606633682075768,446.11899034959015,"ScoreBreakdown(accel=100.0, skidpad=75.0, autocross=55.70321817493866, endurance=194.47600730355347, efficiency=20.939764871098)"
[104   4],215,104,4,215,29.951999999999998,3.6502306563926226,4.451909490984619,1463.2182812530714,6492.327809762138,0.02440767110822276,7.488,6.634574590448322,441.86075837724894,"ScoreBreakdown(accel=100.0, skidpad=75.0, autocross=54.59428339456338, endurance=191.9034675060667, efficiency=20.36300747661885)"
[104   4],220,104,4,220,29.951999999999998,3.659836849872832,4.464692498941417,1469.2374593909694,6506.248022438296,0.021146677682373088,7.488,6.652389430984688,437.14334252976136,"ScoreBreakdown(accel=100.0, skidpad=75.0, autocross=53.318425438339396, endurance=188.94369437385814, efficiency=19.881222717563823)"
[104   4],225,104,4,225,29.951999999999998,3.6701055085420506,4.476935933773376,1476.5275349459814,6511.975811895114,0.020178504700733787,7.488,6.657236732979277,431.612757375274,"ScoreBreakdown(accel=100.0, skidpad=75.0, autocross=51.78710976595808, endurance=185.39130285414853, efficiency=19.434344755167377)"
[104   4],230,104,4,230,29.951999999999998,3.6811818926376247,4.4886810058795845,1483.6332283235486,6515.542750666937,0.019679140253017185,7.488,6.659385260616032,426.29798888080705,"ScoreBreakdown(accel=100.0, skidpad=75.0, autocross=50.30900709418762, endurance=181.96235643169592, efficiency=19.026625354923503)"
[104   4],235,104,4,235,29.951999999999998,3.69325466831323,4.500279849860846,1490.841655222226,6521.6303306680065,0.019057744996976878,7.488,6.662769465253883,420.92956452783176,"ScoreBreakdown(accel=100.0, skidpad=75.0, autocross=48.82393113008035, endurance=178.51723315883368, efficiency=18.588400238917764)"
[104   4],240,104,4,240,29.951999999999998,3.706403470020561,4.511733862737842,1497.4394620991256,6523.958678352398,0.018539444137287243,7.488,6.665472932697177,415.3718214072303,"ScoreBreakdown(accel=99.27312442299333, skidpad=75.0, autocross=47.47718713642064, endurance=175.39301649431226, efficiency=18.228493353504053)"
[104   4],245,104,4,245,29.951999999999998,3.72069539565949,4.522747919369422,1504.6419952238377,6527.892024680071,0.017999539441953226,7.488,6.668425571921407,409.032903352281,"ScoreBreakdown(accel=98.17541342826301, skidpad=75.0, autocross=46.02049071904081, endurance=172.0137289357618, efficiency=17.82327026921527)"
[104   4],250,104,4,250,29.951999999999998,3.736347465548562,4.533349610791845,1512.3516616886432,6530.332905612312,0.01796569246165427,7.488,6.669661562495662,402.3056523097426,"ScoreBreakdown(accel=96.98286923697341, skidpad=75.0, autocross=44.47660246197526, endurance=168.43217116116526, efficiency=17.414009449628637)"
[104   4],255,104,4,255,29.951999999999998,3.753710765628057,4.543751833798964,1520.1000050016753,6526.956983762037,0.018867825794941527,7.488,6.666157314826246,395.5545710119266,"ScoreBreakdown(accel=95.67158063929313, skidpad=75.0, autocross=42.940747703414694, endurance=164.86924973469564, efficiency=17.07299293452313)"
[104   4],260,104,4,260,29.951999999999998,3.7731330596000134,4.554205599096264,1528.1492328403683,6521.38338203663,0.020701220654705074,7.488,6.657792520300321,388.53287743061236,"ScoreBreakdown(accel=94.21909558161298, skidpad=75.0, autocross=41.36174623775635, endurance=161.20623529725376, efficiency=16.74580031398927)"
[104   4],265,104,4,265,29.951999999999998,3.7952596185436107,4.564290460655897,1535.7243903137687,6515.1937764669465,0.022732126828359928,7.488,6.648150879440902,381.7191341151756,"ScoreBreakdown(accel=92.58248880387598, skidpad=75.0, autocross=39.89086077172387, endurance=157.7940315627537, efficiency=16.45175297682203)"
[104   4],270,104,4,270,29.951999999999998,3.821174457418792,4.5740298978115845,1542.4774450901755,6508.204907825599,0.024596350221384924,7.488,6.638558893721932,375.2706677813826,"ScoreBreakdown(accel=90.68977811745462, skidpad=75.0, autocross=38.591785221118656, endurance=154.7803975664036, efficiency=16.208706876405692)"
[104   4],275,104,4,275,29.951999999999998,3.849749874109179,4.583512153122953,1548.680046185227,6500.478769235441,0.026640136784054514,7.488,6.628905859148637,369.0785999616321,"ScoreBreakdown(accel=88.6322903140801, skidpad=75.0, autocross=37.40858138998176, endurance=152.03556622194148, efficiency=16.002162035628796)"
[104   4],280,104,4,280,29.951999999999998,3.8782795667071923,4.593257496777142,1554.811797383621,6492.3710339087565,0.0288159924426094,7.488,6.618845170037948,363.00519422998553,"ScoreBreakdown(accel=86.60834141317284, skidpad=75.0, autocross=36.24817199750187, endurance=149.34361409241973, efficiency=15.80506672689108)"
[104   4],285,104,4,285,29.951999999999998,3.906724326227902,4.602689228761392,1560.8668552110314,6483.628440260436,0.031120756891346687,7.488,6.608273735131625,357.0575807474311,"ScoreBreakdown(accel=84.61984659093939, skidpad=75.0, autocross=35.11122334810364, endurance=146.70608689060714, efficiency=15.620423917780899)"
[104   4],290,104,4,290,29.951999999999998,3.935079819301123,4.6118214268334015,1566.691189849913,6475.296466262233,0.03347538943118216,7.488,6.597719425175624,351.32393655481906,"ScoreBreakdown(accel=82.66620466115832, skidpad=75.0, autocross=34.02588961729001, endurance=144.1882975079638, efficiency=15.443544768406952)"
[104   4],295,104,4,295,29.951999999999998,3.9633417441227863,4.620667299055384,1572.4457930557533,6467.876015204949,0.03594248977374072,7.488,6.587204800067139,345.6884766219374,"ScoreBreakdown(accel=80.7468256290709, skidpad=75.0, autocross=32.96144629960517, endurance=141.71897032536202, efficiency=15.261234367899307)"
[104   4],300,104,4,300,29.951999999999998,3.9915058253446176,4.62980857849513,1578.3608582036516,6460.559703749449,0.03849344910843339,7.488,6.576237764475979,340.0080498924411,"ScoreBreakdown(accel=78.86113094825608, skidpad=75.0, autocross=31.87541138424338, endurance=139.19955431400462, efficiency=15.07195324593696)"
[108   4],200,108,4,200,31.104,3.6253038322989397,4.411893476136811,1443.9081922149267,6557.4283134392535,0.05890713876986166,7.776,6.701015348570552,455.94373172529686,"ScoreBreakdown(accel=100.0, skidpad=75.0, autocross=58.759156923487666, endurance=201.565264659756, efficiency=20.61931014205323)"
[108   4],205,108,4,205,31.104,3.63304424605127,4.42563881461237,1449.0130550642236,6584.45781415202,0.05380204324617623,7.776,6.73014719992977,451.6616814574106,"ScoreBreakdown(accel=100.0, skidpad=75.0, autocross=57.64732678959167, endurance=198.98600813528782, efficiency=20.02834653253112)"
[108   4],210,108,4,210,31.104,3.6413066374271352,4.43876149137175,1454.0607961836668,6610.189167017537,0.048447487386297755,7.776,6.761417086234562,447.4711695084586,"ScoreBreakdown(accel=100.0, skidpad=75.0, autocross=56.55561386841367, endurance=196.45342011761323, efficiency=19.4621355224317)"
[108   4],215,108,4,215,31.104,3.6502306563926226,4.451909490984619,1459.101505035269,6638.327030126931,0.043012185285436856,7.776,6.793351555411865,443.28980735986613,"ScoreBreakdown(accel=100.0, skidpad=75.0, autocross=55.47295962215138, endurance=193.9418466827127, efficiency=18.875001055002055)"
[108   4],220,108,4,220,31.104,3.659836849872832,4.464692498941417,1464.0456794169268,6662.010635150117,0.038214523673322884,7.776,6.821411925994656,439.2633921305088,"ScoreBreakdown(accel=100.0, skidpad=75.0, autocross=54.418281619566095, endurance=191.49517336774446, efficiency=18.349937143198233)"
[108   4],225,108,4,225,31.104,3.6701055085420506,4.476935933773376,1468.96861430445,6690.715740684428,0.03352030830641216,7.776,6.849628551315645,435.22578787240644,"ScoreBreakdown(accel=100.0, skidpad=75.0, autocross=53.37518824158055, endurance=189.0753744085534, efficiency=17.775225222272475)"
[108   4],230,108,4,230,31.104,3.6811818926376247,4.4886810058795845,1473.881165133564,6715.04039714362,0.029649445641086982,7.776,6.872665663607199,431.2740617573868,"ScoreBreakdown(accel=100.0, skidpad=75.0, autocross=52.34124115961007, endurance=186.67679329816184, efficiency=17.256027299614857)"
[108   4],235,108,4,235,31.104,3.69325466831323,4.500279849860846,1478.8174692376783,6742.7558614798745,0.02565364625529766,7.776,6.897019680554402,427.2958337968448,"ScoreBreakdown(accel=100.0, skidpad=75.0, autocross=51.309214048282996, endurance=184.28266619262044, efficiency=16.703953555941357)"
[108   4],240,108,4,240,31.104,3.706403470020561,4.511733862737842,1483.6351706393561,6761.062673087508,0.02270464988181185,7.776,6.914922206606034,422.8088518347567,"ScoreBreakdown(accel=99.27312442299333, skidpad=75.0, autocross=50.308604995723805, endurance=181.96142363175218, efficiency=16.26569878428737)"
[108   4],245,108,4,245,31.104,3.72069539565949,4.522747919369422,1489.737113366069,6775.600002516414,0.02054182698285089,7.776,6.927760828129538,417.07798344431615,"ScoreBreakdown(accel=98.17541342826301, skidpad=75.0, autocross=49.05055584071502, endurance=179.04296388485926, efficiency=15.809050290478833)"
[108   4],250,108,4,250,31.104,3.736347465548562,4.533349610791845,1496.7157006416064,6784.176383042309,0.01938344342368499,7.776,6.935197217494744,410.719554503674,"ScoreBreakdown(accel=96.98286923697341, skidpad=75.0, autocross=47.62434148626752, endurance=175.73438952007882, efficiency=15.377954260354198)"
[108   4],255,108,4,255,31.104,3.753710765628057,4.543751833798964,1503.7209757690152,6790.346229647391,0.018429930475786584,7.776,6.941633243827657,404.29692794087106,"ScoreBreakdown(accel=95.67158063929313, skidpad=75.0, autocross=46.20598674417734, endurance=172.44404811718204, efficiency=14.975312440218534)"
[108   4],260,108,4,260,31.104,3.7731330596000134,4.554205599096264,1511.0640248956722,6797.748501275022,0.017469553850167248,7.776,6.947958115260341,397.52781123458095,"ScoreBreakdown(accel=94.21909558161298, skidpad=75.0, autocross=44.73336045040302, endurance=169.02780595884872, efficiency=14.54754924371621)"
[108   4],265,108,4,265,31.104,3.7952596185436107,4.564290460655897,1518.044414156808,6803.09381035882,0.01679672785913487,7.776,6.952304400723047,390.9026835460207,"ScoreBreakdown(accel=92.58248880387598, skidpad=75.0, autocross=43.34667314983844, endurance=165.81092762614404, efficiency=14.162593966162197)"
[108   4],270,108,4,270,31.104,3.821174457418792,4.5740298978115845,1524.7480462820604,6802.673761542552,0.016841514494582238,7.776,6.951795719579088,384.3201087879116,"ScoreBreakdown(accel=90.68977811745462, skidpad=75.0, autocross=42.026916525308984, endurance=162.74931706104863, efficiency=13.854097084099365)"
[108   4],275,108,4,275,31.104,3.849749874109179,4.583512153122953,1531.0240557772845,6801.390797472273,0.01746290524279983,7.776,6.9490552466707936,377.9183768677062,"ScoreBreakdown(accel=88.6322903140801, skidpad=75.0, autocross=40.801821623122336, endurance=159.9073055673638, efficiency=13.576959363139894)"
[108   4],280,108,4,280,31.104,3.8782795667071923,4.593257496777142,1537.3272745999345,6797.678556729146,0.01861008947711846,7.776,6.94361081862333,371.5921216060292,"ScoreBreakdown(accel=86.60834141317284, skidpad=75.0, autocross=39.58148322023273, endurance=157.07632834183877, efficiency=13.3259686307848)"
[108   4],285,108,4,285,31.104,3.906724326227902,4.602689228761392,1543.745403341548,6790.8637665205,0.020238994561894437,7.776,6.935616232643591,365.2903465557859,"ScoreBreakdown(accel=84.61984659093939, skidpad=75.0, autocross=38.34913723271138, endurance=154.21749556530804, efficiency=13.103867166827117)"
[108   4],290,108,4,290,31.104,3.935079819301123,4.6118214268334015,1550.123669882195,6783.090172918281,0.022236630428458887,7.776,6.925590393951531,359.0960528173083,"ScoreBreakdown(accel=82.66620466115832, skidpad=75.0, autocross=37.13455512421417, endurance=151.39987196226156, efficiency=12.895421069674262)"
[108   4],295,108,4,295,31.104,3.9633417441227863,4.620667299055384,1556.754529459649,6772.443134387994,0.02493080909895466,7.776,6.91216666750878,352.8315147785946,"ScoreBreakdown(accel=80.7468256290709, skidpad=75.0, autocross=35.88242464907804, endurance=148.49514254450116, efficiency=12.707121955944547)"
[108   4],300,108,4,300,31.104,3.9915058253446176,4.62980857849513,1563.6794265174792,6758.9730691747955,0.028184927162834363,7.776,6.895722780044075,346.4718635400267,"ScoreBreakdown(accel=78.86113094825608, skidpad=75.0, autocross=34.58610619859652, endurance=145.48790455080092, efficiency=12.536721842373122)"
[112   4],200,112,4,200,32.256,3.6253038322989397,4.411893476136811,1441.3447518158503,6674.716225377472,0.08131266809450706,8.064,6.827265686893787,456.5787863964418,"ScoreBreakdown(accel=100.0, skidpad=75.0, autocross=59.32044008502853, endurance=202.86734598705863, efficiency=19.39100032435458)"
[112   4],205,112,4,205,32.256,3.63304424605127,4.42563881461237,1446.290025012331,6705.12772176823,0.07568990933162266,8.064,6.860574609079222,452.3834912999266,"ScoreBreakdown(accel=100.0, skidpad=75.0, autocross=58.23942123361337, endurance=200.3595663896346, efficiency=18.784503676678646)"
[112   4],210,112,4,210,32.256,3.6413066374271352,4.43876149137175,1451.115933651473,6733.626912509228,0.06976267500810505,8.064,6.896299949626759,448.33318090748634,"ScoreBreakdown(accel=100.0, skidpad=75.0, autocross=57.19159845601022, endurance=197.92879602892398, efficiency=18.212786422552128)"
[112   4],215,112,4,215,32.256,3.6502306563926226,4.451909490984619,1455.9138989907044,6765.530887813997,0.06357572676865503,8.064,6.93365921590562,444.2962143638762,"ScoreBreakdown(accel=100.0, skidpad=75.0, autocross=56.15672905925241, endurance=195.52807530533042, efficiency=17.611409999293276)"
[112   4],220,112,4,220,32.256,3.659836849872832,4.464692498941417,1460.7378848962842,6791.679818894093,0.05822296502373011,8.064,6.965932384172777,440.3320275904302,"ScoreBreakdown(accel=100.0, skidpad=75.0, autocross=55.123101010592876, endurance=193.13023429787708, efficiency=17.078692281960226)"
[112   4],225,112,4,225,32.256,3.6701055085420506,4.476935933773376,1465.5681852950124,6822.200269753238,0.053194366730570514,8.064,6.997112240499422,436.3442318463728,"ScoreBreakdown(accel=100.0, skidpad=75.0, autocross=54.0949378010497, endurance=190.74507078630742, efficiency=16.50422325901562)"
[112   4],230,112,4,230,32.256,3.6811818926376247,4.4886810058795845,1470.4359605483442,6848.805950863574,0.04909573115108561,8.064,7.022424224877,432.3991790118604,"ScoreBreakdown(accel=100.0, skidpad=75.0, autocross=53.06563153787533, endurance=188.35725558501827, efficiency=15.976291888966795)"
[112   4],235,112,4,235,32.256,3.69325466831323,4.500279849860846,1475.33238444121,6879.054599766214,0.04496202440766612,8.064,7.048535229169484,428.42266681188937,"ScoreBreakdown(accel=100.0, skidpad=75.0, autocross=52.037119785559646, endurance=185.9712835135861, efficiency=15.414263512743672)"
[112   4],240,112,4,240,32.256,3.706403470020561,4.511733862737842,1480.0791233479156,6899.117129658179,0.0419328931226829,8.064,7.067659129172199,423.96511005420825,"ScoreBreakdown(accel=99.27312442299333, skidpad=75.0, autocross=51.046546123771286, endurance=183.67332134990465, efficiency=14.972118157538963)"
[112   4],245,112,4,245,32.256,3.72069539565949,4.522747919369422,1484.9223643987298,6925.430885483808,0.03809569079248168,8.064,7.09200370436723,419.0263564399556,"ScoreBreakdown(accel=98.17541342826301, skidpad=75.0, autocross=50.04236132148355, endurance=181.34378365874989, efficiency=14.464798031459093)"
[112   4],250,112,4,250,32.256,3.736347465548562,4.533349610791845,1489.7823330354888,6955.663331868423,0.03387180354097082,8.064,7.119869980514969,413.96762341220244,"ScoreBreakdown(accel=96.98286923697341, skidpad=75.0, autocross=49.04127128414419, endurance=179.02142529512147, efficiency=13.922057595963315)"
[112   4],255,112,4,255,32.256,3.753710765628057,4.543751833798964,1494.6190870741364,6981.343201279865,0.0299368833852432,8.064,7.145923688070515,408.88067341694006,"ScoreBreakdown(accel=95.67158063929313, skidpad=75.0, autocross=48.05142695390781, endurance=176.72515505640828, efficiency=13.432510767330841)"
[112   4],260,112,4,260,32.256,3.7731330596000134,4.554205599096264,1499.4968283888852,7011.322573218827,0.02565356199578673,8.064,7.174028265053087,403.60640282420576,"ScoreBreakdown(accel=94.21909558161298, skidpad=75.0, autocross=47.05966160746947, endurance=174.42442838732723, efficiency=12.903217247796052)"
[112   4],265,112,4,265,32.256,3.7952596185436107,4.564290460655897,1504.3334331426684,7036.645045735606,0.022072912278423482,8.064,7.1972729690795525,398.2506550494483,"ScoreBreakdown(accel=92.58248880387598, skidpad=75.0, autocross=46.08261072793034, endurance=172.15783677502952, efficiency=12.427718742612521)"
[112   4],270,112,4,270,32.256,3.821174457418792,4.5740298978115845,1509.7165112457292,7047.978348591719,0.020239063786022374,8.064,7.208494752423779,392.4134522158991,"ScoreBreakdown(accel=90.68977811745462, skidpad=75.0, autocross=45.00252703447014, endurance=169.65222658476867, efficiency=12.068920479205643)"
[112   4],275,112,4,275,32.256,3.849749874109179,4.583512153122953,1515.1854872435579,7054.063506003517,0.01939517342090918,8.064,7.214163515114903,386.430475694047,"ScoreBreakdown(accel=88.6322903140801, skidpad=75.0, autocross=43.91306763195269, endurance=167.12486634652825, efficiency=11.760251401486)"
[112   4],280,112,4,280,32.256,3.8782795667071923,4.593257496777142,1520.7628806996095,7058.905749203775,0.018605541544982063,8.064,7.219545547298069,380.4456246310506,"ScoreBreakdown(accel=86.60834141317284, skidpad=75.0, autocross=42.810081078320344, endurance=164.56612542188003, efficiency=11.4610767176774)"
[112   4],285,112,4,285,32.256,3.906724326227902,4.602689228761392,1526.3481730960925,7063.2170369361,0.0179476187062244,8.064,7.224460713791154,374.52488099460294,"ScoreBreakdown(accel=84.61984659093939, skidpad=75.0, autocross=41.71361035580173, endurance=162.0225001155265, efficiency=11.168923932335296)"
[112   4],290,112,4,290,32.256,3.935079819301123,4.6118214268334015,1531.829692779949,7068.953155598596,0.017245615925454198,8.064,7.229507425916644,368.72552800371454,"ScoreBreakdown(accel=82.66620466115832, skidpad=75.0, autocross=40.64528601393753, endurance=159.54416961791185, efficiency=10.869867710706874)"
[112   4],295,112,4,295,32.256,3.9633417441227863,4.620667299055384,1537.6884499644689,7074.976068276276,0.01653184448200325,8.064,7.234773281811904,362.72721938597726,"ScoreBreakdown(accel=80.7468256290709, skidpad=75.0, autocross=39.51186071027336, endurance=156.91481597804503, efficiency=10.553717068587929)"
[112   4],300,112,4,300,32.256,3.9915058253446176,4.62980857849513,1543.8451370319428,7078.248861038099,0.01626922384631281,8.064,7.237311376216904,356.61766572268203,"ScoreBreakdown(accel=78.86113094825608, skidpad=75.0, autocross=38.330068197596866, endurance=154.17325865201076, efficiency=10.25320792481838)"
[116   4],200,116,4,200,33.407999999999994,3.6253038322989397,4.411893476136811,1439.4136593482715,6775.626403149225,0.1051040477674842,8.352,6.936164641365883,456.9501335310372,"ScoreBreakdown(accel=100.0, skidpad=75.0, autocross=59.74458651887658, endurance=203.85129346561726, efficiency=18.35425354654331)"
[116   4],205,116,4,205,33.407999999999994,3.63304424605127,4.42563881461237,1444.213057591554,6809.728091530803,0.09892089505622707,8.352,6.974041359095149,452.8309843900033,"ScoreBreakdown(accel=100.0, skidpad=75.0, autocross=58.69253709693436, endurance=201.41071800999526, efficiency=17.727729283073714)"
[116   4],210,116,4,210,33.407999999999994,3.6413066374271352,4.43876149137175,1448.9537255168223,6840.860631247425,0.09250505591281435,8.352,7.013937073604263,448.82034606805206,"ScoreBreakdown(accel=100.0, skidpad=75.0, autocross=57.660203664058365, endurance=199.01588029063836, efficiency=17.14426211335527)"
[116   4],215,116,4,215,33.407999999999994,3.6502306563926226,4.451909490984619,1453.706298872763,6873.888235069487,0.08595388294498939,8.352,7.054871375123994,444.80952034760315,"ScoreBreakdown(accel=100.0, skidpad=75.0, autocross=56.63203614101175, endurance=196.63070677247526, efficiency=16.546777434116084)"
[116   4],220,116,4,220,33.407999999999994,3.659836849872832,4.464692498941417,1458.4744726092547,6903.605237686833,0.08021943927570631,8.352,7.090681045498562,440.8513296386556,"ScoreBreakdown(accel=100.0, skidpad=75.0, autocross=55.607227431570806, endurance=194.25332512974632, efficiency=15.99077707733849)"
[116   4],225,116,4,225,33.407999999999994,3.6701055085420506,4.476935933773376,1463.2165335338404,6936.606062299992,0.07482146836731605,8.352,7.125293856886561,436.9070803642982,"ScoreBreakdown(accel=100.0, skidpad=75.0, autocross=54.59465537507501, endurance=191.9043304374915, efficiency=15.408094551731743)"
[116   4],230,116,4,230,33.407999999999994,3.6811818926376247,4.4886810058795845,1467.97338808966,6965.316900793629,0.0704471845987063,8.352,7.153254913546769,433.0247137012699,"ScoreBreakdown(accel=100.0, skidpad=75.0, autocross=53.585496994605265, endurance=189.56325489214044, efficiency=14.875961814524192)"
[116   4],235,116,4,235,33.407999999999994,3.69325466831323,4.500279849860846,1472.7137156140832,6998.610544939187,0.06613540787291869,8.352,7.181374379721139,429.1354678546682,"ScoreBreakdown(accel=100.0, skidpad=75.0, autocross=52.58633000790466, endurance=187.24535767842653, efficiency=14.303780168337024)"
[116   4],240,116,4,240,33.407999999999994,3.706403470020561,4.511733862737842,1477.3274167722097,7020.36802891698,0.06286455934084527,8.352,7.202692026160376,424.75759842818775,"ScoreBreakdown(accel=99.27312442299333, skidpad=75.0, autocross=51.6200108000586, endurance=185.00366171645243, efficiency=13.86080148868336)"
[116   4],245,116,4,245,33.407999999999994,3.72069539565949,4.522747919369422,1482.0407200328734,7049.60085574075,0.058859123709464646,8.352,7.228918524425727,419.8849750732852,"ScoreBreakdown(accel=98.17541342826301, skidpad=75.0, autocross=50.63904304862307, endurance=182.72798362854454, efficiency=13.342534967854585)"
[116   4],250,116,4,250,33.407999999999994,3.736347465548562,4.533349610791845,1486.842385163024,7081.552733841836,0.05456743453205682,8.352,7.258100721129529,414.8524334548102,"ScoreBreakdown(accel=96.98286923697341, skidpad=75.0, autocross=49.646080107231036, endurance=180.42447874316616, efficiency=12.799005367439591)"
[116   4],255,116,4,255,33.407999999999994,3.753710765628057,4.543751833798964,1491.6617220715361,7108.61195969169,0.05057875457051338,8.352,7.285338822522457,409.7635375003303,"ScoreBreakdown(accel=95.67158063929313, skidpad=75.0, autocross=48.655890758642, endurance=178.12740812064413, efficiency=12.308657981751038)"
[116   4],260,116,4,260,33.407999999999994,3.7731330596000134,4.554205599096264,1496.510280912538,7139.648536807766,0.04616638543204848,8.352,7.3151547663247785,404.5003551584856,"ScoreBreakdown(accel=94.21909558161298, skidpad=75.0, autocross=47.666133122363824, endurance=175.8313389971467, efficiency=11.783787457362095)"
[116   4],265,116,4,265,33.407999999999994,3.7952596185436107,4.564290460655897,1501.314120920676,7166.279131407139,0.04239677932916334,8.352,7.340325217800418,399.15427436580717,"ScoreBreakdown(accel=92.58248880387598, skidpad=75.0, autocross=46.69180889598568, endurance=173.57107275573176, efficiency=11.308903910213742)"
[116   4],270,116,4,270,33.407999999999994,3.821174457418792,4.5740298978115845,1506.0234583412698,7184.588362023242,0.03957986097413692,8.352,7.3585186129937314,393.7234966035341,"ScoreBreakdown(accel=90.68977811745462, skidpad=75.0, autocross=45.74268535977871, endurance=171.36926782289552, efficiency=10.92176530340526)"
[116   4],275,116,4,275,33.407999999999994,3.849749874109179,4.583512153122953,1510.5616995399776,7201.506344551704,0.03717250935927012,8.352,7.375024782741966,388.28499999568044,"ScoreBreakdown(accel=88.6322903140801, skidpad=75.0, autocross=44.83364407123537, endurance=169.2604468771362, efficiency=10.55861873322881)"
[116   4],280,116,4,280,33.407999999999994,3.8782795667071923,4.593257496777142,1515.0203258279287,7217.930607342258,0.03469263017683347,8.352,7.392028136878854,382.96163907745375,"ScoreBreakdown(accel=86.60834141317284, skidpad=75.0, autocross=43.945853793617964, endurance=167.20092465688475, efficiency=10.206519213778245)"
[116   4],285,116,4,285,33.407999999999994,3.906724326227902,4.602689228761392,1519.4393308876115,7233.914503032717,0.032360622244876326,8.352,7.408429934799727,377.72556428734583,"ScoreBreakdown(accel=84.61984659093939, skidpad=75.0, autocross=43.07109379317437, endurance=165.1716304601338, efficiency=9.862993443098288)"
[116   4],290,116,4,290,33.407999999999994,3.935079819301123,4.6118214268334015,1523.7893571626419,7251.518092098246,0.02999880609849727,8.352,7.424837581018387,372.57692029265655,"ScoreBreakdown(accel=82.66620466115832, skidpad=75.0, autocross=42.214943872015034, endurance=163.1855084773313, efficiency=9.510263282151938)"
[116   4],295,116,4,295,33.407999999999994,3.9633417441227863,4.620667299055384,1528.1023305419108,7272.229377032446,0.02717327387768186,8.352,7.44447062445112,367.4788456564057,"ScoreBreakdown(accel=80.7468256290709, skidpad=75.0, autocross=41.37089878882644, endurance=161.22746765671533, efficiency=9.133653581793075)"
[116   4],300,116,4,300,33.407999999999994,3.9915058253446176,4.62980857849513,1532.393878732797,7294.662451892941,0.024119366212005628,8.352,7.465519472095066,362.43261805864194,"ScoreBreakdown(accel=78.86113094825608, skidpad=75.0, autocross=40.53576243737042, endurance=159.29009357622925, efficiency=8.745631096786205)"
[120   4],200,120,4,200,34.559999999999995,3.6253038322989397,4.411893476136811,1438.7253041810059,6847.830542728847,0.1317722917974886,8.64,7.015751166811418,456.6941019502677,"ScoreBreakdown(accel=100.0, skidpad=75.0, autocross=59.896052574515764, endurance=204.20266891437726, efficiency=17.595380461374667)"
[120   4],205,120,4,205,34.559999999999995,3.63304424605127,4.42563881461237,1443.2612504795986,6889.247522638254,0.12461837810755615,8.64,7.0616951968137975,452.7079488240478,"ScoreBreakdown(accel=100.0, skidpad=75.0, autocross=58.900621230961775, endurance=201.89343775644414, efficiency=16.913889836641804)"
[120   4],210,120,4,210,34.559999999999995,3.6413066374271352,4.43876149137175,1447.7368602836655,6926.944763551115,0.11735255712674739,8.64,7.108826602479995,448.83803182609034,"ScoreBreakdown(accel=100.0, skidpad=75.0, autocross=57.92454469295896, endurance=199.6291064505439, efficiency=16.284380682587468)"
[120   4],215,120,4,215,34.559999999999995,3.6502306563926226,4.451909490984619,1452.2451262370266,6964.457087774098,0.11000162131678966,8.64,7.15659461940837,444.97316652704654,"ScoreBreakdown(accel=100.0, skidpad=75.0, autocross=56.9474285027087, endurance=197.36236332852133, efficiency=15.663374695816492)"
[120   4],220,120,4,220,34.559999999999995,3.659836849872832,4.464692498941417,1456.8156487719446,6998.055050874592,0.10372327913299999,8.64,7.197216755406647,441.129267878718,"ScoreBreakdown(accel=100.0, skidpad=75.0, autocross=55.96299231532682, endurance=195.07863906002189, efficiency=15.087636503369282)"
[120   4],225,120,4,225,34.559999999999995,3.6701055085420506,4.476935933773376,1461.446386330648,7033.381704513301,0.09798077789563694,8.64,7.235218075204681,437.2495497016521,"ScoreBreakdown(accel=100.0, skidpad=75.0, autocross=54.971866190582425, endurance=192.77939527638733, efficiency=14.49828823468234)"
[120   4],230,120,4,230,34.559999999999995,3.6811818926376247,4.4886810058795845,1466.1319532361308,7064.00261922165,0.0933528134189318,8.64,7.265764510922177,433.4039352511222,"ScoreBreakdown(accel=100.0, skidpad=75.0, autocross=53.97537735434771, endurance=190.46771091556545, efficiency=13.960846981209082)"
[120   4],235,120,4,235,34.559999999999995,3.69325466831323,4.500279849860846,1470.8440719488444,7099.330168445502,0.08885198338027063,8.64,7.29601299679111,429.5189502229134,"ScoreBreakdown(accel=100.0, skidpad=75.0, autocross=52.97964465253568, endurance=188.15778065780626, efficiency=13.381524912571457)"
[120   4],240,120,4,240,34.559999999999995,3.706403470020561,4.511733862737842,1475.4389688130066,7123.131211801217,0.08544794196626006,8.64,7.318915509496553,425.1353515093291,"ScoreBreakdown(accel=99.27312442299333, skidpad=75.0, autocross=52.014807264399444, endurance=185.91952226514965, efficiency=12.927897556786661)"
[120   4],245,120,4,245,34.559999999999995,3.72069539565949,4.522747919369422,1480.1340445918117,7154.047336686659,0.08125752025164122,8.64,7.3471615349903425,420.2622000086607,"ScoreBreakdown(accel=98.17541342826301, skidpad=75.0, autocross=51.03512205984129, endurance=183.64681946753157, efficiency=12.404845053024898)"
[120   4],250,120,4,250,34.559999999999995,3.736347465548562,4.533349610791845,1484.8815189089487,7187.340584925622,0.07688810137591695,8.64,7.3777549864123015,415.2595087900288,"ScoreBreakdown(accel=96.98286923697341, skidpad=75.0, autocross=50.050802727676896, endurance=181.36336628323187, efficiency=11.862470542146626)"
[120   4],255,120,4,255,34.559999999999995,3.753710765628057,4.543751833798964,1489.6493655307231,7215.527115338639,0.07283398929135905,8.64,7.40627711171602,410.1988389932024,"ScoreBreakdown(accel=95.67158063929313, skidpad=75.0, autocross=49.068573939311385, endurance=179.08476280444816, efficiency=11.373921610149667)"
[120   4],260,120,4,260,34.559999999999995,3.7731330596000134,4.554205599096264,1494.3991001125012,7248.783906534179,0.06835461166883901,8.64,7.437467580281821,404.9885812470072,"ScoreBreakdown(accel=94.21909558161298, skidpad=75.0, autocross=48.09630831930707, endurance=176.82927217916293, efficiency=10.843905166924207)"
[120   4],265,120,4,265,34.559999999999995,3.7952596185436107,4.564290460655897,1499.1071345123091,7277.383022013183,0.06449601569155043,8.64,7.464040983748157,399.6938906527087,"ScoreBreakdown(accel=92.58248880387598, skidpad=75.0, autocross=47.138658789549616, endurance=174.60768839358462, efficiency=10.365054665698496)"
[120   4],270,120,4,270,34.559999999999995,3.821174457418792,4.5740298978115845,1503.7313903804836,7297.131856208287,0.06153893876726383,8.64,7.483712305475407,394.30898251306144,"ScoreBreakdown(accel=90.68977811745462, skidpad=75.0, autocross=46.203887940628746, endurance=172.43917925045383, efficiency=9.976137204524196)"
[120   4],275,120,4,275,34.559999999999995,3.849749874109179,4.583512153122953,1508.2116642795932,7314.708236009661,0.05905158760319448,8.64,7.501268735338657,388.9035710500809,"ScoreBreakdown(accel=88.6322903140801, skidpad=75.0, autocross=45.303689523464975, endurance=170.35087226002412, efficiency=9.616718952511771)"
[120   4],280,120,4,280,34.559999999999995,3.8782795667071923,4.593257496777142,1512.6442706057267,7331.749058244217,0.05661037734105327,8.64,7.518597928846312,383.59074050903035,"ScoreBreakdown(accel=86.60834141317284, skidpad=75.0, autocross=44.418316468544496, endurance=168.29695758468617, efficiency=9.267125042626834)"
[120   4],285,120,4,285,34.559999999999995,3.906724326227902,4.602689228761392,1517.0330390879224,7348.372698986888,0.05436474432090381,8.64,7.534957828226336,378.3677600210384,"ScoreBreakdown(accel=84.61984659093939, skidpad=75.0, autocross=43.54679705413884, endurance=166.2751809955506, efficiency=8.92593538040956)"
[120   4],290,120,4,290,34.559999999999995,3.935079819301123,4.6118214268334015,1521.3565330720094,7366.777419311499,0.05202052425477704,8.64,7.551791148649807,373.22858444964703,"ScoreBreakdown(accel=82.66620466115832, skidpad=75.0, autocross=42.69315646533669, endurance=164.29488023638396, efficiency=8.574343086768085)"
[120   4],295,120,4,295,34.559999999999995,3.9633417441227863,4.620667299055384,1525.6586850276526,7388.011386079856,0.04916124287797501,8.64,7.572288760028184,368.1323468643871,"ScoreBreakdown(accel=80.7468256290709, skidpad=75.0, autocross=41.848532116194804, endurance=162.33549561742666, efficiency=8.20149350169476)"
[120   4],300,120,4,300,34.559999999999995,3.9915058253446176,4.62980857849513,1529.9227357133605,7411.294171786493,0.046134287462797484,8.64,7.593868159665733,363.09705036447,"ScoreBreakdown(accel=78.86113094825608, skidpad=75.0, autocross=41.016075297658304, endurance=160.40433759688943, efficiency=7.81550652166624)"
[124   4],200,124,4,200,35.711999999999996,3.6253038322989397,4.411893476136811,1438.9946283299164,6885.8971753951855,0.16173964292776447,8.928,7.059871945086998,456.07103930744415,"ScoreBreakdown(accel=100.0, skidpad=75.0, autocross=59.836773081309, endurance=204.06515058764805, efficiency=17.169115638487135)"
[124   4],205,124,4,205,35.711999999999996,3.63304424605127,4.42563881461237,1443.3657010588256,6934.291450198595,0.1536641847687871,8.928,7.114262833807799,452.14664778730355,"ScoreBreakdown(accel=100.0, skidpad=75.0, autocross=58.877772832657925, endurance=201.84043336431444, efficiency=16.4284415903312)"
[124   4],210,124,4,210,35.711999999999996,3.6413066374271352,4.43876149137175,1447.6532581871513,6979.328375188213,0.1456019694518982,8.928,7.168950998045557,448.35253611312083,"ScoreBreakdown(accel=100.0, skidpad=75.0, autocross=57.94272198669178, endurance=199.67127467573252, efficiency=15.738539450696603)"
[124   4],215,124,4,215,35.711999999999996,3.6502306563926226,4.451909490984619,1451.925017209313,7023.954644222829,0.13730110970626563,8.928,7.225312033927015,444.6032063320512,"ScoreBreakdown(accel=100.0, skidpad=75.0, autocross=57.016608421365774, endurance=197.52284895588326, efficiency=15.063748954802108)"
[124   4],220,124,4,220,35.711999999999996,3.659836849872832,4.464692498941417,1456.2737962413196,7064.272656350152,0.13012352773214161,8.928,7.273919678963718,440.8664960697739,"ScoreBreakdown(accel=100.0, skidpad=75.0, autocross=56.0793780396737, endurance=195.34863411567372, efficiency=14.43848391442647)"
[124   4],225,124,4,225,35.711999999999996,3.6701055085420506,4.476935933773376,1460.6952210764857,7105.914567366224,0.12341995789755969,8.928,7.320011768717791,437.08845028814596,"ScoreBreakdown(accel=100.0, skidpad=75.0, autocross=55.13221259862837, endurance=193.15137163007583, efficiency=13.804866059441764)"
[124   4],230,124,4,230,35.711999999999996,3.6811818926376247,4.4886810058795845,1465.2121741778733,7141.165640395216,0.11809703174694704,8.928,7.3564825631735085,433.3289630780701,"ScoreBreakdown(accel=100.0, skidpad=75.0, autocross=54.17048585006771, endurance=190.92032939137678, efficiency=13.238147836625608)"
[124   4],235,124,4,235,35.711999999999996,3.69325466831323,4.500279849860846,1469.7658560436694,7180.229693413426,0.11320864138650918,8.928,7.390489200092829,429.53153240548716,"ScoreBreakdown(accel=100.0, skidpad=75.0, autocross=53.206922541133025, endurance=188.68502664544445, efficiency=12.639583218909708)"
[124   4],240,124,4,240,35.711999999999996,3.706403470020561,4.511733862737842,1474.2332877293034,7206.80053737321,0.10953731121071142,8.928,7.415978874244259,425.21857196900936,"ScoreBreakdown(accel=99.27312442299333, skidpad=75.0, autocross=52.26739439830491, endurance=186.5054813907937, efficiency=12.172571756917431)"
[124   4],245,124,4,245,35.711999999999996,3.72069539565949,4.522747919369422,1478.7978794126666,7240.266796467019,0.1051335101425685,8.928,7.4466166543920895,420.4211541870661,"ScoreBreakdown(accel=98.17541342826301, skidpad=75.0, autocross=51.31329605209569, endurance=184.29213574614818, efficiency=11.64030896055922)"
[124   4],250,124,4,250,35.711999999999996,3.736347465548562,4.533349610791845,1483.4688231838625,7275.559059194377,0.10073020130678516,8.928,7.47836165512515,415.4595051166094,"ScoreBreakdown(accel=96.98286923697341, skidpad=75.0, autocross=50.343046083475635, endurance=182.04132108873375, efficiency=11.092268707426614)"
[124   4],255,124,4,255,35.711999999999996,3.753710765628057,4.543751833798964,1488.185595520425,7304.921689525403,0.09658616689628571,8.928,7.508284807947365,410.4274131798783,"ScoreBreakdown(accel=95.67158063929313, skidpad=75.0, autocross=49.36945713513487, endurance=179.78276056712002, efficiency=10.603614838330273)"
[124   4],260,124,4,260,35.711999999999996,3.7731330596000134,4.554205599096264,1492.9025683244645,7339.599747977735,0.09199903114796895,8.928,7.541135264555042,405.23105929993596,"ScoreBreakdown(accel=94.21909558161298, skidpad=75.0, autocross=48.4019792395199, endurance=177.53837664688984, efficiency=10.071607831913223)"
[124   4],265,124,4,265,35.711999999999996,3.7952596185436107,4.564290460655897,1497.6017592563326,7369.462351846949,0.08816775967657475,8.928,7.568402847937718,399.9334208536741,"ScoreBreakdown(accel=92.58248880387598, skidpad=75.0, autocross=47.44420858783442, endurance=175.31651187907, efficiency=9.590211582893685)"
[124   4],270,124,4,270,35.711999999999996,3.821174457418792,4.5740298978115845,1502.2224919846342,7390.166231289537,0.0850380351250568,8.928,7.589887223573389,394.5427488268058,"ScoreBreakdown(accel=90.68977811745462, skidpad=75.0, autocross=46.50827186478292, endurance=173.14529810654827, efficiency=9.199400738019937)"
[124   4],275,124,4,275,35.711999999999996,3.849749874109179,4.583512153122953,1506.6853624450266,7408.899452980249,0.08257812907130092,8.928,7.607848204479772,389.1393799403231,"ScoreBreakdown(accel=88.6322903140801, skidpad=75.0, autocross=45.60976025579661, endurance=171.06090422376363, efficiency=8.83642514668281)"
[124   4],280,124,4,280,35.711999999999996,3.8782795667071923,4.593257496777142,1511.0970406158472,7426.8713708171745,0.08016619298151732,8.928,7.62553079516331,383.83299692729,"ScoreBreakdown(accel=86.60834141317284, skidpad=75.0, autocross=44.726771567420336, endurance=169.01252087266172, efficiency=8.485363074035094)"
[124   4],285,124,4,285,35.711999999999996,3.906724326227902,4.602689228761392,1515.4627177585778,7444.162999330764,0.07799853376834524,8.928,7.641888433944157,378.62017341409535,"ScoreBreakdown(accel=84.61984659093939, skidpad=75.0, autocross=43.858050719525245, endurance=166.99723648113024, efficiency=8.145039622500434)"
[124   4],290,124,4,290,35.711999999999996,3.935079819301123,4.6118214268334015,1519.7570117244381,7462.888578743568,0.07568717893256638,8.928,7.659025190624866,373.49877139264584,"ScoreBreakdown(accel=82.66620466115832, skidpad=75.0, autocross=43.00840358109274, endurance=165.02619984658745, efficiency=7.797963303807346)"
[124   4],295,124,4,295,35.711999999999996,3.9633417441227863,4.620667299055384,1524.0220165625065,7485.024090794449,0.07284105983713232,8.928,7.680073465814135,368.42124881460865,"ScoreBreakdown(accel=80.7468256290709, skidpad=75.0, autocross=42.16929073055846, endurance=163.0796009655859, efficiency=7.425531489393398)"
[124   4],300,124,4,300,35.711999999999996,3.9915058253446176,4.62980857849513,1528.2365845137322,7509.373083095275,0.06975027732933643,8.928,7.702720601287211,363.4120621494985,"ScoreBreakdown(accel=78.86113094825608, skidpad=75.0, autocross=41.34470186160845, endurance=161.16669524788412, efficiency=7.039534091749894)"
[128   4],200,128,4,200,36.864,3.6253038322989397,4.411893476136811,1439.9228816001455,6892.333530936839,0.1944344559747457,9.216,7.069408103395655,455.2762878372311,"ScoreBreakdown(accel=100.0, skidpad=75.0, autocross=59.63263016114335, endurance=203.5915737860226, efficiency=17.052083890065173)"
[128   4],205,128,4,205,36.864,3.63304424605127,4.42563881461237,1444.1913893022609,6945.501789483041,0.18587004523409506,9.216,7.129872712642519,451.38698194923404,"ScoreBreakdown(accel=100.0, skidpad=75.0, autocross=58.6972711688105, endurance=201.4217002503589, efficiency=16.268010530064643)"
[128   4],210,128,4,210,36.864,3.6413066374271352,4.43876149137175,1448.365148764778,6997.10390702117,0.17726287935192087,9.216,7.190979990831365,447.61845516183894,"ScoreBreakdown(accel=100.0, skidpad=75.0, autocross=57.78800540293803, endurance=199.3123585554328, efficiency=15.518091203468117)"
[128   4],215,128,4,215,36.864,3.6502306563926226,4.451909490984619,1452.5041312803828,7048.388747439367,0.1680706966120109,9.216,7.256227856660959,443.9093374127088,"ScoreBreakdown(accel=100.0, skidpad=75.0, autocross=56.89147630396908, endurance=197.23256375819292, efficiency=14.785297350546788)"
[128   4],220,128,4,220,36.864,3.659836849872832,4.464692498941417,1456.7080197450798,7094.846236582659,0.16001128265816217,9.216,7.313220539246904,440.227787556921,"ScoreBreakdown(accel=100.0, skidpad=75.0, autocross=55.98610330509284, endurance=195.1322526196149, efficiency=14.10943163221323)"
[128   4],225,128,4,225,36.864,3.6701055085420506,4.476935933773376,1460.975516739438,7142.931660353562,0.15233829110031086,9.216,7.368057700659051,436.509300362722,"ScoreBreakdown(accel=100.0, skidpad=75.0, autocross=55.072360404999245, endurance=193.0125247359188, efficiency=13.424415221804022)"
[128   4],230,128,4,230,36.864,3.6811818926376247,4.4886810058795845,1465.3515076406095,7183.185690869981,0.1463230526222594,9.216,7.410993566752345,432.81326980304834,"ScoreBreakdown(accel=100.0, skidpad=75.0, autocross=54.140913942696, endurance=190.85172760347385, efficiency=12.820628256878521)"
[128   4],235,128,4,235,36.864,3.69325466831323,4.500279849860846,1469.7630479096924,7227.014243006638,0.14094600696092754,9.216,7.449822664395617,429.0828121652285,"ScoreBreakdown(accel=100.0, skidpad=75.0, autocross=53.207514905036845, endurance=188.6864008287996, efficiency=12.188896431392045)"
[128   4],240,128,4,240,36.864,3.706403470020561,4.511733862737842,1474.0993148640368,7258.704571159928,0.13685782399783655,9.216,7.479278263890431,424.82344834867075,"ScoreBreakdown(accel=99.27312442299333, skidpad=75.0, autocross=52.29548688144536, endurance=186.57065116648116, efficiency=11.684185877750902)"
[128   4],245,128,4,245,36.864,3.72069539565949,4.522747919369422,1478.5100558883207,7297.044361922222,0.13183355014021603,9.216,7.515478722404209,420.0994738454174,"ScoreBreakdown(accel=98.17541342826301, skidpad=75.0, autocross=51.37328336738774, endurance=184.43129609954687, efficiency=11.119480950219756)"
[128   4],250,128,4,250,36.864,3.736347465548562,4.533349610791845,1483.0358753641092,7337.647959601073,0.12691831170314596,9.216,7.552013194574014,415.2007423665981,"ScoreBreakdown(accel=96.98286923697341, skidpad=75.0, autocross=50.43272115200058, endurance=182.2493519727003, efficiency=10.5358000049238)"
[128   4],255,128,4,255,36.864,3.753710765628057,4.543751833798964,1487.627029730201,7370.752290036637,0.12242243799046236,9.216,7.585582578317113,410.23046158695524,"ScoreBreakdown(accel=95.67158063929313, skidpad=75.0, autocross=49.484428428482424, endurance=180.04947438378383, efficiency=10.024978135395799)"
[128   4],260,128,4,260,36.864,3.7731330596000134,4.554205599096264,1492.2239632677488,7409.2311796522445,0.11752414410594789,9.216,7.6218584078747575,405.09175886741656,"ScoreBreakdown(accel=94.21909558161298, skidpad=75.0, autocross=48.54078831355903, endurance=177.8603900542942, efficiency=9.471484917950367)"
[128   4],265,128,4,265,36.864,3.7952596185436107,4.564290460655897,1496.8137732005819,7442.001834428982,0.11343886944014694,9.216,7.651882139799895,399.8508415507019,"ScoreBreakdown(accel=92.58248880387598, skidpad=75.0, autocross=47.60439315080732, endurance=175.68811277975735, efficiency=8.975846816261246)"
[128   4],270,128,4,270,36.864,3.821174457418792,4.5740298978115845,1501.340360250704,7465.499047844462,0.11014367646278943,9.216,7.6753255884745535,394.5049449760222,"ScoreBreakdown(accel=90.68977811745462, skidpad=75.0, autocross=46.68650410528692, endurance=173.55876654491445, efficiency=8.569896208366254)"
[128   4],275,128,4,275,36.864,3.849749874109179,4.583512153122953,1505.7503285521352,7485.325551632502,0.1075301551035413,9.216,7.694915452515111,389.1311397297563,"ScoreBreakdown(accel=88.6322903140801, skidpad=75.0, autocross=45.7975699728622, endurance=171.49659077635098, efficiency=8.20468866646301)"
[128   4],280,128,4,280,36.864,3.8782795667071923,4.593257496777142,1510.1129173556137,7504.354283561891,0.10502941015857686,9.216,7.713739172262013,383.85151189944503,"ScoreBreakdown(accel=86.60834141317284, skidpad=75.0, autocross=44.923294827489485, endurance=169.46842136077572, efficiency=7.851454298006986)"
[128   4],285,128,4,285,36.864,3.906724326227902,4.602689228761392,1514.4476493292796,7522.143655465215,0.10289540804448066,9.216,7.7303383245395,378.65711401731585,"ScoreBreakdown(accel=84.61984659093939, skidpad=75.0, autocross=44.05959108379543, endurance=167.46477579639077, efficiency=7.512900546190301)"
[128   4],290,128,4,290,36.864,3.935079819301123,4.6118214268334015,1518.7150193821521,7541.302955582698,0.10053255483407417,9.216,7.748329841339036,373.55195611929184,"ScoreBreakdown(accel=82.66620466115832, skidpad=75.0, autocross=43.214125385233196, endurance=165.5034393900916, efficiency=7.168186682808744)"
[128   4],295,128,4,295,36.864,3.9633417441227863,4.620667299055384,1522.9483909915768,7564.170302607092,0.09774948851591339,9.216,7.769569679993236,368.49185860929634,"ScoreBreakdown(accel=80.7468256290709, skidpad=75.0, autocross=42.38007716617822, endurance=163.56858959142633, efficiency=6.796366222620927)"
[128   4],300,128,4,300,36.864,3.9915058253446176,4.62980857849513,1527.1389849007026,7589.298017656321,0.09469241244046854,9.216,7.792628179388369,363.494653470128,"ScoreBreakdown(accel=78.86113094825608, skidpad=75.0, autocross=41.559011167624384, endurance=161.6638563329672, efficiency=6.410655021280381)"
[132   4],200,132,4,200,38.016,3.6253038322989397,4.411893476136811,1441.2601871114987,6884.62048228398,0.2268329155004925,9.504,7.061720139804228,454.3156279775943,"ScoreBreakdown(accel=100.0, skidpad=75.0, autocross=59.3389901363085, endurance=202.91037894626206, efficiency=17.066258895023765)"
[132   4],205,132,4,205,38.016,3.63304424605127,4.42563881461237,1445.4638807046558,6938.291341169749,0.21867074694666122,9.504,7.122584048021605,450.4763995389115,"ScoreBreakdown(accel=100.0, skidpad=75.0, autocross=58.41949876177827, endurance=200.77731558105282, efficiency=16.27958519608039)"
[132   4],210,132,4,210,38.016,3.6413066374271352,4.43876149137175,1449.566292990419,6991.013434447332,0.210325836759375,9.504,7.1851477370317784,446.75600139675095,"ScoreBreakdown(accel=100.0, skidpad=75.0, autocross=57.52730286997081, endurance=198.70757308632088, efficiency=15.521125440459254)"
[132   4],215,132,4,215,38.016,3.6502306563926226,4.451909490984619,1453.648134889998,7044.467529166077,0.20121638481661042,9.504,7.253299239171001,443.0731119752823,"ScoreBreakdown(accel=100.0, skidpad=75.0, autocross=56.64457864969037, endurance=196.65980325615243, efficiency=14.76873006943951)"
[132   4],220,132,4,220,38.016,3.659836849872832,4.464692498941417,1457.798610448385,7093.086893093525,0.19294541979349145,9.504,7.314793848914555,439.4152988506186,"ScoreBreakdown(accel=100.0, skidpad=75.0, autocross=55.752080603352134, endurance=194.5893598143773, efficiency=14.073858432889146)"
[132   4],225,132,4,225,38.016,3.6701055085420506,4.476935933773376,1461.9873430791397,7145.1857783346,0.18497958517935534,9.504,7.374422182729933,435.72171757414634,"ScoreBreakdown(accel=100.0, skidpad=75.0, autocross=54.85649369594644, endurance=192.51175074107394, efficiency=13.35347313712596)"
[132   4],230,132,4,230,38.016,3.6811818926376247,4.4886810058795845,1466.2784314222242,7189.335205528249,0.17849592715661025,9.504,7.422745044374437,432.0568157304365,"ScoreBreakdown(accel=100.0, skidpad=75.0, autocross=53.94432820625422, endurance=190.39568218081732, efficiency=12.71680534336498)"
[132   4],235,132,4,235,38.016,3.69325466831323,4.500279849860846,1470.6075308091338,7237.110517745114,0.17263026856810265,9.504,7.4667447352534895,428.35555615483355,"ScoreBreakdown(accel=100.0, skidpad=75.0, autocross=53.02947678882951, endurance=188.27338272573502, efficiency=12.052696640269001)"
[132   4],240,132,4,240,38.016,3.706403470020561,4.511733862737842,1474.8713819882576,7272.580159198475,0.16812834465937795,9.504,7.500415802459355,424.11929136820754,"ScoreBreakdown(accel=99.27312442299333, skidpad=75.0, autocross=52.133663822057514, endurance=186.19524923320833, efficiency=11.517253889948382)"
[132   4],245,132,4,245,38.016,3.72069539565949,4.522747919369422,1479.1893219534531,7315.461958911302,0.16260262995154978,9.504,7.541720786786124,419.42690465985834,"ScoreBreakdown(accel=98.17541342826301, skidpad=75.0, autocross=51.23175023659306, endurance=184.10296334447813, efficiency=10.916777650524105)"
[132   4],250,132,4,250,38.016,3.736347465548562,4.533349610791845,1483.6178634223295,7360.418441093142,0.15715604454819068,9.504,7.583524669174005,414.5652492079394,"ScoreBreakdown(accel=96.98286923697341, skidpad=75.0, autocross=50.31218797508507, endurance=181.96973553355522, efficiency=10.300456462325721)"
[132   4],255,132,4,255,38.016,3.753710765628057,4.543751833798964,1488.1124405284736,7397.634041787596,0.15226303792864776,9.504,7.621303662412353,409.6334066121754,"ScoreBreakdown(accel=95.67158063929313, skidpad=75.0, autocross=49.384509937639656, endurance=179.81768050487707, efficiency=9.759635530365555)"
[132   4],260,132,4,260,38.016,3.7731330596000134,4.554205599096264,1492.5905153408676,7441.261690031004,0.14674854003405502,9.504,7.663425272377228,404.5404125326592,"ScoreBreakdown(accel=94.21909558161298, skidpad=75.0, autocross=48.46579419010985, endurance=177.68641646219046, efficiency=9.169106298745932)"
[132   4],265,132,4,265,38.016,3.7952596185436107,4.564290460655897,1497.0715163070279,7478.546499148099,0.1421941767173527,9.504,7.6980254245287245,399.3431349291476,"ScoreBreakdown(accel=92.58248880387598, skidpad=75.0, autocross=47.55197967256752, endurance=175.5665224382126, efficiency=8.642144014491537)"
[132   4],270,132,4,270,38.016,3.821174457418792,4.5740298978115845,1501.5022933577063,7505.584514074845,0.1384271502557816,9.504,7.7258274716615105,394.0390457510172,"ScoreBreakdown(accel=90.68977811745462, skidpad=75.0, autocross=46.653770282281386, endurance=173.48282965133333, efficiency=8.212667699947861)"
[132   4],275,132,4,275,38.016,3.849749874109179,4.583512153122953,1505.8321368951074,7528.284449232648,0.1355445097056661,9.504,7.748115986697564,388.7009534812793,"ScoreBreakdown(accel=88.6322903140801, skidpad=75.0, autocross=45.781128742711, endurance=171.4584499229555, efficiency=7.829084501532729)"
[132   4],280,132,4,280,38.016,3.8782795667071923,4.593257496777142,1510.1142593330285,7549.852264570718,0.13285500262637012,9.504,7.76906948781666,383.45974502008164,"ScoreBreakdown(accel=86.60834141317284, skidpad=75.0, autocross=44.923026668588754, endurance=169.46779927780355, efficiency=7.460577660516507)"
[132   4],285,132,4,285,38.016,3.906724326227902,4.602689228761392,1514.3876939360919,7570.21865176398,0.1305507221058979,9.504,7.787519830778829,378.289504947308,"ScoreBreakdown(accel=84.61984659093939, skidpad=75.0, autocross=44.07150359052217, endurance=167.49241078285218, efficiency=7.105743982994219)"
[132   4],290,132,4,290,38.016,3.935079819301123,4.6118214268334015,1518.5843412328177,7591.9772058397875,0.1280022755241978,9.504,7.807563231823459,373.214851965243,"ScoreBreakdown(accel=82.66620466115832, skidpad=75.0, autocross=43.2399452528252, endurance=165.56333708481782, efficiency=6.7453649664416515)"
[132   4],295,132,4,295,38.016,3.9633417441227863,4.620667299055384,1522.7359197635926,7617.555187906703,0.12493330521395883,9.504,7.831635054146017,368.1922042790056,"ScoreBreakdown(accel=80.7468256290709, skidpad=75.0, autocross=42.42182717675658, endurance=163.66544250438307, efficiency=6.358108968795089)"
[132   4],300,132,4,300,38.016,3.9915058253446176,4.62980857849513,1526.841621211933,7645.9729214118315,0.12152097958580207,9.504,7.858035572669521,363.2298134431388,"ScoreBreakdown(accel=78.86113094825608, skidpad=75.0, autocross=41.61712528177261, endurance=161.7986711787883, efficiency=5.952886034321879)"
[136   4],200,136,4,200,39.168,3.6253038322989397,4.411893476136811,1442.7975108399528,6872.484129441619,0.25734589125214763,9.792,7.048454134671983,453.2489599488746,"ScoreBreakdown(accel=100.0, skidpad=75.0, autocross=59.00210348970807, endurance=202.12885931051918, efficiency=17.117997148647277)"
[136   4],205,136,4,205,39.168,3.63304424605127,4.42563881461237,1446.9613525122732,6926.644730757213,0.24952568921246104,9.792,7.109713128051321,449.4405286717361,"ScoreBreakdown(accel=100.0, skidpad=75.0, autocross=58.093241099461096, endurance=200.0204533783343, efficiency=16.32683419394067)"
[136   4],210,136,4,210,39.168,3.6413066374271352,4.43876149137175,1451.0232758520826,6980.317280559156,0.2415262396479809,9.792,7.172715008401222,445.746287288227,"ScoreBreakdown(accel=100.0, skidpad=75.0, autocross=57.21165110410862, endurance=197.97531475679796, efficiency=15.559321427320398)"
[136   4],215,136,4,215,39.168,3.6502306563926226,4.451909490984619,1455.0481964340179,7034.488790737257,0.23271449609642259,9.792,7.241995206593283,442.10439959475553,"ScoreBreakdown(accel=100.0, skidpad=75.0, autocross=56.34294715009969, endurance=195.96006955620476, efficiency=14.801382888451107)"
[136   4],220,136,4,220,39.168,3.659836849872832,4.464692498941417,1459.1393010145246,7083.234436744987,0.22472397920133694,9.792,7.304464134188688,438.49527405117027,"ScoreBreakdown(accel=100.0, skidpad=75.0, autocross=55.464869974945145, endurance=193.92308007916316, efficiency=14.107323997061979)"
[136   4],225,136,4,225,39.168,3.6701055085420506,4.476935933773376,1463.272530421777,7135.142875214538,0.21700342043790213,9.792,7.3652948994282985,434.8500402648197,"ScoreBreakdown(accel=100.0, skidpad=75.0, autocross=54.582737569046785, endurance=191.87668315755326, efficiency=13.390619538219656)"
[136   4],230,136,4,230,39.168,3.6811818926376247,4.4886810058795845,1467.5312951569815,7179.115797702428,0.2107216149805006,9.792,7.414660222830151,431.2156440717576,"ScoreBreakdown(accel=100.0, skidpad=75.0, autocross=53.67901048321782, endurance=189.78019025688414, efficiency=12.756443331655603)"
[136   4],235,136,4,235,39.168,3.69325466831323,4.500279849860846,1471.8327378245308,7226.641941291916,0.2051627230667668,9.792,7.458685916162777,427.54170113216054,"ScoreBreakdown(accel=100.0, skidpad=75.0, autocross=52.7715357341051, endurance=187.67500341576365, efficiency=12.09516198229184)"
[136   4],240,136,4,240,39.168,3.706403470020561,4.511733862737842,1476.0751371895535,7262.237838168376,0.20084267090436114,9.792,7.49280305614856,423.3244285479677,"ScoreBreakdown(accel=99.27312442299333, skidpad=75.0, autocross=51.881697902109345, endurance=185.6107312181292, efficiency=11.558875004735855)"
[136   4],245,136,4,245,39.168,3.72069539565949,4.522747919369422,1480.3594790883872,7305.413930714987,0.1955408714891235,9.792,7.534645075306754,418.65814345953305,"ScoreBreakdown(accel=98.17541342826301, skidpad=75.0, autocross=50.98823873776076, endurance=183.5380581462845, efficiency=10.956433147224821)"
[136   4],250,136,4,250,39.168,3.736347465548562,4.533349610791845,1484.762038411662,7351.311775493796,0.19022028969023463,9.792,7.577562154844047,413.8109229063624,"ScoreBreakdown(accel=96.98286923697341, skidpad=75.0, autocross=50.07549804466194, endurance=181.42065521210307, efficiency=10.331900412624037)"
[136   4],255,136,4,255,39.168,3.753710765628057,4.543751833798964,1489.226457540676,7389.748011431033,0.18538857210878382,9.792,7.616649321841461,408.8941951931261,"ScoreBreakdown(accel=95.67158063929313, skidpad=75.0, autocross=49.15544344132786, endurance=179.28628525200773, efficiency=9.780885860497415)"
[136   4],260,136,4,260,39.168,3.7731330596000134,4.554205599096264,1493.6626013533782,7435.411227011076,0.17975583480501017,9.792,7.661653186900299,403.8174705502978,"ScoreBreakdown(accel=94.21909558161298, skidpad=75.0, autocross=48.24666376269405, endurance=177.17807119667657, efficiency=9.17364000931422)"
[136   4],265,136,4,265,39.168,3.7952596185436107,4.564290460655897,1498.1055959761159,7475.015435515808,0.1750110250666368,9.792,7.699265687050271,398.631300574759,"ScoreBreakdown(accel=92.58248880387598, skidpad=75.0, autocross=47.34187521491526, endurance=175.07911588509054, efficiency=8.6278206708772)"
[136   4],270,136,4,270,39.168,3.821174457418792,4.5740298978115845,1502.49489868937,7504.732122201803,0.17111915821806006,9.792,7.729280162530026,393.33775586606316,"ScoreBreakdown(accel=90.68977811745462, skidpad=75.0, autocross=46.45327514755385, endurance=173.0177150905705, efficiency=8.176987510484198)"
[136   4],275,136,4,275,39.168,3.849749874109179,4.583512153122953,1506.7889398831658,7529.482791445485,0.1680578397105009,9.792,7.753796318148124,388.01154207659,"ScoreBreakdown(accel=88.6322903140801, skidpad=75.0, autocross=45.58897016370889, endurance=171.01267475144886, efficiency=7.7776068473521525)"
[136   4],280,136,4,280,39.168,3.8782795667071923,4.593257496777142,1511.034421995786,7552.8683863777815,0.16520294924701615,9.792,7.7768058679644145,382.78471904841336,"ScoreBreakdown(accel=86.60834141317284, skidpad=75.0, autocross=44.7392684883108, endurance=169.04151160043543, efficiency=7.395597546494348)"
[136   4],285,136,4,285,39.168,3.906724326227902,4.602689228761392,1515.2736085001393,7575.064281906129,0.16280038120748477,9.792,7.796638995274511,377.62699707259833,"ScoreBreakdown(accel=84.61984659093939, skidpad=75.0, autocross=43.895577621820685, endurance=167.08429250222355, efficiency=7.027280357614707)"
[136   4],290,136,4,290,39.168,3.935079819301123,4.6118214268334015,1519.4256752488377,7599.4299401987055,0.15996199949860807,9.792,7.819555056718,372.5654641526608,"ScoreBreakdown(accel=82.66620466115832, skidpad=75.0, autocross=43.07378914483931, endurance=165.1778832168774, efficiency=6.6475871297858)"
[136   4],295,136,4,295,39.168,3.9633417441227863,4.620667299055384,1523.5198930910421,7627.691415095956,0.15661099125257932,9.792,7.846599203396834,367.564225941359,"ScoreBreakdown(accel=80.7468256290709, skidpad=75.0, autocross=42.26783636573701, endurance=163.30821005320047, efficiency=6.241353893350603)"
[136   4],300,136,4,300,39.168,3.9915058253446176,4.62980857849513,1527.5562415636614,7659.940723206264,0.1528607424056553,9.792,7.876468387221471,362.62210429663384,"ScoreBreakdown(accel=78.86113094825608, skidpad=75.0, autocross=41.47750438539852, endurance=161.4747744818503, efficiency=5.808694481128931)"
[140   4],200,140,4,200,40.32,3.6253038322989397,4.411893476136811,1444.4698133078941,6857.50969938695,0.28588321683105433,10.08,7.03198280586998,452.1109123160604,"ScoreBreakdown(accel=100.0, skidpad=75.0, autocross=58.636452109806314, endurance=201.2806103932249, efficiency=17.19384981302919)"
[140   4],205,140,4,205,40.32,3.63304424605127,4.42563881461237,1448.5916765739528,6911.981111503455,0.2784700486274428,10.08,7.092885979826449,448.3367236582605,"ScoreBreakdown(accel=100.0, skidpad=75.0, autocross=57.73880556026594, endurance=199.1982233010031, efficiency=16.399694796991444)"
[140   4],210,140,4,210,40.32,3.6413066374271352,4.43876149137175,1452.6122684816191,6966.066767267771,0.27077729265431105,10.08,7.1564093659394485,444.6747291489007,"ScoreBreakdown(accel=100.0, skidpad=75.0, autocross=56.868121604570774, endurance=197.1783848337661, efficiency=15.628222710563824)"
[140   4],215,140,4,215,40.32,3.6502306563926226,4.451909490984619,1456.5978287402938,7020.934294431538,0.2623349488018832,10.08,7.226019059147987,441.06038542958356,"ScoreBreakdown(accel=100.0, skidpad=75.0, autocross=56.009767962117394, endurance=195.18715059293743, efficiency=14.863466874528745)"
[140   4],220,140,4,220,40.32,3.659836849872832,4.464692498941417,1460.6614384033473,7069.014779998187,0.2546231397257649,10.08,7.289256064841445,437.483648605941,"ScoreBreakdown(accel=100.0, skidpad=75.0, autocross=55.139427843579384, endurance=193.16810976933672, efficiency=14.176110993024901)"
[140   4],225,140,4,225,40.32,3.6701055085420506,4.476935933773376,1464.7635523361084,7120.411646203496,0.24725509014096664,10.08,7.3501322823717565,433.8714874332834,"ScoreBreakdown(accel=100.0, skidpad=75.0, autocross=54.26573883880809, endurance=191.14130010011516, efficiency=13.464448494360099)"
[140   4],230,140,4,230,40.32,3.6811818926376247,4.4886810058795845,1468.9944884076222,7164.668117798049,0.24119648454894665,10.08,7.400040772802083,430.25991135745886,"ScoreBreakdown(accel=100.0, skidpad=75.0, autocross=53.36972439038473, endurance=189.06269920447693, efficiency=12.827487762597174)"
[140   4],235,140,4,235,40.32,3.69325466831323,4.500279849860846,1473.260892757038,7211.842031990265,0.23579854544829468,10.08,7.444826304130295,426.62001245669273,"ScoreBreakdown(accel=100.0, skidpad=75.0, autocross=52.47140985479841, endurance=186.9787624984115, efficiency=12.169840103482798)"
[140   4],240,140,4,240,40.32,3.706403470020561,4.511733862737842,1477.467555441717,7247.154326204457,0.23167392578450355,10.08,7.478953246058656,422.43648906699156,"ScoreBreakdown(accel=99.27312442299333, skidpad=75.0, autocross=51.59075381834504, endurance=184.93579050243298, efficiency=11.636820323220189)"
[140   4],245,140,4,245,40.32,3.72069539565949,4.522747919369422,1481.7292522962312,7290.278431578594,0.22659530650593088,10.08,7.520963927695178,417.7915758275831,"ScoreBreakdown(accel=98.17541342826301, skidpad=75.0, autocross=50.70367545363444, endurance=182.87791979886, efficiency=11.034567146825593)"
[140   4],250,140,4,250,40.32,3.736347465548562,4.533349610791845,1486.111758824561,7336.700852387037,0.2215002578572585,10.08,7.5640441457941545,412.9583650940711,"ScoreBreakdown(accel=96.98286923697341, skidpad=75.0, autocross=49.79675648155265, endurance=180.7740222657816, efficiency=10.404717109763439)"
[140   4],255,140,4,255,40.32,3.753710765628057,4.543751833798964,1490.5561881253582,7375.089084191385,0.21694447689108226,10.08,7.6027414869996335,408.061011065792,"ScoreBreakdown(accel=95.67158063929313, skidpad=75.0, autocross=48.88246974312834, endurance=178.6530327697943, efficiency=9.85392791357622)"
[140   4],260,140,4,260,40.32,3.7731330596000134,4.554205599096264,1494.962036034639,7421.1805584295835,0.21154464668693343,10.08,7.64808513899595,403.0063879706688,"ScoreBreakdown(accel=94.21909558161298, skidpad=75.0, autocross=47.98148543760624, endurance=176.56290265223942, efficiency=9.242904299210155)"
[140   4],265,140,4,265,40.32,3.7952596185436107,4.564290460655897,1499.3661161058062,7461.0695315776875,0.20694201956183703,10.08,7.686449146092691,397.8497438481296,"ScoreBreakdown(accel=92.58248880387598, skidpad=75.0, autocross=47.08615450120219, endurance=174.48588738805842, efficiency=8.695213154993027)"
[140   4],270,140,4,270,40.32,3.821174457418792,4.5740298978115845,1503.7291553872353,7491.054429056056,0.2033054250809501,10.08,7.716078803463951,392.5767384366799,"ScoreBreakdown(accel=90.68977811745462, skidpad=75.0, autocross=46.20433834497259, endurance=172.4402241118109, efficiency=8.242397862441768)"
[140   4],275,140,4,275,40.32,3.849749874109179,4.583512153122953,1507.9963180449138,7515.84287150779,0.20040311129293803,10.08,7.74059094796378,387.27329835097174,"ScoreBreakdown(accel=88.6322903140801, skidpad=75.0, autocross=45.34683556397642, endurance=170.45096372462942, efficiency=7.843208748285806)"
[140   4],280,140,4,280,40.32,3.8782795667071923,4.593257496777142,1512.2179494352933,7539.545134683095,0.19771638686183496,10.08,7.763427259952909,382.0644672253041,"ScoreBreakdown(accel=86.60834141317284, skidpad=75.0, autocross=44.50324467349438, endurance=168.49397655372664, efficiency=7.45890458491027)"
[140   4],285,140,4,285,40.32,3.906724326227902,4.602689228761392,1516.4310361383898,7561.338839772222,0.1954645954030776,10.08,7.783016016920111,376.9322500094957,"ScoreBreakdown(accel=84.61984659093939, skidpad=75.0, autocross=43.666043970196924, endurance=166.5518135286046, efficiency=7.09454591975473)"
[140   4],290,140,4,290,40.32,3.935079819301123,4.6118214268334015,1520.5530548307217,7586.1780385755355,0.1927994956891781,10.08,7.805720087092857,371.8911796168985,"ScoreBreakdown(accel=82.66620466115832, skidpad=75.0, autocross=42.85142980968205, endurance=164.66204743540686, efficiency=6.711497710651322)"
[140   4],295,140,4,295,40.32,3.9633417441227863,4.620667299055384,1524.6209991821731,7614.299203936618,0.18957741085274615,10.08,7.833095447894629,366.91256705789124,"ScoreBreakdown(accel=80.7468256290709, skidpad=75.0, autocross=42.05182063461649, endurance=162.80709035254253, efficiency=6.3068304416612895)"
[140   4],300,140,4,300,40.32,3.9915058253446176,4.62980857849513,1528.627090643275,7647.021061452906,0.18605252226747854,10.08,7.862723319901509,361.99038277014097,"ScoreBreakdown(accel=78.86113094825608, skidpad=75.0, autocross=41.26852870521779, endurance=160.98998650018927, efficiency=5.870736616477865)"
[144   4],200,144,4,200,41.471999999999994,3.6253038322989397,4.411893476136811,1446.2601326609088,6839.986248165047,0.31269237948787426,10.368,7.012131147078835,450.91245585015577,"ScoreBreakdown(accel=100.0, skidpad=75.0, autocross=58.245933385397336, endurance=200.37467347251098, efficiency=17.291848992247395)"
[144   4],205,144,4,205,41.471999999999994,3.63304424605127,4.42563881461237,1450.3470452074023,6894.710436968521,0.3056353474663011,10.368,7.07284261934827,447.1675679652906,"ScoreBreakdown(accel=100.0, skidpad=75.0, autocross=57.35807594979397, endurance=198.31499545717148, efficiency=16.494496558325128)"
[144   4],210,144,4,210,41.471999999999994,3.6413066374271352,4.43876149137175,1454.3264019192864,6949.060689041409,0.29827328395701885,10.368,7.136463259283083,443.5391748029717,"ScoreBreakdown(accel=100.0, skidpad=75.0, autocross=56.49837919142039, endurance=196.32064541619076, efficiency=15.720150195360516)"
[144   4],215,144,4,215,41.471999999999994,3.6502306563926226,4.451909490984619,1458.2666668399506,7004.217075678131,0.29022418168406855,10.368,7.20591329754842,439.9609123607109,"ScoreBreakdown(accel=100.0, skidpad=75.0, autocross=55.651750804811044, endurance=194.3566117716715, efficiency=14.952549784228312)"
[144   4],220,144,4,220,41.471999999999994,3.659836849872832,4.464692498941417,1462.2852169800046,7052.070860051693,0.2827643962167542,10.368,7.269917466597534,436.42535868017063,"ScoreBreakdown(accel=100.0, skidpad=75.0, autocross=54.79300111354248, endurance=192.36445876505357, efficiency=14.26789880157455)"
[144   4],225,144,4,225,41.471999999999994,3.6701055085420506,4.476935933773376,1466.3331728371445,7103.482579903943,0.275656926942577,10.368,7.331365429370387,432.85826638257043,"ScoreBreakdown(accel=100.0, skidpad=75.0, autocross=53.93272619844762, endurance=190.368767498961, efficiency=13.556772685161768)"
[144   4],230,144,4,230,41.471999999999994,3.6811818926376247,4.4886810058795845,1470.5128101067146,7147.24060773646,0.269812513495725,10.368,7.3817600184659184,429.2946000577753,"ScoreBreakdown(accel=100.0, skidpad=75.0, autocross=53.049436100184394, endurance=188.3196849282628, efficiency=12.92547902932812)"
[144   4],235,144,4,235,41.471999999999994,3.69325466831323,4.500279849860846,1474.7285974341692,7194.923123397809,0.2645479012882084,10.368,7.427436988784588,425.6917156791005,"ScoreBreakdown(accel=100.0, skidpad=75.0, autocross=52.16357828563647, endurance=186.2646456931619, efficiency=12.263491700302136)"
[144   4],240,144,4,240,41.471999999999994,3.706403470020561,4.511733862737842,1478.8874561789153,7230.021498756454,0.2605666224137055,10.368,7.461873803658938,421.5500058229659,"ScoreBreakdown(accel=99.27312442299333, skidpad=75.0, autocross=51.29463149552274, endurance=184.2488371541697, efficiency=11.73341275028011)"
[144   4],245,144,4,245,41.471999999999994,3.72069539565949,4.522747919369422,1483.1021072774706,7272.870541255813,0.25576045614467163,10.368,7.503480398287543,416.9462156557281,"ScoreBreakdown(accel=98.17541342826301, skidpad=75.0, autocross=50.4189993599543, endurance=182.2175197524861, efficiency=11.134283115024683)"
[144   4],250,144,4,250,41.471999999999994,3.736347465548562,4.533349610791845,1487.446108671694,7319.222381733316,0.25086347100034095,10.368,7.546753126582293,412.1455326791008,"ScoreBreakdown(accel=96.98286923697341, skidpad=75.0, autocross=49.52168647324409, endurance=180.13590670119518, efficiency=10.505070267688119)"
[144   4],255,144,4,255,41.471999999999994,3.753710765628057,4.543751833798964,1491.8519405067595,7358.0501273246055,0.24650752813586854,10.368,7.585411573234952,407.2761083604499,"ScoreBreakdown(accel=95.67158063929313, skidpad=75.0, autocross=48.61693938511311, endurance=178.03704756892998, efficiency=9.950540767113637)"
[144   4],260,144,4,260,41.471999999999994,3.7731330596000134,4.554205599096264,1496.2189126361063,7404.443738807057,0.24127219966994448,10.368,7.6313522377115905,402.2502905818339,"ScoreBreakdown(accel=94.21909558161298, skidpad=75.0, autocross=47.725430250589, endurance=175.96889823411507, efficiency=9.336866515516878)"
[144   4],265,144,4,265,41.471999999999994,3.7952596185436107,4.564290460655897,1500.5872491303676,7444.9124404903905,0.23679133856903797,10.368,7.670377936321251,397.1176783426655,"ScoreBreakdown(accel=92.58248880387598, skidpad=75.0, autocross=46.83883391146792, endurance=173.91214574780278, efficiency=8.784209879518787)"
[144   4],270,144,4,270,41.471999999999994,3.821174457418792,4.5740298978115845,1504.9198265451885,7475.167176692507,0.23343580440170342,10.368,7.699032813045246,391.86771315672985,"ScoreBreakdown(accel=90.68977811745462, skidpad=75.0, autocross=45.96457925011834, endurance=171.88402385167186, efficiency=8.32933193748503)"
[144   4],275,144,4,275,41.471999999999994,3.849749874109179,4.583512153122953,1509.160870447826,7499.864825439716,0.23062321844567366,10.368,7.723816937819498,386.58718592519426,"ScoreBreakdown(accel=88.6322903140801, skidpad=75.0, autocross=45.11365655125966, endurance=169.9100281342158, efficiency=7.9312109256387515)"
[144   4],280,144,4,280,41.471999999999994,3.8782795667071923,4.593257496777142,1513.362469433885,7523.82997442201,0.22810881916561757,10.368,7.74617914888565,381.39368549003063,"ScoreBreakdown(accel=86.60834141317284, skidpad=75.0, autocross=44.275350995144464, endurance=167.9653020387542, efficiency=7.544691042959158)"
[144   4],285,144,4,285,41.471999999999994,3.906724326227902,4.602689228761392,1517.5546214262313,7545.390909190239,0.22596695283434687,10.368,7.765614955457968,376.28154528901536,"ScoreBreakdown(accel=84.61984659093939, skidpad=75.0, autocross=43.443556637894865, endurance=166.03568081556082, efficiency=7.182461244620264)"
[144   4],290,144,4,290,41.471999999999994,3.935079819301123,4.6118214268334015,1521.6542187974874,7570.430931822033,0.22339852894934242,10.368,7.788465889528235,371.2575302410021,"ScoreBreakdown(accel=82.66620466115832, skidpad=75.0, autocross=42.634559210248106, endurance=164.1589445858779, efficiency=6.79782178371776)"
[144   4],295,144,4,295,41.471999999999994,3.9633417441227863,4.620667299055384,1525.7006931371484,7598.698674590901,0.22043629943199927,10.368,7.814885185758463,366.2954626036599,"ScoreBreakdown(accel=80.7468256290709, skidpad=75.0, autocross=41.840308314131455, endurance=162.31641779746013, efficiency=6.391910862997456)"
[144   4],300,144,4,300,41.471999999999994,3.9915058253446176,4.62980857849513,1529.6813501036652,7631.455231369759,0.2170314537651582,10.368,7.844852538167972,361.39313434588956,"ScoreBreakdown(accel=78.86113094825608, skidpad=75.0, autocross=41.06307630286432, endurance=160.5133719229419, efficiency=5.9555551718272355)"
[100   5],200,100,5,200,36.0,3.6253038322989397,4.411893476136811,1427.91138217349,7174.382802706068,0.12477270832717274,9.0,7.354355910147592,461.8011598613304,"ScoreBreakdown(accel=100.0, skidpad=75.0, autocross=62.29472165122154, endurance=209.76717258946127, efficiency=14.739265620647586)"
[100   5],205,100,5,205,36.0,3.63304424605127,4.42563881461237,1432.614985037831,7221.646171037718,0.11704037379452686,9.0,7.405934673621292,457.61923105938695,"ScoreBreakdown(accel=100.0, skidpad=75.0, autocross=61.246951211016885, endurance=207.33652364260013, efficiency=14.035756205769902)"
[100   5],210,100,5,210,36.0,3.6413066374271352,4.43876149137175,1437.2642224318042,7267.650791811577,0.10917258640702304,9.0,7.45885352335954,453.5253953132414,"ScoreBreakdown(accel=100.0, skidpad=75.0, autocross=60.21803062000193, endurance=204.94960313502625, efficiency=13.357761558213202)"
[100   5],215,100,5,215,36.0,3.6502306563926226,4.451909490984619,1441.939203951421,7313.366895695319,0.10139217641801296,9.0,7.511358647109073,449.44635346723754,"ScoreBreakdown(accel=100.0, skidpad=75.0, autocross=59.19010290766189, endurance=202.56498593685407, efficiency=12.691264622721569)"
[100   5],220,100,5,220,36.0,3.659836849872832,4.464692498941417,1446.6345816369517,7354.458188203983,0.09525778846501505,9.0,7.552865745465468,445.426799102651,"ScoreBreakdown(accel=100.0, skidpad=75.0, autocross=58.16437781476968, endurance=200.18547844061237, efficiency=12.076942847268919)"
[100   5],225,100,5,225,36.0,3.6701055085420506,4.476935933773376,1451.3515911696647,7396.568627091363,0.089331590928884,9.0,7.593766063143347,441.4115613575142,"ScoreBreakdown(accel=100.0, skidpad=75.0, autocross=57.14060989023044, endurance=197.81051124157096, efficiency=11.460440225712775)"
[100   5],230,100,5,230,36.0,3.6811818926376247,4.4886810058795845,1456.1020267649892,7433.035924300364,0.08441763961335977,9.0,7.627522623727917,437.4528671067964,"ScoreBreakdown(accel=100.0, skidpad=75.0, autocross=56.11629087378953, endurance=195.4342656031889, efficiency=10.902310629818032)"
[100   5],235,100,5,235,36.0,3.69325466831323,4.500279849860846,1460.8566472050068,7470.4201003886365,0.07966879368704612,9.0,7.660644270305219,433.51175129740614,"ScoreBreakdown(accel=100.0, skidpad=75.0, autocross=55.097740092097226, endurance=193.07140128687817, efficiency=10.342609918430778)"
[100   5],240,100,5,240,36.0,3.706403470020561,4.511733862737842,1465.4616719498927,7497.99904591382,0.07596503043842354,9.0,7.68634365365521,429.0722301702192,"ScoreBreakdown(accel=99.27312442299333, skidpad=75.0, autocross=54.11753682965942, endurance=190.7974966832238, efficiency=9.88407223434262)"
[100   5],245,100,5,245,36.0,3.72069539565949,4.522747919369422,1470.1637997053604,7530.780488724868,0.0716394289567245,9.0,7.7166396967209545,424.1686915130502,"ScoreBreakdown(accel=98.17541342826301, skidpad=75.0, autocross=53.12300090279649, endurance=188.49034273949107, efficiency=9.37993444249964)"
[100   5],250,100,5,250,36.0,3.736347465548562,4.533349610791845,1474.950854301861,7566.178498207072,0.06688235832770736,9.0,7.750951788793114,419.111458425912,"ScoreBreakdown(accel=96.98286923697341, skidpad=75.0, autocross=52.11701626934796, endurance=186.1566297466216, efficiency=8.854943172969051)"
[100   5],255,100,5,255,36.0,3.753710765628057,4.543751833798964,1479.7618092633497,7597.110023172962,0.06262893721126658,9.0,7.781859687741685,413.98420395300275,"ScoreBreakdown(accel=95.67158063929313, skidpad=75.0, autocross=51.112566628892154, endurance=183.82647767602893, efficiency=8.373579008788525)"
[100   5],260,100,5,260,36.0,3.7731330596000134,4.554205599096264,1484.570634831998,7631.4469006235995,0.05761883832058109,9.0,7.817724709639742,408.71524124716484,"ScoreBreakdown(accel=94.21909558161298, skidpad=75.0, autocross=50.11506736361385, endurance=181.51244929193948, efficiency=7.868629009998512)"
[100   5],265,100,5,265,36.0,3.7952596185436107,4.564290460655897,1489.3308232485622,7662.012505613635,0.05334019847379445,9.0,7.8480378028805005,403.35637667772363,"ScoreBreakdown(accel=92.58248880387598, skidpad=75.0, autocross=49.13400110306772, endurance=179.23654267967473, efficiency=7.403344091105219)"
[100   5],270,100,5,270,36.0,3.821174457418792,4.5740298978115845,1493.9842557109764,7684.87994814846,0.05029057575763038,9.0,7.869171113833685,397.90814972041545,"ScoreBreakdown(accel=90.68977811745462, skidpad=75.0, autocross=48.180980131754254, endurance=177.02569636127024, efficiency=7.011695109936311)"
[100   5],275,100,5,275,36.0,3.849749874109179,4.583512153122953,1498.5029698975304,7704.449296851084,0.04749411864519986,9.0,7.889504726547096,392.44206615896735,"ScoreBreakdown(accel=88.6322903140801, skidpad=75.0, autocross=47.261213849642076, endurance=174.89199525729785, efficiency=6.656566737947352)"
[100   5],280,100,5,280,36.0,3.8782795667071923,4.593257496777142,1502.982521775223,7723.620996323895,0.04481174962413212,9.0,7.909226353513129,387.0619705189862,"ScoreBreakdown(accel=86.60834141317284, skidpad=75.0, autocross=46.35487776116867, endurance=172.78944991490437, efficiency=6.309301429740318)"
[100   5],285,100,5,285,36.0,3.906724326227902,4.602689228761392,1507.404034770734,7742.499957993801,0.04236017497374444,9.0,7.927698550545168,381.78149695332434,"ScoreBreakdown(accel=84.61984659093939, skidpad=75.0, autocross=45.46556700936092, endurance=170.72640045352463, efficiency=5.969682899499385)"
[100   5],290,100,5,290,36.0,3.935079819301123,4.6118214268334015,1511.768911913117,7762.351078832277,0.039681023775563165,9.0,7.94740932191462,376.5878678904205,"ScoreBreakdown(accel=82.66620466115832, skidpad=75.0, autocross=44.592750039865535, endurance=168.70161375760296, efficiency=5.627299431793756)"
[100   5],295,100,5,295,36.0,3.9633417441227863,4.620667299055384,1516.0945220932956,7784.3207192842065,0.03676021055747597,9.0,7.969200493189177,371.45847823325283,"ScoreBreakdown(accel=80.7468256290709, skidpad=75.0, autocross=43.73274314991897, endurance=166.70654426419986, efficiency=5.2723651900630895)"
[100   5],300,100,5,300,36.0,3.9915058253446176,4.62980857849513,1520.3873718122281,7809.569542639958,0.033349428432919284,9.0,7.9941210372065035,366.37880021516327,"ScoreBreakdown(accel=78.86113094825608, skidpad=75.0, autocross=42.88408772112927, endurance=164.7378082271032, efficiency=4.8957733186747365)"
[104   5],200,104,5,200,37.44,3.6253038322989397,4.411893476136811,1427.7881429775616,7234.641278561098,0.1588903003123098,9.36,7.423417587253502,461.3012156662944,"ScoreBreakdown(accel=100.0, skidpad=75.0, autocross=62.32226711382257, endurance=209.8310733706751, efficiency=14.147875181796719)"
[104   5],205,104,5,205,37.44,3.63304424605127,4.42563881461237,1432.2817865629027,7291.975405576784,0.15005002065036593,9.36,7.485793363928286,457.1961274732534,"ScoreBreakdown(accel=100.0, skidpad=75.0, autocross=61.320947729515666, endurance=207.50818296114846, efficiency=13.366996782589274)"
[104   5],210,104,5,210,37.44,3.6413066374271352,4.43876149137175,1436.6914192776842,7348.9648039556605,0.14092115489034907,9.36,7.5505326835866375,453.1942953659078,"ScoreBreakdown(accel=100.0, skidpad=75.0, autocross=60.34443773767075, endurance=205.24284611616784, efficiency=12.607011512069233)"
[104   5],215,104,5,215,37.44,3.6502306563926226,4.451909490984619,1441.0915530786583,7405.707683985697,0.13181480196092296,9.36,7.6152809580134395,449.2349659752802,"ScoreBreakdown(accel=100.0, skidpad=75.0, autocross=59.37598807295264, endurance=202.99620785714697, efficiency=11.862770045180637)"
[104   5],220,104,5,220,37.44,3.659836849872832,4.464692498941417,1445.5294935253864,7456.2641752914515,0.1247284934032615,9.36,7.665645660465934,445.3351752271299,"ScoreBreakdown(accel=100.0, skidpad=75.0, autocross=58.40518938403834, endurance=200.74412026211724, efficiency=11.185865580974314)"
[104   5],225,104,5,225,37.44,3.6701055085420506,4.476935933773376,1450.0388408816582,7508.233352383636,0.11806562775777235,9.36,7.7136279785680335,441.398100295537,"ScoreBreakdown(accel=100.0, skidpad=75.0, autocross=57.42485702401256, endurance=198.46991617404902, efficiency=10.50332709747542)"
[104   5],230,104,5,230,37.44,3.6811818926376247,4.4886810058795845,1454.6242299589055,7550.8447457560005,0.11250083483957803,9.36,7.753402558437676,437.5168423263669,"ScoreBreakdown(accel=100.0, skidpad=75.0, autocross=56.43422587417888, endurance=196.17182064789495, efficiency=9.910795804293032)"
[104   5],235,104,5,235,37.44,3.69325466831323,4.500279849860846,1459.2363043196801,7592.603682522638,0.10731466342559472,9.36,7.790947067224077,433.6515005741542,"ScoreBreakdown(accel=100.0, skidpad=75.0, autocross=55.44410982950097, endurance=193.87492007796035, efficiency=9.332470666692954)"
[104   5],240,104,5,240,37.44,3.706403470020561,4.511733862737842,1463.729865777867,7622.433383625104,0.10338146900581725,9.36,7.819331049951799,429.2795662741434,"ScoreBreakdown(accel=99.27312442299333, skidpad=75.0, autocross=54.485437115590166, endurance=191.65096267943264, efficiency=8.870042056127245)"
[104   5],245,104,5,245,37.44,3.72069539565949,4.522747919369422,1468.3197054492032,7657.790374933996,0.09878703537043973,9.36,7.8526039271312875,424.4420583587861,"ScoreBreakdown(accel=98.17541342826301, skidpad=75.0, autocross=53.51228172052518, endurance=189.3934079275685, efficiency=8.360955282429346)"
[104   5],250,104,5,250,37.44,3.736347465548562,4.533349610791845,1473.0321022434653,7694.077001638817,0.09396859066164763,9.36,7.888587431074719,419.4371169983835,"ScoreBreakdown(accel=96.98286923697341, skidpad=75.0, autocross=52.51945089269343, endurance=187.09020952314606, efficiency=7.844587345570582)"
[104   5],255,104,5,255,37.44,3.753710765628057,4.543751833798964,1477.7838632263815,7725.874771053405,0.08954474777074674,9.36,7.921871045778626,414.34901709948093,"ScoreBreakdown(accel=95.67158063929313, skidpad=75.0, autocross=51.52473811593295, endurance=184.78264531777506, efficiency=7.370053026479807)"
[104   5],260,104,5,260,37.44,3.7731330596000134,4.554205599096264,1482.5575493600754,7762.021137541377,0.08441197272205887,9.36,7.959957717078167,409.0942700080758,"ScoreBreakdown(accel=94.21909558161298, skidpad=75.0, autocross=50.53185615291886, endurance=182.4793282884399, efficiency=6.863989985104077)"
[104   5],265,104,5,265,37.44,3.7952596185436107,4.564290460655897,1487.295770705942,7793.879501535724,0.08008816243694537,9.36,7.991861458123349,403.74319628008993,"ScoreBreakdown(accel=92.58248880387598, skidpad=75.0, autocross=49.552653273111865, endurance=180.20774440208658, efficiency=6.400309801015484)"
[104   5],270,104,5,270,37.44,3.821174457418792,4.5740298978115845,1491.9339262301087,7818.218525519278,0.07679415572173943,9.36,8.015534200694367,398.2944888910345,"ScoreBreakdown(accel=90.68977811745462, skidpad=75.0, autocross=48.6001540830862, endurance=177.9981085273909, efficiency=6.006448163102773)"
[104   5],275,104,5,275,37.44,3.849749874109179,4.583512153122953,1496.4322365370522,7838.13178861163,0.07393542664009325,9.36,8.037095754998937,392.8399402904166,"ScoreBreakdown(accel=88.6322903140801, skidpad=75.0, autocross=47.682013875340836, endurance=175.86817963896846, efficiency=5.657456462027227)"
[104   5],280,104,5,280,37.44,3.8782795667071923,4.593257496777142,1500.882414572648,7858.566746101856,0.07114044206760378,9.36,8.058356429096493,387.47028362766133,"ScoreBreakdown(accel=86.60834141317284, skidpad=75.0, autocross=46.779113357290804, endurance=173.77360423475108, efficiency=5.30922462244663)"
[104   5],285,104,5,285,37.44,3.906724326227902,4.602689228761392,1505.2775483941414,7877.783411783076,0.06864388956412262,9.36,8.077847208620907,382.2053007496658,"ScoreBreakdown(accel=84.61984659093939, skidpad=75.0, autocross=45.89262080679742, endurance=171.71709252037596, efficiency=4.9757408315530265)"
[104   5],290,104,5,290,37.44,3.935079819301123,4.6118214268334015,1509.6185150724582,7897.00442323563,0.06592378430753637,9.36,8.098564692617158,377.0331176825798,"ScoreBreakdown(accel=82.66620466115832, skidpad=75.0, autocross=45.02212056686039, endurance=169.6976802424042, efficiency=4.647112212156917)"
[104   5],295,104,5,295,37.44,3.9633417441227863,4.620667299055384,1513.9032911242848,7919.563233144263,0.06289551996946872,9.36,8.121866224589198,371.9279012266027,"ScoreBreakdown(accel=80.7468256290709, skidpad=75.0, autocross=44.16778394736319, endurance=167.71576481058491, efficiency=4.297526839583746)"
[104   5],300,104,5,300,37.44,3.9915058253446176,4.62980857849513,1518.1516305466728,7945.169654021545,0.05942184942934062,9.36,8.148175816804928,366.87734189523934,"ScoreBreakdown(accel=78.86113094825608, skidpad=75.0, autocross=43.325473543714025, endurance=165.76174815101965, efficiency=3.928989252249634)"
[108   5],200,108,5,200,38.879999999999995,3.6253038322989397,4.411893476136811,1428.5252414094994,7250.463509714499,0.1970351365494197,9.72,7.441062305421605,460.56261336906067,"ScoreBreakdown(accel=100.0, skidpad=75.0, autocross=62.15758742471766, endurance=209.4490445430496, efficiency=13.955981401293405)"
[108   5],205,108,5,205,38.879999999999995,3.63304424605127,4.42563881461237,1432.8920468409497,7314.973450451176,0.18749760793841244,9.72,7.51224752546369,456.4951827428375,"ScoreBreakdown(accel=100.0, skidpad=75.0, autocross=61.18544769624291, endurance=207.19384596466884, efficiency=13.11588908192576)"
[108   5],210,108,5,210,38.879999999999995,3.6413066374271352,4.43876149137175,1437.1404167261853,7382.542870320667,0.17734562026336823,9.72,7.588120244946276,452.52707617341946,"ScoreBreakdown(accel=100.0, skidpad=75.0, autocross=60.24534372550971, endurance=205.01296488736324, efficiency=12.26876756054648)"
[108   5],215,108,5,215,38.879999999999995,3.6502306563926226,4.451909490984619,1441.3620721399077,7449.982108810475,0.16704449857658787,9.72,7.665160849163181,448.6158498592907,"ScoreBreakdown(accel=100.0, skidpad=75.0, autocross=59.31664098006143, endurance=202.85853271066438, efficiency=11.44067616856481)"
[108   5],220,108,5,220,38.879999999999995,3.659836849872832,4.464692498941417,1445.626687846695,7509.672181169415,0.1589460653783966,9.72,7.725609560080452,444.77532756785786,"ScoreBreakdown(accel=100.0, skidpad=75.0, autocross=58.383994842927926, endurance=200.69495253696257, efficiency=10.696380187967337)"
[108   5],225,108,5,225,38.879999999999995,3.6701055085420506,4.476935933773376,1449.9518964486444,7572.242235169218,0.15131638562672137,9.72,7.783118164878913,440.8940575582903,"ScoreBreakdown(accel=100.0, skidpad=75.0, autocross=57.44370109756247, endurance=198.51363121483578, efficiency=9.936725245892012)"
[108   5],230,108,5,230,38.879999999999995,3.6811818926376247,4.4886810058795845,1454.37480677225,7623.58455752692,0.14503350653326755,9.72,7.830196951487648,437.0681379261282,"ScoreBreakdown(accel=100.0, skidpad=75.0, autocross=56.487950809820966, endurance=196.29645334722278, efficiency=9.28373376908444)"
[108   5],235,108,5,235,38.879999999999995,3.69325466831323,4.500279849860846,1458.8357349358396,7672.042735583863,0.1390109788502175,9.72,7.875754313796197,433.2673525662703,"ScoreBreakdown(accel=100.0, skidpad=75.0, autocross=55.52985545527605, endurance=194.07383532407792, efficiency=8.663661786916308)"
[108   5],240,108,5,240,38.879999999999995,3.706403470020561,4.511733862737842,1463.1993096101842,7706.744255140688,0.13449945558993626,9.72,7.909795041328787,428.9573311044392,"ScoreBreakdown(accel=99.27312442299333, skidpad=75.0, autocross=54.59832132260978, endurance=191.91283481132447, efficiency=8.173050547511647)"
[108   5],245,108,5,245,38.879999999999995,3.72069539565949,4.522747919369422,1467.632961065477,7748.1914984380555,0.12924584513285903,9.72,7.9495560105505,424.1917919871736,"ScoreBreakdown(accel=98.17541342826301, skidpad=75.0, autocross=53.657500664093675, endurance=189.73029114044112, efficiency=7.62858675437575)"
[108   5],250,108,5,250,38.879999999999995,3.736347465548562,4.533349610791845,1472.196682845099,7790.013549722653,0.12378412197951208,9.72,7.991834981315053,419.25765923216716,"ScoreBreakdown(accel=96.98286923697341, skidpad=75.0, autocross=52.69499762492868, endurance=187.49744803977106, efficiency=7.082344330494027)"
[108   5],255,108,5,255,38.879999999999995,3.753710765628057,4.543751833798964,1476.8242004035612,7825.636898544669,0.11895416350387394,9.72,8.02952824162015,414.23492417139397,"ScoreBreakdown(accel=95.67158063929313, skidpad=75.0, autocross=51.72511387982249, endurance=185.24748295852729, efficiency=6.590746693751122)"
[108   5],260,108,5,260,38.879999999999995,3.7731330596000134,4.554205599096264,1481.466428303258,7865.641691565499,0.11337479265287201,9.72,8.07253031381915,409.05088850748825,"ScoreBreakdown(accel=94.21909558161298, skidpad=75.0, autocross=50.758234978637695, endurance=183.00448860334396, efficiency=6.06906934389358)"
[108   5],265,108,5,265,38.879999999999995,3.7952596185436107,4.564290460655897,1486.0991233465975,7899.896509147286,0.10866063260818037,9.72,8.10859435339794,403.76175865989336,"ScoreBreakdown(accel=92.58248880387598, skidpad=75.0, autocross=49.7993635874192, endurance=180.78007030730473, efficiency=5.59983596129341)"
[108   5],270,108,5,270,38.879999999999995,3.821174457418792,4.5740298978115845,1490.6557799957238,7926.549264492706,0.10517339121532376,9.72,8.134673124551158,398.3561037126709,"ScoreBreakdown(accel=90.68977811745462, skidpad=75.0, autocross=48.86204463289339, endurance=178.60564999320792, efficiency=5.198630969114956)"
[108   5],275,108,5,275,38.879999999999995,3.849749874109179,4.583512153122953,1495.097696623589,7947.399310846375,0.10215711265034573,9.72,8.158131381748108,392.93600240539377,"ScoreBreakdown(accel=88.6322903140801, skidpad=75.0, autocross=47.95382747389687, endurance=176.49874088761723, efficiency=4.851143729799547)"
[108   5],280,108,5,280,38.879999999999995,3.8782795667071923,4.593257496777142,1499.504368787003,7968.203695454875,0.09927564989829209,9.72,8.180757889285756,387.59572037350495,"ScoreBreakdown(accel=86.60834141317284, skidpad=75.0, autocross=47.05813345309078, endurance=174.4208833294703, efficiency=4.508362177770985)"
[108   5],285,108,5,285,38.879999999999995,3.906724326227902,4.602689228761392,1503.8741728034283,7987.602938730272,0.09672271754264593,9.72,8.201337284488991,382.34808397311235,"ScoreBreakdown(accel=84.61984659093939, skidpad=75.0, autocross=46.17511665811163, endurance=172.37243477583738, efficiency=4.180685948223966)"
[108   5],290,108,5,290,38.879999999999995,3.935079819301123,4.6118214268334015,1508.1789802556032,8007.269978397568,0.09403646252013773,9.72,8.222590968291037,377.19871898813363,"ScoreBreakdown(accel=82.66620466115832, skidpad=75.0, autocross=45.31023719044131, endurance=170.36606173209697, efficiency=3.8562154044370445)"
[108   5],295,108,5,295,38.879999999999995,3.9633417441227863,4.620667299055384,1512.437825249805,8030.081792175478,0.09101413173452376,9.72,8.246729098978914,372.1110683928437,"ScoreBreakdown(accel=80.7468256290709, skidpad=75.0, autocross=44.459436839264576, endurance=168.39234984042278, efficiency=3.5124560840855175)"
[108   5],300,108,5,300,38.879999999999995,3.9915058253446176,4.62980857849513,1516.6644383186356,8056.841237844791,0.08745495838711004,9.72,8.274608754151236,367.0688617356773,"ScoreBreakdown(accel=78.86113094825608, skidpad=75.0, autocross=43.61979958808234, endurance=166.4445344392432, efficiency=3.1433967600957007)"
[112   5],200,112,5,200,40.32,3.6253038322989397,4.411893476136811,1429.6599232723797,7246.822263797774,0.23427597621726257,10.08,7.43730189085336,459.70142606242655,"ScoreBreakdown(accel=100.0, skidpad=75.0, autocross=61.904413081424096, endurance=208.8617231916488, efficiency=13.935289789353657)"
[112   5],205,112,5,205,40.32,3.63304424605127,4.42563881461237,1433.9730478266747,7312.4218054297335,0.22523483441711165,10.08,7.509152211442311,455.6708828166404,"ScoreBreakdown(accel=100.0, skidpad=75.0, autocross=60.94570914865093, endurance=206.63769337067822, efficiency=13.08748029731124)"
[112   5],210,112,5,210,40.32,3.6413066374271352,4.43876149137175,1438.1652135765119,7381.485456591152,0.21543521232911617,10.08,7.587186984711609,451.7375454144842,"ScoreBreakdown(accel=100.0, skidpad=75.0, autocross=60.019402208855, endurance=204.48881905499766, efficiency=12.229324150631564)"
[112   5],215,112,5,215,40.32,3.6502306563926226,4.451909490984619,1442.3172137602035,7451.465193877318,0.20527207023833186,10.08,7.668144385507388,447.8618635119442,"ScoreBreakdown(accel=100.0, skidpad=75.0, autocross=59.10727788306635, endurance=202.37284598798556, efficiency=11.381739640892304)"
[112   5],220,112,5,220,40.32,3.659836849872832,4.464692498941417,1446.511605885976,7514.447358405621,0.1971351794040619,10.08,7.73271629313752,444.05073344940877,"ScoreBreakdown(accel=100.0, skidpad=75.0, autocross=58.19115746861165, endurance=200.2476026759512, efficiency=10.611973304845913)"
[112   5],225,112,5,225,40.32,3.6701055085420506,4.476935933773376,1450.7561716664245,7582.438286571846,0.18926332631518675,10.08,7.795463917652023,440.1885748624225,"ScoreBreakdown(accel=100.0, skidpad=75.0, autocross=57.26947110961086, endurance=198.10944732065812, efficiency=9.809656432153542)"
[112   5],230,112,5,230,40.32,3.6811818926376247,4.4886810058795845,1455.092302136316,7638.678731908149,0.1825875427636536,10.08,7.848274429882836,436.39163774655054,"ScoreBreakdown(accel=100.0, skidpad=75.0, autocross=56.33345437787236, endurance=195.93804794161093, efficiency=9.120135427067302)"
[112   5],235,112,5,235,40.32,3.69325466831323,4.500279849860846,1459.4570801723592,7692.765409747137,0.17610197514902978,10.08,7.899837767911487,432.62110085663306,"ScoreBreakdown(accel=100.0, skidpad=75.0, autocross=55.39687081183934, endurance=193.76533360355316, efficiency=8.458896441240615)"
[112   5],240,112,5,240,40.32,3.706403470020561,4.511733862737842,1463.7368085006722,7731.410212229746,0.17105507449763513,10.08,7.93966198116925,428.345890049513,"ScoreBreakdown(accel=99.27312442299333, skidpad=75.0, autocross=54.483960484057214, endurance=191.64753714580183, efficiency=7.941267996660681)"
[112   5],245,112,5,245,40.32,3.72069539565949,4.522747919369422,1468.0757967792524,7779.352585660596,0.1652043478878697,10.08,7.985935858750869,423.6025691345395,"ScoreBreakdown(accel=98.17541342826301, skidpad=75.0, autocross=53.56384308156587, endurance=189.51302150235864, efficiency=7.350291122352036)"
[112   5],250,112,5,250,40.32,3.736347465548562,4.533349610791845,1472.536271513031,7827.620892054464,0.15911485811039758,10.08,8.035001153657547,418.6980945785582,"ScoreBreakdown(accel=96.98286923697341, skidpad=75.0, autocross=52.62361580864969, endurance=187.33185438499154, efficiency=6.759755147943567)"
[112   5],255,112,5,255,40.32,3.753710765628057,4.543751833798964,1477.0700563506675,7869.229591241528,0.15361048014272155,10.08,8.079555741826825,413.7016228297909,"ScoreBreakdown(accel=95.67158063929313, skidpad=75.0, autocross=51.673754820073704, endurance=185.12833868827497, efficiency=6.227948682149134)"
[112   5],260,112,5,260,40.32,3.7731330596000134,4.554205599096264,1481.587849276388,7916.949844200218,0.14717773793277308,10.08,8.131007060729452,408.5533260566524,"ScoreBreakdown(accel=94.21909558161298, skidpad=75.0, autocross=50.73302684294108, endurance=182.94601002241419, efficiency=5.6551936096841615)"
[112   5],265,112,5,265,40.32,3.7952596185436107,4.564290460655897,1486.1082755263988,7958.057450168255,0.14170281655091882,10.08,8.174519748076943,403.29759709822287,"ScoreBreakdown(accel=92.58248880387598, skidpad=75.0, autocross=49.79747519367201, endurance=180.77568955547517, efficiency=5.141943545199673)"
[112   5],270,112,5,270,40.32,3.821174457418792,4.5740298978115845,1490.573845271423,7989.66614117287,0.13756566457595254,10.08,8.206800596438892,397.9239201502627,"ScoreBreakdown(accel=90.68977811745462, skidpad=75.0, autocross=48.878848273043964, endurance=178.64463157607005, efficiency=4.710662183694017)"
[112   5],275,112,5,275,40.32,3.849749874109179,4.583512153122953,1494.9292088479986,8014.306742175005,0.13410409533796958,10.08,8.234735918060275,392.5405885175832,"ScoreBreakdown(accel=88.6322903140801, skidpad=75.0, autocross=47.98817887358119, endurance=176.5784302835594, efficiency=4.341689046362564)"
[112   5],280,112,5,280,40.32,3.8782795667071923,4.593257496777142,1499.2435551148526,8039.486193248075,0.13078179062741077,10.08,8.261777418217852,387.2364615418787,"ScoreBreakdown(accel=86.60834141317284, skidpad=75.0, autocross=47.11099947950608, endurance=174.54352350569636, efficiency=3.9735971435034227)"
[112   5],285,112,5,285,40.32,3.906724326227902,4.602689228761392,1503.5451617462572,8061.019348157031,0.127902905739904,10.08,8.285736470244592,382.02426060590136,"ScoreBreakdown(accel=84.61984659093939, skidpad=75.0, autocross=46.24142203622725, endurance=172.52625195878488, efficiency=3.6367400199498428)"
[112   5],290,112,5,290,40.32,3.935079819301123,4.6118214268334015,1507.778532041394,8083.329009310268,0.1249256916445712,10.08,8.310141878227805,376.90850962152007,"ScoreBreakdown(accel=82.66620466115832, skidpad=75.0, autocross=45.39048296306625, endurance=170.55221825573662, efficiency=3.2996037415589043)"
[112   5],295,112,5,295,40.32,3.9633417441227863,4.620667299055384,1511.957214246444,8109.065991562685,0.12159946961601763,10.08,8.337597516866127,371.85865702257786,"ScoreBreakdown(accel=80.7468256290709, skidpad=75.0, autocross=44.55520980110085, endurance=168.61452679817282, efficiency=2.9420947942332947)"
[112   5],300,112,5,300,40.32,3.9915058253446176,4.62980857849513,1516.0911609115406,8138.781668354452,0.11764073269261581,10.08,8.369599801195328,366.8630187861978,"ScoreBreakdown(accel=78.86113094825608, skidpad=75.0, autocross=43.73340950642741, endurance=166.70809009779407, efficiency=2.5603882337202917)"
[116   5],200,116,5,200,41.75999999999999,3.6253038322989397,4.411893476136811,1430.9866789099908,7236.178180028769,0.26878609193156383,10.44,7.427267420976577,458.75882309336623,"ScoreBreakdown(accel=100.0, skidpad=75.0, autocross=61.60889174065426, endurance=208.17616401937732, efficiency=13.973767333334678)"
[116   5],205,116,5,205,41.75999999999999,3.63304424605127,4.42563881461237,1435.2602022639805,7302.821562709012,0.260155887545389,10.44,7.49993996420698,454.75397304664745,"ScoreBreakdown(accel=100.0, skidpad=75.0, autocross=60.66072200557523, endurance=205.97657174269008, efficiency=13.116679298382191)"
[116   5],210,116,5,210,41.75999999999999,3.6413066374271352,4.43876149137175,1439.4145223732216,7372.153555378771,0.2508342897719719,10.44,7.578586882992649,450.85204463123637,"ScoreBreakdown(accel=100.0, skidpad=75.0, autocross=59.74439670931219, endurance=203.8508531397595, efficiency=12.256794782164635)"
[116   5],215,116,5,215,41.75999999999999,3.6502306563926226,4.451909490984619,1443.531499091793,7442.278637362305,0.2410890025325774,10.44,7.660815632394838,447.00638032920864,"ScoreBreakdown(accel=100.0, skidpad=75.0, autocross=58.841511566158964, endurance=201.75631340268384, efficiency=11.408555360365842)"
[116   5],220,116,5,220,41.75999999999999,3.659836849872832,4.464692498941417,1447.6862531734685,7505.81791657733,0.2332768092036597,10.44,7.726448631039698,443.22496321996834,"ScoreBreakdown(accel=100.0, skidpad=75.0, autocross=57.935547758425464, endurance=199.6546316881935, efficiency=10.63478377334941)"
[116   5],225,116,5,225,41.75999999999999,3.6701055085420506,4.476935933773376,1451.8944063975619,7575.119800497572,0.2257133411891019,10.44,7.790357577993439,439.38320042725366,"ScoreBreakdown(accel=100.0, skidpad=75.0, autocross=57.02322543252221, endurance=197.53819929464228, efficiency=9.821775700089127)"
[116   5],230,116,5,230,41.75999999999999,3.6811818926376247,4.4886810058795845,1456.1885649013184,7631.492930325956,0.21927180445552688,10.44,7.844439617385579,435.6213845628382,"ScoreBreakdown(accel=100.0, skidpad=75.0, autocross=56.09769295460753, endurance=195.39112159860647, efficiency=9.132570009624223)"
[116   5],235,116,5,235,41.75999999999999,3.69325466831323,4.500279849860846,1460.5149236008735,7685.617327169796,0.21311778994430833,10.44,7.8964733088611645,431.8837573678844,"ScoreBreakdown(accel=100.0, skidpad=75.0, autocross=55.17072408488606, endurance=193.24071171825028, efficiency=8.472321564748057)"
[116   5],240,116,5,240,41.75999999999999,3.706403470020561,4.511733862737842,1464.755099765849,7723.764475398444,0.2083796147996779,10.44,7.936349113463207,427.6464850064467,"ScoreBreakdown(accel=99.27312442299333, skidpad=75.0, autocross=54.26753407868519, endurance=191.1454647508334, efficiency=7.960361753934748)"
[116   5],245,116,5,245,41.75999999999999,3.72069539565949,4.522747919369422,1469.0543122915433,7771.266155776263,0.2027099186683854,10.44,7.984071062650316,422.9402438041037,"ScoreBreakdown(accel=98.17541342826301, skidpad=75.0, autocross=53.357092078861555, endurance=189.03339439349747, efficiency=7.3743439034816225)"
[116   5],250,116,5,250,41.75999999999999,3.736347465548562,4.533349610791845,1473.4847471779165,7820.090781063209,0.1968708879252377,10.44,8.03413542297426,418.057111711157,"ScoreBreakdown(accel=96.98286923697341, skidpad=75.0, autocross=52.424419728640686, endurance=186.86975340989798, efficiency=6.78006933564487)"
[116   5],255,116,5,255,41.75999999999999,3.753710765628057,4.543751833798964,1477.9924850505722,7862.972333608621,0.1915651086233739,10.44,8.079769491996398,413.0732393733877,"ScoreBreakdown(accel=95.67158063929313, skidpad=75.0, autocross=51.481212709667105, endurance=184.68167378923962, efficiency=6.238772235187802)"
[116   5],260,116,5,260,41.75999999999999,3.7731330596000134,4.554205599096264,1482.4747367946907,7912.821655271341,0.18516771748810906,10.44,8.134023004948464,407.9376590701528,"ScoreBreakdown(accel=94.21909558161298, skidpad=75.0, autocross=50.54902588891475, endurance=182.51915915130343, efficiency=5.650378448321659)"
[116   5],265,116,5,265,41.75999999999999,3.7952596185436107,4.564290460655897,1486.959248274431,7956.566589228335,0.1796260511038742,10.44,8.180587460636476,402.6911007954255,"ScoreBreakdown(accel=92.58248880387598, skidpad=75.0, autocross=49.62199327507447, endurance=180.36860139544933, efficiency=5.118017321025715)"
[116   5],270,116,5,270,41.75999999999999,3.821174457418792,4.5740298978115845,1491.3863377372581,7990.961586255533,0.1752754643892584,10.44,8.216394971324345,397.3273876337924,"ScoreBreakdown(accel=90.68977811745462, skidpad=75.0, autocross=48.71229931253375, endurance=178.25826635719082, efficiency=4.667043846613188)"
[116   5],275,116,5,275,41.75999999999999,3.849749874109179,4.583512153122953,1495.7103203566498,8018.064771955737,0.17169577480702805,10.44,8.246718108859046,391.9513397681806,"ScoreBreakdown(accel=88.6322903140801, skidpad=75.0, autocross=47.82899056817956, endurance=176.20914053073773, efficiency=4.280918355183231)"
[116   5],280,116,5,280,41.75999999999999,3.8782795667071923,4.593257496777142,1499.9902547176564,8046.1879094424585,0.1681503136212866,10.44,8.2768930637589,386.653043388227,"ScoreBreakdown(accel=86.60834141317284, skidpad=75.0, autocross=46.95969508811285, endurance=174.19252309044933, efficiency=3.8924837964919687)"
[116   5],285,116,5,285,41.75999999999999,3.906724326227902,4.602689228761392,1504.2618532547983,8070.207535329062,0.1650759427737473,10.44,8.303485592203192,381.4469922986305,"ScoreBreakdown(accel=84.61984659093939, skidpad=75.0, autocross=46.097024900079305, endurance=172.19127519914358, efficiency=3.538845608468212)"
[116   5],290,116,5,290,41.75999999999999,3.935079819301123,4.6118214268334015,1508.4644043754179,8095.6843001355455,0.1618105814689642,10.44,8.33127075939058,376.33290950358855,"ScoreBreakdown(accel=82.66620466115832, skidpad=75.0, autocross=45.25306708922825, endurance=170.23343683548475, efficiency=3.1802009177172286)"
[116   5],295,116,5,295,41.75999999999999,3.9633417441227863,4.620667299055384,1512.6035473275924,8125.349150013044,0.158131739236486,10.44,8.362739611186655,371.2854334633634,"ScoreBreakdown(accel=80.7468256290709, skidpad=75.0, autocross=44.42642695773707, endurance=168.3157725380939, efficiency=2.7964083384614926)"
[116   5],300,116,5,300,41.75999999999999,3.9915058253446176,4.62980857849513,1516.6782771199548,8159.496285146313,0.1535737514148007,10.44,8.400918468867813,366.302546464758,"ScoreBreakdown(accel=78.86113094825608, skidpad=75.0, autocross=43.61705812914876, endurance=166.4381747214899, efficiency=2.3861826658632865)"
[120   5],200,120,5,200,43.199999999999996,3.6253038322989397,4.411893476136811,1432.4652442484892,7220.39698380511,0.3006915187565328,10.8,7.4130570700357055,457.7493324645314,"ScoreBreakdown(accel=100.0, skidpad=75.0, autocross=61.28020129723919, endurance=207.41365817890525, efficiency=14.055472988386926)"
[120   5],205,120,5,205,43.199999999999996,3.63304424605127,4.42563881461237,1436.7042933298185,7286.9877332716505,0.29243888420194225,10.8,7.486446869460566,453.77625365853675,"ScoreBreakdown(accel=100.0, skidpad=75.0, autocross=60.34159556396841, endurance=205.2362527573066, efficiency=13.198405337261729)"
[120   5],210,120,5,210,43.199999999999996,3.6413066374271352,4.43876149137175,1440.8228650109909,7356.44681167249,0.2835567207287355,10.8,7.565572762627117,449.904783151771,"ScoreBreakdown(accel=100.0, skidpad=75.0, autocross=59.43495553773287, endurance=203.1330023310768, efficiency=12.336825282961332)"
[120   5],215,120,5,215,43.199999999999996,3.6502306563926226,4.451909490984619,1444.9090741244408,7426.490839307611,0.27428826522606037,10.8,7.64820942653162,446.08729998387895,"ScoreBreakdown(accel=100.0, skidpad=75.0, autocross=58.54054744837727, endurance=201.05812791485312, efficiency=11.488624620648554)"
[120   5],220,120,5,220,43.199999999999996,3.659836849872832,4.464692498941417,1449.031520928044,7489.818201717188,0.26680403050082263,10.8,7.714606407538802,442.33637004249454,"ScoreBreakdown(accel=100.0, skidpad=75.0, autocross=57.64331917694818, endurance=198.97671115660117, efficiency=10.716339708945151)"
[120   5],225,120,5,225,43.199999999999996,3.6701055085420506,4.476935933773376,1453.2047705736716,7560.033703591042,0.25958375453975596,10.8,7.779019984926619,438.51663692722457,"ScoreBreakdown(accel=100.0, skidpad=75.0, autocross=56.74021893586625, endurance=196.88167242896984, efficiency=9.89474556238849)"
[120   5],230,120,5,230,43.199999999999996,3.6811818926376247,4.4886810058795845,1457.473427463054,7615.912291623729,0.2534688927790756,10.8,7.833282569626247,434.7824176412362,"ScoreBreakdown(accel=100.0, skidpad=75.0, autocross=55.82182284095286, endurance=194.75114992590488, efficiency=9.209444874378423)"
[120   5],235,120,5,235,43.199999999999996,3.69325466831323,4.500279849860846,1461.776292352612,7669.857150725193,0.24746658018677048,10.8,7.886777468249844,431.0678859288276,"ScoreBreakdown(accel=100.0, skidpad=75.0, autocross=54.901495359189965, endurance=192.616146934336, efficiency=8.550243635301639)"
[120   5],240,120,5,240,43.199999999999996,3.706403470020561,4.511733862737842,1465.992750075191,7708.000554341482,0.24300942485947952,10.8,7.926406271133239,426.8524509540828,"ScoreBreakdown(accel=99.27312442299333, skidpad=75.0, autocross=54.00489015717233, endurance=190.53617559098677, efficiency=8.038260782930406)"
[120   5],245,120,5,245,43.199999999999996,3.72069539565949,4.522747919369422,1470.2660122121213,7755.242414490641,0.23763852333031668,10.8,7.9741467766487455,422.17141174062596,"ScoreBreakdown(accel=98.17541342826301, skidpad=75.0, autocross=53.10145281990159, endurance=188.44035485761776, efficiency=7.45419063484355)"
[120   5],250,120,5,250,43.199999999999996,3.736347465548562,4.533349610791845,1474.6690290405345,7804.203385776322,0.23196675408784637,10.8,8.025373464167155,417.3111155332061,"ScoreBreakdown(accel=96.98286923697341, skidpad=75.0, autocross=52.17606003530417, endurance=186.2936012262831, efficiency=6.858585034645373)"
[120   5],255,120,5,255,43.199999999999996,3.753710765628057,4.543751833798964,1479.1514361582872,7846.5971133123585,0.2269074845095055,10.8,8.071323694378679,412.35358393141604,"ScoreBreakdown(accel=95.67158063929313, skidpad=75.0, autocross=51.23964076785889, endurance=184.12126803296286, efficiency=6.321094491301126)"
[120   5],260,120,5,260,43.199999999999996,3.7731330596000134,4.554205599096264,1483.6043767648957,7896.9878317776465,0.22078865508714113,10.8,8.126199257935117,407.23848556480164,"ScoreBreakdown(accel=94.21909558161298, skidpad=75.0, autocross=50.314980071477535, endurance=181.97621272158742, efficiency=5.728197190123735)"
[120   5],265,120,5,265,43.199999999999996,3.7952596185436107,4.564290460655897,1488.0628263017968,7940.7088830956745,0.21554466340696185,10.8,8.17293022834993,402.014482271298,"ScoreBreakdown(accel=92.58248880387598, skidpad=75.0, autocross=49.39471969573594, endurance=179.84136540455748, efficiency=5.195908367128575)"
[120   5],270,120,5,270,43.199999999999996,3.821174457418792,4.5740298978115845,1492.4729192792092,7975.113713200554,0.21137159767577302,10.8,8.209377139173467,396.6664501035157,"ScoreBreakdown(accel=90.68977811745462, skidpad=75.0, autocross=48.48984955122271, endurance=177.7422208024466, efficiency=4.744601632391727)"
[120   5],275,120,5,275,43.199999999999996,3.849749874109179,4.583512153122953,1496.7783439142029,8002.165832374287,0.20801346040590668,10.8,8.239582152493186,391.3075792725829,"ScoreBreakdown(accel=88.6322903140801, skidpad=75.0, autocross=47.61159930223253, endurance=175.70482982358718, efficiency=4.358859832683162)"
[120   5],280,120,5,280,43.199999999999996,3.8782795667071923,4.593257496777142,1501.0409088905374,8030.758686339798,0.20465948838943115,10.8,8.269886919164373,386.0214021806347,"ScoreBreakdown(accel=86.60834141317284, skidpad=75.0, autocross=46.74705503872268, endurance=173.69923439640138, efficiency=3.9667713323378337)"
[120   5],285,120,5,285,43.199999999999996,3.906724326227902,4.602689228761392,1505.2975846983945,8054.433480487199,0.2017692652121539,10.8,8.296425489278912,380.8318543535391,"ScoreBreakdown(accel=84.61984659093939, skidpad=75.0, autocross=45.8885913647893, endurance=171.70774490128164, efficiency=3.6156714965287065)"
[120   5],290,120,5,290,43.199999999999996,3.935079819301123,4.6118214268334015,1509.4787111574358,8080.0533127707595,0.19875554570221016,10.8,8.323746452738108,375.7349222484082,"ScoreBreakdown(accel=82.66620466115832, skidpad=75.0, autocross=45.05007761846644, endurance=169.76253584000094, efficiency=3.2561041287825407)"
[120   5],295,120,5,295,43.199999999999996,3.9633417441227863,4.620667299055384,1513.5973946787037,8109.502684009339,0.19525793397889563,10.8,8.35553696540644,370.70624119920393,"ScoreBreakdown(accel=80.7468256290709, skidpad=75.0, autocross=44.22861595739159, endurance=167.85688471188902, efficiency=2.8739149008524345)"
[120   5],300,120,5,300,43.199999999999996,3.9915058253446176,4.62980857849513,1517.6566485382473,8143.872881500163,0.19093650287258987,10.8,8.39406718647679,365.73510597723214,"ScoreBreakdown(accel=78.86113094825608, skidpad=75.0, autocross=43.423370000872296, endurance=165.9888512562062, efficiency=2.461753771897571)"
[124   5],200,124,5,200,44.63999999999999,3.6253038322989397,4.411893476136811,1434.0472357591468,7200.655474567069,0.33012501562581686,11.16,7.3963776768041365,456.7005057346987,"ScoreBreakdown(accel=100.0, skidpad=75.0, autocross=60.929269404159385, endurance=206.59955596375994, efficiency=14.171680366779379)"
[124   5],205,124,5,205,44.63999999999999,3.63304424605127,4.42563881461237,1438.2540551066863,7266.711057996196,0.32228172977703207,11.16,7.469927628543778,452.7616774280264,"ScoreBreakdown(accel=100.0, skidpad=75.0, autocross=59.999830088223355, endurance=204.44341506899485, efficiency=13.318432270808215)"
[124   5],210,124,5,210,44.63999999999999,3.6413066374271352,4.43876149137175,1442.3434272424397,7335.250797507531,0.31383855689512746,11.16,7.549202748924112,448.92493567396707,"ScoreBreakdown(accel=100.0, skidpad=75.0, autocross=59.101535905501656, endurance=202.35952557810862, efficiency=12.463874190356846)"
[124   5],215,124,5,215,44.63999999999999,3.6502306563926226,4.451909490984619,1446.3990907177388,7405.210103885023,0.304975734273973,11.16,7.632472006424813,445.1348028623549,"ScoreBreakdown(accel=100.0, skidpad=75.0, autocross=58.21566317648228, endurance=200.30445174397428, efficiency=11.61468794189834)"
[124   5],220,124,5,220,44.63999999999999,3.659836849872832,4.464692498941417,1450.488259946475,7468.477156926467,0.29783313828076124,11.16,7.699213280759785,441.41315857578775,"ScoreBreakdown(accel=100.0, skidpad=75.0, autocross=57.32748731346646, endurance=198.24403503127817, efficiency=10.841636231043127)"
[124   5],225,124,5,225,44.63999999999999,3.6701055085420506,4.476935933773376,1454.6374700490742,7539.078193365259,0.2909531540110642,11.16,7.763848363453084,437.6111974114127,"ScoreBreakdown(accel=100.0, skidpad=75.0, autocross=56.431374517180224, endurance=196.1652059853503, efficiency=10.014616908882195)"
[124   5],230,124,5,230,44.63999999999999,3.6811818926376247,4.4886810058795845,1458.8853336847262,7594.475306896095,0.28515497572589255,11.16,7.818038762676049,433.90051270844475,"ScoreBreakdown(accel=100.0, skidpad=75.0, autocross=55.51923582465496, endurance=194.0491995899567, efficiency=9.33207729383309)"
[124   5],235,124,5,235,44.63999999999999,3.69325466831323,4.500279849860846,1463.163941837002,7649.559495515964,0.2794535884412064,11.16,7.871552426078646,430.1979935837973,"ScoreBreakdown(accel=100.0, skidpad=75.0, autocross=54.60584928568256, endurance=191.93029840336027, efficiency=8.661845894754492)"
[124   5],240,124,5,240,44.63999999999999,3.706403470020561,4.511733862737842,1467.3562986014617,7686.2043634816955,0.27515096678466017,11.16,7.91179717867457,426.0173494282384,"ScoreBreakdown(accel=99.27312442299333, skidpad=75.0, autocross=53.716042109869136, endurance=189.866097322847, efficiency=8.162085572528904)"
[124   5],245,124,5,245,44.63999999999999,3.72069539565949,4.522747919369422,1471.6032158191351,7734.084354665275,0.2700328229333406,11.16,7.959729702480874,421.35405148498154,"ScoreBreakdown(accel=98.17541342826301, skidpad=75.0, autocross=52.81982397489226, endurance=187.78702390910004, efficiency=7.571790172726242)"
[124   5],250,124,5,250,44.63999999999999,3.736347465548562,4.533349610791845,1475.9850065538087,7782.711585329321,0.2645877874495513,11.16,8.011442185457698,416.5157193560177,"ScoreBreakdown(accel=96.98286923697341, skidpad=75.0, autocross=51.90054950419581, endurance=185.65446372383855, efficiency=6.9778368910099395)"
[124   5],255,124,5,255,44.63999999999999,3.753710765628057,4.543751833798964,1480.4486698863,7825.158993015817,0.2597031618339569,11.16,8.058072986303891,411.57524697323726,"ScoreBreakdown(accel=95.67158063929313, skidpad=75.0, autocross=50.96969378433809, endurance=183.49503701324147, efficiency=6.438935536364578)"
[124   5],260,124,5,260,44.63999999999999,3.7731330596000134,4.554205599096264,1484.8820323406148,7875.378278116292,0.25393484603427985,11.16,8.112592891403912,406.4791104671297,"ScoreBreakdown(accel=94.21909558161298, skidpad=75.0, autocross=50.05069661552125, endurance=181.36312012110577, efficiency=5.846198148889779)"
[124   5],265,124,5,265,44.63999999999999,3.7952596185436107,4.564290460655897,1489.3226012055995,7918.945966962923,0.24886739787543835,11.16,8.160113334697945,401.27272240730116,"ScoreBreakdown(accel=92.58248880387598, skidpad=75.0, autocross=49.13569024453839, endurance=179.24046120016294, efficiency=5.3140821587238705)"
[124   5],270,124,5,270,44.63999999999999,3.821174457418792,4.5740298978115845,1493.715493697863,7953.451021645232,0.2448778912209063,11.16,8.196851659191449,395.93992136296043,"ScoreBreakdown(accel=90.68977811745462, skidpad=75.0, autocross=48.235860904740264, endurance=177.15301040635376, efficiency=4.861271934411748)"
[124   5],275,124,5,275,44.63999999999999,3.849749874109179,4.583512153122953,1498.0084266079368,7980.757966685817,0.24168722623500621,11.16,8.227037197968883,390.5917154799554,"ScoreBreakdown(accel=88.6322903140801, skidpad=75.0, autocross=47.36160575334576, endurance=175.12488737340217, efficiency=4.4729320391273655)"
[124   5],280,124,5,280,44.63999999999999,3.8782795667071923,4.593257496777142,1502.2601201382977,8009.460212232974,0.23847605578774683,11.16,8.25754644430629,385.3159687781032,"ScoreBreakdown(accel=86.60834141317284, skidpad=75.0, autocross=46.50067385670173, endurance=173.1276720220241, efficiency=4.07928148620456)"
[124   5],285,124,5,285,44.63999999999999,3.906724326227902,4.602689228761392,1506.507775342011,8033.3360689100655,0.2357650438976902,11.16,8.28373387723867,380.1349117132018,"ScoreBreakdown(accel=84.61984659093939, skidpad=75.0, autocross=45.64541224093515, endurance=171.1436107564212, efficiency=3.7260421249060673)"
[124   5],290,124,5,290,44.63999999999999,3.935079819301123,4.6118214268334015,1510.6744710320845,8058.492053042272,0.23283978437599712,11.16,8.311566917443683,375.05503818866276,"ScoreBreakdown(accel=82.66620466115832, skidpad=75.0, autocross=44.8111247026926, endurance=169.208205778006, efficiency=3.36950304680585)"
[124   5],295,124,5,295,44.63999999999999,3.9633417441227863,4.620667299055384,1514.7778265153527,8088.279013607203,0.22955359392159846,11.16,8.343023742494834,370.0377028596602,"ScoreBreakdown(accel=80.7468256290709, skidpad=75.0, autocross=43.994005241862524, endurance=167.31262781482323, efficiency=2.9842441739036003)"
[124   5],300,124,5,300,44.63999999999999,3.9915058253446176,4.62980857849513,1518.8208166806182,8121.97095619375,0.2254522829980187,11.16,8.381592048171877,365.0857100939076,"ScoreBreakdown(accel=78.86113094825608, skidpad=75.0, autocross=43.1932248219835, endurance=165.45495364349824, efficiency=2.576400680169805)"
[128   5],200,128,5,200,46.08,3.6253038322989397,4.411893476136811,1435.7072056644156,7177.437694375386,0.3572920988627932,11.52,7.378143000539567,455.628479889997,"ScoreBreakdown(accel=100.0, skidpad=75.0, autocross=60.56187112442447, endurance=205.74725453641503, efficiency=14.319354229157428)"
[128   5],205,128,5,205,46.08,3.63304424605127,4.42563881461237,1439.8861826314892,7242.3315388304545,0.3499181208689614,11.52,7.450841252695324,451.72614907218144,"ScoreBreakdown(accel=100.0, skidpad=75.0, autocross=59.64069605872271, endurance=203.61028529448328, efficiency=13.475167718975445)"
[128   5],210,128,5,210,46.08,3.6413066374271352,4.43876149137175,1443.946620880093,7310.619199541831,0.34183047654554616,11.52,7.530708094815087,447.917072550645,"ScoreBreakdown(accel=100.0, skidpad=75.0, autocross=58.750757860834135, endurance=201.54578026507386, efficiency=12.620534424736997)"
[128   5],215,128,5,215,46.08,3.6502306563926226,4.451909490984619,1447.96952292686,7380.094734232739,0.333409165730757,11.52,7.613909122880122,444.1592697069251,"ScoreBreakdown(accel=100.0, skidpad=75.0, autocross=57.87396876666465, endurance=199.51177891650912, efficiency=11.773522023751303)"
[128   5],220,128,5,220,46.08,3.659836849872832,4.464692498941417,1452.0338086444358,7443.351556833381,0.3265500065886903,11.52,7.681320587610028,440.45957966112314,"ScoreBreakdown(accel=100.0, skidpad=75.0, autocross=56.99309368956445, endurance=197.4682987835407, efficiency=10.99818718801798)"
[128   5],225,128,5,225,46.08,3.6701055085420506,4.476935933773376,1456.159349284493,7514.572142354845,0.31998416762577964,11.52,7.746179357875089,436.6725521528889,"ScoreBreakdown(accel=100.0, skidpad=75.0, autocross=56.10397143845701, endurance=195.4056866116773, efficiency=10.162894102754619)"
[128   5],230,128,5,230,46.08,3.6811818926376247,4.4886810058795845,1460.3871605456984,7569.109021480528,0.31445272574847377,11.52,7.800529040341363,432.9879869517184,"ScoreBreakdown(accel=100.0, skidpad=75.0, autocross=55.19801999153314, endurance=193.30403357215963, efficiency=9.485933388025664)"
[128   5],235,128,5,235,46.08,3.69325466831323,4.500279849860846,1464.6443066402608,7624.507865348204,0.3090474871041311,11.52,7.853870013232803,429.30213060274826,"ScoreBreakdown(accel=100.0, skidpad=75.0, autocross=54.29106732653075, endurance=191.2000578772448, efficiency=8.811005398972679)"
[128   5],240,128,5,240,46.08,3.706403470020561,4.511733862737842,1468.8148451791942,7660.715017567947,0.3049064036800532,11.52,7.89453396067515,425.1454773732478,"ScoreBreakdown(accel=99.27312442299333, skidpad=75.0, autocross=53.40766373920094, endurance=189.15071203124344, efficiency=8.313977179810076)"
[128   5],245,128,5,245,46.08,3.72069539565949,4.522747919369422,1473.0395490101405,7708.589854163168,0.2999981055333795,11.52,7.942794844084188,420.50205939525614,"ScoreBreakdown(accel=98.17541342826301, skidpad=75.0, autocross=52.51788699849513, endurance=187.08658155499572, efficiency=7.722177413502256)"
[128   5],250,128,5,250,46.08,3.736347465548562,4.533349610791845,1477.4029759135753,7757.3422890488355,0.2948579118472521,11.52,7.994100875048946,415.679633858085,"ScoreBreakdown(accel=96.98286923697341, skidpad=75.0, autocross=51.60423550366751, endurance=184.9670657159469, efficiency=7.1254634014972265)"
[128   5],255,128,5,255,46.08,3.753710765628057,4.543751833798964,1481.8521235038074,7799.721069339663,0.2902184111110143,11.52,8.040586080612819,410.75407664919805,"ScoreBreakdown(accel=95.67158063929313, skidpad=75.0, autocross=50.678175308886814, endurance=182.81876380667183, efficiency=6.585556894346261)"
[128   5],260,128,5,260,46.08,3.7731330596000134,4.554205599096264,1486.2684000319955,7849.405903293287,0.28467238192784416,11.52,8.095602127005334,405.67792001468337,"ScoreBreakdown(accel=94.21909558161298, skidpad=75.0, autocross=49.764440038907885, endurance=180.69905362354217, efficiency=5.995330770620336)"
[128   5],265,128,5,265,46.08,3.7952596185436107,4.564290460655897,1490.6924695411137,7892.951450600613,0.27982906930166607,11.52,8.143308604020993,400.48706066346676,"ScoreBreakdown(accel=92.58248880387598, skidpad=75.0, autocross=48.85452073063016, endurance=178.58819582155868, efficiency=5.461855307401942)"
[128   5],270,128,5,270,46.08,3.821174457418792,4.5740298978115845,1495.0703080199553,7927.164298741695,0.2759780380451335,11.52,8.18058926477379,395.17104565952724,"ScoreBreakdown(accel=90.68977811745462, skidpad=75.0, autocross=47.95941095361368, endurance=176.51169360948515, efficiency=5.010162978973757)"
[128   5],275,128,5,275,46.08,3.849749874109179,4.583512153122953,1499.3476806659753,7954.794818543012,0.2729678860783354,11.52,8.210503504599572,389.8352202525739,"ScoreBreakdown(accel=88.6322903140801, skidpad=75.0, autocross=47.089891385917866, endurance=174.49455632406793, efficiency=4.618482228508032)"
[128   5],280,128,5,280,46.08,3.8782795667071923,4.593257496777142,1503.58176285008,7983.405051623955,0.2698721686502827,11.52,8.24134544559984,384.57628400874154,"ScoreBreakdown(accel=86.60834141317284, skidpad=75.0, autocross=46.234044405784104, endurance=172.5091371128427, efficiency=4.2247610769419035)"
[128   5],285,128,5,285,46.08,3.906724326227902,4.602689228761392,1507.8187558952654,8007.286856886071,0.26729950954848314,11.52,8.267384928417927,379.4064080845436,"ScoreBreakdown(accel=84.61984659093939, skidpad=75.0, autocross=45.382420583834225, endurance=170.53351490924246, efficiency=3.8706260005274995)"
[128   5],290,128,5,290,46.08,3.935079819301123,4.6118214268334015,1511.9720795163234,8033.126992253911,0.2645468863272157,11.52,8.294904222922659,374.33425414044774,"ScoreBreakdown(accel=82.66620466115832, skidpad=75.0, autocross=44.55224663657354, endurance=168.607652761207, efficiency=3.5081500815088704)"
[128   5],295,128,5,295,46.08,3.9633417441227863,4.620667299055384,1516.0644201640189,8061.757362543701,0.26142705536971766,11.52,8.326253696808365,369.3364346256193,"ScoreBreakdown(accel=80.7468256290709, skidpad=75.0, autocross=43.73871098258946, endurance=166.72038861945083, efficiency=3.1305093945081226)"
[128   5],300,128,5,300,46.08,3.9915058253446176,4.62980857849513,1520.094219411562,8095.323683531562,0.25748043794499037,11.52,8.365226108175307,364.3973525063184,"ScoreBreakdown(accel=78.86113094825608, skidpad=75.0, autocross=42.941888665558544, endurance=164.871896572521, efficiency=2.722436319982772)"
[132   5],200,132,5,200,47.519999999999996,3.6253038322989397,4.411893476136811,1437.4388199644932,7152.560368203486,0.3824190202805015,11.88,7.358893348307325,454.5209828682852,"ScoreBreakdown(accel=100.0, skidpad=75.0, autocross=60.1795201908184, endurance=204.86026549908394, efficiency=14.481197178382834)"
[132   5],205,132,5,205,47.519999999999996,3.63304424605127,4.42563881461237,1441.579748064677,7216.070155489053,0.3754719740469251,11.88,7.430721002609858,450.66524438832465,"ScoreBreakdown(accel=100.0, skidpad=75.0, autocross=59.26890290791051, endurance=202.7477885148497, efficiency=13.648552965564424)"
[132   5],210,132,5,210,47.519999999999996,3.6413066374271352,4.43876149137175,1445.6047128696046,7283.603679171912,0.3677421695280426,11.88,7.510780818877736,446.8934689157186,"ScoreBreakdown(accel=100.0, skidpad=75.0, autocross=58.388786535638665, endurance=200.70606844784731, efficiency=12.798613932232579)"
[132   5],215,132,5,215,47.519999999999996,3.6502306563926226,4.451909490984619,1449.6022582750247,7352.215230959878,0.35976095490217175,11.88,7.593506972254108,443.1655389102316,"ScoreBreakdown(accel=100.0, skidpad=75.0, autocross=57.519503441068586, endurance=198.68947973980167, efficiency=11.956555729361288)"
[132   5],220,132,5,220,47.519999999999996,3.659836849872832,4.464692498941417,1453.648408031192,7416.047390750308,0.3531383060580657,11.88,7.661763507889263,439.4769229602837,"ScoreBreakdown(accel=100.0, skidpad=75.0, autocross=56.64451974704874, endurance=196.65966661205724, efficiency=11.172736601177679)"
[132   5],225,132,5,225,47.519999999999996,3.6701055085420506,4.476935933773376,1457.7553502311605,7486.662658986806,0.3468792195663148,11.88,7.72662639163354,435.7117009198551,"ScoreBreakdown(accel=100.0, skidpad=75.0, autocross=55.76135686010263, endurance=194.61087914994562, efficiency=10.339464909806873)"
[132   5],230,132,5,230,47.519999999999996,3.6811818926376247,4.4886810058795845,1461.9643014146375,7540.66248009099,0.3416179642093827,11.88,7.78088899995612,432.0493058733872,"ScoreBreakdown(accel=100.0, skidpad=75.0, autocross=54.86140616365585, endurance=192.5231468293834, efficiency=9.664752880347901)"
[132   5],235,132,5,235,47.519999999999996,3.69325466831323,4.500279849860846,1466.19920733704,7596.051445113374,0.33648287139666505,11.88,7.834024328370187,428.383253046754,"ScoreBreakdown(accel=100.0, skidpad=75.0, autocross=53.961120655607616, endurance=190.43463780293627, efficiency=8.987494588210158)"
[132   5],240,132,5,240,47.519999999999996,3.706403470020561,4.511733862737842,1470.3482486499695,7632.431183385552,0.33251851918888753,11.88,7.874873133222965,424.2450318534783,"ScoreBreakdown(accel=99.27312442299333, skidpad=75.0, autocross=53.08411819675916, endurance=188.40014148466065, efficiency=8.487647749065125)"
[132   5],245,132,5,245,47.519999999999996,3.72069539565949,4.522747919369422,1474.5509109653208,7679.717078589997,0.3278687741755359,11.88,7.922857732219268,419.6261721305977,"ScoreBreakdown(accel=98.17541342826301, skidpad=75.0, autocross=52.2008130597649, endurance=186.35102402666791, efficiency=7.8989216159018625)"
[132   5],250,132,5,250,47.519999999999996,3.736347465548562,4.533349610791845,1478.8956720269878,7728.407241055323,0.32290758386600055,11.88,7.974741280372389,414.82123823712453,"ScoreBreakdown(accel=96.98286923697341, skidpad=75.0, autocross=51.292919723290474, endurance=184.24486613416934, efficiency=7.300583142691308)"
[132   5],255,132,5,255,47.519999999999996,3.753710765628057,4.543751833798964,1483.3299219936234,7770.657002420441,0.3185000113109688,11.88,8.02104497678322,409.91123827381807,"ScoreBreakdown(accel=95.67158063929313, skidpad=75.0, autocross=50.371810530333825, endurance=182.10804970578582, efficiency=6.759797398405324)"
[132   5],260,132,5,260,47.519999999999996,3.7731330596000134,4.554205599096264,1487.730085357326,7821.091869918733,0.31321366246188276,11.88,8.076040705670101,404.8438276480912,"ScoreBreakdown(accel=94.21909558161298, skidpad=75.0, autocross=49.46320968097668, endurance=180.0002505039151, efficiency=6.161271881586383)"
[132   5],265,132,5,265,47.519999999999996,3.7952596185436107,4.564290460655897,1492.1389786313587,7863.8742232744,0.30865105037375373,11.88,8.123203426921927,399.67344532752793,"ScoreBreakdown(accel=92.58248880387598, skidpad=75.0, autocross=48.55818086818206, endurance=177.9007378184185, efficiency=5.632037837051364)"
[132   5],270,132,5,270,47.519999999999996,3.821174457418792,4.5740298978115845,1496.5024908302717,7897.763409921262,0.30493493307695335,11.88,8.16093882180922,394.37395495443366,"ScoreBreakdown(accel=90.68977811745462, skidpad=75.0, autocross=47.66771820218047, endurance=175.83501611232313, efficiency=5.181442522475464)"
[132   5],275,132,5,275,47.519999999999996,3.849749874109179,4.583512153122953,1500.7648280476733,7926.170829742635,0.30208471892963884,11.88,8.190611709594686,389.0465935005812,"ScoreBreakdown(accel=88.6322903140801, skidpad=75.0, autocross=46.80290171631831, endurance=173.8287891756494, efficiency=4.782612294533425)"
[132   5],280,132,5,280,47.519999999999996,3.8782795667071923,4.593257496777142,1504.9853988607706,7954.254111361766,0.29913338534731404,11.88,8.221401959595411,383.8049753758522,"ScoreBreakdown(accel=86.60834141317284, skidpad=75.0, autocross=45.95138632459464, endurance=171.85341851170443, efficiency=4.391829126380316)"
[132   5],285,132,5,285,47.519999999999996,3.906724326227902,4.602689228761392,1509.2126074296239,7977.758972860025,0.2967365820438664,11.88,8.246819882707477,378.6486679795202,"ScoreBreakdown(accel=84.61984659093939, skidpad=75.0, autocross=45.10330557364216, endurance=169.88601562930106, efficiency=4.039500185637585)"
[132   5],290,132,5,290,47.519999999999996,3.935079819301123,4.6118214268334015,1513.3531980180855,8003.218704544328,0.2940989400864737,11.88,8.274420357216142,373.59182656105816,"ScoreBreakdown(accel=82.66620466115832, skidpad=75.0, autocross=44.277195709132506, endurance=167.9695814609829, efficiency=3.6788447297844344)"
[132   5],295,132,5,295,47.519999999999996,3.9633417441227863,4.620667299055384,1517.4335729129925,8032.043750772499,0.2911561526369643,11.88,8.30540632426062,368.60408607696434,"ScoreBreakdown(accel=80.7468256290709, skidpad=75.0, autocross=43.46751028683202, endurance=166.09124920089448, efficiency=3.2985009601669573)"
[132   5],300,132,5,300,47.519999999999996,3.9915058253446176,4.62980857849513,1521.4530209164377,8064.622029175518,0.28742446003520733,11.88,8.344050627671784,363.6823633101742,"ScoreBreakdown(accel=78.86113094825608, skidpad=75.0, autocross=42.67416102811164, endurance=164.25081405765354, efficiency=2.896257276152945)"
[136   5],200,136,5,200,48.96,3.6253038322989397,4.411893476136811,1439.2132454788825,7125.804561333605,0.40578186933699534,12.24,7.338298129723545,453.40336520428724,"ScoreBreakdown(accel=100.0, skidpad=75.0, autocross=59.78867074758982, endurance=203.95356136704223, efficiency=14.661133089655161)"
[136   5],205,136,5,205,48.96,3.63304424605127,4.42563881461237,1443.3149224071121,7188.19453533172,0.3992150304025248,12.24,7.409318717878312,449.59234373261967,"ScoreBreakdown(accel=100.0, skidpad=75.0, autocross=58.88888016900789, endurance=201.86620049265235, efficiency=13.837263070959402)"
[136   5],210,136,5,210,48.96,3.6413066374271352,4.43876149137175,1447.3092724658432,7254.819896589917,0.3917616244026252,12.24,7.490078561813161,445.8553779317282,"ScoreBreakdown(accel=100.0, skidpad=75.0, autocross=58.01753562224276, endurance=199.84482956665616, efficiency=12.993012742829261)"
[136   5],215,136,5,215,48.96,3.6502306563926226,4.451909490984619,1451.2765223720482,7323.25664523834,0.38420921070158953,12.24,7.571981916871719,442.15440494350446,"ScoreBreakdown(accel=100.0, skidpad=75.0, autocross=57.15685052117664, endurance=197.84818673898047, efficiency=12.149367683347368)"
[136   5],220,136,5,220,48.96,3.659836849872832,4.464692498941417,1455.2996956964282,7386.269918706241,0.37781111723317584,12.24,7.641012476152759,438.49324924012603,"ScoreBreakdown(accel=100.0, skidpad=75.0, autocross=56.28882523708145, endurance=195.83451593698422, efficiency=11.369908066060347)"
[136   5],225,136,5,225,48.96,3.6701055085420506,4.476935933773376,1459.3824456829261,7457.172777833767,0.37180554816795175,12.24,7.706122491240225,434.7456041637747,"ScoreBreakdown(accel=100.0, skidpad=75.0, autocross=55.41283862201882, endurance=193.8023762032556, efficiency=10.530389338500278)"
[136   5],230,136,5,230,48.96,3.6811818926376247,4.4886810058795845,1463.5756938308466,7510.475393322251,0.36679610085014336,12.24,7.760212673633194,431.1042796114385,"ScoreBreakdown(accel=100.0, skidpad=75.0, autocross=54.51823119736289, endurance=191.72703936308932, efficiency=9.859009050986296)"
[136   5],235,136,5,235,48.96,3.69325466831323,4.500279849860846,1467.7933340156221,7565.977191521334,0.36187625742079815,12.24,7.813447713169435,427.4530075368634,"ScoreBreakdown(accel=100.0, skidpad=75.0, autocross=53.623576044130374, endurance=189.6515918007553, efficiency=9.177839691977738)"
[136   5],240,136,5,240,48.96,3.706403470020561,4.511733862737842,1471.9272308405116,7602.108249560688,0.35810808160207863,12.24,7.8540851379882035,423.33201195350694,"ScoreBreakdown(accel=99.27312442299333, skidpad=75.0, autocross=52.75166009268244, endurance=187.6288953132265, efficiency=8.678332124604625)"
[136   5],245,136,5,245,48.96,3.72069539565949,4.522747919369422,1476.1128090798707,7649.57919985839,0.3536776741242386,12.24,7.901958724720638,418.72735752595923,"ScoreBreakdown(accel=98.17541342826301, skidpad=75.0, autocross=51.873819182593856, endurance=185.5924539308933, efficiency=8.08567098420908)"
[136   5],250,136,5,250,48.96,3.736347465548562,4.533349610791845,1480.4415502130364,7698.622557478652,0.34894221812511456,12.24,7.953773062322906,413.93446427943667,"ScoreBreakdown(accel=96.98286923697341, skidpad=75.0, autocross=50.971174056883925, endurance=183.49847099340232, efficiency=7.481949992177023)"
[136   5],255,136,5,255,48.96,3.753710765628057,4.543751833798964,1484.8614319143637,7740.130334165309,0.34474873885079416,12.24,7.999853649403703,409.0447734858685,"ScoreBreakdown(accel=95.67158063929313, skidpad=75.0, autocross=50.05495421268869, endurance=181.37299702130656, efficiency=6.945241612580149)"
[136   5],260,136,5,260,48.96,3.7731330596000134,4.554205599096264,1489.2451175237798,7790.727108069049,0.3396962626109978,12.24,8.054878089680976,403.99103806718,"ScoreBreakdown(accel=94.21909558161298, skidpad=75.0, autocross=49.151609455009954, endurance=179.2773910568212, efficiency=6.342941973735878)"
[136   5],265,136,5,265,48.96,3.7952596185436107,4.564290460655897,1493.6401312472842,7833.289980175192,0.33535312149074487,12.24,8.101884449134726,398.8358466460908,"ScoreBreakdown(accel=92.58248880387598, skidpad=75.0, autocross=48.25125334204353, endurance=177.18871823899067, efficiency=5.813386261180575)"
[136   5],270,136,5,270,48.96,3.821174457418792,4.5740298978115845,1497.9915542089707,7867.24350065965,0.33182442548460883,12.24,8.139436357707314,393.54826338424164,"ScoreBreakdown(accel=90.68977811745462, skidpad=75.0, autocross=47.36503200655877, endurance=175.1328356972377, efficiency=5.360617562990507)"
[136   5],275,136,5,275,48.96,3.849749874109179,4.583512153122953,1502.2425157123312,7895.552874230849,0.3291268666884501,12.24,8.168835119516825,388.2336273788251,"ScoreBreakdown(accel=88.6322903140801, skidpad=75.0, autocross=46.504228556436885, endurance=173.13591831991158, efficiency=4.961190188396525)"
[136   5],280,136,5,280,48.96,3.8782795667071923,4.593257496777142,1506.4538689268732,7922.750608299666,0.326319297993979,12.24,8.199475867601604,383.0091604506105,"ScoreBreakdown(accel=86.60834141317284, skidpad=75.0, autocross=45.65623603392711, endurance=171.16872011246681, efficiency=4.575862891043768)"
[136   5],285,136,5,285,48.96,3.906724326227902,4.602689228761392,1510.6729437749202,7945.9142825614135,0.32407540608941166,12.24,8.224367671258243,377.86507561969324,"ScoreBreakdown(accel=84.61984659093939, skidpad=75.0, autocross=44.81142965861408, endurance=169.20891322379842, efficiency=4.224886146341303)"
[136   5],290,136,5,290,48.96,3.935079819301123,4.6118214268334015,1514.801381801246,7970.826966710311,0.3216304003520456,12.24,8.251199277675433,372.8244936836103,"ScoreBreakdown(accel=82.66620466115832, skidpad=75.0, autocross=43.98932735204158, endurance=167.30177590725782, efficiency=3.8671857631525874)"
[136   5],295,136,5,295,48.96,3.9633417441227863,4.620667299055384,1518.8700382544966,7998.712449064661,0.31886922047939203,12.24,8.281647565220283,367.85523223351436,"ScoreBreakdown(accel=80.7468256290709, skidpad=75.0, autocross=43.18350194969962, endurance=165.43239823596775, efficiency=3.4925064187760766)"
[136   5],300,136,5,300,48.96,3.9915058253446176,4.62980857849513,1522.8733258352138,8030.748444772869,0.31540329952624613,12.24,8.319284262339279,362.9515634970585,"ScoreBreakdown(accel=78.86113094825608, skidpad=75.0, autocross=42.39482593159689, endurance=163.60280421493246, efficiency=3.092802402273025)"
[140   5],200,140,5,200,50.4,3.6253038322989397,4.411893476136811,1441.03274968062,7098.198529212907,0.42748996136273515,12.6,7.317513188461336,452.2640346569483,"ScoreBreakdown(accel=100.0, skidpad=75.0, autocross=59.38889144561658, endurance=203.02614148380127, efficiency=14.84900172753045)"
[140   5],205,140,5,205,50.4,3.63304424605127,4.42563881461237,1445.10300616152,7159.783359553186,0.42129949268588673,12.6,7.387349959528912,448.48853046354964,"ScoreBreakdown(accel=100.0, skidpad=75.0, autocross=58.49822444518604, endurance=200.95994575663647, efficiency=14.030360261727088)"
[140   5],210,140,5,210,50.4,3.6413066374271352,4.43876149137175,1449.0698290464939,7224.222147288348,0.4141527412356969,12.6,7.468119081543742,444.7964969704338,"ScoreBreakdown(accel=100.0, skidpad=75.0, autocross=57.63500556181901, endurance=198.9574249856203, efficiency=13.204066422994439)"
[140   5],215,140,5,215,50.4,3.6502306563926226,4.451909490984619,1453.0040853793237,7293.275231073504,0.40690689954551884,12.6,7.550082472451009,441.1167494664282,"ScoreBreakdown(accel=100.0, skidpad=75.0, autocross=56.78352890994865, endurance=196.98214419153607, efficiency=12.351076364943495)"
[140   5],220,140,5,220,50.4,3.659836849872832,4.464692498941417,1457.0019035358905,7355.606711092525,0.4007333029561155,12.6,7.6196482679819235,437.48359705765466,"ScoreBreakdown(accel=100.0, skidpad=75.0, autocross=55.92300622769345, endurance=194.9858781478355, efficiency=11.574712682125702)"
[140   5],225,140,5,225,50.4,3.6701055085420506,4.476935933773376,1461.0590496423429,7425.473520936541,0.39501137627715277,12.6,7.6844305141269045,433.76653743133164,"ScoreBreakdown(accel=100.0, skidpad=75.0, autocross=55.05452786904736, endurance=192.97115629005694, efficiency=10.74085327222729)"
[140   5],230,140,5,230,50.4,3.6811818926376247,4.4886810058795845,1465.2339800175525,7479.694095523444,0.39021033767465674,12.6,7.738565429877153,430.13362641495263,"ScoreBreakdown(accel=100.0, skidpad=75.0, autocross=54.16585744292376, endurance=190.90959227519323, efficiency=10.058176696835611)"
[140   5],235,140,5,235,50.4,3.69325466831323,4.500279849860846,1469.434873934081,7534.8294304874225,0.3855976709271569,12.6,7.790720370048349,426.5009639427536,"ScoreBreakdown(accel=100.0, skidpad=75.0, autocross=53.27675740062012, endurance=188.84703162397142, efficiency=9.377174918162053)"
[140   5],240,140,5,240,50.4,3.706403470020561,4.511733862737842,1473.553619172469,7570.94550968091,0.3818963587504752,12.6,7.832348142183583,422.3951946111749,"ScoreBreakdown(accel=99.27312442299333, skidpad=75.0, autocross=52.40996542035691, endurance=186.83622187678773, efficiency=8.875882891036893)"
[140   5],245,140,5,245,50.4,3.72069539565949,4.522747919369422,1477.7263266511554,7618.318829570329,0.37765806100960775,12.6,7.880186755814058,417.80403650967,"ScoreBreakdown(accel=98.17541342826301, skidpad=75.0, autocross=51.53674430886229, endurance=184.81049764026838, efficiency=8.281381132276348)"
[140   5],250,140,5,250,50.4,3.736347465548562,4.533349610791845,1482.0361588520614,7667.3963910225375,0.3731748331566069,12.6,7.9314373072018896,413.02793478231,"ScoreBreakdown(accel=96.98286923697341, skidpad=75.0, autocross=50.63998933936977, endurance=182.73017886188816, efficiency=7.674897344078685)"
[140   5],255,140,5,255,50.4,3.753710765628057,4.543751833798964,1486.4353872364297,7708.848053969433,0.369212966119122,12.6,7.976912649589884,408.157473728975,"ScoreBreakdown(accel=95.67158063929313, skidpad=75.0, autocross=49.72999662784485, endurance=180.6191507768745, efficiency=7.136745684962527)"
[140   5],260,140,5,260,50.4,3.7731330596000134,4.554205599096264,1490.792968328257,7759.314808313545,0.3643655194116725,12.6,8.03204174861717,403.12674234552713,"ScoreBreakdown(accel=94.21909558161298, skidpad=75.0, autocross=48.83391340336838, endurance=178.54039033250834, efficiency=6.533343028037454)"
[140   5],265,140,5,265,50.4,3.7952596185436107,4.564290460655897,1495.1588951431042,7801.554038628103,0.36022072105745173,12.6,8.078914642320457,397.99848280411953,"ScoreBreakdown(accel=92.58248880387598, skidpad=75.0, autocross=47.94135219580489, endurance=176.46980036744924, efficiency=6.004841436989452)"
[140   5],270,140,5,270,50.4,3.821174457418792,4.5740298978115845,1499.4805276297097,7835.205652529434,0.3568872926016228,12.6,8.116021569632917,392.738267569268,"ScoreBreakdown(accel=90.68977811745462, skidpad=75.0, autocross=47.062965209239756, endurance=174.4320921807076, efficiency=5.553432061866001)"
[140   5],275,140,5,275,50.4,3.849749874109179,4.583512153122953,1503.6978477586015,7863.214591994032,0.35431715037672223,12.6,8.14528827982204,387.4535971906204,"ScoreBreakdown(accel=88.6322903140801, skidpad=75.0, autocross=46.21064771816288, endurance=172.45486078289062, efficiency=5.155798375486878)"
[140   5],280,140,5,280,50.4,3.8782795667071923,4.593257496777142,1507.879092265786,7889.296901333868,0.3516650870371189,12.6,8.175525563131746,382.2626532482968,"ScoreBreakdown(accel=86.60834141317284, skidpad=75.0, autocross=45.37032770331145, endurance=170.50546148629866, efficiency=4.778522645513823)"
[140   5],285,140,5,285,50.4,3.906724326227902,4.602689228761392,1512.0697916293793,7912.28128124946,0.34961096451544255,12.6,8.19937372397444,377.1434273787835,"ScoreBreakdown(accel=84.61984659093939, skidpad=75.0, autocross=44.53277066924292, endurance=168.562471834484, efficiency=4.42833828411714)"
[140   5],290,140,5,290,50.4,3.935079819301123,4.6118214268334015,1516.1686271053748,7936.583422056947,0.3473232481980196,12.6,8.225642669672581,372.13140376097266,"ScoreBreakdown(accel=82.66620466115832, skidpad=75.0, autocross=43.718052532839685, endurance=166.67246453493644, efficiency=4.074682032038183)"
[140   5],295,140,5,295,50.4,3.9633417441227863,4.620667299055384,1520.2076776559236,7963.981403461715,0.3447330050041645,12.6,8.255510681836842,367.18919225320667,"ScoreBreakdown(accel=80.7468256290709, skidpad=75.0, autocross=42.91951542610522, endurance=164.8199944679868, efficiency=3.7028567300437634)"
[140   5],300,140,5,300,50.4,3.9915058253446176,4.62980857849513,1524.1821448400722,7995.646026277676,0.34150059466790106,12.6,8.292257499992258,362.3105319641426,"ScoreBreakdown(accel=78.86113094825608, skidpad=75.0, autocross=42.13787796579071, endurance=163.00672870209118, efficiency=3.304794348004694)"
[144   5],200,144,5,200,51.83999999999999,3.6253038322989397,4.411893476136811,1442.9163123295739,7069.912625139483,0.44781856892108074,12.96,7.295476461415007,451.0869301018157,"ScoreBreakdown(accel=100.0, skidpad=75.0, autocross=58.97609940336632, endurance=202.0685342596729, efficiency=15.042296438776484)"
[144   5],205,144,5,205,51.83999999999999,3.63304424605127,4.42563881461237,1446.9534671500548,7131.021750535329,0.4418850990905039,12.96,7.365157109317814,447.3450360183268,"ScoreBreakdown(accel=100.0, skidpad=75.0, autocross=58.09495733302905, endurance=200.02443474787333, efficiency=14.22564393742449)"
[144   5],210,144,5,210,51.83999999999999,3.6413066374271352,4.43876149137175,1450.885704230204,7193.662108634957,0.43505577900090936,12.96,7.445508713633269,443.69989161419716,"ScoreBreakdown(accel=100.0, skidpad=75.0, autocross=57.24142855503113, endurance=198.04439337072685, efficiency=13.414069688439131)"
[144   5],215,144,5,215,51.83999999999999,3.6502306563926226,4.451909490984619,1454.7728561725837,7262.756728147067,0.42813143259374364,12.96,7.527027145591331,440.0576163782378,"ScoreBreakdown(accel=100.0, skidpad=75.0, autocross=56.402221035075826, endurance=196.0975748727946, efficiency=12.557820470367425)"
[144   5],220,144,5,220,51.83999999999999,3.659836849872832,4.464692498941417,1458.7237697211322,7323.818536429803,0.4221148134467672,12.96,7.59763900107758,436.4743438060702,"ScoreBreakdown(accel=100.0, skidpad=75.0, autocross=55.55383107850595, endurance=194.12945468602794, efficiency=11.791058041536278)"
[144   5],225,144,5,225,51.83999999999999,3.6701055085420506,4.476935933773376,1462.7249400182266,7393.448961240041,0.41663263616502116,12.96,7.662275109068122,432.8032441374222,"ScoreBreakdown(accel=100.0, skidpad=75.0, autocross=54.699320288922614, endurance=192.14713520927646, efficiency=10.956788639223142)"
[144   5],230,144,5,230,51.83999999999999,3.6811818926376247,4.4886810058795845,1466.847173901403,7448.060633779768,0.41197956840929556,12.96,7.7169158254306724,429.20890305634083,"ScoreBreakdown(accel=100.0, skidpad=75.0, autocross=53.82382999700492, endurance=190.11614686070172, efficiency=10.268926198634222)"
[144   5],235,144,5,235,51.83999999999999,3.69325466831323,4.500279849860846,1470.997709205161,7503.602017586534,0.40758198919556204,12.96,7.768721117776709,425.61260206096875,"ScoreBreakdown(accel=100.0, skidpad=75.0, autocross=52.94728646760373, endurance=188.08271518057055, efficiency=9.582600412794463)"
[144   5],240,144,5,240,51.83999999999999,3.706403470020561,4.511733862737842,1475.070817575412,7540.247829949731,0.4040987435773822,12.96,7.809566837289069,421.5393995688675,"ScoreBreakdown(accel=99.27312442299333, skidpad=75.0, autocross=52.09189022464452, endurance=186.09834160281298, efficiency=9.076043318416659)"
[144   5],245,144,5,245,51.83999999999999,3.72069539565949,4.522747919369422,1479.2000905170519,7586.843827794688,0.4000154460300494,12.96,7.857625441929058,416.989580924079,"ScoreBreakdown(accel=98.17541342826301, skidpad=75.0, autocross=51.22950752550464, endurance=184.09776063677037, efficiency=8.486899333540952)"
[144   5],250,144,5,250,51.83999999999999,3.736347465548562,4.533349610791845,1483.4692130301257,7636.103924133817,0.3957071240252153,12.96,7.908936335471224,412.2441693312575,"ScoreBreakdown(accel=96.98286923697341, skidpad=75.0, autocross=50.342965359479074, endurance=182.04113382281196, efficiency=7.877200911993066)"
[144   5],255,144,5,255,51.83999999999999,3.753710765628057,4.543751833798964,1487.83345613261,7677.247060944504,0.3919344408461186,12.96,7.9540710193095565,407.40462315045494,"ScoreBreakdown(accel=95.67158063929313, skidpad=75.0, autocross=49.44192899866127, endurance=179.95088294583783, efficiency=7.340230566662693)"
[144   5],260,144,5,260,51.83999999999999,3.7731330596000134,4.554205599096264,1492.156633386776,7727.3326020469285,0.38732106329537386,12.96,8.00878861117529,402.404014768042,"ScoreBreakdown(accel=94.21909558161298, skidpad=75.0, autocross=48.554567566220946, endurance=177.89235557334885, efficiency=6.737996046859193)"
[144   5],265,144,5,265,51.83999999999999,3.7952596185436107,4.564290460655897,1496.4907825420387,7768.987557180417,0.38337885619569934,12.96,8.055296031002554,397.30577235932793,"ScoreBreakdown(accel=92.58248880387598, skidpad=75.0, autocross=47.67010056638887, endurance=175.84054279148114, efficiency=6.212640197581948)"
[144   5],270,144,5,270,51.83999999999999,3.821174457418792,4.5740298978115845,1500.7838946062564,7802.354780311286,0.3802215545358029,12.96,8.0919752129456,392.07091605113004,"ScoreBreakdown(accel=90.68977811745462, skidpad=75.0, autocross=46.79904420019999, endurance=173.819840395334, efficiency=5.762253338141422)"
[144   5],275,144,5,275,51.83999999999999,3.849749874109179,4.583512153122953,1504.9724488963802,7829.861051236109,0.37780296143190056,12.96,8.120706305364507,386.8134491889929,"ScoreBreakdown(accel=88.6322903140801, skidpad=75.0, autocross=45.95399172201588, endurance=171.8594625899254, efficiency=5.367704562971526)"
[144   5],280,144,5,280,51.83999999999999,3.8782795667071923,4.593257496777142,1509.1282989565575,7855.099362132336,0.37532974427681176,12.96,8.150126451705017,381.6497800065871,"ScoreBreakdown(accel=86.60834141317284, skidpad=75.0, autocross=45.1201734681788, endurance=169.92514627139397, efficiency=4.996118853841508)"
[144   5],285,144,5,285,51.83999999999999,3.906724326227902,4.602689228761392,1513.2980734362072,7877.03099243996,0.37347247817958074,12.96,8.172684211010678,376.55619133821824,"ScoreBreakdown(accel=84.61984659093939, skidpad=75.0, autocross=44.28816419730016, endurance=167.99502648518896, efficiency=4.653154064789747)"
[144   5],290,144,5,290,51.83999999999999,3.935079819301123,4.6118214268334015,1517.3789872712127,7900.32240058327,0.37132979376479536,12.96,8.198371269046572,371.56689230065336,"ScoreBreakdown(accel=82.66620466115832, skidpad=75.0, autocross=43.47831320054932, endurance=166.11631012057939, efficiency=4.306064318366366)"
[144   5],295,144,5,295,51.83999999999999,3.9633417441227863,4.620667299055384,1521.4016155640375,7928.314624325944,0.3689344606224194,12.96,8.227220788740143,366.63348478230944,"ScoreBreakdown(accel=80.7468256290709, skidpad=75.0, autocross=42.68428083351781, endurance=164.27429028241525, efficiency=3.9280880373054607)"
[144   5],300,144,5,300,51.83999999999999,3.9915058253446176,4.62980857849513,1525.3576314563738,7959.109597789377,0.3659191437762236,12.96,8.26301792184919,361.7758013863817,"ScoreBreakdown(accel=78.86113094825608, skidpad=75.0, autocross=41.907481729331664, endurance=162.47224867858486, efficiency=3.5349400302091714)"
