pack_combo,mass,series,parallel,mass_kg,batt_mass,accel_time,skidpad_time,endur_time,energy_wh,final_soc,pack_energy_kwh,final_energy_kwh,total_points,score_breakdown
[100   2],200,100,2,200,14.399999999999999,3.6263688434969197,4.496213348185748,1688.395151362956,3046.211204742314,0.03848778159654914,3.6,3.0800255710185955,430.379602187886,"ScoreBreakdown(accel=100.0, skidpad=75.0, autocross=27.594192678969566, endurance=123.05894615910984, efficiency=104.72646334980666)"
[100   2],205,100,2,205,14.399999999999999,3.6441452916822072,4.376067036852291,1691.2682457037952,3050.917474769235,0.03668858538322818,3.6,3.084322188646484,428.237137230224,"ScoreBreakdown(accel=100.0, skidpad=75.0, autocross=27.11101260541196, endurance=121.9485982703364, efficiency=104.17752635447559)"
[100   2],210,100,2,210,14.399999999999999,3.6511095024580413,4.4288669578696584,1684.174736409572,3058.354310757988,0.03419969612241829,3.6,3.0910547219860627,432.48035086342867,"ScoreBreakdown(accel=100.0, skidpad=75.0, autocross=28.306946621886116, endurance=124.69685483755605, efficiency=104.47654940398648)"
[100   2],215,100,2,215,14.399999999999999,3.637075262504169,4.481046804910079,1693.9965893772028,3059.8902059316133,0.033526249387039776,3.6,3.092453026681111,425.9621965198433,"ScoreBreakdown(accel=100.0, skidpad=75.0, autocross=26.653693054298483, endurance=120.89767786640707, efficiency=103.41082559913774)"
[100   2],220,100,2,220,14.399999999999999,3.6619219016776015,4.532621511412529,1704.4223807913847,3060.2250281733322,0.03367413311080674,3.6,3.0926915510844557,419.1962535077108,"ScoreBreakdown(accel=100.0, skidpad=75.0, autocross=24.919629573876524, endurance=116.91279970222918, efficiency=102.36382423160515)"
[100   2],225,100,2,225,14.399999999999999,3.6815379399303936,4.422192708426152,1709.111075936398,3059.999822648588,0.03370696348162105,3.6,3.0918744844290056,416.2008452160893,"ScoreBreakdown(accel=100.0, skidpad=75.0, autocross=24.14668171350861, endurance=115.13656539154599, efficiency=101.91759811103475)"
[100   2],230,100,2,230,14.399999999999999,3.692103880388501,4.470852429020283,1702.6000399501268,3067.8143232738735,0.031123860192786817,3.6,3.0989217225662253,419.95581522971065,"ScoreBreakdown(accel=100.0, skidpad=75.0, autocross=25.22119771636658, endurance=117.60580334343837, efficiency=102.12881416990568)"
[100   2],235,100,2,235,14.399999999999999,3.680992183321891,4.518984356243578,1712.7797377172358,3071.132456611264,0.030055297525430322,3.6,3.1020195510305215,413.2560348244646,"ScoreBreakdown(accel=100.0, skidpad=75.0, autocross=23.544840963246457, endurance=113.75353524812317, efficiency=100.957658613095)"
[100   2],240,100,2,240,14.399999999999999,3.707720844568186,4.56660959939957,1722.586674919622,3070.947700056626,0.030279988601017348,3.6,3.1011017640689604,407.05808751583913,"ScoreBreakdown(accel=100.0, skidpad=75.0, autocross=21.948607120107837, endurance=110.08538961316809, efficiency=100.02409078256318)"
[100   2],245,100,2,245,14.399999999999999,3.7300323602843406,4.464215027810155,1728.3989104934815,3066.7097795145905,0.0314586208401795,3.6,3.097140464086814,403.6390734754493,"ScoreBreakdown(accel=100.0, skidpad=75.0, autocross=21.01112312737009, endurance=107.93105124314594, efficiency=99.69689910493327)"
[100   2],250,100,2,250,14.399999999999999,3.744515743492414,4.509360168975846,1725.580100158709,3071.2029577730614,0.030312914653524856,3.6,3.100352117684618,405.1635946012331,"ScoreBreakdown(accel=100.0, skidpad=75.0, autocross=21.464994161962206, endurance=108.97404695553995, efficiency=99.72455348373099)"
[100   2],255,100,2,255,14.399999999999999,3.736249422103384,4.554058482861819,1740.6188854346838,3066.877846575983,0.031887974033379576,3.6,3.095914360687756,396.04244428554136,"ScoreBreakdown(accel=100.0, skidpad=75.0, autocross=19.06052249680536, endurance=103.44857067220515, efficiency=98.53335111653087)"
[100   2],260,100,2,260,14.399999999999999,3.7685683556247653,4.5983204147764525,1751.1986358411543,3066.4310512361844,0.03230269692712655,3.6,3.0952234540558496,389.58245147657567,"ScoreBreakdown(accel=100.0, skidpad=75.0, autocross=17.393728066052674, endurance=99.61827679526857, efficiency=97.57044661525444)"
[100   2],265,100,2,265,14.399999999999999,3.800431217339053,4.642160207225828,1753.5347375177462,3066.834602206972,0.03235267931002648,3.6,3.095095184707744,388.1399873020473,"ScoreBreakdown(accel=100.0, skidpad=75.0, autocross=17.028396097318087, endurance=98.77874387082645, efficiency=97.33284733390278)"
[100   2],270,100,2,270,14.399999999999999,3.82946872142071,4.545210326813304,1771.1920709735346,3060.5586886434958,0.03448073313236826,3.6,3.08857708784488,377.21537992053084,"ScoreBreakdown(accel=99.36641637168582, skidpad=75.0, autocross=14.29821908456868, endurance=92.50479664497378, efficiency=96.04594781930257)"
[100   2],275,100,2,275,14.399999999999999,3.8508227503561585,4.586949823898507,1766.6266979225497,3061.86592053888,0.03426742122748576,3.6,3.0889504352703163,378.2876976208271,"ScoreBreakdown(accel=97.7811967647046, skidpad=75.0, autocross=14.998885888787164, endurance=94.11492907669718, efficiency=96.39268589063815)"
[100   2],280,100,2,280,14.399999999999999,3.8782795667071923,4.628315144971793,1775.3631766001859,3059.8999396782756,0.035186350593192965,3.6,3.086484685371817,371.1734280125266,"ScoreBreakdown(accel=95.76858873133177, skidpad=75.0, autocross=13.661212325186199, endurance=91.04095500678926, efficiency=95.70267194921932)"
[100   2],285,100,2,285,14.399999999999999,3.906724326227902,4.669313121469187,1775.8596955223652,3061.202126811367,0.034901658649657934,3.6,3.08710915455268,368.75570793150894,"ScoreBreakdown(accel=93.71339838354871, skidpad=75.0, autocross=13.585583794056031, endurance=90.86716062977116, efficiency=95.58956512413305)"
[100   2],290,100,2,290,14.399999999999999,3.935079819301123,4.579187861615182,1793.1623032078242,3052.730821265058,0.03763953849169675,3.6,3.078849496448421,357.0243639592014,"ScoreBreakdown(accel=91.69422991893049, skidpad=75.0, autocross=10.976253659571462, endurance=84.87091955011422, efficiency=94.4829608305853)"
[100   2],295,100,2,295,14.399999999999999,3.9633417441227863,4.61836203910029,1790.3669532303725,3053.144364016524,0.03762306017208019,3.6,3.079014724060523,356.6466630503312,"ScoreBreakdown(accel=89.7104735538761, skidpad=75.0, autocross=11.394392254908674, endurance=85.83180211120359, efficiency=94.7099951303428)"
[100   2],300,100,2,300,14.399999999999999,3.9915058253446176,4.65720733660217,1799.5802391549714,3050.1267679202224,0.03909229105599923,3.6,3.075422003150892,349.5092751396484,"ScoreBreakdown(accel=87.76153133710751, skidpad=75.0, autocross=10.021150498314531, endurance=82.67609232792736, efficiency=94.05050097629902)"
[104   2],200,104,2,200,14.975999999999999,3.6263688434969197,4.496213348185748,1680.693268632827,3156.9839157883634,0.04458891470650699,3.744,3.1927079630711632,429.48056007568863,"ScoreBreakdown(accel=100.0, skidpad=75.0, autocross=28.897599726199196, endurance=126.05417576874171, efficiency=99.52878458074775)"
[104   2],205,104,2,205,14.975999999999999,3.6441452916822072,4.376067036852291,1685.5770503972842,3158.3539779841603,0.04425994115688179,3.744,3.1929811103874632,426.2031420622253,"ScoreBreakdown(accel=100.0, skidpad=75.0, autocross=28.06972447713335, endurance=124.15171830976591, efficiency=98.98169927532604)"
[104   2],210,104,2,210,14.975999999999999,3.6511095024580413,4.4288669578696584,1679.5772483102894,3163.9465998812857,0.04238940878050903,3.744,3.198115387012074,429.8540899649371,"ScoreBreakdown(accel=100.0, skidpad=75.0, autocross=29.087457935098527, endurance=126.49046996412392, efficiency=99.2761620657146)"
[104   2],215,104,2,215,14.975999999999999,3.637075262504169,4.481046804910079,1690.0726614198504,3163.824598427259,0.04216300383238308,3.744,3.1982889707671913,422.9858183089583,"ScoreBreakdown(accel=100.0, skidpad=75.0, autocross=27.311879352309234, endurance=122.41019008785473, efficiency=98.26374886879435)"
[104   2],220,104,2,220,14.975999999999999,3.6619219016776015,4.532621511412529,1701.199710808815,3162.7483798240755,0.04283160810940116,3.744,3.1971371791344163,415.84524104725,"ScoreBreakdown(accel=100.0, skidpad=75.0, autocross=25.45336868180838, endurance=118.13933226033836, efficiency=97.25254010510325)"
[104   2],225,104,2,225,14.975999999999999,3.6815379399303936,4.422192708426152,1705.8066335488343,3160.56532613085,0.043684114675453654,3.744,3.194172514312311,413.0049523461191,"ScoreBreakdown(accel=100.0, skidpad=75.0, autocross=24.690988584825828, endurance=116.3873826716585, efficiency=96.92658108963478)"
[104   2],230,104,2,230,14.975999999999999,3.692103880388501,4.470852429020283,1699.233537507343,3166.942494948042,0.0416947580999638,3.744,3.1997810754442115,416.89512916165216,"ScoreBreakdown(accel=100.0, skidpad=75.0, autocross=25.7800009925601, endurance=118.88993336434912, efficiency=97.22519480474294)"
[104   2],235,104,2,235,14.975999999999999,3.680992183321891,4.518984356243578,1710.5095235917265,3167.1576407825155,0.04176137384341272,3.744,3.199746696272879,409.6720322027704,"ScoreBreakdown(accel=100.0, skidpad=75.0, autocross=23.91696311924354, endurance=114.608672024015, efficiency=96.14639705951184)"
[104   2],240,104,2,240,14.975999999999999,3.707720844568186,4.56660959939957,1721.035923203631,3164.793811999682,0.04268274292224815,3.744,3.196768673192488,403.1441150568936,"ScoreBreakdown(accel=100.0, skidpad=75.0, autocross=22.19980557954543, endurance=110.66264371441024, efficiency=95.28166576293793)"
[104   2],245,104,2,245,14.975999999999999,3.7300323602843406,4.464215027810155,1728.5031701871662,3158.361976541677,0.044736367378280684,3.744,3.1902807990263327,398.8016761007391,"ScoreBreakdown(accel=100.0, skidpad=75.0, autocross=20.994364131250073, endurance=107.89253906729645, efficiency=94.91477290219255)"
[104   2],250,104,2,250,14.975999999999999,3.744515743492414,4.509360168975846,1726.444502666094,3162.3712014458993,0.043950506094968166,3.744,3.1926046735260485,399.88199794610694,"ScoreBreakdown(accel=100.0, skidpad=75.0, autocross=21.325654744033436, endurance=108.6538449501445, efficiency=94.902498251929)"
[104   2],255,104,2,255,14.975999999999999,3.736249422103384,4.554058482861819,1742.7293198855734,3154.5544456561847,0.046719492186150076,3.744,3.184836651374342,390.2096579874086,"ScoreBreakdown(accel=100.0, skidpad=75.0, autocross=18.72641674011161, endurance=102.6807955881863, efficiency=93.80244565911076)"
[104   2],260,104,2,260,14.975999999999999,3.7685683556247653,4.5983204147764525,1754.3630363277373,3150.8407939221634,0.04824709505110951,3.744,3.1810526677942947,383.31729835957424,"ScoreBreakdown(accel=100.0, skidpad=75.0, autocross=16.899095981040944, endurance=98.48161218228346, efficiency=92.93659019624981)"
[104   2],265,104,2,265,14.975999999999999,3.800431217339053,4.642160207225828,1757.3793680533931,3148.716346388632,0.04918624467313822,3.744,3.1784107095196,381.60334568014565,"ScoreBreakdown(accel=100.0, skidpad=75.0, autocross=16.42926696979196, endurance=97.40194503689871, efficiency=92.77213367345497)"
[104   2],270,104,2,270,14.975999999999999,3.82946872142071,4.545210326813304,1777.2300155274347,3137.846009014388,0.05285196778753652,3.744,3.1674230321440353,369.683704101315,"ScoreBreakdown(accel=99.36641637168582, skidpad=75.0, autocross=13.377079296241252, endurance=90.38801725938386, efficiency=91.55219117400405)"
[104   2],275,104,2,275,14.975999999999999,3.8508227503561585,4.586949823898507,1772.6455879316845,3139.8406942176466,0.05247348975667215,3.744,3.1684152771405727,370.7078982743269,"ScoreBreakdown(accel=97.7811967647046, skidpad=75.0, autocross=14.07589922998973, endurance=91.99390558246262, efficiency=91.85689669717)"
[104   2],280,104,2,280,14.975999999999999,3.8782795667071923,4.628315144971793,1782.5742832293524,3134.9455789755457,0.0542847298423823,3.744,3.1633500403652652,363.089683923241,"ScoreBreakdown(accel=95.76858873133177, skidpad=75.0, autocross=12.566971804775577, endurance=88.52639011030571, efficiency=91.22773327682795)"
[104   2],285,104,2,285,14.975999999999999,3.906724326227902,4.669313121469187,1783.5578402501199,3134.554851115215,0.05460658528029615,3.744,3.1622299058830055,360.4779438096702,"ScoreBreakdown(accel=93.71339838354871, skidpad=75.0, autocross=12.41840888433877, endurance=88.18499249462496, efficiency=91.16114404715773)"
[104   2],290,104,2,290,14.975999999999999,3.935079819301123,4.579187861615182,1803.2043874450742,3122.081361589459,0.05880742220206133,3.744,3.1497602905622726,347.7010946870689,"ScoreBreakdown(accel=91.69422991893049, skidpad=75.0, autocross=9.484816276848331, endurance=81.44359619848821, efficiency=90.07845229280188)"
[104   2],295,104,2,295,14.975999999999999,3.9633417441227863,4.61836203910029,1800.6205324381394,3121.891948419372,0.05912116565383616,3.744,3.1491413855108035,347.20931139066704,"ScoreBreakdown(accel=89.7104735538761, skidpad=75.0, autocross=9.866977577306344, endurance=82.32180293000772, efficiency=90.31005732947689)"
[104   2],300,104,2,300,14.975999999999999,3.9915058253446176,4.65720733660217,1810.8093925787862,3115.7164552806403,0.0616104933063289,3.744,3.1425026786855095,339.74433836647063,"ScoreBreakdown(accel=87.76153133710751, skidpad=75.0, autocross=8.36633804093543, endurance=78.8733330277805, efficiency=89.74313596064715)"
[108   2],200,108,2,200,15.552,3.6263688434969197,4.496213348185748,1673.7939027397829,3267.8739595427146,0.050511768732085086,3.888,3.3050032239020006,428.44408345779203,"ScoreBreakdown(accel=100.0, skidpad=75.0, autocross=30.075380485772907, endurance=128.76071614860837, efficiency=94.60798682341071)"
[108   2],205,108,2,205,15.552,3.6441452916822072,4.376067036852291,1681.6217082155529,3263.692523184925,0.051664593994868,3.888,3.300513816898986,423.5008582906313,"ScoreBreakdown(accel=100.0, skidpad=75.0, autocross=28.73984491905949, endurance=125.69165519590054, efficiency=94.06935817567128)"
[108   2],210,108,2,210,15.552,3.6511095024580413,4.4288669578696584,1676.6947028275747,3268.701540474118,0.05008113157399476,3.888,3.3050047269574305,426.4910408678943,"ScoreBreakdown(accel=100.0, skidpad=75.0, autocross=29.57900817611441, endurance=127.62005249909798, efficiency=94.29198019268192)"
[108   2],215,108,2,215,15.552,3.637075262504169,4.481046804910079,1687.5178024839538,3267.366164880036,0.05030942318507062,3.888,3.3038430174687328,419.47727235033403,"ScoreBreakdown(accel=100.0, skidpad=75.0, autocross=27.742067961077417, endurance=123.3987635817971, efficiency=93.33644080745951)"
[108   2],220,108,2,220,15.552,3.6619219016776015,4.532621511412529,1698.328968881972,3264.9119315697953,0.05173536083989114,3.888,3.300520803909601,412.6144640992669,"ScoreBreakdown(accel=100.0, skidpad=75.0, autocross=25.930527280474145, endurance=119.23584279881659, efficiency=92.44809401997615)"
[108   2],225,108,2,225,15.552,3.6815379399303936,4.422192708426152,1704.4269604128242,3258.4664463272543,0.05386398371074153,3.888,3.293675630906756,409.0254264037982,"ScoreBreakdown(accel=100.0, skidpad=75.0, autocross=24.918872532395962, endurance=116.91106002078202, efficiency=92.19549385062022)"
[108   2],230,108,2,230,15.552,3.692103880388501,4.470852429020283,1699.6676419174485,3263.2767302734237,0.05247516749662992,3.888,3.297691188046207,411.8348693002524,"ScoreBreakdown(accel=100.0, skidpad=75.0, autocross=25.707820001547578, endurance=118.72406143509045, efficiency=92.40298786361438)"
[108   2],235,108,2,235,15.552,3.680992183321891,4.518984356243578,1712.1594593755412,3261.011605910007,0.05338727087778672,3.888,3.2952112011056616,403.99804544771814,"ScoreBreakdown(accel=100.0, skidpad=75.0, autocross=23.64641591179914, endurance=113.98695449665989, efficiency=91.36467503925908)"
[108   2],240,108,2,240,15.552,3.707720844568186,4.56660959939957,1723.5549300424673,3256.2617171837596,0.054923890265285574,3.888,3.2902513631042876,397.0761333190251,"ScoreBreakdown(accel=100.0, skidpad=75.0, autocross=21.791993578354294, endurance=109.72549166837275, efficiency=90.55864807229801)"
[108   2],245,108,2,245,15.552,3.7300323602843406,4.464215027810155,1731.8884535327102,3246.60997451059,0.058064132870827186,3.888,3.280385794342173,392.36667468388725,"ScoreBreakdown(accel=100.0, skidpad=75.0, autocross=20.451300589692746, endurance=106.64457895917725, efficiency=90.27079513501721)"
[108   2],250,108,2,250,15.552,3.744515743492414,4.509360168975846,1730.9061560664313,3248.8867408774386,0.05775079334260904,3.888,3.2814664422634006,392.8649245374858,"ScoreBreakdown(accel=100.0, skidpad=75.0, autocross=20.60866093669139, endurance=107.00619306254882, efficiency=90.2500705382456)"
[108   2],255,108,2,255,15.552,3.736249422103384,4.554058482861819,1748.99161428328,3237.2902103683396,0.06183549247001169,3.888,3.2696021560144155,382.3499395451877,"ScoreBreakdown(accel=100.0, skidpad=75.0, autocross=17.739770340537277, endurance=100.41348199914059, efficiency=89.19668720550985)"
[108   2],260,108,2,260,15.552,3.7685683556247653,4.5983204147764525,1762.2137816108864,3230.63524842869,0.06435650772257095,3.888,3.2626870498096943,374.71509182918356,"ScoreBreakdown(accel=100.0, skidpad=75.0, autocross=15.679605133386588, endurance=95.67922201312423, efficiency=88.35626468267277)"
[108   2],265,108,2,265,15.552,3.800431217339053,4.642160207225828,1766.0246070916185,3227.1651643440046,0.06571794286898038,3.888,3.2586243355221303,372.60960308294113,"ScoreBreakdown(accel=100.0, skidpad=75.0, autocross=15.091561656773717, endurance=94.32789800682436, efficiency=88.19014341934307)"
[108   2],270,108,2,270,15.552,3.82946872142071,4.545210326813304,1787.8211407980457,3211.220620546783,0.07114203425462079,3.888,3.2423352305297404,359.92784978207237,"ScoreBreakdown(accel=99.36641637168582, skidpad=75.0, autocross=11.776341803951652, endurance=86.70952223793651, efficiency=87.07556936849832)"
[108   2],275,108,2,275,15.552,3.8508227503561585,4.586949823898507,1782.889614110594,3213.4130422235503,0.07069664597216793,3.888,3.2436254361358707,361.10909838542864,"ScoreBreakdown(accel=97.7811967647046, skidpad=75.0, autocross=12.519324303240081, endurance=88.41689614391399, efficiency=87.39168117356994)"
[108   2],280,108,2,280,15.552,3.8782795667071923,4.628315144971793,1793.5391080498248,3206.195722022838,0.07340128309655404,3.888,3.2359671820803553,353.2589039165449,"ScoreBreakdown(accel=95.76858873133177, skidpad=75.0, autocross=10.919989511965117, endurance=84.74162452962969, efficiency=86.82870114361836)"
[108   2],285,108,2,285,15.552,3.906724326227902,4.669313121469187,1795.0193643066875,3203.793471761471,0.07436034113639908,3.888,3.2329547560441907,350.4640713701585,"ScoreBreakdown(accel=93.71339838354871, skidpad=75.0, autocross=10.699187698169265, endurance=84.23422192508842, efficiency=86.81726336335208)"
[108   2],290,108,2,290,15.552,3.935079819301123,4.579187861615182,1816.193554710981,3186.0038804717897,0.08034145386070132,3.888,3.215008719258629,337.2275904798891,"ScoreBreakdown(accel=91.69422991893049, skidpad=75.0, autocross=7.580145388516827, endurance=77.06666218277898, efficiency=85.88655298966277)"
[108   2],295,108,2,295,15.552,3.9633417441227863,4.61836203910029,1813.821998853325,3183.9541068346107,0.08125522394164204,3.888,3.212673964844587,336.67810142234225,"ScoreBreakdown(accel=89.7104735538761, skidpad=75.0, autocross=7.925863620351223, endurance=77.86112273658753, efficiency=86.18064151152738)"
[108   2],300,108,2,300,15.552,3.9915058253446176,4.65720733660217,1825.0873875757259,3174.4455780017925,0.08487733752361427,3.888,3.20259165572168,329.06545941562615,"ScoreBreakdown(accel=87.76153133710751, skidpad=75.0, autocross=6.5, endurance=74.10565851453899, efficiency=85.6982695639797)"
[112   2],200,112,2,200,16.128,3.6263688434969197,4.496213348185748,1665.8552610911297,3381.1826305609743,0.055244710193450314,4.032,3.4201341801480187,428.34653818474476,"ScoreBreakdown(accel=100.0, skidpad=75.0, autocross=31.442645408533416, endurance=131.90269116674824, efficiency=90.00120160946314)"
[112   2],205,112,2,205,16.128,3.6441452916822072,4.376067036852291,1676.5519679100694,3372.8226908031247,0.05751388405332165,4.032,3.4116696283591237,421.674404324501,"ScoreBreakdown(accel=100.0, skidpad=75.0, autocross=29.603392175370214, endurance=127.67608693341178, efficiency=89.39492521571904)"
[112   2],210,112,2,210,16.128,3.6511095024580413,4.4288669578696584,1673.003390793144,3376.3326686437467,0.0565041491529456,4.032,3.41455028574095,423.8445067504142,"ScoreBreakdown(accel=100.0, skidpad=75.0, autocross=30.210947913261037, endurance=129.07225011934844, efficiency=89.56130871780476)"
[112   2],215,112,2,215,16.128,3.637075262504169,4.481046804910079,1684.01641248067,3373.017712224195,0.05736867739130164,4.032,3.4112915528872256,416.7949483967609,"ScoreBreakdown(accel=100.0, skidpad=75.0, autocross=28.333754275942397, endurance=124.75845883100126, efficiency=88.70273528981724)"
[112   2],220,112,2,220,16.128,3.6619219016776015,4.532621511412529,1695.7544332113441,3366.728323983216,0.05978225950288295,4.032,3.4046210429943082,409.507339443599,"ScoreBreakdown(accel=100.0, skidpad=75.0, autocross=26.3598262587089, endurance=120.2223719216462, efficiency=87.92514126324389)"
[112   2],225,112,2,225,16.128,3.6815379399303936,4.422192708426152,1704.8883831407893,3356.5017245277886,0.06305775898639156,4.032,3.3937810325890267,404.148270423555,"ScoreBreakdown(accel=100.0, skidpad=75.0, autocross=24.842617175900923, endurance=116.73582519897195, efficiency=87.5698280486821)"
[112   2],230,112,2,230,16.128,3.692103880388501,4.470852429020283,1700.6420539629046,3360.890780303334,0.06187756155275557,4.032,3.3973253815051434,406.64873698499656,"ScoreBreakdown(accel=100.0, skidpad=75.0, autocross=25.545933199733508, endurance=118.352045537806, efficiency=87.75075824745706)"
[112   2],235,112,2,235,16.128,3.680992183321891,4.518984356243578,1714.255649275755,3354.5866836562736,0.06403660079046189,4.032,3.390877972524894,398.3261640009837,"ScoreBreakdown(accel=100.0, skidpad=75.0, autocross=23.303445586555874, endurance=113.19880863265129, efficiency=86.82390978177646)"
[112   2],240,112,2,240,16.128,3.707720844568186,4.56660959939957,1727.5126186218959,3347.274401319622,0.06647197083139282,4.032,3.3829858423165837,390.40152056072793,"ScoreBreakdown(accel=100.0, skidpad=75.0, autocross=21.15366986229504, endurance=108.25862366352762, efficiency=85.98922703490527)"
[112   2],245,112,2,245,16.128,3.7300323602843406,4.464215027810155,1737.0826311387655,3334.0868466063203,0.07064253047145015,4.032,3.3697284339828304,385.11310156154565,"ScoreBreakdown(accel=100.0, skidpad=75.0, autocross=19.622171560245242, endurance=104.7392403126777, efficiency=85.7516896886227)"
[112   2],250,112,2,250,16.128,3.744515743492414,4.509360168975846,1736.5889048623703,3335.541122166751,0.07068006347388202,4.032,3.3698269714755504,385.3494696971698,"ScoreBreakdown(accel=100.0, skidpad=75.0, autocross=19.700770097088277, endurance=104.91985976331391, efficiency=85.72883983676765)"
[112   2],255,112,2,255,16.128,3.736249422103384,4.554058482861819,1756.925167782624,3319.993048611965,0.07594347349232092,4.032,3.354073589418421,373.7477134159345,"ScoreBreakdown(accel=100.0, skidpad=75.0, autocross=16.49991081355078, endurance=97.56428460151461, efficiency=84.68351800086916)"
[112   2],260,112,2,260,16.128,3.7685683556247653,4.5983204147764525,1770.4377908605466,3309.546890316426,0.07964908062172504,4.032,3.3434124891464263,366.1949675785363,"ScoreBreakdown(accel=100.0, skidpad=75.0, autocross=14.413732399438116, endurance=92.77024626160663, efficiency=84.01098891749155)"
[112   2],265,112,2,265,16.128,3.800431217339053,4.642160207225828,1774.4717130472038,3303.3356658119337,0.08193077445808912,4.032,3.336516285739293,364.10221941996167,"ScoreBreakdown(accel=100.0, skidpad=75.0, autocross=13.797104053953781, endurance=91.35323422192283, efficiency=83.95188114408504)"
[112   2],270,112,2,270,16.128,3.82946872142071,4.545210326813304,1795.4489740719516,3285.130288749125,0.08811137947592018,4.032,3.317934131412922,352.1175680397999,"ScoreBreakdown(accel=99.36641637168582, skidpad=75.0, autocross=10.635173301090482, endurance=84.08711683003739, efficiency=83.02886153698621)"
[112   2],275,112,2,275,16.128,3.8508227503561585,4.586949823898507,1790.1888344015072,3287.264647113192,0.08774009249022056,4.032,3.3190586982352137,353.46229195512683,"ScoreBreakdown(accel=97.7811967647046, skidpad=75.0, autocross=11.421080170413994, endurance=85.89313094543895, efficiency=83.36688407456927)"
[112   2],280,112,2,280,16.128,3.8782795667071923,4.628315144971793,1799.5769011174482,3281.2098345498803,0.09002746097104344,4.032,3.3126563132656814,346.33349360676584,"ScoreBreakdown(accel=95.76858873133177, skidpad=75.0, autocross=10.021645487042019, endurance=82.67722981210483, efficiency=82.86602957628725)"
[112   2],285,112,2,285,16.128,3.906724326227902,4.669313121469187,1800.9283967030997,3278.9306292460356,0.09096888450064027,4.032,3.3096417116727483,343.6096003072741,"ScoreBreakdown(accel=93.71339838354871, skidpad=75.0, autocross=9.821385817337681, endurance=82.21703305807594, efficiency=82.85778304831177)"
[112   2],290,112,2,290,16.128,3.935079819301123,4.579187861615182,1816.8503180666294,3269.558388571111,0.0940868392939084,4.032,3.3003293685742023,333.0093612287136,"ScoreBreakdown(accel=91.69422991893049, skidpad=75.0, autocross=7.4845639959071715, endurance=76.84701612678847, efficiency=81.98355118708749)"
[112   2],295,112,2,295,16.128,3.9633417441227863,4.61836203910029,1812.6068475784905,3270.2386698161918,0.0942748439213495,4.032,3.3002958311272343,333.37933044961505,"ScoreBreakdown(accel=89.7104735538761, skidpad=75.0, autocross=8.103355212712987, endurance=78.26899844512586, efficiency=82.29650323790008)"
[112   2],300,112,2,300,16.128,3.9915058253446176,4.65720733660217,1819.263707421585,3268.8743545290076,0.09528727648617184,4.032,3.298432403996266,327.7562550901586,"ScoreBreakdown(accel=87.76153133710751, skidpad=75.0, autocross=7.133926539041364, endurance=76.04125119304594, efficiency=81.81954602096381)"
[116   2],200,116,2,200,16.703999999999997,3.6263688434969197,4.496213348185748,1656.8947247741105,3494.0236045801416,0.060002040904001824,4.176,3.53500477747892,429.2998558810854,"ScoreBreakdown(accel=100.0, skidpad=75.0, autocross=33.001650539165844, endurance=135.4852852142207, efficiency=85.81292012769889)"
[116   2],205,116,2,205,16.703999999999997,3.6441452916822072,4.376067036852291,1667.8852930005116,3484.8834305611135,0.062318650490900886,4.176,3.5258560640552408,422.4011892533483,"ScoreBreakdown(accel=100.0, skidpad=75.0, autocross=31.091776294206284, endurance=131.09639388412148, efficiency=85.21301907502057)"
[116   2],210,116,2,210,16.703999999999997,3.6511095024580413,4.4288669578696584,1664.6610068330997,3488.309974788783,0.06137000824579312,4.176,3.528603123072421,424.38331220004955,"ScoreBreakdown(accel=100.0, skidpad=75.0, autocross=31.649459176433957, endurance=132.37794923951364, efficiency=85.35590378410191)"
[116   2],215,116,2,215,16.703999999999997,3.637075262504169,4.481046804910079,1676.3097843843832,3483.7467167820237,0.06249311428460412,4.176,3.52412700192924,416.92393832105734,"ScoreBreakdown(accel=100.0, skidpad=75.0, autocross=29.644774893956004, endurance=127.77118442755116, efficiency=84.50797899955018)"
[116   2],220,116,2,220,16.703999999999997,3.6619219016776015,4.532621511412529,1689.3399849917673,3475.2555838813646,0.06527966599178726,4.176,3.515566195792044,408.84701698231447,"ScoreBreakdown(accel=100.0, skidpad=75.0, autocross=27.43511475864366, endurance=122.69338507194847, efficiency=83.71851715172235)"
[116   2],225,116,2,225,16.703999999999997,3.6815379399303936,4.422192708426152,1699.6127885885674,3463.0969188117215,0.06906728878592237,4.176,3.5025166445865223,402.80117181499287,"ScoreBreakdown(accel=100.0, skidpad=75.0, autocross=25.716938739009645, endurance=118.74501629528318, efficiency=83.33921678070003)"
[116   2],230,116,2,230,16.703999999999997,3.692103880388501,4.470852429020283,1696.341549354631,3465.5726742942006,0.06858208186709332,4.176,3.5039832974422853,404.77775822077353,"ScoreBreakdown(accel=100.0, skidpad=75.0, autocross=26.261811047250944, endurance=119.99713294954064, efficiency=83.51881422398199)"
[116   2],235,116,2,235,16.703999999999997,3.680992183321891,4.518984356243578,1712.2720043848299,3455.2099637476745,0.07185249098280251,4.176,3.4935149118343025,395.15238775265817,"ScoreBreakdown(accel=100.0, skidpad=75.0, autocross=23.62798040861778, endurance=113.94458970730689, efficiency=82.57981763673348)"
[116   2],240,116,2,240,16.703999999999997,3.707720844568186,4.56660959939957,1726.2129227003952,3445.904432445405,0.07479723477953862,4.176,3.483808096592027,386.88711545511876,"ScoreBreakdown(accel=100.0, skidpad=75.0, autocross=21.362971142300722, endurance=108.73959803952121, efficiency=81.7845462732968)"
[116   2],245,116,2,245,16.703999999999997,3.7300323602843406,4.464215027810155,1734.0739601854439,3433.724058124221,0.07861410071013564,4.176,3.4713908341733832,382.58101861730097,"ScoreBreakdown(accel=100.0, skidpad=75.0, autocross=20.10183025217912, endurance=105.84149606589864, efficiency=81.63769229922322)"
[116   2],250,116,2,250,16.703999999999997,3.744515743492414,4.509360168975846,1734.1007531497098,3433.223083692246,0.07931624622457617,4.176,3.4694900119603798,382.58600768032466,"ScoreBreakdown(accel=100.0, skidpad=75.0, autocross=20.097551427013748, endurance=105.83166332496246, efficiency=81.6567929283485)"
[116   2],255,116,2,255,16.703999999999997,3.736249422103384,4.554058482861819,1751.6741230735452,3419.5299886492953,0.0839520195360997,4.176,3.455439007843921,372.53479727212004,"ScoreBreakdown(accel=100.0, skidpad=75.0, autocross=17.31928986732956, endurance=99.44721780231849, efficiency=80.76828960247198)"
[116   2],260,116,2,260,16.703999999999997,3.7685683556247653,4.5983204147764525,1763.286165362891,3410.847662863953,0.08708443411046592,4.176,3.4465164686541456,365.99013658878596,"ScoreBreakdown(accel=100.0, skidpad=75.0, autocross=15.513870011565006, endurance=95.29836267582728, efficiency=80.17790390139368)"
[116   2],265,116,2,265,16.703999999999997,3.800431217339053,4.642160207225828,1765.898744280259,3407.3809555627895,0.08851563538355922,4.176,3.4422725339156326,364.59409384069454,"ScoreBreakdown(accel=100.0, skidpad=75.0, autocross=15.110942853953281, endurance=94.37243600114138, efficiency=80.11071498559987)"
[116   2],270,116,2,270,16.703999999999997,3.82946872142071,4.545210326813304,1781.6893062526906,3399.3135088617723,0.0915164115016244,4.176,3.4338153420282054,355.0686019547845,"ScoreBreakdown(accel=99.36641637168582, skidpad=75.0, autocross=12.70078473541184, endurance=88.83389224699054, efficiency=79.16750860069632)"
[116   2],275,116,2,275,16.703999999999997,3.8508227503561585,4.586949823898507,1776.4809835009917,3401.2073120520404,0.09120240164402874,4.176,3.4348241467705214,356.4311527670375,"ScoreBreakdown(accel=97.7811967647046, skidpad=75.0, autocross=13.491010295119162, endurance=90.64983071360713, efficiency=79.50911499360662)"
[116   2],280,116,2,280,16.703999999999997,3.8782795667071923,4.628315144971793,1783.908473895634,3398.4686279740713,0.09246592508736036,4.176,3.4317663300964774,350.22164810636605,"ScoreBreakdown(accel=95.76858873133177, skidpad=75.0, autocross=12.365486483152658, endurance=88.06337680796568, efficiency=79.02419608391594)"
[116   2],285,116,2,285,16.703999999999997,3.906724326227902,4.669313121469187,1784.8012070359994,3397.6662223409935,0.09293819345618078,4.176,3.430334691075574,347.6844029796775,"ScoreBreakdown(accel=93.71339838354871, skidpad=75.0, autocross=12.230836917223396, endurance=87.75395208323926, efficiency=78.98621559566612)"
[116   2],290,116,2,290,16.703999999999997,3.935079819301123,4.579187861615182,1797.8199466027886,3394.813891874721,0.09412247739844208,4.176,3.4274632041531023,338.3183507705764,"ScoreBreakdown(accel=91.69422991893049, skidpad=75.0, autocross=10.282434706053516, endurance=83.27652348043068, efficiency=78.06516266516171)"
[116   2],295,116,2,295,16.703999999999997,3.9633417441227863,4.61836203910029,1793.395547384615,3396.650792449549,0.09397845543911632,4.176,3.428683367345314,338.78287409513416,"ScoreBreakdown(accel=89.7104735538761, skidpad=75.0, autocross=10.941423068659184, endurance=84.79087884644987, efficiency=78.340098626149)"
[116   2],300,116,2,300,16.703999999999997,3.9915058253446176,4.65720733660217,1798.75122076652,3399.0402029247775,0.0939020425788805,4.176,3.4304964192402023,333.67810763089267,"ScoreBreakdown(accel=87.76153133710751, skidpad=75.0, autocross=10.144139865372681, endurance=82.95872191372368, efficiency=77.81371451468881)"
[120   2],200,120,2,200,17.279999999999998,3.6263688434969197,4.496213348185748,1647.630847575819,3610.016076150169,0.06269910773481223,4.32,3.6541376019298406,430.65556760888336,"ScoreBreakdown(accel=100.0, skidpad=75.0, autocross=34.631260534823646, endurance=139.23012925317283, efficiency=81.79417782088687)"
[120   2],205,120,2,205,17.279999999999998,3.6441452916822072,4.376067036852291,1659.0345377454223,3597.6334780748125,0.06629695153169315,4.32,3.641336173841796,423.5418000173681,"ScoreBreakdown(accel=100.0, skidpad=75.0, autocross=32.62782308475185, endurance=134.6262296622853, efficiency=81.2877472703309)"
[120   2],210,120,2,210,17.279999999999998,3.6511095024580413,4.4288669578696584,1656.1100637516806,3600.2215520940763,0.06573699593509383,4.32,3.6431512628546283,425.38030680335424,"ScoreBreakdown(accel=100.0, skidpad=75.0, autocross=33.13897366747669, endurance=135.8008537857409, efficiency=81.44047935013664)"
[120   2],215,120,2,215,17.279999999999998,3.637075262504169,4.481046804910079,1667.5385251597945,3593.8970969920615,0.0674639631291972,4.32,3.6370015594225955,418.0796251824242,"ScoreBreakdown(accel=100.0, skidpad=75.0, autocross=31.151650874041966, endurance=131.23398567846493, efficiency=80.69398862991734)"
[120   2],220,120,2,220,17.279999999999998,3.6619219016776015,4.532621511412529,1680.0655356252994,3584.9552865438177,0.07045305962418176,4.32,3.627656585816266,410.27338503567864,"ScoreBreakdown(accel=100.0, skidpad=75.0, autocross=29.00435909608683, endurance=126.29950881836153, efficiency=79.96951712123033)"
[120   2],225,120,2,225,17.279999999999998,3.6815379399303936,4.422192708426152,1689.5675584123608,3574.4610193428366,0.07336523844180463,4.32,3.6165408221413657,404.5802992272822,"ScoreBreakdown(accel=100.0, skidpad=75.0, autocross=27.396825704869457, endurance=122.60539682005668, efficiency=79.57807670235606)"
[120   2],230,120,2,230,17.279999999999998,3.692103880388501,4.470852429020283,1686.320871208381,3577.1420907581037,0.0728554321922173,4.32,3.61814060590752,406.554576848602,"ScoreBreakdown(accel=100.0, skidpad=75.0, autocross=27.944056327516755, endurance=123.86293288120828, efficiency=79.74758763987691)"
[120   2],235,120,2,235,17.279999999999998,3.680992183321891,4.518984356243578,1700.7314029726817,3568.5003359223488,0.07549514742227086,4.32,3.6093281597873776,397.7191650727467,"ScoreBreakdown(accel=100.0, skidpad=75.0, autocross=25.531098224732613, endurance=118.31795476280578, efficiency=78.87011208520833)"
[120   2],240,120,2,240,17.279999999999998,3.707720844568186,4.56660959939957,1713.9097715473927,3560.018371405374,0.07816038379524354,4.32,3.600265194658985,389.79398318167,"ScoreBreakdown(accel=100.0, skidpad=75.0, autocross=23.359978943405835, endurance=113.32872229602212, efficiency=78.10528194224204)"
[120   2],245,120,2,245,17.279999999999998,3.7300323602843406,4.464215027810155,1721.5541338363107,3548.5716809833225,0.08160359501424837,4.32,3.588579497118128,385.5151376019378,"ScoreBreakdown(accel=100.0, skidpad=75.0, autocross=22.115812903037238, endurance=110.4696285299334, efficiency=77.92969616896717)"
[120   2],250,120,2,250,17.279999999999998,3.744515743492414,4.509360168975846,1721.303840803143,3548.8581303517985,0.08214277281093385,4.32,3.5871238145069424,385.6581397887793,"ScoreBreakdown(accel=100.0, skidpad=75.0, autocross=22.156374613443074, endurance=110.56283934713971, efficiency=77.93892582819649)"
[120   2],255,120,2,255,17.279999999999998,3.736249422103384,4.554058482861819,1737.5924414452388,3536.2403235239644,0.08623359945679723,4.32,3.5744682197528106,376.1995061415166,"ScoreBreakdown(accel=100.0, skidpad=75.0, autocross=19.541059406258874, endurance=104.55284456943134, efficiency=77.1056021658264)"
[120   2],260,120,2,260,17.279999999999998,3.7685683556247653,4.5983204147764525,1747.8092510101585,3529.7082872890214,0.08871545504105599,4.32,3.567714175245643,370.303145227988,"ScoreBreakdown(accel=100.0, skidpad=75.0, autocross=17.92551438176106, endurance=100.84032183652569, efficiency=76.53730900970126)"
[120   2],265,120,2,265,17.279999999999998,3.800431217339053,4.642160207225828,1749.8927868095082,3527.3719406273776,0.08980733828536575,4.32,3.56479068326738,369.1494549738942,"ScoreBreakdown(accel=100.0, skidpad=75.0, autocross=17.598368684768833, endurance=100.08854097084955, efficiency=76.4625453182758)"
[120   2],270,120,2,270,17.279999999999998,3.82946872142071,4.545210326813304,1764.0487751337039,3522.2992492855,0.09194441345792814,4.32,3.559438540727597,360.3213463893087,"ScoreBreakdown(accel=99.36641637168582, skidpad=75.0, autocross=15.396132542367974, endurance=95.0278019521826, efficiency=75.5309955230723)"
[120   2],275,120,2,275,17.279999999999998,3.8508227503561585,4.586949823898507,1758.8990077652454,3524.201850611635,0.09172494696456038,4.32,3.560171438588351,361.69957510670815,"ScoreBreakdown(accel=97.7811967647046, skidpad=75.0, autocross=16.19317570056544, endurance=96.85940726125452, efficiency=75.86579538018364)"
[120   2],280,120,2,280,17.279999999999998,3.8782795667071923,4.628315144971793,1765.513223825863,3523.470932370437,0.0924235871871886,4.32,3.5590871314130346,355.8158191948811,"ScoreBreakdown(accel=95.76858873133177, skidpad=75.0, autocross=15.170325066168527, endurance=94.50889633461183, efficiency=75.36800906276899)"
[120   2],285,120,2,285,17.279999999999998,3.906724326227902,4.669313121469187,1766.4634579277765,3523.6138537154375,0.09265260853680081,4.32,3.5585187193648506,353.19700631928015,"ScoreBreakdown(accel=93.71339838354871, skidpad=75.0, autocross=15.02400607445858, endurance=94.17265526751575, efficiency=75.28694659375707)"
[120   2],290,120,2,290,17.279999999999998,3.935079819301123,4.579187861615182,1778.4784125631106,3523.627255237691,0.09296267971524781,4.32,3.558535262405999,344.1740477947592,"ScoreBreakdown(accel=91.69422991893049, skidpad=75.0, autocross=13.187405991379777, endurance=89.95214797351095, efficiency=74.340263910938)"
[120   2],295,120,2,295,17.279999999999998,3.9633417441227863,4.61836203910029,1773.5988792334776,3526.29200383477,0.09258290576617767,4.32,3.5607307273709674,344.91761543854915,"ScoreBreakdown(accel=89.7104735538761, skidpad=75.0, autocross=13.930288281538076, endurance=91.65929159889075, efficiency=74.61756200424425)"
[120   2],300,120,2,300,17.279999999999998,3.9915058253446176,4.65720733660217,1778.9227143191588,3529.7110642583266,0.09222241789561056,4.32,3.563491423070442,339.74448778964324,"ScoreBreakdown(accel=87.76153133710751, skidpad=75.0, autocross=13.119965912232049, endurance=89.79717066049996, efficiency=74.0658198798037)"
[124   2],200,124,2,200,17.855999999999998,3.6263688434969197,4.496213348185748,1638.6160740877415,3730.185056433003,0.06381323145838433,4.464,3.7769472884048096,432.00272031047564,"ScoreBreakdown(accel=100.0, skidpad=75.0, autocross=36.234740041137414, endurance=142.9149254233002, efficiency=77.85305484603808)"
[124   2],205,124,2,205,17.855999999999998,3.6441452916822072,4.376067036852291,1650.5153142424244,3714.9590084554266,0.06825196367488877,4.464,3.761332434422771,424.58667463319784,"ScoreBreakdown(accel=100.0, skidpad=75.0, autocross=34.12189240097251, endurance=138.05960119752305, efficiency=77.40518103470228)"
[124   2],210,124,2,210,17.855999999999998,3.6511095024580413,4.4288669578696584,1647.8326362964513,3717.031898188172,0.06800758343259726,4.464,3.7623598515799714,426.3008986025636,"ScoreBreakdown(accel=100.0, skidpad=75.0, autocross=34.5955686409924, endurance=139.14810927525855, efficiency=77.55722068631269)"
[124   2],215,124,2,215,17.855999999999998,3.637075262504169,4.481046804910079,1659.0367755762172,3708.9319585189774,0.0702656459789214,4.464,3.754536192375753,419.1575468974566,"ScoreBreakdown(accel=100.0, skidpad=75.0, autocross=32.62743263825948, endurance=134.6253324161815, efficiency=76.90478184301566)"
[124   2],220,124,2,220,17.855999999999998,3.6619219016776015,4.532621511412529,1671.3209519077668,3697.233912550426,0.07398573488733669,4.464,3.7429555697095465,411.5446292022453,"ScoreBreakdown(accel=100.0, skidpad=75.0, autocross=30.499901665706545, endurance=129.73626589015345, efficiency=76.3084616463853)"
[124   2],225,124,2,225,17.855999999999998,3.6815379399303936,4.422192708426152,1679.35204282372,3685.644955200962,0.07752452689072682,4.464,3.730587431929381,406.7796580262763,"ScoreBreakdown(accel=100.0, skidpad=75.0, autocross=29.125800658527503, endurance=126.57858154889134, efficiency=76.07527581885745)"
[124   2],230,124,2,230,17.855999999999998,3.692103880388501,4.470852429020283,1676.1710381001353,3688.091536120191,0.07722431005550484,4.464,3.7317090672922797,408.7431186055983,"ScoreBreakdown(accel=100.0, skidpad=75.0, autocross=29.668488329000166, endurance=127.82567790519603, efficiency=76.24895237140207)"
[124   2],235,124,2,235,17.855999999999998,3.680992183321891,4.518984356243578,1688.968368643382,3680.491823034931,0.07961721573095212,4.464,3.7237843115770732,400.8042360774319,"ScoreBreakdown(accel=100.0, skidpad=75.0, autocross=27.49766110622616, endurance=122.837116589015, efficiency=75.46945838219075)"
[124   2],240,124,2,240,17.855999999999998,3.707720844568186,4.56660959939957,1701.1653871047085,3672.616481846071,0.08192852785315569,4.464,3.7156132622916447,393.37404620257496,"ScoreBreakdown(accel=100.0, skidpad=75.0, autocross=25.4590642627946, endurance=118.15242070638462, efficiency=74.7625612333957)"
[124   2],245,124,2,245,17.855999999999998,3.7300323602843406,4.464215027810155,1708.3575053192794,3662.5195934453327,0.08469170716922013,4.464,3.7056700391656667,389.25019827922756,"ScoreBreakdown(accel=100.0, skidpad=75.0, autocross=24.270624320765954, endurance=115.42138552347714, efficiency=74.55818843498449)"
[124   2],250,124,2,250,17.855999999999998,3.744515743492414,4.509360168975846,1707.5998525301452,3663.550017458261,0.08499766409644599,4.464,3.7049262783984225,389.684151975584,"ScoreBreakdown(accel=100.0, skidpad=75.0, autocross=24.39534862150753, endurance=115.70800198716435, efficiency=74.58080136691206)"
[124   2],255,124,2,255,17.855999999999998,3.736249422103384,4.554058482861819,1722.2208254068044,3654.217572926148,0.08805899417477722,4.464,3.695416964364855,380.97997308541477,"ScoreBreakdown(accel=100.0, skidpad=75.0, autocross=22.007828467099266, endurance=110.2214802783275, efficiency=73.75066433998796)"
[124   2],260,124,2,260,17.855999999999998,3.7685683556247653,4.5983204147764525,1730.9779340128373,3651.4565348740857,0.08947935565289167,4.464,3.6923158153995366,375.7310278716771,"ScoreBreakdown(accel=100.0, skidpad=75.0, autocross=20.597156332152935, endurance=106.97975547942104, efficiency=73.15411606010316)"
[124   2],265,124,2,265,17.855999999999998,3.800431217339053,4.642160207225828,1732.547605700966,3651.138768223466,0.09015306994341142,4.464,3.6910227693021547,374.78911693158994,"ScoreBreakdown(accel=100.0, skidpad=75.0, autocross=20.345806941453027, endurance=106.40215453811298, efficiency=73.04115545202394)"
[124   2],270,124,2,270,17.855999999999998,3.82946872142071,4.545210326813304,1746.2575372939468,3647.850331638043,0.0915832090414301,4.464,3.6876690310610996,366.0199458576078,"ScoreBreakdown(accel=99.36641637168582, skidpad=75.0, autocross=18.16966340534137, endurance=101.40137633300454, efficiency=72.08248974757603)"
[124   2],275,124,2,275,17.855999999999998,3.8508227503561585,4.586949823898507,1740.9812086501092,3649.883114898208,0.09138685546824134,4.464,3.6884350145376925,367.5217072575497,"ScoreBreakdown(accel=97.7811967647046, skidpad=75.0, autocross=19.003105019543792, endurance=103.31662529998266, efficiency=72.42078017331863)"
[124   2],280,124,2,280,17.855999999999998,3.8782795667071923,4.628315144971793,1747.7628226946795,3649.7250565990535,0.09191833018039741,4.464,3.6878329732864517,361.45289199234895,"ScoreBreakdown(accel=95.76858873133177, skidpad=75.0, autocross=17.932813192730535, endurance=100.85709450533817, efficiency=71.89439556294847)"
[124   2],285,124,2,285,17.855999999999998,3.906724326227902,4.669313121469187,1748.7384491704913,3650.230609541596,0.09200956357605856,4.464,3.6877690814209863,358.79698267419957,"ScoreBreakdown(accel=93.71339838354871, skidpad=75.0, autocross=17.779520327616947, endurance=100.50482747600964, efficiency=71.79923648702429)"
[124   2],290,124,2,290,17.855999999999998,3.935079819301123,4.579187861615182,1759.902861536579,3652.921718292948,0.09161295771283424,4.464,3.690358026606392,350.0661369683342,"ScoreBreakdown(accel=91.69422991893049, skidpad=75.0, autocross=16.037440576339055, endurance=96.50152792008171, efficiency=70.83293855298295)"
[124   2],295,124,2,295,17.855999999999998,3.9633417441227863,4.61836203910029,1754.947088514592,3656.358664430809,0.09112225614491846,4.464,3.693016515757253,350.8787674071569,"ScoreBreakdown(accel=89.7104735538761, skidpad=75.0, autocross=16.807996924550586, endurance=98.27226653543487, efficiency=71.08803039329528)"
[124   2],300,124,2,300,17.855999999999998,3.9915058253446176,4.65720733660217,1760.3667930080221,3660.3790913073667,0.09058696894180962,4.464,3.696343937902268,345.5843501535137,"ScoreBreakdown(accel=87.76153133710751, skidpad=75.0, autocross=15.965527529491881, endurance=96.33627172655927, efficiency=70.52101956035504)"
[128   2],200,128,2,200,18.432,3.6263688434969197,4.496213348185748,1629.832507416308,3856.1069119062627,0.06306988797899543,4.608,3.904820379347827,433.29792936455567,"ScoreBreakdown(accel=100.0, skidpad=75.0, autocross=37.814155686634535, endurance=146.54442283729986, efficiency=73.93935084062127)"
[128   2],205,128,2,205,18.432,3.6441452916822072,4.376067036852291,1642.7617885667717,3836.6930781964797,0.06856182466942606,4.608,3.8853458780369006,425.254496482048,"ScoreBreakdown(accel=100.0, skidpad=75.0, autocross=35.49514616721966, endurance=141.21533857898388, efficiency=73.54401173584448)"
[128   2],210,128,2,210,18.432,3.6511095024580413,4.4288669578696584,1640.360318697091,3837.153202132398,0.06872929601475708,4.608,3.885178553793316,426.8518007513748,"ScoreBreakdown(accel=100.0, skidpad=75.0, autocross=35.92311191813941, endurance=142.19880394522357, efficiency=73.72988488801182)"
[128   2],215,128,2,215,18.432,3.637075262504169,4.481046804910079,1650.9689458869043,3827.4944415815717,0.07155504266921496,4.608,3.8755450932459814,420.1050442767399,"ScoreBreakdown(accel=100.0, skidpad=75.0, autocross=34.04194753111369, endurance=137.8758878733945, efficiency=73.1872088722317)"
[128   2],220,128,2,220,18.432,3.6619219016776015,4.532621511412529,1663.4437706963793,3814.1681925781263,0.0759713400070496,4.608,3.8615905421480266,412.3546394901789,"ScoreBreakdown(accel=100.0, skidpad=75.0, autocross=31.860558394845054, endurance=132.86305527825976, efficiency=72.6310258170741)"
[128   2],225,128,2,225,18.432,3.6815379399303936,4.422192708426152,1671.095474079089,3800.587234212742,0.08011979306423206,4.608,3.8473335667670314,407.8546592860656,"ScoreBreakdown(accel=100.0, skidpad=75.0, autocross=30.538671008894568, endurance=129.82535784719755, efficiency=72.4906304299735)"
[128   2],230,128,2,230,18.432,3.692103880388501,4.470852429020283,1667.6591317655552,3802.103102309363,0.0800679901246337,4.608,3.8479395419785796,410.035568382056,"ScoreBreakdown(accel=100.0, skidpad=75.0, autocross=31.13082354140923, endurance=131.18612446463783, efficiency=72.71862037600897)"
[128   2],235,128,2,235,18.432,3.680992183321891,4.518984356243578,1678.599044141089,3794.179508557326,0.08267607963428877,4.608,3.839958015786571,403.2352871231277,"ScoreBreakdown(accel=100.0, skidpad=75.0, autocross=29.254078374360624, endurance=126.87336376104534, efficiency=72.10784498772168)"
[128   2],240,128,2,240,18.432,3.707720844568186,4.56660959939957,1689.4340667578922,3786.852203620099,0.08500893235136454,4.608,3.832216804584457,396.56945797610723,"ScoreBreakdown(accel=100.0, skidpad=75.0, autocross=27.41928432277382, endurance=122.65700672770717, efficiency=71.4931669256262)"
[128   2],245,128,2,245,18.432,3.7300323602843406,4.464215027810155,1694.7818227727207,3778.7238855657824,0.08745762344474599,4.608,3.823930639713051,393.4735820639488,"ScoreBreakdown(accel=100.0, skidpad=75.0, autocross=26.522346660724637, endurance=120.59584383229866, efficiency=71.35539157092549)"
[128   2],250,128,2,250,18.432,3.744515743492414,4.509360168975846,1692.9920135509574,3780.817537450551,0.08749873607298865,4.608,3.8244439337400102,394.5299781621651,"ScoreBreakdown(accel=100.0, skidpad=75.0, autocross=26.82190661436472, endurance=121.28423265519938, efficiency=71.423838892601)"
[128   2],255,128,2,255,18.432,3.736249422103384,4.554058482861819,1704.0488224622318,3778.3486760147775,0.08883184034815808,4.608,3.8215433574331845,387.6647154756465,"ScoreBreakdown(accel=100.0, skidpad=75.0, autocross=24.9813949204265, endurance=117.05473647879407, efficiency=70.62858407642588)"
[128   2],260,128,2,260,18.432,3.7685683556247653,4.5983204147764525,1712.7916947718618,3776.947239566314,0.08969044014845498,4.608,3.8199911425353137,382.27937716340324,"ScoreBreakdown(accel=100.0, skidpad=75.0, autocross=23.54288363407661, endurance=113.74903730536789, efficiency=69.98745622395874)"
[128   2],265,128,2,265,18.432,3.800431217339053,4.642160207225828,1714.965409539206,3776.912893771429,0.09016409399682399,4.608,3.819087414849484,380.9377721540517,"ScoreBreakdown(accel=100.0, skidpad=75.0, autocross=23.187507414915498, endurance=112.93238269508879, efficiency=69.8178820440474)"
[128   2],270,128,2,270,18.432,3.82946872142071,4.545210326813304,1729.1076291316922,3774.3958535751585,0.09116638659601893,4.608,3.816478888742194,371.7391677131266,"ScoreBreakdown(accel=99.36641637168582, skidpad=75.0, autocross=20.89724152653753, endurance=107.66935130563918, efficiency=68.80615850926408)"
[128   2],275,128,2,275,18.432,3.8508227503561585,4.586949823898507,1723.8832667705626,3776.3730255721084,0.09099272937112697,4.608,3.817268334625227,373.2644744572939,"ScoreBreakdown(accel=97.7811967647046, skidpad=75.0, autocross=21.738925641582632, endurance=109.60354154091385, efficiency=69.14081051009285)"
[128   2],280,128,2,280,18.432,3.8782795667071923,4.628315144971793,1730.6427024765583,3777.5225271298577,0.09108343744216513,4.608,3.817905070498818,367.09995517013186,"ScoreBreakdown(accel=95.76858873133177, skidpad=75.0, autocross=20.650895587013743, endurance=107.10324829595939, efficiency=68.57722255582696)"
[128   2],285,128,2,285,18.432,3.906724326227902,4.669313121469187,1731.4815793074695,3779.561967454867,0.09082527859577781,4.608,3.8191575831964015,364.4648735925723,"ScoreBreakdown(accel=93.71339838354871, skidpad=75.0, autocross=20.51645864389728, endurance=106.79431217849205, efficiency=68.44070438663428)"
[128   2],290,128,2,290,18.432,3.935079819301123,4.579187861615182,1742.325011483854,3783.875673975186,0.08993636301893713,4.608,3.8233552231663297,355.77311244059877,"ScoreBreakdown(accel=91.69422991893049, skidpad=75.0, autocross=18.790360677893638, endurance=102.82773876776197, efficiency=67.46078307601265)"
[128   2],295,128,2,295,18.432,3.9633417441227863,4.61836203910029,1737.4825217216298,3787.0813161538404,0.08947447358983594,4.608,3.8259392133971533,356.57910985469266,"ScoreBreakdown(accel=89.7104735538761, skidpad=75.0, autocross=19.558543896884103, endurance=104.5930239317735, efficiency=67.71706847215897)"
[128   2],300,128,2,300,18.432,3.9915058253446176,4.65720733660217,1743.0030120222566,3791.528333933115,0.08878366901508415,4.608,3.8297213098158096,351.16861651918236,"ScoreBreakdown(accel=87.76153133710751, skidpad=75.0, autocross=18.68314743061459, endurance=102.58136270782147, efficiency=67.14257504363884)"
[132   2],200,132,2,200,19.008,3.6263688434969197,4.496213348185748,1619.03284989226,3989.239676006172,0.060352066176485114,4.752,4.039652621065768,436.04528481945215,"ScoreBreakdown(accel=100.0, skidpad=75.0, autocross=39.77958336276115, endurance=151.06097596138858, efficiency=70.20472549530245)"
[132   2],205,132,2,205,19.008,3.6441452916822072,4.376067036852291,1634.8246210720179,3963.795705253316,0.06732053562224109,4.752,4.014129174869578,426.1502282686697,"ScoreBreakdown(accel=100.0, skidpad=75.0, autocross=36.914417736399436, endurance=144.47682487917803, efficiency=69.7589856530923)"
[132   2],210,132,2,210,19.008,3.6511095024580413,4.4288669578696584,1632.602293419227,3962.982174424734,0.06792565103039873,4.752,4.012541846561647,427.67971819590025,"ScoreBreakdown(accel=100.0, skidpad=75.0, autocross=37.31427246695988, endurance=145.39569111599292, efficiency=69.96975461294747)"
[132   2],215,132,2,215,19.008,3.637075262504169,4.481046804910079,1642.8819004317052,3951.123142298862,0.07124944340899246,4.752,4.0010077376938,421.1685785711989,"ScoreBreakdown(accel=100.0, skidpad=75.0, autocross=35.473773895215984, endurance=141.16622509439242, efficiency=69.52857958159052)"
[132   2],220,132,2,220,19.008,3.6619219016776015,4.532621511412529,1656.4193649157073,3933.8798553933957,0.07663613736884328,4.752,3.983465558240063,412.7761245298582,"ScoreBreakdown(accel=100.0, skidpad=75.0, autocross=33.084827492908516, endurance=135.67642586764762, efficiency=69.0148711693021)"
[132   2],225,132,2,225,19.008,3.6815379399303936,4.422192708426152,1664.6446293872623,3916.5929722234036,0.08192981207946975,4.752,3.965154092969823,407.97816733099097,"ScoreBreakdown(accel=100.0, skidpad=75.0, autocross=31.652297386599585, endurance=132.3844714469427, efficiency=68.94139849744869)"
[132   2],230,132,2,230,19.008,3.692103880388501,4.470852429020283,1661.1499546828195,3917.318982103697,0.08216011595541861,4.752,3.9649825448603493,410.2362007836954,"ScoreBreakdown(accel=100.0, skidpad=75.0, autocross=32.25920432683708, endurance=133.7791436957649, efficiency=69.19785276109337)"
[132   2],235,132,2,235,19.008,3.680992183321891,4.518984356243578,1670.5814716457237,3909.577389096184,0.08491645402020821,4.752,3.956964659449005,404.3609494262679,"ScoreBreakdown(accel=100.0, skidpad=75.0, autocross=30.627089270451993, endurance=130.0285430268479, efficiency=68.70531712896795)"
[132   2],240,132,2,240,19.008,3.707720844568186,4.56660959939957,1680.2486049276936,3902.3076545818967,0.08731153416859487,4.752,3.949444021516003,398.38578466349634,"ScoreBreakdown(accel=100.0, skidpad=75.0, autocross=28.97321602190269, endurance=126.2279420287469, efficiency=68.1846266128467)"
[132   2],245,132,2,245,19.008,3.7300323602843406,4.464215027810155,1683.9390871798932,3895.9773536313674,0.08954116365359248,4.752,3.94273841720362,396.2442039099369,"ScoreBreakdown(accel=100.0, skidpad=75.0, autocross=28.346848948421226, endurance=124.78855039051865, efficiency=68.10880457099705)"
[132   2],250,132,2,250,19.008,3.744515743492414,4.509360168975846,1681.2594511737875,3898.8472749988405,0.08954765196968159,4.752,3.9438653805053523,397.8570504285339,"ScoreBreakdown(accel=100.0, skidpad=75.0, autocross=28.801376703870545, endurance=125.83305524755092, efficiency=68.22261847711245)"
[132   2],255,132,2,255,19.008,3.736249422103384,4.554058482861819,1690.3329299905502,3899.0489804916115,0.0902061253735333,4.752,3.9439584749717866,392.0796959536965,"ScoreBreakdown(accel=100.0, skidpad=75.0, autocross=27.2681281675191, endurance=122.30964985798681, efficiency=67.50191792819052)"
[132   2],260,132,2,260,19.008,3.7685683556247653,4.5983204147764525,1697.2582956630338,3901.4663443791756,0.09018838090922324,4.752,3.9462016763386876,387.6352581461811,"ScoreBreakdown(accel=100.0, skidpad=75.0, autocross=26.10890183525844, endurance=119.64574755514754, efficiency=66.88060875577514)"
[132   2],265,132,2,265,19.008,3.800431217339053,4.642160207225828,1698.977742443929,3903.9040578877607,0.09010494347511258,4.752,3.947576748162648,386.47552088802274,"ScoreBreakdown(accel=100.0, skidpad=75.0, autocross=25.82255075290694, endurance=118.98771272064788, efficiency=66.6652574144679)"
[132   2],270,132,2,270,19.008,3.82946872142071,4.545210326813304,1712.1571865734807,3904.7860348011027,0.09004439287575457,4.752,3.94848709068348,377.62512384222487,"ScoreBreakdown(accel=99.36641637168582, skidpad=75.0, autocross=23.646788234478944, endurance=113.9878100942396, efficiency=65.62410914182053)"
[132   2],275,132,2,275,19.008,3.8508227503561585,4.586949823898507,1707.0679327456169,3906.5121703536565,0.08994760917594434,4.752,3.9491096679148177,379.1286021449056,"ScoreBreakdown(accel=97.7811967647046, skidpad=75.0, autocross=24.482979053219722, endurance=115.90937673370055, efficiency=65.95504959328069)"
[132   2],280,132,2,280,19.008,3.8782795667071923,4.628315144971793,1713.3037927696541,3909.017832325491,0.08950414356347361,4.752,3.9515410472273267,373.17991440848164,"ScoreBreakdown(accel=95.76858873133177, skidpad=75.0, autocross=23.459080574780586, endurance=113.55645786127583, efficiency=65.39578724109343)"
[132   2],285,132,2,285,19.008,3.906724326227902,4.669313121469187,1714.396910475893,3911.7606248472407,0.08907082887933841,4.752,3.9534230373591015,370.3611164146499,"ScoreBreakdown(accel=93.71339838354871, skidpad=75.0, autocross=23.280363150189338, endurance=113.1457651900719, efficiency=65.22158969083998)"
[132   2],290,132,2,290,19.008,3.935079819301123,4.579187861615182,1725.748931599709,3915.933261103452,0.08807641727202263,4.752,3.957714621135363,361.2724197015388,"ScoreBreakdown(accel=91.69422991893049, skidpad=75.0, autocross=21.437768007103585, endurance=108.9114812471816, efficiency=64.2289405283231)"
[132   2],295,132,2,295,19.008,3.9633417441227863,4.61836203910029,1721.2075524037243,3919.1277763472704,0.0876356562326072,4.752,3.960112465708019,361.945027434687,"ScoreBreakdown(accel=89.7104735538761, skidpad=75.0, autocross=22.171981953995882, endurance=110.59870501830578, efficiency=64.46386690850922)"
[132   2],300,132,2,300,19.008,3.9915058253446176,4.65720733660217,1727.0342482255899,3923.88176598758,0.0868222737980288,4.752,3.9642055371793297,356.2996038430175,"ScoreBreakdown(accel=87.76153133710751, skidpad=75.0, autocross=21.230669350303618, endurance=108.43556849967831, efficiency=63.87183465592807)"
[136   2],200,136,2,200,19.584,3.6263688434969197,4.496213348185748,1606.077397359659,4131.249837951886,0.055217193964286884,4.896,4.183840978772437,440.34797652998105,"ScoreBreakdown(accel=100.0, skidpad=75.0, autocross=42.17221684924815, endurance=156.5592481081862, efficiency=66.6165115725467)"
[136   2],205,136,2,205,19.584,3.6441452916822072,4.376067036852291,1624.2980596549228,4099.912291939577,0.06357625199523068,4.896,4.1522524560645575,428.8052781043399,"ScoreBreakdown(accel=100.0, skidpad=75.0, autocross=38.81810390064081, endurance=148.8514959987653, efficiency=66.13567820493382)"
[136   2],210,136,2,210,19.584,3.6511095024580413,4.4288669578696584,1622.649223933823,4096.846470115535,0.06476039849204868,4.896,4.1484720692204515,430.02714213858434,"ScoreBreakdown(accel=100.0, skidpad=75.0, autocross=39.11852659429236, endurance=149.54186739835475, efficiency=66.36674814593728)"
[136   2],215,136,2,215,19.584,3.637075262504169,4.481046804910079,1634.3025077715376,4081.1254772362067,0.06903067375698069,4.896,4.132867375179079,422.63399719559754,"ScoreBreakdown(accel=100.0, skidpad=75.0, autocross=37.00826181183241, endurance=144.69247858000995, efficiency=65.93325680375514)"
[136   2],220,136,2,220,19.584,3.6619219016776015,4.532621511412529,1649.788882057394,4058.621436040184,0.07575276363102941,4.896,4.110017116145533,413.02830548382235,"ScoreBreakdown(accel=100.0, skidpad=75.0, autocross=34.25000530237156, endurance=138.35400466608021, efficiency=65.42429551537056)"
[136   2],225,136,2,225,19.584,3.6815379399303936,4.422192708426152,1658.4808305046215,4037.19297857357,0.0820442844497826,4.896,4.087830362279284,408.0021511083292,"ScoreBreakdown(accel=100.0, skidpad=75.0, autocross=32.724463778627424, endurance=134.84830999275977, efficiency=65.42937733694204)"
[136   2],230,136,2,230,19.584,3.692103880388501,4.470852429020283,1655.173621519248,4036.855605822715,0.0827003590075911,4.896,4.086241627463121,410.1813075032328,"ScoreBreakdown(accel=100.0, skidpad=75.0, autocross=33.303030362787155, endurance=136.17785609863824, efficiency=65.7004210418074)"
[136   2],235,136,2,235,19.584,3.680992183321891,4.518984356243578,1665.3635074896008,4024.459655602158,0.0866977251280707,4.896,4.07364004579818,403.9276080884114,"ScoreBreakdown(accel=100.0, skidpad=75.0, autocross=31.52776841629899, endurance=132.09830385264127, efficiency=65.30153581947118)"
[136   2],240,136,2,240,19.584,3.707720844568186,4.56660959939957,1673.7645111795227,4017.3744512225257,0.08927235856387536,4.896,4.065999672001402,398.72965520311016,"ScoreBreakdown(accel=100.0, skidpad=75.0, autocross=30.08041864657457, endurance=128.7722938429618, efficiency=64.87694271357378)"
[136   2],245,136,2,245,19.584,3.7300323602843406,4.464215027810155,1676.4343640867276,4011.3873144003574,0.09143224643903233,4.896,4.059947114950848,397.20941351291333,"ScoreBreakdown(accel=100.0, skidpad=75.0, autocross=29.623486045304524, endurance=127.72226264983686, efficiency=64.86366481777189)"
[136   2],250,136,2,250,19.584,3.744515743492414,4.509360168975846,1673.2424943473595,4014.328684035539,0.09153884762600906,4.896,4.061198272823248,399.1637012492145,"ScoreBreakdown(accel=100.0, skidpad=75.0, autocross=30.1699297655059, endurance=128.97799040903803, efficiency=65.01578107467056)"
[136   2],255,136,2,255,19.584,3.736249422103384,4.554058482861819,1682.1317753637984,4014.545416747386,0.09225666383615627,4.896,4.061279185933622,393.4688976820817,"ScoreBreakdown(accel=100.0, skidpad=75.0, autocross=28.653251526805697, endurance=125.49266356621105, efficiency=64.32298258906496)"
[136   2],260,136,2,260,19.584,3.7685683556247653,4.5983204147764525,1687.2160690110302,4020.049674804028,0.09154037988291648,4.896,4.066804431830713,390.06644627282594,"ScoreBreakdown(accel=100.0, skidpad=75.0, autocross=27.792960034545818, endurance=123.51571357502613, efficiency=63.757772663254)"
[136   2],265,136,2,265,19.584,3.800431217339053,4.642160207225828,1688.1434282161892,4024.401111743211,0.09103202997372636,4.896,4.070243959339095,389.34129286861287,"ScoreBreakdown(accel=100.0, skidpad=75.0, autocross=27.63660435482497, endurance=123.15640819722454, efficiency=63.54828031656338)"
[136   2],270,136,2,270,19.584,3.82946872142071,4.545210326813304,1699.3502424107387,4030.1816140710926,0.0899164599280083,4.896,4.075827144102096,381.49160118711603,"ScoreBreakdown(accel=99.36641637168582, skidpad=75.0, autocross=25.760592184971397, endurance=118.84533192130718, efficiency=62.51926070915165)"
[136   2],275,136,2,275,19.584,3.8508227503561585,4.586949823898507,1694.4003913481877,4031.7882798243913,0.0899154372980876,4.896,4.076112347902216,382.9499813033415,"ScoreBreakdown(accel=97.7811967647046, skidpad=75.0, autocross=26.586133686047308, endurance=120.74242642701681, efficiency=62.840224425572764)"
[136   2],280,136,2,280,19.584,3.8782795667071923,4.628315144971793,1699.2486574403822,4037.637355150717,0.08876012403172956,4.896,4.08180638901446,377.7220481456467,"ScoreBreakdown(accel=95.76858873133177, skidpad=75.0, autocross=25.77748629603682, endurance=118.8841545913237, efficiency=62.2918185269544)"
[136   2],285,136,2,285,19.584,3.906724326227902,4.669313121469187,1700.1304965210834,4041.760080156371,0.08796165382237964,4.896,4.085301952777967,374.98797611041965,"ScoreBreakdown(accel=93.71339838354871, skidpad=75.0, autocross=25.63089915705658, endurance=118.54729732175599, efficiency=62.09638124805839)"
[136   2],290,136,2,290,19.584,3.935079819301123,4.579187861615182,1710.7064563933789,4048.9225270168104,0.08634010861707651,4.896,4.092166203263271,366.20234764219776,"ScoreBreakdown(accel=91.69422991893049, skidpad=75.0, autocross=23.884643756539084, endurance=114.53440212318648, efficiency=61.08907184354173)"
[136   2],295,136,2,295,19.584,3.9633417441227863,4.61836203910029,1705.796183951545,4052.986486553845,0.08568613452969087,4.896,4.09552760815101,367.1193268267913,"ScoreBreakdown(accel=89.7104735538761, skidpad=75.0, autocross=24.69271318464545, endurance=116.39134580232869, efficiency=61.324794285941046)"
[136   2],300,136,2,300,19.584,3.9915058253446176,4.65720733660217,1711.5910205266487,4058.2507217646216,0.08470382298048305,4.896,4.100176478460178,361.43700698290104,"ScoreBreakdown(accel=87.76153133710751, skidpad=75.0, autocross=23.73956642724731, endurance=114.20101439653224, efficiency=60.73489482201401)"
[140   2],200,140,2,200,20.16,3.6263688434969197,4.496213348185748,1590.9203340189522,4279.728393254203,0.04839924542232319,5.04,4.335489725086626,446.3931777591935,"ScoreBreakdown(accel=100.0, skidpad=75.0, autocross=45.02091138563106, endurance=163.10554862290746, efficiency=63.26671775065498)"
[140   2],205,140,2,205,20.16,3.6441452916822072,4.376067036852291,1610.9132984468315,4244.876814558411,0.0574990952450063,5.04,4.299939691146544,433.4870214164991,"ScoreBreakdown(accel=100.0, skidpad=75.0, autocross=41.27461344216671, endurance=154.49655533058393, efficiency=62.71585264374848)"
[140   2],210,140,2,210,20.16,3.6511095024580413,4.4288669578696584,1609.9350904302084,4239.908010580102,0.05918561188073499,5.04,4.29406121159871,434.3113414066788,"ScoreBreakdown(accel=100.0, skidpad=75.0, autocross=41.45574595184883, endurance=154.91279786772517, efficiency=62.942797587104806)"
[140   2],215,140,2,215,20.16,3.637075262504169,4.481046804910079,1623.8154573835254,4219.959056117854,0.0644286621501078,5.04,4.274038168477793,425.4090938844219,"ScoreBreakdown(accel=100.0, skidpad=75.0, autocross=38.90597229387616, endurance=149.05341758092084, efficiency=62.449704009624874)"
[140   2],220,140,2,220,20.16,3.6619219016776015,4.532621511412529,1642.3073776967492,4190.7518739082025,0.07261611779474574,5.04,4.244537559697092,413.87117734520035,"ScoreBreakdown(accel=100.0, skidpad=75.0, autocross=35.57603068403192, endurance=141.40121121196663, efficiency=61.89393544920182)"
[140   2],225,140,2,225,20.16,3.6815379399303936,4.422192708426152,1652.9763852821807,4162.546119557891,0.08052838702444873,5.04,4.21550209639247,407.68195260473345,"ScoreBreakdown(accel=100.0, skidpad=75.0, autocross=33.68869717429166, endurance=137.06411849512125, efficiency=61.92913693532052)"
[140   2],230,140,2,230,20.16,3.692103880388501,4.470852429020283,1650.304553979374,4160.223841012124,0.08178001918801149,5.04,4.211810339851938,409.5091298023532,"ScoreBreakdown(accel=100.0, skidpad=75.0, autocross=34.15905026966029, endurance=138.14498998589977, efficiency=62.20508954679317)"
[140   2],235,140,2,235,20.16,3.680992183321891,4.518984356243578,1661.2299673389296,4142.807791127751,0.0870478801783164,5.04,4.194104537301413,402.8927346329712,"ScoreBreakdown(accel=100.0, skidpad=75.0, autocross=32.24528026920835, endurance=133.74714620903626, efficiency=61.90030815472658)"
[140   2],240,140,2,240,20.16,3.707720844568186,4.56660959939957,1670.731382393766,4131.303711456226,0.0907190911185667,5.04,4.182112126285955,397.101240556079,"ScoreBreakdown(accel=100.0, skidpad=75.0, autocross=30.60129613132791, endurance=129.96927038888418, efficiency=61.5306740358669)"
[140   2],245,140,2,245,20.16,3.7300323602843406,4.464215027810155,1671.8642489173526,4125.47406563256,0.09318504179233077,5.04,4.175670378513991,396.5516633713119,"ScoreBreakdown(accel=100.0, skidpad=75.0, autocross=30.406528482189533, endurance=129.52169429902227, efficiency=61.62344059010005)"
[140   2],250,140,2,250,20.16,3.744515743492414,4.509360168975846,1668.3215534848248,4128.184900926927,0.09344999524676624,5.04,4.1766392614470895,398.748514900041,"ScoreBreakdown(accel=100.0, skidpad=75.0, autocross=31.016484844839248, endurance=130.92337412105104, efficiency=61.80865593415076)"
[140   2],255,140,2,255,20.16,3.736249422103384,4.554058482861819,1677.5828920222343,4126.158001502417,0.09481800169260855,5.04,4.174466815146314,392.8706757631334,"ScoreBreakdown(accel=100.0, skidpad=75.0, autocross=29.42736836853439, endurance=127.27158419625417, efficiency=61.171723198344864)"
[140   2],260,140,2,260,20.16,3.7685683556247653,4.5983204147764525,1681.5334058419628,4132.407073050113,0.09414954294753043,5.04,4.180603945530364,390.1668172440644,"ScoreBreakdown(accel=100.0, skidpad=75.0, autocross=28.754841225041712, endurance=125.72611670952256, efficiency=60.685859309500195)"
[140   2],265,140,2,265,20.16,3.800431217339053,4.642160207225828,1681.2050975078305,4138.792190369728,0.09326274211498814,5.04,4.186129931217376,390.1816687559712,"ScoreBreakdown(accel=100.0, skidpad=75.0, autocross=28.810611325891394, endurance=125.8542764104788, efficiency=60.516781019601)"
[140   2],270,140,2,270,20.16,3.82946872142071,4.545210326813304,1691.371215612682,4147.136173149529,0.09169013865942342,5.04,4.19416763375332,382.88223427869247,"ScoreBreakdown(accel=99.36641637168582, skidpad=75.0, autocross=27.09372620301831, endurance=121.9088741147829, efficiency=59.51321758920539)"
[140   2],275,140,2,275,20.16,3.8508227503561585,4.586949823898507,1686.3646188665748,4148.698342402126,0.09167005561098333,5.04,4.194625632811909,384.39906871426876,"ScoreBreakdown(accel=97.7811967647046, skidpad=75.0, autocross=27.936668634627107, endurance=123.84595596172866, efficiency=59.835247353208366)"
[140   2],280,140,2,280,20.16,3.8782795667071923,4.628315144971793,1690.6483825168534,4155.7049803987675,0.09033147294358401,5.04,4.20137028328969,379.48153066744993,"ScoreBreakdown(accel=95.76858873133177, skidpad=75.0, autocross=27.21511860936154, endurance=122.18783388459293, efficiency=59.30998944216373)"
[140   2],285,140,2,285,20.16,3.906724326227902,4.669313121469187,1691.0636357968967,4161.591328986369,0.08921805618281889,5.04,4.206450491119303,376.9903827659167,"ScoreBreakdown(accel=93.71339838354871, skidpad=75.0, autocross=27.14536839484361, endurance=122.02754788011983, efficiency=59.104068107404544)"
[140   2],290,140,2,290,20.16,3.935079819301123,4.579187861615182,1700.4529378337343,4171.596889622421,0.08696394897656833,5.04,4.216413284996333,368.82043220061024,"ScoreBreakdown(accel=91.69422991893049, skidpad=75.0, autocross=25.57733805232106, endurance=118.42421389423478, efficiency=58.12465033512394)"
[140   2],295,140,2,295,20.16,3.9633417441227863,4.61836203910029,1694.9518378742378,4177.6273382404315,0.08595935219318158,5.04,4.2215301842518835,370.08045624669444,"ScoreBreakdown(accel=89.7104735538761, skidpad=75.0, autocross=26.493924174832603, endurance=120.53052895502839, efficiency=58.345529562957346)"
[140   2],300,140,2,300,20.16,3.9915058253446176,4.65720733660217,1699.7823814803037,4186.138410802806,0.08423508478801481,5.04,4.229564020578735,364.8765892414655,"ScoreBreakdown(accel=87.76153133710751, skidpad=75.0, autocross=25.68874776690427, endurance=118.6802334367326, efficiency=57.74607670072118)"
[144   2],200,144,2,200,20.735999999999997,3.6263688434969197,4.496213348185748,1573.136841304305,4435.298258343693,0.04013017857358603,5.184,4.494260508648431,454.55277066711017,"ScoreBreakdown(accel=100.0, skidpad=75.0, autocross=48.43321641905351, endurance=170.9470261528368, efficiency=60.17252809521982)"
[144   2],205,144,2,205,20.735999999999997,3.6441452916822072,4.376067036852291,1595.3854648208276,4396.978956415924,0.04978560285756385,5.184,4.455297833922547,439.8440685160232,"ScoreBreakdown(accel=100.0, skidpad=75.0, autocross=44.176088165480365, endurance=161.16414472358213, efficiency=59.503835626960736)"
[144   2],210,144,2,210,20.735999999999997,3.6511095024580413,4.4288669578696584,1595.069622317263,4390.312571459143,0.05194740327649462,5.184,4.447429418884389,440.2539776146091,"ScoreBreakdown(accel=100.0, skidpad=75.0, autocross=44.2356915633211, endurance=161.30111334165633, efficiency=59.71717270963165)"
[144   2],215,144,2,215,20.735999999999997,3.637075262504169,4.481046804910079,1609.5956994014584,4368.5416043376945,0.05750298614180491,5.184,4.425387820837691,430.7845048108728,"ScoreBreakdown(accel=100.0, skidpad=75.0, autocross=41.51864164517178, endurance=155.0573321813608, efficiency=59.20853098434017)"
[144   2],220,144,2,220,20.735999999999997,3.6619219016776015,4.532621511412529,1630.7844463904946,4333.424594259672,0.06692789299580981,5.184,4.389673602471488,417.38068460097816,"ScoreBreakdown(accel=100.0, skidpad=75.0, autocross=37.64216089660256, endurance=146.14917878142256, efficiency=58.58934492295302)"
[144   2],225,144,2,225,20.735999999999997,3.6815379399303936,4.422192708426152,1646.0247530568474,4297.003997621544,0.07668934810072674,5.184,4.352096720166934,408.2823943498926,"ScoreBreakdown(accel=100.0, skidpad=75.0, autocross=34.91565460958867, endurance=139.88366688391568, efficiency=58.4830728563883)"
[144   2],230,144,2,230,20.735999999999997,3.692103880388501,4.470852429020283,1644.3232221176224,4291.588014997053,0.07864725972811312,5.184,4.345519453039107,409.56129330343504,"ScoreBreakdown(accel=100.0, skidpad=75.0, autocross=35.21755384861606, endurance=140.57743138502246, efficiency=58.76630806979652)"
[144   2],235,144,2,235,20.735999999999997,3.680992183321891,4.518984356243578,1656.3806622363818,4268.701958142262,0.08514988659967908,5.184,4.322150475317637,402.3081457516108,"ScoreBreakdown(accel=100.0, skidpad=75.0, autocross=33.09160166617971, endurance=135.6919929189428, efficiency=58.52455116648832)"
[144   2],240,144,2,240,20.735999999999997,3.707720844568186,4.56660959939957,1668.2143841111076,4249.882247121774,0.09060961332780307,5.184,4.30279142402645,395.1929144009935,"ScoreBreakdown(accel=100.0, skidpad=75.0, autocross=31.034976883412195, endurance=130.9658688287431, efficiency=58.192068688838226)"
[144   2],245,144,2,245,20.735999999999997,3.7300323602843406,4.464215027810155,1670.520050088426,4237.864204253004,0.09452525994918864,5.184,4.290470231926277,394.06106105503176,"ScoreBreakdown(accel=100.0, skidpad=75.0, autocross=30.637658593949084, endurance=130.05283133398862, efficiency=58.37057112709403)"
[144   2],250,144,2,250,20.735999999999997,3.744515743492414,4.509360168975846,1666.0227856831452,4240.742401293932,0.09500335595001107,5.184,4.2913164146813205,396.8689017674119,"ScoreBreakdown(accel=100.0, skidpad=75.0, autocross=31.41365822051793, endurance=131.83607860390515, efficiency=58.61916494298883)"
[144   2],255,144,2,255,20.735999999999997,3.736249422103384,4.554058482861819,1674.9631677755922,4236.836792906686,0.09704196421326738,5.184,4.287204880047947,391.2492670239027,"ScoreBreakdown(accel=100.0, skidpad=75.0, autocross=29.875094095008134, endurance=128.30045798957812, efficiency=58.07371493931647)"
[144   2],260,144,2,260,20.735999999999997,3.7685683556247653,4.5983204147764525,1679.3579535673168,4240.039041823148,0.09720648074206446,5.184,4.290341413661265,388.3607868889068,"ScoreBreakdown(accel=100.0, skidpad=75.0, autocross=29.12479418393008, endurance=126.57626867010052, efficiency=57.65972403487616)"
[144   2],265,144,2,265,20.735999999999997,3.800431217339053,4.642160207225828,1677.9387354066762,4247.8184012908,0.09609928320488591,5.184,4.297449611868332,389.03761515972457,"ScoreBreakdown(accel=100.0, skidpad=75.0, autocross=29.366660563906652, endurance=127.13207765120137, efficiency=57.53887694461657)"
[144   2],270,144,2,270,20.735999999999997,3.82946872142071,4.545210326813304,1685.8144755610394,4260.029706691363,0.09389327818276486,5.184,4.309152522890063,383.074086648339,"ScoreBreakdown(accel=99.36641637168582, skidpad=75.0, autocross=28.029599566512545, endurance=124.05951125853771, efficiency=56.618559451602906)"
[144   2],275,144,2,275,20.735999999999997,3.8508227503561585,4.586949823898507,1680.6674312699354,4262.111883089679,0.09381310052897794,5.184,4.309929399392371,384.67827357698695,"ScoreBreakdown(accel=97.7811967647046, skidpad=75.0, autocross=28.90199234645802, endurance=126.0642700108212, efficiency=56.93081445500312)"
[144   2],280,144,2,280,20.735999999999997,3.8782795667071923,4.628315144971793,1685.1345757128367,4268.389439424939,0.09269925390447019,5.184,4.315924943957604,379.66645622276565,"ScoreBreakdown(accel=95.76858873133177, skidpad=75.0, autocross=28.14453297754615, endurance=124.32362825605995, efficiency=56.429706257827775)"
[144   2],285,144,2,285,20.735999999999997,3.906724326227902,4.669313121469187,1685.4035612761832,4274.668816634623,0.09153486343417504,5.184,4.32152551003939,377.2639221517926,"ScoreBreakdown(accel=93.71339838354871, skidpad=75.0, autocross=28.09905132930938, endurance=124.21911142090624, efficiency=56.232361018028236)"
[144   2],290,144,2,290,20.735999999999997,3.935079819301123,4.579187861615182,1693.6743087767734,4287.627239884101,0.0887028757068009,5.184,4.334546812752441,369.70109857204875,"ScoreBreakdown(accel=91.69422991893049, skidpad=75.0, autocross=26.707636347058312, endurance=121.0216395620713, efficiency=55.27759274398864)"
[144   2],295,144,2,295,20.735999999999997,3.9633417441227863,4.61836203910029,1687.9267737102452,4294.531493018121,0.08755184082663421,5.184,4.340531222143196,371.1166064539082,"ScoreBreakdown(accel=89.7104735538761, skidpad=75.0, autocross=27.673117605734745, endurance=123.24031565384091, efficiency=55.49269964045645)"
[144   2],300,144,2,300,20.735999999999997,3.9915058253446176,4.65720733660217,1691.6424934992124,4305.396684158606,0.08538175251608963,5.184,4.35091503548875,366.53970349749864,"ScoreBreakdown(accel=87.76153133710751, skidpad=75.0, autocross=27.04819463654616, endurance=121.80424256751593, efficiency=54.92573495632902)"
[100   3],200,100,3,200,21.599999999999998,3.6263688434969197,4.496213348185748,1555.6299995872207,4644.844135126712,0.03218769262350069,5.4,4.709629416660188,461.58903089663085,"ScoreBreakdown(accel=100.0, skidpad=75.0, autocross=51.86864333255707, endurance=178.84163776700822, efficiency=55.87874979706553)"
[100   3],205,100,3,205,21.599999999999998,3.6441452916822072,4.376067036852291,1565.8626325737287,4644.179486620687,0.03161715668315652,5.4,4.709448413686553,454.16470418852987,"ScoreBreakdown(accel=100.0, skidpad=75.0, autocross=49.85133098106456, endurance=174.20585365036624, efficiency=55.10751955709907)"
[100   3],210,100,3,210,21.599999999999998,3.6511095024580413,4.4288669578696584,1561.8810754055264,4648.89076178254,0.030621712190742095,5.4,4.713054450613318,456.92687743541507,"ScoreBreakdown(accel=100.0, skidpad=75.0, autocross=50.63313347730235, endurance=176.00243591573977, efficiency=55.2913080423729)"
[100   3],215,100,3,215,21.599999999999998,3.637075262504169,4.481046804910079,1568.8461009997595,4647.710079898414,0.030564432571015578,5.4,4.712392994320512,451.9223940121406,"ScoreBreakdown(accel=100.0, skidpad=75.0, autocross=49.26810996776899, endurance=172.8656116655655, efficiency=54.78867237880611)"
[100   3],220,100,3,220,21.599999999999998,3.6619219016776015,4.532621511412529,1580.031846948647,4646.325671799649,0.03108230405910108,5.4,4.710800944801802,443.9645344326585,"ScoreBreakdown(accel=100.0, skidpad=75.0, autocross=47.10108214110442, endurance=167.88578136227093, efficiency=53.97767092928314)"
[100   3],225,100,3,225,21.599999999999998,3.6815379399303936,4.422192708426152,1589.1997566926557,4643.273644804352,0.031840101951607275,5.4,4.707187410303195,437.5745328915474,"ScoreBreakdown(accel=100.0, skidpad=75.0, autocross=45.34771962174023, endurance=163.8565540034186, efficiency=53.37025926638853)"
[100   3],230,100,3,230,21.599999999999998,3.692103880388501,4.470852429020283,1585.569603996675,4649.567740188087,0.030829844145301176,5.4,4.711304921584019,439.96641182428857,"ScoreBreakdown(accel=100.0, skidpad=75.0, autocross=46.039561443943455, endurance=165.44640662501465, efficiency=53.48044375533049)"
[100   3],235,100,3,235,21.599999999999998,3.680992183321891,4.518984356243578,1593.4182490168969,4649.172794485161,0.031015016199125216,5.4,4.710907733299221,434.47384813837004,"ScoreBreakdown(accel=100.0, skidpad=75.0, autocross=44.547710927721106, endurance=162.0181338925394, efficiency=52.90800331810952)"
[100   3],240,100,3,240,21.599999999999998,3.707720844568186,4.56660959939957,1603.4378230802536,4646.426919440868,0.03192738213244137,5.4,4.7074380404971015,427.5966085071321,"ScoreBreakdown(accel=100.0, skidpad=75.0, autocross=42.664438841458086, endurance=157.69037432751503, efficiency=52.241795338158965)"
[100   3],245,100,3,245,21.599999999999998,3.7300323602843406,4.464215027810155,1611.975556557687,4639.752655172909,0.033669261589958685,5.4,4.700738674314016,421.9127862398501,"ScoreBreakdown(accel=100.0, skidpad=75.0, autocross=41.07816655245767, endurance=154.04512034561333, efficiency=51.78949934177909)"
[100   3],250,100,3,250,21.599999999999998,3.744515743492414,4.509360168975846,1610.8550164886587,4643.934317213376,0.03338285621861471,5.4,4.702646652871723,422.5722917984859,"ScoreBreakdown(accel=100.0, skidpad=75.0, autocross=41.28539921413699, endurance=154.5213410363515, efficiency=51.76555154799741)"
[100   3],255,100,3,255,21.599999999999998,3.736249422103384,4.554058482861819,1623.1824707645458,4637.218002747167,0.035531844522964706,5.4,4.695499568734815,414.38778647392206,"ScoreBreakdown(accel=100.0, skidpad=75.0, autocross=39.02130068519384, endurance=149.31844224320125, efficiency=51.04804354552696)"
[100   3],260,100,3,260,21.599999999999998,3.7685683556247653,4.5983204147764525,1632.459655277764,4634.6015013006645,0.036556316318695325,5.4,4.692697892659287,408.2496244218677,"ScoreBreakdown(accel=100.0, skidpad=75.0, autocross=37.33997397062115, endurance=145.454753175648, efficiency=50.4548972755986)"
[100   3],265,100,3,265,21.599999999999998,3.800431217339053,4.642160207225828,1636.9940068491649,4633.018188519721,0.037323855683624056,5.4,4.690299603437172,405.28240508070354,"ScoreBreakdown(accel=100.0, skidpad=75.0, autocross=36.525135802211935, endurance=143.58225493017284, efficiency=50.175014348318776)"
[100   3],270,100,3,270,21.599999999999998,3.82946872142071,4.545210326813304,1653.6834022801645,4621.413438761706,0.04076987341807522,5.4,4.6776868842893435,394.01031130728023,"ScoreBreakdown(accel=99.36641637168582, skidpad=75.0, autocross=33.56448717522261, endurance=136.77868389676257, efficiency=49.30072386360923)"
[100   3],275,100,3,275,21.599999999999998,3.8508227503561585,4.586949823898507,1648.590014401649,4623.817720574761,0.04060120422377992,5.4,4.6787268947617555,395.6769601051895,"ScoreBreakdown(accel=97.7811967647046, skidpad=75.0, autocross=34.4616834010911, endurance=138.8404409718705, efficiency=49.593638967523326)"
[100   3],280,100,3,280,21.599999999999998,3.8782795667071923,4.628315144971793,1655.9418533147968,4620.37154906268,0.04182000177866658,5.4,4.6747375843743155,388.97640268365063,"ScoreBreakdown(accel=95.76858873133177, skidpad=75.0, autocross=33.16842903050595, endurance=135.86854221484316, efficiency=49.17084270696978)"
[100   3],285,100,3,285,21.599999999999998,3.906724326227902,4.669313121469187,1659.1031750470893,4620.192617701815,0.042194406738215166,5.4,4.673406227193733,384.88610695191915,"ScoreBreakdown(accel=93.71339838354871, skidpad=75.0, autocross=32.615848041238756, endurance=134.59871101031595, efficiency=48.95814951681572)"
[100   3],290,100,3,290,21.599999999999998,3.935079819301123,4.579187861615182,1674.3705802139627,4607.094217427168,0.04573468695503364,5.4,4.660156584302654,373.4460007211696,"ScoreBreakdown(accel=91.69422991893049, skidpad=75.0, autocross=29.976564970043814, endurance=128.53363807715567, efficiency=48.24156775503963)"
[100   3],295,100,3,295,21.599999999999998,3.9633417441227863,4.61836203910029,1671.0658812875101,4606.957048359809,0.04643835652800748,5.4,4.659021130861191,373.5597062610348,"ScoreBreakdown(accel=89.7104735538761, skidpad=75.0, autocross=30.543760060095543, endurance=129.83705248769726, efficiency=48.46842015936589)"
[100   3],300,100,3,300,21.599999999999998,3.9915058253446176,4.65720733660217,1678.1765544225036,4603.509685514044,0.048019779738843964,5.4,4.654595533111169,367.19957999094146,"ScoreBreakdown(accel=87.76153133710751, skidpad=75.0, autocross=29.326102375497257, endurance=127.03887492754336, efficiency=48.07307135079332)"
[104   3],200,104,3,200,22.464,3.6263688434969197,4.496213348185748,1541.365572629123,4837.280633759436,0.03117250573954807,5.616,4.909780494020292,467.2835728585316,"ScoreBreakdown(accel=100.0, skidpad=75.0, autocross=54.72549758969474, endurance=185.40668932137046, efficiency=52.151385947466395)"
[104   3],205,104,3,205,22.464,3.6441452916822072,4.376067036852291,1552.4067845974264,4831.701905477532,0.03232630030482215,5.616,4.90377686042719,459.27800340601226,"ScoreBreakdown(accel=100.0, skidpad=75.0, autocross=52.50959185741598, endurance=180.31453758290817, efficiency=51.45387396568811)"
[104   3],210,104,3,210,22.464,3.6511095024580413,4.4288669578696584,1548.952791514746,4835.250585304993,0.032030800722879275,5.616,4.905272140940118,461.7266347185156,"ScoreBreakdown(accel=100.0, skidpad=75.0, autocross=53.19939230171495, endurance=181.89969911774332, efficiency=51.62754329905728)"
[104   3],215,104,3,215,22.464,3.637075262504169,4.481046804910079,1556.317513712145,4830.825483227126,0.03274990779751654,5.616,4.901888790750356,456.4433993401797,"ScoreBreakdown(accel=100.0, skidpad=75.0, autocross=51.732272079596285, endurance=178.5282566051993, efficiency=51.18287065538419)"
[104   3],220,104,3,220,22.464,3.6619219016776015,4.532621511412529,1567.957855926737,4825.433388904872,0.03398575945515448,5.616,4.897284464170567,448.1563050832573,"ScoreBreakdown(accel=100.0, skidpad=75.0, autocross=49.44151583950815, endurance=173.26409838743888, efficiency=50.45069085631027)"
[104   3],225,104,3,225,22.464,3.6815379399303936,4.422192708426152,1577.8907428189211,4820.1772479286765,0.034952423666287466,5.616,4.891909958182659,441.1972785829746,"ScoreBreakdown(accel=100.0, skidpad=75.0, autocross=47.51350311201117, endurance=168.83352482147544, efficiency=49.850250649487975)"
[104   3],230,104,3,230,22.464,3.692103880388501,4.470852429020283,1574.5440077270803,4825.896169687894,0.03400463876799148,5.616,4.895782064996594,443.43825002156177,"ScoreBreakdown(accel=100.0, skidpad=75.0, autocross=48.16040039314386, endurance=170.32009488027416, efficiency=49.957754748143756)"
[104   3],235,104,3,235,22.464,3.680992183321891,4.518984356243578,1582.5667360609398,4825.084854782607,0.034095481832992776,5.616,4.894964425255868,437.7766684688621,"ScoreBreakdown(accel=100.0, skidpad=75.0, autocross=46.61425272463708, endurance=166.76704728288854, efficiency=49.395368461336474)"
[104   3],240,104,3,240,22.464,3.707720844568186,4.56660959939957,1593.1612796469851,4819.478790106687,0.03551566415541009,5.616,4.888984292752095,430.4942767226292,"ScoreBreakdown(accel=100.0, skidpad=75.0, autocross=44.596322262955375, endurance=162.12984274892983, efficiency=48.76811171074398)"
[104   3],245,104,3,245,22.464,3.7300323602843406,4.464215027810155,1602.384929566801,4809.988517359267,0.03780793733081465,5.616,4.879219512935566,424.34114769582834,"ScoreBreakdown(accel=100.0, skidpad=75.0, autocross=42.861232543019916, endurance=158.14260628618044, efficiency=48.33730886662798)"
[104   3],250,104,3,250,22.464,3.744515743492414,4.509360168975846,1601.426355851824,4814.704952910256,0.037780706423039344,5.616,4.879797385917031,424.8896149897378,"ScoreBreakdown(accel=100.0, skidpad=75.0, autocross=43.04062220544234, endurance=158.55484376003128, efficiency=48.294149024264165)"
[104   3],255,104,3,255,22.464,3.736249422103384,4.554058482861819,1614.7428412710303,4803.748201745209,0.04086746185243776,5.616,4.868022371764587,416.05701532338026,"ScoreBreakdown(accel=100.0, skidpad=75.0, autocross=40.56761718292827, endurance=152.87187781018, efficiency=47.617520330271994)"
[104   3],260,104,3,260,22.464,3.7685683556247653,4.5983204147764525,1624.7908264590515,4797.675831191144,0.04272606915998912,5.616,4.861346551537495,409.4377749937873,"ScoreBreakdown(accel=100.0, skidpad=75.0, autocross=38.72843868867048, endurance=148.64544532686034, efficiency=47.06389097825646)"
[104   3],265,104,3,265,22.464,3.800431217339053,4.642160207225828,1630.0169910094207,4793.118985653917,0.04423509331767285,5.616,4.855799630517295,406.0599183293659,"ScoreBreakdown(accel=100.0, skidpad=75.0, autocross=37.78080779653532, endurance=146.46778938034856, efficiency=46.811321152482066)"
[104   3],270,104,3,270,22.464,3.82946872142071,4.545210326813304,1647.4775039309911,4777.293271611211,0.04861865453169127,5.616,4.8387709434558825,394.31177894372627,"ScoreBreakdown(accel=99.36641637168582, skidpad=75.0, autocross=34.658389429182066, endurance=139.29247145688555, efficiency=45.994501685972786)"
[104   3],275,104,3,275,22.464,3.8508227503561585,4.586949823898507,1642.4171425108339,4780.781542155856,0.04842326272556903,5.616,4.840088318004647,395.94868073933503,"ScoreBreakdown(accel=97.7811967647046, skidpad=75.0, autocross=35.5564885965517, endurance=141.35630349171208, efficiency=46.25469188636666)"
[104   3],280,104,3,280,22.464,3.8782795667071923,4.628315144971793,1650.3492669655,4774.501957483604,0.050250152709004604,5.616,4.833367919516826,388.91303868058,"ScoreBreakdown(accel=95.76858873133177, skidpad=75.0, autocross=34.15116640006299, endurance=138.126872852264, efficiency=45.86641069692121)"
[104   3],285,104,3,285,22.464,3.906724326227902,4.669313121469187,1653.9126847610135,4771.716569618674,0.051118730737276324,5.616,4.829979215736342,384.6162899611792,"ScoreBreakdown(accel=93.71339838354871, skidpad=75.0, autocross=33.524229226098214, endurance=136.68617112303104, efficiency=45.69249122850127)"
[104   3],290,104,3,290,22.464,3.935079819301123,4.579187861615182,1669.7480631789804,4756.049198185051,0.055174005907164834,5.616,4.814295753914554,372.8284188098771,"ScoreBreakdown(accel=91.69422991893049, skidpad=75.0, autocross=30.770567173097685, endurance=130.35825527080556, efficiency=45.0053664470434)"
[104   3],295,104,3,295,22.464,3.9633417441227863,4.61836203910029,1666.1381244853662,4756.038838743933,0.0560040989279175,5.616,4.812721144876459,373.13784153697577,"ScoreBreakdown(accel=89.7104735538761, skidpad=75.0, autocross=31.39370425496067, endurance=131.79022438776153, efficiency=45.24343934037744)"
[104   3],300,104,3,300,22.464,3.9915058253446176,4.65720733660217,1673.7065484945035,4750.837570459992,0.057920551169976006,5.616,4.806544866509588,366.5128946242759,"ScoreBreakdown(accel=87.76153133710751, skidpad=75.0, autocross=30.090354851609177, endurance=128.7951272437713, efficiency=44.86588119178795)"
[108   3],200,108,3,200,23.328,3.6263688434969197,4.496213348185748,1526.74146079789,5043.049851261732,0.02781932084940384,5.832,5.118992444513976,473.4295618919467,"ScoreBreakdown(accel=100.0, skidpad=75.0, autocross=57.70980849132276, endurance=192.2646362658052, efficiency=48.455117134818806)"
[108   3],205,108,3,205,23.328,3.6441452916822072,4.376067036852291,1539.0089912483122,5030.900236594732,0.02991749182936353,5.832,5.108552192810362,464.5294428135951,"ScoreBreakdown(accel=100.0, skidpad=75.0, autocross=55.2025667583322, endurance=186.50299434962898, efficiency=47.82388170563387)"
[108   3],210,108,3,210,23.328,3.6511095024580413,4.4288669578696584,1536.2902564064482,5028.830844226195,0.03035296339014507,5.832,5.1071791383674014,466.59626377464696,"ScoreBreakdown(accel=100.0, skidpad=75.0, autocross=55.754768967487664, endurance=187.77195511739674, efficiency=48.069539689762514)"
[108   3],215,108,3,215,23.328,3.637075262504169,4.481046804910079,1543.8315388825902,5023.1906156816685,0.031715925925312125,5.832,5.101165564762787,461.135369430108,"ScoreBreakdown(accel=100.0, skidpad=75.0, autocross=54.22784383429738, endurance=184.2630809093407, efficiency=47.644444686469974)"
[108   3],220,108,3,220,23.328,3.6619219016776015,4.532621511412529,1555.7029537213214,5016.283173193899,0.033963348451583136,5.832,5.092578765492601,452.60280625055856,"ScoreBreakdown(accel=100.0, skidpad=75.0, autocross=51.85416686367277, endurance=178.8083708391231, efficiency=46.94026854776264)"
[108   3],225,108,3,225,23.328,3.6815379399303936,4.422192708426152,1566.3619612800271,5004.6105908101945,0.03675956929680491,5.832,5.080383610455448,445.17363976512365,"ScoreBreakdown(accel=100.0, skidpad=75.0, autocross=49.75356529186937, endurance=173.9811880804616, efficiency=46.438886392792725)"
[108   3],230,108,3,230,23.328,3.692103880388501,4.470852429020283,1563.7610049563746,5005.7389730748855,0.03666216472327464,5.832,5.081464772115994,447.01526365703785,"ScoreBreakdown(accel=100.0, skidpad=75.0, autocross=50.26350199588022, endurance=175.15302271043234, efficiency=46.5987389507253)"
[108   3],235,108,3,235,23.328,3.680992183321891,4.518984356243578,1572.0752894487744,5000.745434661094,0.03806518522779769,5.832,5.075992319567576,441.1804511190121,"ScoreBreakdown(accel=100.0, skidpad=75.0, autocross=48.63934921338977, endurance=171.42071934823923, efficiency=46.120382557383074)"
[108   3],240,108,3,240,23.328,3.707720844568186,4.56660959939957,1583.2639737590976,4992.843776708693,0.04009803188476849,5.832,5.0672951748425055,433.4516019381153,"ScoreBreakdown(accel=100.0, skidpad=75.0, autocross=46.48062049405439, endurance=166.45996039495662, efficiency=45.511021049104265)"
[108   3],245,108,3,245,23.328,3.7300323602843406,4.464215027810155,1592.5053684784436,4982.271444745647,0.04263333506417615,5.832,5.055940507962711,427.23934619378485,"ScoreBreakdown(accel=100.0, skidpad=75.0, autocross=44.72047322756036, endurance=162.4151416860804, efficiency=45.10373128014406)"
[108   3],250,108,3,250,23.328,3.744515743492414,4.509360168975846,1591.7566779030217,4984.711333413872,0.04265572755580428,5.832,5.056186110770702,427.70499975760777,"ScoreBreakdown(accel=100.0, skidpad=75.0, autocross=44.86231054232645, endurance=162.74108385882002, efficiency=45.10160535646126)"
[108   3],255,108,3,255,23.328,3.736249422103384,4.554058482861819,1605.481890038545,4971.925164628669,0.04544000328114059,5.832,5.044228986708222,418.539724890503,"ScoreBreakdown(accel=100.0, skidpad=75.0, autocross=42.2831243563911, endurance=156.8141135779036, efficiency=44.44248695620825)"
[108   3],260,108,3,260,23.328,3.7685683556247653,4.5983204147764525,1615.7607673161747,4964.26991558226,0.04741988963406324,5.832,5.036481344940465,411.736659866858,"ScoreBreakdown(accel=100.0, skidpad=75.0, autocross=40.38025518014607, endurance=152.44131989686667, efficiency=43.91508478984526)"
[108   3],265,108,3,265,23.328,3.800431217339053,4.642160207225828,1621.3205240278241,4958.079156075017,0.049153467175489296,5.832,5.029635284273563,408.1379227676462,"ScoreBreakdown(accel=100.0, skidpad=75.0, autocross=39.361064206466125, endurance=150.09921887115541, efficiency=43.67763969002471)"
[108   3],270,108,3,270,23.328,3.82946872142071,4.545210326813304,1638.621860974496,4941.898134844474,0.05339404107143933,5.832,5.01207776250357,396.3966419843974,"ScoreBreakdown(accel=99.36641637168582, skidpad=75.0, autocross=36.233705054486464, endurance=142.91254702380553, efficiency=42.88397353441958)"
[108   3],275,108,3,275,23.328,3.8508227503561585,4.586949823898507,1633.4712449297915,4945.182185353808,0.05319879042073788,5.832,5.013536136036536,398.1267948679148,"ScoreBreakdown(accel=97.7811967647046, skidpad=75.0, autocross=37.15779587933548, endurance=145.0361078918091, efficiency=43.151694332065624)"
[108   3],280,108,3,280,23.328,3.8782795667071923,4.628315144971793,1641.5013073859445,4938.554112038833,0.05510914269355225,5.832,5.0061338338953885,390.9872941701278,"ScoreBreakdown(accel=95.76858873133177, skidpad=75.0, autocross=35.71962027843256, endurance=141.7311801235956, efficiency=42.76790503676791)"
[108   3],285,108,3,285,23.328,3.906724326227902,4.669313121469187,1645.37458433317,4935.803973407705,0.056142859578910534,5.832,5.001935364595787,386.46747115713214,"ScoreBreakdown(accel=93.71339838354871, skidpad=75.0, autocross=35.03093903717802, endurance=140.14859051754127, efficiency=42.57454321886411)"
[108   3],290,108,3,290,23.328,3.935079819301123,4.579187861615182,1659.875818927624,4923.09480400391,0.05964810301652495,5.832,4.988385261912315,375.37590874045327,"ScoreBreakdown(accel=91.69422991893049, skidpad=75.0, autocross=32.48111438456108, endurance=134.28909304503608, efficiency=41.91147139192562)"
[108   3],295,108,3,295,23.328,3.9633417441227863,4.61836203910029,1655.8473915984832,4924.359747018955,0.06018071942834156,5.832,4.9879722334612175,375.94553567953517,"ScoreBreakdown(accel=89.7104735538761, skidpad=75.0, autocross=33.184972864403846, endurance=135.9065599478708, efficiency=42.14352931338442)"
[108   3],300,108,3,300,23.328,3.9915058253446176,4.65720733660217,1662.8172942655256,4919.966640863135,0.06195564080189612,5.832,4.982278655777506,369.6343292971217,"ScoreBreakdown(accel=87.76153133710751, skidpad=75.0, autocross=31.969325557372667, endurance=133.11300223569788, efficiency=41.79047016694368)"
[112   3],200,112,3,200,24.192,3.6263688434969197,4.496213348185748,1511.7494489339854,5255.771133531299,0.023164877126351673,6.048,5.334669371408048,480.2120046398857,"ScoreBreakdown(accel=100.0, skidpad=75.0, autocross=60.82913128470655, endurance=199.43284055977543, efficiency=44.95003279540373)"
[112   3],205,112,3,205,24.192,3.6441452916822072,4.376067036852291,1524.7377632713526,5242.806396469891,0.02560403471745832,6.048,5.322212002074073,470.6221090243435,"ScoreBreakdown(accel=100.0, skidpad=75.0, autocross=58.12315780977286, endurance=193.21451306781773, efficiency=44.28443814675289)"
[112   3],210,112,3,210,24.192,3.6511095024580413,4.4288669578696584,1522.879595034074,5240.134556732203,0.02636208402556928,6.048,5.319191651463867,472.07825742513114,"ScoreBreakdown(accel=100.0, skidpad=75.0, autocross=58.5074574943147, endurance=194.09763380631486, efficiency=44.47316612450155)"
[112   3],215,112,3,215,24.192,3.637075262504169,4.481046804910079,1530.539023435453,5231.640733832759,0.02796040167768707,6.048,5.311809083340236,466.5035079389337,"ScoreBreakdown(accel=100.0, skidpad=75.0, autocross=56.92936626475749, endurance=190.4711799003639, efficiency=44.10296177381228)"
[112   3],220,112,3,220,24.192,3.6619219016776015,4.532621511412529,1542.961141744006,5219.478505517619,0.03074945982932332,6.048,5.300148657223007,457.5477558367731,"ScoreBreakdown(accel=100.0, skidpad=75.0, autocross=54.40331601645834, endurance=184.66631601290416, efficiency=43.47812380741054)"
[112   3],225,112,3,225,24.192,3.6815379399303936,4.422192708426152,1554.4918146142568,5202.489865653488,0.03464920693609135,6.048,5.282680748704864,449.48178415398314,"ScoreBreakdown(accel=100.0, skidpad=75.0, autocross=52.09467215281985, endurance=179.36105203327318, efficiency=43.02605996789015)"
[112   3],230,112,3,230,24.192,3.692103880388501,4.470852429020283,1552.6287698347148,5201.616922747519,0.035307779560127095,6.048,5.280657713674015,450.85177823099394,"ScoreBreakdown(accel=100.0, skidpad=75.0, autocross=52.465363923484745, endurance=180.21290178343534, efficiency=43.173512524073836)"
[112   3],235,112,3,235,24.192,3.680992183321891,4.518984356243578,1561.5964759510396,5191.703988526333,0.03789381960517884,6.048,5.270171474088929,444.57894686431024,"ScoreBreakdown(accel=100.0, skidpad=75.0, autocross=50.68916894489914, endurance=176.1312054295244, efficiency=42.75857248988674)"
[112   3],240,112,3,240,24.192,3.707720844568186,4.56660959939957,1573.4750283947162,5178.164186842638,0.04094472744522538,6.048,5.2571195981712275,436.38973856174755,"ScoreBreakdown(accel=100.0, skidpad=75.0, autocross=48.36760545961805, endurance=170.7962521572266, efficiency=42.22588094490291)"
[112   3],245,112,3,245,24.192,3.7300323602843406,4.464215027810155,1582.8200429962067,5163.001317508338,0.04477652462827474,6.048,5.240641898022058,430.12770542386943,"ScoreBreakdown(accel=100.0, skidpad=75.0, autocross=46.56569042699709, endurance=166.65545111489783, efficiency=41.906563881974535)"
[112   3],250,112,3,250,24.192,3.744515743492414,4.509360168975846,1582.296562945525,5160.420806850763,0.04594746927676441,6.048,5.236799906626971,430.5473929663558,"ScoreBreakdown(accel=100.0, skidpad=75.0, autocross=46.66606562849481, endurance=166.88611334450425, efficiency=41.99521399335676)"
[112   3],255,112,3,255,24.192,3.736249422103384,4.554058482861819,1596.2579204358985,5144.827073106371,0.049984992764271964,6.048,5.219995340790378,421.17985752178504,"ScoreBreakdown(accel=100.0, skidpad=75.0, autocross=44.01156753468901, endurance=160.78607628687297, efficiency=41.38221370022309)"
[112   3],260,112,3,260,24.192,3.7685683556247653,4.5983204147764525,1606.0014231521154,5135.900047122464,0.05245889805491597,6.048,5.210706364956749,414.6997236224109,"ScoreBreakdown(accel=100.0, skidpad=75.0, autocross=42.18636173691685, endurance=156.59175306238325, efficiency=40.921608823110766)"
[112   3],265,112,3,265,24.192,3.800431217339053,4.642160207225828,1611.1089387428995,5130.363374143308,0.05416208394899317,6.048,5.204020253233544,411.3520399788653,"ScoreBreakdown(accel=100.0, skidpad=75.0, autocross=41.23841357661769, endurance=154.41336803357825, efficiency=40.70025836866938)"
[112   3],270,112,3,270,24.192,3.82946872142071,4.545210326813304,1627.703702602089,5115.04029328155,0.057727896280852925,6.048,5.188300829198423,399.9336439873035,"ScoreBreakdown(accel=99.36641637168582, skidpad=75.0, autocross=38.199512672749734, endurance=147.42997325498706, efficiency=39.937741687880916)"
[112   3],275,112,3,275,24.192,3.8508227503561585,4.586949823898507,1622.8268751981236,5117.637744592819,0.057727654428746604,6.048,5.189129705201125,401.53382854573647,"ScoreBreakdown(accel=97.7811967647046, skidpad=75.0, autocross=39.0861286700949, endurance=149.46741696320245, efficiency=40.199086147734526)"
[112   3],280,112,3,280,24.192,3.8782795667071923,4.628315144971793,1630.312845893625,5111.728548360278,0.05927224806938112,6.048,5.1830121154011,394.6787633904308,"ScoreBreakdown(accel=95.76858873133177, skidpad=75.0, autocross=37.727343804744734, endurance=146.34492911839078, efficiency=39.83790173596349)"
[112   3],285,112,3,285,24.192,3.906724326227902,4.669313121469187,1633.929207757346,5109.713307566852,0.060049299638976976,6.048,5.17996101716453,390.28309350594503,"ScoreBreakdown(accel=93.71339838354871, skidpad=75.0, autocross=37.07539511914896, endurance=144.8467509313021, efficiency=39.64754907194524)"
[112   3],290,112,3,290,24.192,3.935079819301123,4.579187861615182,1647.9672425584695,5098.35538657332,0.06301321195418805,6.048,5.16804324437862,379.34815110898586,"ScoreBreakdown(accel=91.69422991893049, skidpad=75.0, autocross=34.57176467564305, endurance=139.09340775895743, efficiency=38.98874875545489)"
[112   3],295,112,3,295,24.192,3.9633417441227863,4.61836203910029,1644.1160124985502,5099.357557128299,0.06344198331330286,6.048,5.1678562635606555,379.83819562113166,"ScoreBreakdown(accel=89.7104735538761, skidpad=75.0, autocross=35.254361320000484, endurance=140.66201496033813, efficiency=39.2113457869169)"
[112   3],300,112,3,300,24.192,3.9915058253446176,4.65720733660217,1650.8874110619715,5095.241054844311,0.06495508946183925,6.048,5.1628636139726,373.5952745685796,"ScoreBreakdown(accel=87.76153133710751, skidpad=75.0, autocross=34.056313419994765, endurance=137.90890068841406, efficiency=38.868529123063276)"
[116   3],200,116,3,200,25.055999999999997,3.6263688434969197,4.496213348185748,1497.3087276273777,5465.018817445359,0.019012597586366076,6.264,5.549156902567402,487.13282847069075,"ScoreBreakdown(accel=100.0, skidpad=75.0, autocross=63.892811497395925, endurance=206.47317819412766, efficiency=41.76683877916714)"
[116   3],205,116,3,205,25.055999999999997,3.6441452916822072,4.376067036852291,1510.30574308107,5455.131606511238,0.020902104616034006,6.264,5.538919608772444,477.304923351938,"ScoreBreakdown(accel=100.0, skidpad=75.0, autocross=61.132785800702095, endurance=200.13063868764465, efficiency=41.041498863591244)"
[116   3],210,116,3,210,25.055999999999997,3.6511095024580413,4.4288669578696584,1509.0608815652363,5452.143199795319,0.02194446291395064,6.264,5.534596913532601,478.3153064953529,"ScoreBreakdown(accel=100.0, skidpad=75.0, autocross=61.39508388945669, endurance=200.73339973888918, efficiency=41.18682286700702)"
[116   3],215,116,3,215,25.055999999999997,3.637075262504169,4.481046804910079,1516.6544260830076,5445.078970400605,0.02320730904951465,6.264,5.52821914858764,472.6669051675253,"ScoreBreakdown(accel=100.0, skidpad=75.0, autocross=59.80178642403335, endurance=197.07200190040828, efficiency=40.793116843083645)"
[116   3],220,116,3,220,25.055999999999997,3.6619219016776015,4.532621511412529,1528.9831402231732,5434.456706324277,0.02568205072571887,6.264,5.517411540523375,463.6001704583336,"ScoreBreakdown(accel=100.0, skidpad=75.0, autocross=57.24864912936323, endurance=191.20489197591814, efficiency=40.1466293530522)"
[116   3],225,116,3,225,25.055999999999997,3.6815379399303936,4.422192708426152,1541.322683023508,5416.139937113142,0.029621891556081557,6.264,5.498622867039632,454.81946586478847,"ScoreBreakdown(accel=100.0, skidpad=75.0, autocross=54.734167179477204, endurance=185.42661204012126, efficiency=39.65868664519003)"
[116   3],230,116,3,230,25.055999999999997,3.692103880388501,4.470852429020283,1540.2082940429796,5412.30543315952,0.030799249701318577,6.264,5.4939133441349695,455.71251909545964,"ScoreBreakdown(accel=100.0, skidpad=75.0, autocross=54.95959603257786, endurance=185.94464758174863, efficiency=39.808275481133194)"
[116   3],235,116,3,235,25.055999999999997,3.680992183321891,4.518984356243578,1549.9318182674717,5397.512308498517,0.03419336964926789,6.264,5.478956739554133,448.8902722523237,"ScoreBreakdown(accel=100.0, skidpad=75.0, autocross=53.003557666255595, endurance=181.44967109313973, efficiency=39.43704349292838)"
[116   3],240,116,3,240,25.055999999999997,3.707720844568186,4.56660959939957,1562.7289463360748,5379.484754433486,0.038197163373924606,6.264,5.460957957165331,440.0154798664123,"ScoreBreakdown(accel=100.0, skidpad=75.0, autocross=50.4663151177024, endurance=175.61908729784943, efficiency=38.930077450860516)"
[116   3],245,116,3,245,25.055999999999997,3.7300323602843406,4.464215027810155,1573.0397671233718,5359.011424941581,0.043066556158971946,6.264,5.439149888292313,433.08631404297006,"ScoreBreakdown(accel=100.0, skidpad=75.0, autocross=48.452054785954914, endurance=170.990316723085, efficiency=38.643942533930144)"
[116   3],250,116,3,250,25.055999999999997,3.744515743492414,4.509360168975846,1573.1750622222312,5352.626550612459,0.045300013880149106,6.264,5.430902770940349,433.1141722029239,"ScoreBreakdown(accel=100.0, skidpad=75.0, autocross=48.425799846019885, endurance=170.9299828667815, efficiency=38.75838949012254)"
[116   3],255,116,3,255,25.055999999999997,3.736249422103384,4.554058482861819,1587.850501856134,5330.6477606113,0.05046475719594468,6.264,5.408691732242819,423.275601440971,"ScoreBreakdown(accel=100.0, skidpad=75.0, autocross=45.60449395076438, endurance=164.44662145389105, efficiency=38.22448603631555)"
[116   3],260,116,3,260,25.055999999999997,3.7685683556247653,4.5983204147764525,1597.81868662956,5316.757512208309,0.05412768015703931,6.264,5.394308947083851,416.6778261206525,"ScoreBreakdown(accel=100.0, skidpad=75.0, autocross=43.71769905340296, endurance=160.11076646838126, efficiency=37.84936059886831)"
[116   3],265,116,3,265,25.055999999999997,3.800431217339053,4.642160207225828,1602.6361763477366,5308.586657428723,0.05658118766987777,6.264,5.384977814416311,413.54725900949984,"ScoreBreakdown(accel=100.0, skidpad=75.0, autocross=42.81424914401049, endurance=158.03463842750324, efficiency=37.69837143798609)"
[116   3],270,116,3,270,25.055999999999997,3.82946872142071,4.545210326813304,1618.0575752764457,5290.421842258553,0.06125611211656398,6.264,5.365800647116332,402.86687015961763,"ScoreBreakdown(accel=99.36641637168582, skidpad=75.0, autocross=39.95836504074127, endurance=151.47181628689077, efficiency=37.07027246029974)"
[116   3],275,116,3,275,25.055999999999997,3.8508227503561585,4.586949823898507,1613.4233480366386,5292.055359047497,0.06154831245696257,6.264,5.365651200583301,404.3540832509134,"ScoreBreakdown(accel=97.7811967647046, skidpad=75.0, autocross=40.81083824613238, endurance=153.4307998535613, efficiency=37.331248386515114)"
[116   3],280,116,3,280,25.055999999999997,3.8782795667071923,4.628315144971793,1619.8653928051183,5287.18832909928,0.06321644471192572,6.264,5.359966972241575,398.12521100445525,"ScoreBreakdown(accel=95.76858873133177, skidpad=75.0, autocross=39.62713675654655, endurance=150.71065363514958, efficiency=37.01883188142737)"
[116   3],285,116,3,285,25.055999999999997,3.906724326227902,4.669313121469187,1623.1610950683785,5285.56372968382,0.06396852417204352,6.264,5.357567313702704,393.90938046910014,"ScoreBreakdown(accel=93.71339838354871, skidpad=75.0, autocross=39.02519684730962, endurance=149.32739562438633, efficiency=36.84338961385547)"
[116   3],290,116,3,290,25.055999999999997,3.935079819301123,4.579187861615182,1636.302515961328,5275.162670218851,0.0668035778069167,6.264,5.3466885332538725,383.4365685894924,"ScoreBreakdown(accel=91.69422991893049, skidpad=75.0, autocross=36.649107198881126, endurance=143.8671412201773, efficiency=36.22609025150353)"
[116   3],295,116,3,295,25.055999999999997,3.9633417441227863,4.61836203910029,1632.4535595101995,5276.571426403651,0.06726415082605146,6.264,5.346659398569018,383.94600069032987,"ScoreBreakdown(accel=89.7104735538761, skidpad=75.0, autocross=37.34107244726363, endurance=145.45727747515372, efficiency=36.43717721403641)"
[116   3],300,116,3,300,25.055999999999997,3.9915058253446176,4.65720733660217,1638.9206192998395,5274.159567188407,0.06837248664308387,6.264,5.34328367635463,377.8155329549159,"ScoreBreakdown(accel=87.76153133710751, skidpad=75.0, autocross=36.180281956033085, endurance=142.7897807347434, efficiency=36.08393892703195)"
[120   3],200,120,3,200,25.919999999999995,3.6263688434969197,4.496213348185748,1483.2788583925164,5667.444606814028,0.017153574116061047,6.48,5.756199130954209,494.30444034369003,"ScoreBreakdown(accel=100.0, skidpad=75.0, autocross=66.92645945018401, endurance=213.4445016902703, efficiency=38.933479203235734)"
[120   3],205,120,3,205,25.919999999999995,3.6441452916822072,4.376067036852291,1496.119227193156,5662.332983708214,0.017779187573754858,6.48,5.750927067058017,484.3432695940054,"ScoreBreakdown(accel=100.0, skidpad=75.0, autocross=64.14780714320295, endurance=207.05915823027357, efficiency=38.136304220528885)"
[120   3],210,120,3,210,25.919999999999995,3.6511095024580413,4.4288669578696584,1495.252343227416,5660.615730001291,0.018443110101659835,6.48,5.747737745886834,485.04789128288877,"ScoreBreakdown(accel=100.0, skidpad=75.0, autocross=64.33389841083705, endurance=207.48679599400688, efficiency=38.22719687804482)"
[120   3],215,120,3,215,25.919999999999995,3.637075262504169,4.481046804910079,1502.9164574168067,5654.70407222447,0.019262863806975193,6.48,5.742914965346884,479.2283742233093,"ScoreBreakdown(accel=100.0, skidpad=75.0, autocross=62.696107883073125, endurance=203.72315309092465, efficiency=37.8091132493115)"
[120   3],220,120,3,220,25.919999999999995,3.6619219016776015,4.532621511412529,1514.7344193434992,5648.6769450009515,0.020561601341967158,6.48,5.736879754133314,470.3148714840438,"ScoreBreakdown(accel=100.0, skidpad=75.0, autocross=60.20313834166042, endurance=197.9943086733494, efficiency=37.117424469034034)"
[120   3],225,120,3,225,25.919999999999995,3.6815379399303936,4.422192708426152,1527.234571402536,5634.8923679661,0.023472867137083835,6.48,5.722284762558993,461.17023308040956,"ScoreBreakdown(accel=100.0, skidpad=75.0, autocross=57.60824939767946, endurance=192.03125345185293, efficiency=36.53073023087719)"
[120   3],230,120,3,230,25.919999999999995,3.692103880388501,4.470852429020283,1526.4923934356425,5630.2161720805,0.024788229516814187,6.48,5.716495457550881,461.8078562956632,"ScoreBreakdown(accel=100.0, skidpad=75.0, autocross=57.76113035246281, endurance=192.38257391117477, efficiency=36.66415203202562)"
[120   3],235,120,3,235,25.919999999999995,3.680992183321891,4.518984356243578,1536.3551475155532,5614.869926442138,0.0280122951575016,6.48,5.701213522007499,454.7716428019188,"ScoreBreakdown(accel=100.0, skidpad=75.0, autocross=55.74156616819731, endurance=187.74161508244865, efficiency=36.288461551272775)"
[120   3],240,120,3,240,25.919999999999995,3.707720844568186,4.56660959939957,1549.7268870058795,5594.18808077333,0.03226466738004241,6.48,5.680869409490246,445.3752561470053,"ScoreBreakdown(accel=100.0, skidpad=75.0, autocross=53.044529572655854, endurance=181.54382454080897, efficiency=35.786902033540514)"
[120   3],245,120,3,245,25.919999999999995,3.7300323602843406,4.464215027810155,1561.5018514453707,5568.531838051281,0.03777875869175962,6.48,5.654617697465054,437.3702811618979,"ScoreBreakdown(accel=100.0, skidpad=75.0, autocross=50.70780431490085, endurance=176.17402951286388, efficiency=35.488447334133156)"
[120   3],250,120,3,250,25.919999999999995,3.744515743492414,4.509360168975846,1562.9847953981337,5557.519143458518,0.04089883315680714,6.48,5.641480545242269,436.5113039149609,"ScoreBreakdown(accel=100.0, skidpad=75.0, autocross=50.41601243589858, endurance=175.50349172676275, efficiency=35.59179975229955)"
[120   3],255,120,3,255,25.919999999999995,3.736249422103384,4.554058482861819,1578.8215684666266,5530.815647607538,0.047170719953051186,6.48,5.613015795976731,425.8200778462057,"ScoreBreakdown(accel=100.0, skidpad=75.0, autocross=47.33406938319752, endurance=168.42118608305023, efficiency=35.06482237995801)"
[120   3],260,120,3,260,25.919999999999995,3.7685683556247653,4.5983204147764525,1590.4763447096066,5509.258958089718,0.05226816903811076,6.48,5.590994459429863,418.12540118980587,"ScoreBreakdown(accel=100.0, skidpad=75.0, autocross=45.10517548555404, endurance=163.2991875384364, efficiency=34.72103816581544)"
[120   3],265,120,3,265,25.919999999999995,3.800431217339053,4.642160207225828,1595.9680603329498,5496.134686070817,0.05585668686117615,6.48,5.576157698252501,414.59329888965465,"ScoreBreakdown(accel=100.0, skidpad=75.0, autocross=44.066207057937966, endurance=160.91163792031614, efficiency=34.61545391140052)"
[120   3],270,120,3,270,25.919999999999995,3.82946872142071,4.545210326813304,1610.535181218203,5473.736803563385,0.06168027809788902,6.48,5.552019230221215,404.48795364170763,"ScoreBreakdown(accel=99.36641637168582, skidpad=75.0, autocross=41.344602444568864, endurance=154.65739006965393, efficiency=34.11954475579906)"
[120   3],275,120,3,275,25.919999999999995,3.8508227503561585,4.586949823898507,1606.2270606004836,5474.187266497565,0.06228590062857446,6.48,5.5506526328381085,405.79738496602505,"ScoreBreakdown(accel=97.7811967647046, skidpad=75.0, autocross=42.144356442234326, endurance=156.49522488827085, efficiency=34.37660687081527)"
[120   3],280,120,3,280,25.919999999999995,3.8782795667071923,4.628315144971793,1612.6884718276426,5465.337854521036,0.06484467426344079,6.48,5.541031501656852,399.59681191894487,"ScoreBreakdown(accel=95.76858873133177, skidpad=75.0, autocross=40.946469909817694, endurance=153.742481439093, efficiency=34.139271838702435)"
[120   3],285,120,3,285,25.919999999999995,3.906724326227902,4.669313121469187,1615.7271275319717,5462.40227073762,0.06611940906599575,6.48,5.536735002096936,395.5617000642418,"ScoreBreakdown(accel=93.71339838354871, skidpad=75.0, autocross=40.386443230596825, endurance=152.45554003782362, efficiency=34.006318412272634)"
[120   3],290,120,3,290,25.919999999999995,3.935079819301123,4.579187861615182,1627.9282047194147,5451.089404184591,0.0693247462775708,6.48,5.525028528719459,385.6590219750012,"ScoreBreakdown(accel=91.69422991893049, skidpad=75.0, autocross=38.15882568273571, endurance=147.33647454522034, efficiency=33.469491828114656)"
[120   3],295,120,3,295,25.919999999999995,3.9633417441227863,4.61836203910029,1623.7742576886392,5453.161851676672,0.07007585866460388,6.48,5.52443006625754,386.3779767454594,"ScoreBreakdown(accel=89.7104735538761, skidpad=75.0, autocross=38.91347602729224, endurance=149.07066116154954, efficiency=33.68336600274152)"
[120   3],300,120,3,300,25.919999999999995,3.9915058253446176,4.65720733660217,1629.5154788744403,5451.32833681021,0.07141772194577888,6.48,5.520921528845975,380.6786698222588,"ScoreBreakdown(accel=87.76153133710751, skidpad=75.0, autocross=37.87148049576952, endurance=146.67615525815222, efficiency=33.36950273122963)"
[124   3],200,124,3,200,26.784,3.6263688434969197,4.496213348185748,1475.1277655546621,5821.617624369017,0.0257790512740044,6.696,5.914172610872791,498.0161523289019,"ScoreBreakdown(accel=100.0, skidpad=75.0, autocross=68.71545440354706, endurance=217.5556123883321, efficiency=36.74508553702275)"
[124   3],205,124,3,205,26.784,3.6441452916822072,4.376067036852291,1483.6270445608486,5849.017503222015,0.020092442849818263,6.696,5.941796189263753,490.81113701030864,"ScoreBreakdown(accel=100.0, skidpad=75.0, autocross=66.85047763108571, endurance=213.26989545744306, efficiency=35.69076392177988)"
[124   3],210,124,3,210,26.784,3.6511095024580413,4.4288669578696584,1481.2376036698465,5861.521517645869,0.01797132348297759,6.696,5.95269261500415,492.48058448952423,"ScoreBreakdown(accel=100.0, skidpad=75.0, autocross=67.37262433581253, endurance=214.46978867107418, efficiency=35.638171482637496)"
[124   3],215,124,3,215,26.784,3.637075262504169,4.481046804910079,1488.2261075023218,5859.494226885421,0.01789921397049058,6.696,5.951727308546606,487.02271908486125,"ScoreBreakdown(accel=100.0, skidpad=75.0, autocross=65.85019802823706, endurance=210.97125276502334, efficiency=35.20126829160083)"
[124   3],220,124,3,220,26.784,3.6619219016776015,4.532621511412529,1499.3430512629327,5859.088789935825,0.01782030936689399,6.696,5.95174230812354,478.3977499991363,"ScoreBreakdown(accel=100.0, skidpad=75.0, autocross=63.45764705893075, endurance=205.4731702427204, efficiency=34.46693269748514)"
[124   3],225,124,3,225,26.784,3.6815379399303936,4.422192708426152,1511.3638477215814,5855.161832493804,0.018351014895057166,6.696,5.948013473322016,469.2729708329457,"ScoreBreakdown(accel=100.0, skidpad=75.0, autocross=60.91017797090095, endurance=199.61908585802533, efficiency=33.74370700401944)"
[124   3],230,124,3,230,26.784,3.692103880388501,4.470852429020283,1510.9147030765778,5853.533896666811,0.01903460441037811,6.696,5.944775626692952,469.6411697445393,"ScoreBreakdown(accel=100.0, skidpad=75.0, autocross=61.00463253957806, endurance=199.83614247243284, efficiency=33.80039473252836)"
[124   3],235,124,3,235,26.784,3.680992183321891,4.518984356243578,1519.997783625818,5843.414494895326,0.02069275427757139,6.696,5.9356143331306885,462.9579172255202,"ScoreBreakdown(accel=100.0, skidpad=75.0, autocross=59.10532197693772, endurance=195.47152648604668, efficiency=33.38106876253579)"
[124   3],240,124,3,240,26.784,3.707720844568186,4.56660959939957,1532.7552432634013,5827.639057276458,0.023408216863748926,6.696,5.921596675839654,453.73198770791606,"ScoreBreakdown(accel=100.0, skidpad=75.0, autocross=56.475694930618474, endurance=189.4286430996441, efficiency=32.82764967765346)"
[124   3],245,124,3,245,26.784,3.7300323602843406,4.464215027810155,1543.9929019272238,5805.832655715157,0.027745834442753182,6.696,5.899438432459966,445.86493610017106,"ScoreBreakdown(accel=100.0, skidpad=75.0, autocross=54.195334760873266, endurance=184.18837505324709, efficiency=32.48122628605068)"
[124   3],250,124,3,250,26.784,3.744515743492414,4.509360168975846,1546.5592389692945,5791.489011557406,0.031466400505231654,6.696,5.881795990225014,444.24186312835127,"ScoreBreakdown(accel=100.0, skidpad=75.0, autocross=53.67921848678339, endurance=183.00233977021526, efficiency=32.560304871352635)"
[124   3],255,124,3,255,26.784,3.736249422103384,4.554058482861819,1563.6488350789805,5761.608562306394,0.037906953717074976,6.696,5.850644494486631,432.4850132638316,"ScoreBreakdown(accel=100.0, skidpad=75.0, autocross=50.28553188749927, endurance=175.20364740500835, efficiency=31.995833971323997)"
[124   3],260,124,3,260,26.784,3.7685683556247653,4.5983204147764525,1577.0607245874994,5732.6184329343205,0.044216332530323484,6.696,5.820669535167195,423.5334104262935,"ScoreBreakdown(accel=100.0, skidpad=75.0, autocross=47.67368300805875, endurance=169.2016182490269, efficiency=31.658109169207865)"
[124   3],265,124,3,265,26.784,3.800431217339053,4.642160207225828,1585.1912493502196,5709.827479563382,0.049497194940650406,6.696,5.795948204657566,418.2708326889533,"ScoreBreakdown(accel=100.0, skidpad=75.0, autocross=46.1118513755661, endurance=165.6125288998134, efficiency=31.54645241357378)"
[124   3],270,124,3,270,26.784,3.82946872142071,4.545210326813304,1602.88648796548,5676.781128570039,0.057273293625210324,6.696,5.759884733470351,406.09866139428397,"ScoreBreakdown(accel=99.36641637168582, skidpad=75.0, autocross=42.767455268283165, endurance=157.92710609335964, efficiency=31.037683660955317)"
[124   3],275,124,3,275,26.784,3.8508227503561585,4.586949823898507,1598.9086740066796,5675.473668268934,0.05828588317913169,6.696,5.756690005287297,407.2320909906432,"ScoreBreakdown(accel=97.7811967647046, skidpad=75.0, autocross=43.51281128413417, endurance=159.6399343407894, efficiency=31.29814860101506)"
[124   3],280,124,3,280,26.784,3.8782795667071923,4.628315144971793,1605.8059233445072,5661.141478490003,0.06177640961712271,6.696,5.7422037019448,400.79446068123355,"ScoreBreakdown(accel=95.76858873133177, skidpad=75.0, autocross=42.22276606947494, endurance=156.67541022460958, efficiency=31.127695655817252)"
[124   3],285,124,3,285,26.784,3.906724326227902,4.669313121469187,1608.8174092820295,5654.7395610132035,0.06399274912744522,6.696,5.733306668568106,396.8219382954426,"ScoreBreakdown(accel=93.71339838354871, skidpad=75.0, autocross=41.66297399320464, endurance=155.3890079409593, efficiency=31.05655797772995)"
[124   3],290,124,3,290,26.784,3.935079819301123,4.579187861615182,1620.9429410208334,5638.389149788251,0.06847507048088984,6.696,5.715418012509631,386.99761123416323,"ScoreBreakdown(accel=91.69422991893049, skidpad=75.0, autocross=39.43005983144874, endurance=150.2577708287517, efficiency=30.61555065503232)"
[124   3],295,124,3,295,26.784,3.9633417441227863,4.61836203910029,1617.00722260264,5635.437033313417,0.0700734223306908,6.696,5.711128438357014,387.67425029521945,"ScoreBreakdown(accel=89.7104735538761, skidpad=75.0, autocross=40.15115079308239, endurance=151.91483797758568, efficiency=30.89778797067525)"
[124   3],300,124,3,300,26.784,3.9915058253446176,4.65720733660217,1622.536157770046,5628.959777623752,0.07226701183165996,6.696,5.704109726941276,382.1714547556263,"ScoreBreakdown(accel=87.76153133710751, skidpad=75.0, autocross=39.139149950699206, endurance=149.5892598747811, efficiency=30.681513593038503)"
[128   3],200,128,3,200,27.647999999999996,3.6263688434969197,4.496213348185748,1471.7952773965033,5934.541187166463,0.04147389509594462,6.912,6.032284714586432,498.7410908536156,"ScoreBreakdown(accel=100.0, skidpad=75.0, autocross=69.45257287151443, endurance=219.24951074936595, efficiency=35.03900723273525)"
[128   3],205,128,3,205,27.647999999999996,3.6441452916822072,4.376067036852291,1480.1591396431254,5965.343947660676,0.035431150470161675,6.912,6.062717181711451,491.5840849199366,"ScoreBreakdown(accel=100.0, skidpad=75.0, autocross=67.60884519425295, endurance=215.01262424275308, efficiency=33.96261548293059)"
[128   3],210,128,3,210,27.647999999999996,3.6511095024580413,4.4288669578696584,1476.5414182905245,5987.58085806391,0.0314905088666531,6.912,6.083853564979858,494.0800908170376,"ScoreBreakdown(accel=100.0, skidpad=75.0, autocross=68.40377135237077, endurance=216.83936468529268, efficiency=33.836954779374125)"
[128   3],215,128,3,215,27.647999999999996,3.637075262504169,4.481046804910079,1481.4199725849169,6004.237439488143,0.02815255214365933,6.912,6.100920839336107,489.95039631138167,"ScoreBreakdown(accel=100.0, skidpad=75.0, autocross=67.33271324385102, endurance=214.37807297516017, efficiency=33.23961009237047)"
[128   3],220,128,3,220,27.647999999999996,3.6619219016776015,4.532621511412529,1489.3069408017327,6027.702984343373,0.02373650705684242,6.912,6.124679778564809,483.39022302381096,"ScoreBreakdown(accel=100.0, skidpad=75.0, autocross=65.61601721814876, endurance=210.4331052247941, efficiency=32.341100580868094)"
[128   3],225,128,3,225,27.647999999999996,3.6815379399303936,4.422192708426152,1497.6301632148027,6051.272316926685,0.019052399237558425,6.912,6.148937222081915,476.5642713486796,"ScoreBreakdown(accel=100.0, skidpad=75.0, autocross=63.82397421079583, endurance=206.31499009816045, efficiency=31.42530703972337)"
[128   3],230,128,3,230,27.647999999999996,3.692103880388501,4.470852429020283,1496.0448235371132,6058.2611229596405,0.018156958192641137,6.912,6.153797225465123,477.6757691825352,"ScoreBreakdown(accel=100.0, skidpad=75.0, autocross=64.16377068252785, endurance=207.09584244627635, efficiency=31.41615605373104)"
[128   3],235,128,3,235,27.647999999999996,3.680992183321891,4.518984356243578,1503.8198216129376,6057.753048612018,0.017783850799077128,6.912,6.154518800086557,471.71313504407885,"ScoreBreakdown(accel=100.0, skidpad=75.0, autocross=62.50416237693195, endurance=203.28206228613587, efficiency=30.926910381011012)"
[128   3],240,128,3,240,27.647999999999996,3.707720844568186,4.56660959939957,1515.2892586015898,6054.13037566683,0.01787648536070189,6.912,6.1534602252091615,463.0740284324697,"ScoreBreakdown(accel=100.0, skidpad=75.0, autocross=60.087052069858984, endurance=197.72754240159222, efficiency=30.25943396101851)"
[128   3],245,128,3,245,27.647999999999996,3.7300323602843406,4.464215027810155,1525.1586128378,6049.187031037908,0.018565100002038516,6.912,6.149365144509317,455.7727266196588,"ScoreBreakdown(accel=100.0, skidpad=75.0, autocross=58.03624927342018, endurance=193.014797236937, efficiency=29.721680109301584)"
[128   3],250,128,3,250,27.647999999999996,3.744515743492414,4.509360168975846,1526.144891899039,6046.815211705639,0.019762321683093272,6.912,6.143753292050037,455.0776047584766,"ScoreBreakdown(accel=100.0, skidpad=75.0, autocross=57.832763170629754, endurance=192.5471861391436, efficiency=29.697655448703273)"
[128   3],255,128,3,255,27.647999999999996,3.736249422103384,4.554058482861819,1540.6454265322704,6031.736441427492,0.022957478589797103,6.912,6.127685710301242,444.6549841159668,"ScoreBreakdown(accel=100.0, skidpad=75.0, autocross=54.87112997996788, endurance=185.74135257825137, efficiency=29.042501557747524)"
[128   3],260,128,3,260,27.647999999999996,3.7685683556247653,4.5983204147764525,1552.4049748722116,6009.626872851976,0.027598412287358803,6.912,6.104206443836156,436.4997307823529,"ScoreBreakdown(accel=100.0, skidpad=75.0, autocross=52.50995247574734, endurance=180.3153662838933, efficiency=28.674412022712247)"
[128   3],265,128,3,265,27.647999999999996,3.800431217339053,4.642160207225828,1561.5691722576319,5985.787207413644,0.03287089443967109,6.912,6.077502459587754,430.3341216709765,"ScoreBreakdown(accel=100.0, skidpad=75.0, autocross=50.69454590819176, endurance=176.1435616920583, efficiency=28.496014070726478)"
[128   3],270,128,3,270,27.647999999999996,3.82946872142071,4.545210326813304,1582.42226013446,5943.907640451575,0.04147284892197606,6.912,6.03355627726719,415.754552937901,"ScoreBreakdown(accel=99.36641637168582, skidpad=75.0, autocross=46.641957637692315, endurance=166.8307131776617, efficiency=27.915465750861163)"
[128   3],275,128,3,275,27.647999999999996,3.8508227503561585,4.586949823898507,1579.751447932171,5939.182615011602,0.04310615901603321,6.912,6.026653647370569,416.0919913769197,"ScoreBreakdown(accel=97.7811967647046, skidpad=75.0, autocross=47.1550291789652, endurance=168.00975166417768, efficiency=28.14601376907224)"
[128   3],280,128,3,280,27.647999999999996,3.8782795667071923,4.628315144971793,1589.5150600649852,5916.777011146575,0.047857900288378455,6.912,6.0033640258853405,407.7001549110872,"ScoreBreakdown(accel=95.76858873133177, skidpad=75.0, autocross=45.28777762594248, endurance=163.71880728718344, efficiency=27.924981266629494)"
[128   3],285,128,3,285,27.647999999999996,3.906724326227902,4.669313121469187,1595.707996258376,5899.293706032546,0.05169940370299638,6.912,5.984396579712962,401.6918610967067,"ScoreBreakdown(accel=93.71339838354871, skidpad=75.0, autocross=44.11524683256781, endurance=161.0243313305085, efficiency=27.838884550081726)"
[128   3],290,128,3,290,27.647999999999996,3.935079819301123,4.579187861615182,1610.161389895301,5872.381684798587,0.05800045872268293,6.912,5.955503569406687,390.3527286200625,"ScoreBreakdown(accel=91.69422991893049, skidpad=75.0, autocross=41.41382303684865, endurance=154.81645900213618, efficiency=27.428216662147168)"
[128   3],295,128,3,295,27.647999999999996,3.9633417441227863,4.61836203910029,1607.0491702634467,5861.5817816664,0.06102813728877711,6.912,5.943479414013187,390.62258875999066,"ScoreBreakdown(accel=89.7104735538761, skidpad=75.0, autocross=41.99141000330581, endurance=156.1437539463726, efficiency=27.77695125643612)"
[128   3],300,128,3,300,27.647999999999996,3.9915058253446176,4.65720733660217,1613.2697257468747,5846.134737496255,0.06507340766037346,6.912,5.926524173083571,384.76034412495306,"ScoreBreakdown(accel=87.76153133710751, skidpad=75.0, autocross=40.8391811688583, endurance=153.49593189466287, efficiency=27.663699724324392)"
[132   3],200,132,3,200,28.512,3.6263688434969197,4.496213348185748,1469.047598761965,6035.971170751793,0.05855278819109688,7.128,6.138900045733466,499.26019878460056,"ScoreBreakdown(accel=100.0, skidpad=75.0, autocross=70.06285181277241, endurance=220.65193185708966, efficiency=33.5454151147385)"
[132   3],205,132,3,205,28.512,3.6441452916822072,4.376067036852291,1477.3166461249,6071.080783696634,0.05201945271407833,7.128,6.172773294321408,492.11005412141304,"ScoreBreakdown(accel=100.0, skidpad=75.0, autocross=68.23310187742419, endurance=216.44716620370022, efficiency=32.42978604028867)"
[132   3],210,132,3,210,28.512,3.6511095024580413,4.4288669578696584,1473.6151770519862,6095.6640236116955,0.04766575946092972,7.128,6.196663329246824,494.654083488172,"ScoreBreakdown(accel=100.0, skidpad=75.0, autocross=69.04961311815526, endurance=218.32350916964725, efficiency=32.28096120036945)"
[132   3],215,132,3,215,28.512,3.637075262504169,4.481046804910079,1478.385009942361,6115.257090489589,0.04402028151628888,7.128,6.2158859554388926,490.56345834326106,"ScoreBreakdown(accel=100.0, skidpad=75.0, autocross=67.99819066328531, endurance=215.90734019484233, efficiency=31.657927485133424)"
[132   3],220,132,3,220,28.512,3.6619219016776015,4.532621511412529,1486.2339124653531,6139.211343776992,0.039416479058157865,7.128,6.241408389515853,484.0224260761274,"ScoreBreakdown(accel=100.0, skidpad=75.0, autocross=66.28273325993808, endurance=211.96521879885256, efficiency=30.774474017336736)"
[132   3],225,132,3,225,28.512,3.6815379399303936,4.422192708426152,1494.0351787308416,6168.078733742321,0.03405228250115979,7.128,6.270416982358454,477.514419584294,"ScoreBreakdown(accel=100.0, skidpad=75.0, autocross=64.59554777325314, endurance=208.08806627201827, efficiency=29.83080553902263)"
[132   3],230,132,3,230,28.512,3.692103880388501,4.470852429020283,1491.001396080652,6188.266529904515,0.030780290415143866,7.128,6.289037540696603,479.55463124474,"ScoreBreakdown(accel=100.0, skidpad=75.0, autocross=65.24956819559097, endurance=209.59100531048222, efficiency=29.714057738666824)"
[132   3],235,132,3,235,28.512,3.680992183321891,4.518984356243578,1495.686420425724,6212.960017476263,0.026057691112307782,7.128,6.314599708427705,475.55707720189906,"ScoreBreakdown(accel=100.0, skidpad=75.0, autocross=64.2406894532374, endurance=207.27260179406076, efficiency=29.04378595460088)"
[132   3],240,132,3,240,28.512,3.707720844568186,4.56660959939957,1504.446904423306,6231.886077306924,0.022297982821737942,7.128,6.335408921393165,468.5615398392912,"ScoreBreakdown(accel=100.0, skidpad=75.0, autocross=62.371056280813065, endurance=202.9761844552884, efficiency=28.214299103189703)"
[132   3],245,132,3,245,28.512,3.7300323602843406,4.464215027810155,1511.456861606507,6247.180152348441,0.019362149057577008,7.128,6.351325953696958,463.0212781134256,"ScoreBreakdown(accel=100.0, skidpad=75.0, autocross=60.89062428124763, endurance=199.57415147597504, efficiency=27.55650235620286)"
[132   3],250,132,3,250,28.512,3.744515743492414,4.509360168975846,1510.800427818532,6258.35691418112,0.0180335135184841,7.128,6.358982618089473,463.3517298314366,"ScoreBreakdown(accel=100.0, skidpad=75.0, autocross=61.02867344855458, endurance=199.8913884852283, efficiency=27.43166789765373)"
[132   3],255,132,3,255,28.512,3.736249422103384,4.554058482861819,1522.8346230556479,6261.695543975218,0.017523613110983407,7.128,6.362069498175444,454.29012177880674,"ScoreBreakdown(accel=100.0, skidpad=75.0, autocross=58.51677006117347, endurance=194.11903408649317, efficiency=26.654317631140113)"
[132   3],260,132,3,260,28.512,3.7685683556247653,4.5983204147764525,1531.6887335186598,6263.425004569548,0.017327996527154277,7.128,6.3634392610262225,447.724579127449,"ScoreBreakdown(accel=100.0, skidpad=75.0, autocross=56.693850959612305, endurance=189.92996569027366, efficiency=26.100762477563023)"
[132   3],265,132,3,265,28.512,3.800431217339053,4.642160207225828,1538.7018675851086,6260.858582887703,0.01825414562462732,7.128,6.358681687554238,442.63465863854026,"ScoreBreakdown(accel=100.0, skidpad=75.0, autocross=55.2648488746447, endurance=186.64611866319333, efficiency=25.72369110070222)"
[132   3],270,132,3,270,28.512,3.82946872142071,4.545210326813304,1555.6912435303998,6244.946853576402,0.021382936907200993,7.128,6.341517367244071,430.0001448301261,"ScoreBreakdown(accel=99.36641637168582, skidpad=75.0, autocross=51.85649045428072, endurance=178.81371045072362, efficiency=24.96352755343589)"
[132   3],275,132,3,275,28.512,3.8508227503561585,4.586949823898507,1552.9772277217767,6242.820232318244,0.022487840584477246,7.128,6.336914679620448,430.38153707530165,"ScoreBreakdown(accel=97.7811967647046, skidpad=75.0, autocross=52.3959633111685, endurance=180.05341916487967, efficiency=25.150957834548937)"
[132   3],280,132,3,280,28.512,3.8782795667071923,4.628315144971793,1561.440233097072,6227.041245493573,0.025686356930313754,7.128,6.320274914682622,422.58066985923966,"ScoreBreakdown(accel=95.76858873133177, skidpad=75.0, autocross=50.71994065962549, endurance=176.20191883504395, efficiency=24.890221633238472)"
[132   3],285,132,3,285,28.512,3.906724326227902,4.669313121469187,1568.702954734596,6210.228462728417,0.02923106164041962,7.128,6.301069828424348,415.6559776453351,"ScoreBreakdown(accel=93.71339838354871, skidpad=75.0, autocross=49.296042138252574, endurance=172.92979979794626, efficiency=24.716737325587548)"
[132   3],290,132,3,290,28.512,3.935079819301123,4.579187861615182,1586.2603189643835,6176.533460056444,0.035735460521263925,7.128,6.26722907589074,401.9543203368973,"ScoreBreakdown(accel=91.69422991893049, skidpad=75.0, autocross=45.90767965932411, endurance=165.14334226219526, efficiency=24.209068496447383)"
[132   3],295,132,3,295,28.512,3.9633417441227863,4.61836203910029,1586.1556479991439,6158.209522773222,0.03989830863090994,7.128,6.2471887113604385,400.30708426984734,"ScoreBreakdown(accel=89.7104735538761, skidpad=75.0, autocross=45.927657644515854, endurance=165.1892516754629, efficiency=24.479701395992485)"
[132   3],300,132,3,300,28.512,3.9915058253446176,4.65720733660217,1596.243133950355,6129.958138394627,0.04591001898608008,7.128,6.21669817062472,391.89279102142655,"ScoreBreakdown(accel=87.76153133710751, skidpad=75.0, autocross=44.01435435248813, endurance=160.79248039463533, efficiency=24.324424937195584)"
[136   3],200,136,3,200,29.375999999999998,3.6263688434969197,4.496213348185748,1467.0828738008095,6128.474885122958,0.07696427991771786,7.344,6.23347601946879,499.349770278752,"ScoreBreakdown(accel=100.0, skidpad=75.0, autocross=70.50063287213354, endurance=221.6579528037475, efficiency=32.191184602870976)"
[136   3],205,136,3,205,29.375999999999998,3.6441452916822072,4.376067036852291,1475.2862829772553,6164.544180492113,0.07013027069306693,7.344,6.2701738507964855,492.2436170840164,"ScoreBreakdown(accel=100.0, skidpad=75.0, autocross=68.68047464717311, endurance=217.47522890241208, efficiency=31.087913534431195)"
[136   3],210,136,3,210,29.375999999999998,3.6511095024580413,4.4288669578696584,1471.3396817872735,6191.517816279369,0.0654242562370792,7.344,6.296665081457001,494.96160605909483,"ScoreBreakdown(accel=100.0, skidpad=75.0, autocross=69.55360625494077, endurance=219.48168548115314, efficiency=30.926314323000973)"
[136   3],215,136,3,215,29.375999999999998,3.637075262504169,4.481046804910079,1475.982417457798,6212.947734690722,0.061533406985944394,7.344,6.317767830281326,490.945669135025,"ScoreBreakdown(accel=100.0, skidpad=75.0, autocross=68.52694884432628, endurance=217.1224265821341, efficiency=30.29629370856463)"
[136   3],220,136,3,220,29.375999999999998,3.6619219016776015,4.532621511412529,1483.7091811192154,6239.692342994224,0.056750095724779875,7.344,6.34491739399114,484.45718937782686,"ScoreBreakdown(accel=100.0, skidpad=75.0, autocross=66.83255884041562, endurance=213.22871807352635, efficiency=29.395912463884866)"
[136   3],225,136,3,225,29.375999999999998,3.6815379399303936,4.422192708426152,1491.4537281355538,6270.601080251637,0.051098411855634185,7.344,6.376316776080641,477.96366880454786,"ScoreBreakdown(accel=100.0, skidpad=75.0, autocross=65.15188603626618, endurance=209.36653169223348, efficiency=28.445251076048205)"
[136   3],230,136,3,230,29.375999999999998,3.692103880388501,4.470852429020283,1488.3368487120313,6292.940553230677,0.04751009003751426,7.344,6.397148663658559,480.0511374529037,"ScoreBreakdown(accel=100.0, skidpad=75.0, autocross=65.82618843346876, endurance=210.91607871228354, efficiency=28.308870307151402)"
[136   3],235,136,3,235,29.375999999999998,3.680992183321891,4.518984356243578,1492.9519405691433,6321.55257965297,0.04238421822137232,7.344,6.425509094834358,476.05396660084955,"ScoreBreakdown(accel=100.0, skidpad=75.0, autocross=64.82876628540022, endurance=208.62400245141984, efficiency=27.601197864029483)"
[136   3],240,136,3,240,29.375999999999998,3.707720844568186,4.56660959939957,1501.6702274458346,6342.162503347298,0.03843424295931356,7.344,6.447944012179015,469.0603431651149,"ScoreBreakdown(accel=100.0, skidpad=75.0, autocross=62.9612840575579, endurance=204.3325279836522, efficiency=26.766531123904745)"
[136   3],245,136,3,245,29.375999999999998,3.7300323602843406,4.464215027810155,1508.2930281032152,6360.58639789213,0.03489032230301253,7.344,6.468004784344217,463.76344206181744,"ScoreBreakdown(accel=100.0, skidpad=75.0, autocross=61.557090069506025, endurance=201.10568996737803, efficiency=26.10066202493342)"
[136   3],250,136,3,250,29.375999999999998,3.744515743492414,4.509360168975846,1505.7314843645254,6388.6758588691355,0.030751919582547752,7.344,6.492577934223587,465.3041725083912,"ScoreBreakdown(accel=100.0, skidpad=75.0, autocross=62.09873444899544, endurance=202.3503888408311, efficiency=25.85504921856471)"
[136   3],255,136,3,255,29.375999999999998,3.736249422103384,4.554058482861819,1515.9571917289247,6409.013283076968,0.027475766031067352,7.344,6.512195157222814,457.31224132296774,"ScoreBreakdown(accel=100.0, skidpad=75.0, autocross=59.94741644868608, endurance=197.40665972109335, efficiency=24.958165153188308)"
[136   3],260,136,3,260,29.375999999999998,3.7685683556247653,4.5983204147764525,1521.988509232848,6432.909267108656,0.023439465971444848,7.344,6.536070661626033,452.48462624097175,"ScoreBreakdown(accel=100.0, skidpad=75.0, autocross=58.69208155655264, endurance=194.52189993180565, efficiency=24.270644752613443)"
[136   3],265,136,3,265,29.375999999999998,3.800431217339053,4.642160207225828,1525.883281364344,6455.203160486908,0.019996067661080596,7.344,6.556382502476161,449.2945477626425,"ScoreBreakdown(accel=100.0, skidpad=75.0, autocross=57.8867122287014, endurance=192.6711610834953, efficiency=23.73667445044576)"
[136   3],270,136,3,270,29.375999999999998,3.82946872142071,4.545210326813304,1539.2918986494612,6466.948206118992,0.01792452801396914,7.344,6.567564293018981,438.68925480525047,"ScoreBreakdown(accel=99.36641637168582, skidpad=75.0, autocross=55.14521748907566, endurance=186.37120571941304, efficiency=22.806415225075977)"
[136   3],275,136,3,275,29.375999999999998,3.8508227503561585,4.586949823898507,1535.7127106012483,6473.044333225069,0.01754296673013455,7.344,6.57119270394031,439.62347165874826,"ScoreBreakdown(accel=97.7811967647046, skidpad=75.0, autocross=55.872326076960654, endurance=188.04210137436587, efficiency=22.92784744271719)"
[136   3],280,136,3,280,29.375999999999998,3.8782795667071923,4.628315144971793,1541.716410455247,6476.272010136633,0.017095448795572985,7.344,6.574128248516973,433.2097734998902,"ScoreBreakdown(accel=95.76858873133177, skidpad=75.0, autocross=54.65459828408355, endurance=185.2437627053756, efficiency=22.542823779099358)"
[136   3],285,136,3,285,29.375999999999998,3.906724326227902,4.669313121469187,1547.264114910684,6477.457853338441,0.017101439305567748,7.344,6.573623287702218,427.14228537812255,"ScoreBreakdown(accel=93.71339838354871, skidpad=75.0, autocross=53.537760525490114, endurance=182.67726935181892, efficiency=22.213857117264787)"
[136   3],290,136,3,290,29.375999999999998,3.935079819301123,4.579187861615182,1560.731921537707,6475.594934637003,0.017519885949174134,7.344,6.572077933925582,415.5645288181704,"ScoreBreakdown(accel=91.69422991893049, skidpad=75.0, autocross=50.85951846673229, endurance=176.52266865880944, efficiency=21.488111773698154)"
[136   3],295,136,3,295,29.375999999999998,3.9633417441227863,4.61836203910029,1558.546822218871,6475.822733295328,0.01812467696681316,7.344,6.570307447690822,415.1213813272714,"ScoreBreakdown(accel=89.7104735538761, skidpad=75.0, autocross=51.29090713680241, endurance=177.51399989382162, efficiency=21.606000742771297)"
[136   3],300,136,3,300,29.375999999999998,3.9915058253446176,4.65720733660217,1566.38837678795,6465.213238183885,0.020347604928417952,7.344,6.558430584914265,407.793876313258,"ScoreBreakdown(accel=87.76153133710751, skidpad=75.0, autocross=49.74839502326309, endurance=173.9693068023512, efficiency=21.31464315053619)"
[140   3],200,140,3,200,30.240000000000002,3.6263688434969197,4.496213348185748,1465.5993449641855,6209.466084930071,0.09679846212440645,7.56,6.314767672748205,499.27477346517446,"ScoreBreakdown(accel=100.0, skidpad=75.0, autocross=70.83197129674515, endurance=222.41936855818503, efficiency=31.02343361024428)"
[140   3],205,140,3,205,30.240000000000002,3.6441452916822072,4.376067036852291,1473.7499712436697,6247.620335206931,0.08957682530169589,7.56,6.354704539320546,492.18675183717806,"ScoreBreakdown(accel=100.0, skidpad=75.0, autocross=69.01980675397716, endurance=218.25501413984702, efficiency=29.91193094335384)"
[140   3],210,140,3,210,30.240000000000002,3.6511095024580413,4.4288669578696584,1469.6649961267817,6277.52026128871,0.08438288065144735,7.56,6.384661628753909,494.98476653342783,"ScoreBreakdown(accel=100.0, skidpad=75.0, autocross=69.92552470502352, endurance=220.33635414082005, efficiency=29.72288768758424)"
[140   3],215,140,3,215,30.240000000000002,3.637075262504169,4.481046804910079,1474.2075275986897,6301.601588206158,0.08001298433647074,7.56,6.4089778174813095,491.0130444122403,"ScoreBreakdown(accel=100.0, skidpad=75.0, autocross=68.91867026385694, endurance=218.0226024688605, efficiency=29.07177167952282)"
[140   3],220,140,3,220,30.240000000000002,3.6619219016776015,4.532621511412529,1481.878184354425,6331.223179955194,0.07487342214482656,7.56,6.438848419316109,484.5294996715039,"ScoreBreakdown(accel=100.0, skidpad=75.0, autocross=67.23247781331102, endurance=214.14773193923764, efficiency=28.149289918955215)"
[140   3],225,140,3,225,30.240000000000002,3.6815379399303936,4.422192708426152,1489.568260410004,6363.55869495663,0.06900035115499563,7.56,6.472455848829024,478.0624790026524,"ScoreBreakdown(accel=100.0, skidpad=75.0, autocross=65.5594489223459, endurance=210.30311127170384, efficiency=27.199918808602735)"
[140   3],230,140,3,230,30.240000000000002,3.692103880388501,4.470852429020283,1486.3078179084844,6388.0121897515355,0.0652197683232848,7.56,6.494982452384138,480.24380592091677,"ScoreBreakdown(accel=100.0, skidpad=75.0, autocross=66.26666657725185, endurance=211.92829755938803, efficiency=27.048841784276853)"
[140   3],235,140,3,235,30.240000000000002,3.680992183321891,4.518984356243578,1490.792673774908,6417.585633500473,0.05998460952650072,7.56,6.524766696892583,476.34010536384625,"ScoreBreakdown(accel=100.0, skidpad=75.0, autocross=65.29466224993564, endurance=209.6946314548079, efficiency=26.35081165910271)"
[140   3],240,140,3,240,30.240000000000002,3.707720844568186,4.56660959939957,1499.4916173825766,6438.44226077661,0.05597255404987538,7.56,6.548212328417823,469.35494021585544,"ScoreBreakdown(accel=100.0, skidpad=75.0, autocross=63.425913378287134, endurance=205.4002462393644, efficiency=25.528780598203838)"
[140   3],245,140,3,245,30.240000000000002,3.7300323602843406,4.464215027810155,1506.040727683745,6458.377240164788,0.0523656026739364,7.56,6.569171483240713,464.09178233341385,"ScoreBreakdown(accel=100.0, skidpad=75.0, autocross=62.0332464383238, endurance=202.19989738150008, efficiency=24.85863851358992)"
[140   3],250,140,3,250,30.240000000000002,3.744515743492414,4.509360168975846,1503.4159936840217,6488.199060100482,0.04803721471068345,7.56,6.59545624966668,465.6715655473416,"ScoreBreakdown(accel=100.0, skidpad=75.0, autocross=62.58993863583805, endurance=203.4791761432577, efficiency=24.602450768245827)"
[140   3],255,140,3,255,30.240000000000002,3.736249422103384,4.554058482861819,1513.6765206086002,6509.326486576318,0.04479377261017495,7.56,6.615411169498906,457.63677801959835,"ScoreBreakdown(accel=100.0, skidpad=75.0, autocross=60.42471308219147, endurance=198.5034874636558, efficiency=23.70857747375107)"
[140   3],260,140,3,260,30.240000000000002,3.7685683556247653,4.5983204147764525,1519.6064548403747,6534.636470355513,0.040670265440731,7.56,6.640455824820123,452.86716738261504,"ScoreBreakdown(accel=100.0, skidpad=75.0, autocross=59.186682443566056, endurance=195.65849285178527, efficiency=23.021992087263747)"
[140   3],265,140,3,265,30.240000000000002,3.800431217339053,4.642160207225828,1523.3938991578643,6558.849338271421,0.03703937752805456,7.56,6.662335921725215,449.7344524539805,"ScoreBreakdown(accel=100.0, skidpad=75.0, autocross=58.40099713024765, endurance=193.85298787211988, efficiency=22.480467451612974)"
[140   3],270,140,3,270,30.240000000000002,3.82946872142071,4.545210326813304,1535.4215799642436,6582.9388144028635,0.032888449724844865,7.56,6.686628918287632,439.9566618249216,"ScoreBreakdown(accel=99.36641637168582, skidpad=75.0, autocross=55.931618064911724, endurance=188.17835437246225, efficiency=21.480273015861776)"
[140   3],275,140,3,275,30.240000000000002,3.8508227503561585,4.586949823898507,1531.3698558836354,6595.2014886128345,0.03168633335544639,7.56,6.695373024250172,441.16800521697746,"ScoreBreakdown(accel=97.7811967647046, skidpad=75.0, autocross=56.75913682550487, endurance=190.07999262086878, efficiency=21.547679005899223)"
[140   3],280,140,3,280,30.240000000000002,3.8782795667071923,4.628315144971793,1536.18671118589,6609.897641220175,0.029290493856098436,7.56,6.710222046041714,435.45053808282546,"ScoreBreakdown(accel=95.76858873133177, skidpad=75.0, autocross=55.77583867454925, endurance=187.82037330770137, efficiency=21.085737369243063)"
[140   3],285,140,3,285,30.240000000000002,3.906724326227902,4.669313121469187,1540.2377672528473,6624.756958465499,0.02701308000629772,7.56,6.723481261152771,430.2658472193816,"ScoreBreakdown(accel=93.71339838354871, skidpad=75.0, autocross=54.9536297209877, endurance=185.9309369967296, efficiency=20.6678821181156)"
[140   3],290,140,3,290,30.240000000000002,3.935079819301123,4.579187861615182,1551.6452761489074,6639.1353736372175,0.02458781748601748,7.56,6.738923588878388,419.8751850278211,"ScoreBreakdown(accel=91.69422991893049, skidpad=75.0, autocross=52.66140957931631, endurance=180.66341473288924, efficiency=19.85613079668506)"
[140   3],295,140,3,295,30.240000000000002,3.9633417441227863,4.61836203910029,1547.3497183931427,6659.134717201095,0.021795854374359953,7.56,6.75704704529487,420.7050726670007,"ScoreBreakdown(accel=89.7104735538761, skidpad=75.0, autocross=53.52058997498498, endurance=182.63781142392435, efficiency=19.836197714215313)"
[140   3],300,140,3,300,30.240000000000002,3.9915058253446176,4.65720733660217,1551.9940224209363,6677.627007868365,0.018833213170283487,7.56,6.775118939020497,415.20644098698756,"ScoreBreakdown(accel=87.76153133710751, skidpad=75.0, autocross=52.59186347524371, endurance=180.50359777425336, efficiency=19.349448400382975)"
[144   3],200,144,3,200,31.103999999999996,3.6263688434969197,4.496213348185748,1464.8600045086134,6277.541250121443,0.11763975678329619,7.776,6.383736039075306,498.8292639635289,"ScoreBreakdown(accel=100.0, skidpad=75.0, autocross=70.99734970482152, endurance=222.79940816723655, efficiency=30.032506091470857)"
[144   3],205,144,3,205,31.103999999999996,3.6441452916822072,4.376067036852291,1472.7681013015404,6321.32318065085,0.109698581868906,7.776,6.429337001085831,491.86172311732616,"ScoreBreakdown(accel=100.0, skidpad=75.0, autocross=69.23704761050948, endurance=218.75423366400898, efficiency=28.87044184280776)"
[144   3],210,144,3,210,31.103999999999996,3.6511095024580413,4.4288669578696584,1468.4437692917986,6353.853419545772,0.10406666871070365,7.776,6.4626866812735075,494.82348460239314,"ScoreBreakdown(accel=100.0, skidpad=75.0, autocross=70.19727272449131, endurance=220.9608311344029, efficiency=28.665380743498936)"
[144   3],215,144,3,215,31.103999999999996,3.637075262504169,4.481046804910079,1472.9090018089519,6380.153577740034,0.09941127243451463,7.776,6.489429871251669,490.88658141830297,"ScoreBreakdown(accel=100.0, skidpad=75.0, autocross=69.2058552679612, endurance=218.68255365568547, efficiency=27.998172494656288)"
[144   3],220,144,3,220,31.103999999999996,3.6619219016776015,4.532621511412529,1480.4686454260088,6410.222646335432,0.09425119353873537,7.776,6.5202833519442045,484.4893660149103,"ScoreBreakdown(accel=100.0, skidpad=75.0, autocross=67.54101752983337, endurance=214.85675625872355, efficiency=27.09159222635331)"
[144   3],225,144,3,225,31.103999999999996,3.6815379399303936,4.422192708426152,1488.0643898189953,6445.108516892708,0.08822862773185237,7.776,6.555697568065388,478.06516377813165,"ScoreBreakdown(accel=100.0, skidpad=75.0, autocross=65.88526615667053, endurance=211.05183932995067, efficiency=26.12805829151043)"
[144   3],230,144,3,230,31.103999999999996,3.692103880388501,4.470852429020283,1484.797326664072,6470.938515123355,0.08429343953253109,7.776,6.579656418767748,480.24342685722917,"ScoreBreakdown(accel=100.0, skidpad=75.0, autocross=66.59535771386041, endurance=212.68362984555768, efficiency=25.964439297811108)"
[144   3],235,144,3,235,31.103999999999996,3.680992183321891,4.518984356243578,1489.1958382200146,6502.603650719471,0.07889552790785587,7.776,6.611258067576236,476.3844111664729,"ScoreBreakdown(accel=100.0, skidpad=75.0, autocross=65.64007379579974, endurance=210.48838724420605, efficiency=25.255950126467084)"
[144   3],240,144,3,240,31.103999999999996,3.707720844568186,4.56660959939957,1497.8100004403207,6524.919485351705,0.07470349549653654,7.776,6.636492918964209,469.4441081973311,"ScoreBreakdown(accel=100.0, skidpad=75.0, autocross=63.78547392002874, endurance=206.22651642362413, efficiency=24.432117853678225)"
[144   3],245,144,3,245,31.103999999999996,3.7300323602843406,4.464215027810155,1504.2593802314286,6545.9665463242545,0.07094227446106334,7.776,6.659000697485966,464.2426092533857,"ScoreBreakdown(accel=100.0, skidpad=75.0, autocross=62.41084898278504, endurance=203.06762809098691, efficiency=23.764132179613764)"
[144   3],250,144,3,250,31.103999999999996,3.744515743492414,4.509360168975846,1501.6522880231075,6576.940068147752,0.06641202526072087,7.776,6.687027924419726,465.80660069202276,"ScoreBreakdown(accel=100.0, skidpad=75.0, autocross=62.96510446982844, endurance=204.34130729168027, efficiency=23.50018893051406)"
[144   3],255,144,3,255,31.103999999999996,3.736249422103384,4.554058482861819,1511.8899110089615,6598.636931690898,0.06303328629144093,7.776,6.708300336780878,457.77889455669623,"ScoreBreakdown(accel=100.0, skidpad=75.0, autocross=60.799618865450725, endurance=199.36502101545534, efficiency=22.614254675790143)"
[144   3],260,144,3,260,31.103999999999996,3.7685683556247653,4.5983204147764525,1517.708443163828,6624.258850006056,0.05878024192171693,7.776,6.734744423188239,453.0911577200874,"ScoreBreakdown(accel=100.0, skidpad=75.0, autocross=59.58188989112866, endurance=196.56667963150434, efficiency=21.942588197454373)"
[144   3],265,144,3,265,31.103999999999996,3.800431217339053,4.642160207225828,1521.4092574248493,6650.628444867046,0.05508729325541615,7.776,6.757689281299909,449.99889159417825,"ScoreBreakdown(accel=100.0, skidpad=75.0, autocross=58.81221272188669, endurance=194.79796136956824, efficiency=21.388717502723296)"
[144   3],270,144,3,270,31.103999999999996,3.82946872142071,4.545210326813304,1533.3435168097478,6675.456960364597,0.05096586622784554,7.776,6.782585868512246,440.2745564717141,"ScoreBreakdown(accel=99.36641637168582, skidpad=75.0, autocross=56.35549263339115, endurance=189.15241820077884, efficiency=20.4002292658583)"
[144   3],275,144,3,275,31.103999999999996,3.8508227503561585,4.586949823898507,1529.4391956967859,6686.92703973371,0.04983308063932089,7.776,6.791055242952144,441.3970457251168,"ScoreBreakdown(accel=97.7811967647046, skidpad=75.0, autocross=57.15499466590476, endurance=190.98967400343514, efficiency=20.471180291072372)"
[144   3],280,144,3,280,31.103999999999996,3.8782795667071923,4.628315144971793,1534.1244592514656,6702.431925171449,0.047461879955418486,7.776,6.806201460545239,435.76499745782195,"ScoreBreakdown(accel=95.76858873133177, skidpad=75.0, autocross=56.196064599378516, endurance=188.78605255230778, efficiency=20.01429157480383)"
[144   3],285,144,3,285,31.103999999999996,3.906724326227902,4.669313121469187,1538.1121177107193,6717.907670535179,0.04514874908838817,7.776,6.8200633196500196,430.61872597827477,"ScoreBreakdown(accel=93.71339838354871, skidpad=75.0, autocross=55.38451496506485, endurance=186.92111135872702, efficiency=19.59970127093417)"
[144   3],290,144,3,290,31.103999999999996,3.935079819301123,4.579187861615182,1549.4366762466898,6732.670201485059,0.04273032864381083,7.776,6.8359000787579225,420.27346693872727,"ScoreBreakdown(accel=91.69422991893049, skidpad=75.0, autocross=53.102569950316116, endurance=181.67720133825054, efficiency=18.79946573123011)"
[144   3],295,144,3,295,31.103999999999996,3.9633417441227863,4.61836203910029,1545.2383511579542,6753.018936455248,0.040055615794163835,7.776,6.853749030258323,421.0414377130352,"ScoreBreakdown(accel=89.7104735538761, skidpad=75.0, autocross=53.94464824696247, endurance=183.61229740290992, efficiency=18.77401850928672)"
[144   3],300,144,3,300,31.103999999999996,3.9915058253446176,4.65720733660217,1549.7634919547554,6773.056162143511,0.036999029205027796,7.776,6.872908204289486,415.6094243253865,"ScoreBreakdown(accel=87.76153133710751, skidpad=75.0, autocross=53.03721035047232, endurance=181.5270049670235, efficiency=18.283677670783167)"
[100   4],200,100,4,200,28.799999999999997,3.6263688434969197,4.496213348185748,1457.3888021697355,6249.006102551623,0.02360157625911695,7.2,6.373726422649421,505.2929542696466,"ScoreBreakdown(accel=100.0, skidpad=75.0, autocross=72.67795090213009, endurance=226.66142999599725, efficiency=30.95357337151927)"
[100   4],205,100,4,205,28.799999999999997,3.6441452916822072,4.376067036852291,1468.233065921151,6259.504911049125,0.02121017666654989,7.2,6.385061622388198,496.4001309743114,"ScoreBreakdown(accel=100.0, skidpad=75.0, autocross=70.24420427275889, endurance=221.06867984006684, efficiency=30.08724686148572)"
[100   4],210,100,4,210,28.799999999999997,3.6511095024580413,4.4288669578696584,1467.3718458879441,6259.910285346351,0.02076910623155826,7.2,6.387263922612718,497.0827592762174,"ScoreBreakdown(accel=100.0, skidpad=75.0, autocross=70.43617042543366, endurance=221.5098180905931, efficiency=30.13677076019064)"
[100   4],215,100,4,215,28.799999999999997,3.637075262504169,4.481046804910079,1474.5214564649975,6257.157153178956,0.0206453929663941,7.2,6.3866045874184705,491.4307152085494,"ScoreBreakdown(accel=100.0, skidpad=75.0, autocross=68.84931694469131, endurance=217.86322852997264, efficiency=29.7181697338854)"
[100   4],220,100,4,220,28.799999999999997,3.6619219016776015,4.532621511412529,1485.3549469755376,6259.62224373706,0.019875692196116273,7.2,6.390521550625338,482.87066644426403,"ScoreBreakdown(accel=100.0, skidpad=75.0, autocross=66.47393864981393, endurance=212.40460881634135, efficiency=28.992118978108756)"
[100   4],225,100,4,225,28.799999999999997,3.6815379399303936,4.422192708426152,1496.7905898041556,6263.442663846114,0.018971490741296268,7.2,6.394433841428633,473.95120474211285,"ScoreBreakdown(accel=100.0, skidpad=75.0, autocross=64.0038359437447, endurance=206.7283123901592, efficiency=28.21905640820892)"
[100   4],230,100,4,230,28.799999999999997,3.692103880388501,4.470852429020283,1496.3305976119027,6266.266988210428,0.019065191585493295,7.2,6.394250761410542,474.26314746314983,"ScoreBreakdown(accel=100.0, skidpad=75.0, autocross=64.10246561361006, endurance=206.95496338778645, efficiency=28.205718461753335)"
[100   4],235,100,4,235,28.799999999999997,3.680992183321891,4.518984356243578,1503.8985038662213,6266.267913465245,0.018803275448419657,7.2,6.395406819286989,468.4689837010987,"ScoreBreakdown(accel=100.0, skidpad=75.0, autocross=62.48745500362459, endurance=203.24366873951837, efficiency=27.73785995795578)"
[100   4],240,100,4,240,28.799999999999997,3.707720844568186,4.56660959939957,1514.793680892128,6264.086018655563,0.019429994113327825,7.2,6.392461625759854,460.26106439269466,"ScoreBreakdown(accel=100.0, skidpad=75.0, autocross=60.190735284715906, endurance=197.9658064464442, efficiency=27.104522661534535)"
[100   4],245,100,4,245,28.799999999999997,3.7300323602843406,4.464215027810155,1523.5900349539002,6260.68847362055,0.02055652604862784,7.2,6.387140819171955,453.7438381684757,"ScoreBreakdown(accel=100.0, skidpad=75.0, autocross=58.36041617675958, endurance=193.75973283430736, efficiency=26.623689157408762)"
[100   4],250,100,4,250,28.799999999999997,3.744515743492414,4.509360168975846,1523.9210133629717,6262.139891755836,0.021500807743537013,7.2,6.384118657056207,453.4770429530641,"ScoreBreakdown(accel=100.0, skidpad=75.0, autocross=58.291959659100655, endurance=193.6024197454298, efficiency=26.582663548533606)"
[100   4],255,100,4,255,28.799999999999997,3.736249422103384,4.554058482861819,1536.3192415770682,6255.369084553021,0.02355026534245745,7.2,6.3751421749694765,444.450833288015,"ScoreBreakdown(accel=100.0, skidpad=75.0, autocross=55.74887148262006, endurance=187.75840269619775, efficiency=25.943559109197185)"
[100   4],260,100,4,260,28.799999999999997,3.7685683556247653,4.5983204147764525,1544.7546201400748,6250.4963738409515,0.025592523647987104,7.2,6.3667190137996315,438.39646136793704,"ScoreBreakdown(accel=100.0, skidpad=75.0, autocross=54.04196658309452, endurance=183.83593495540163, efficiency=25.51855982944093)"
[100   4],265,100,4,265,28.799999999999997,3.800431217339053,4.642160207225828,1550.339862933623,6246.469785932524,0.027666161979153257,7.2,6.358027775024602,434.43557776354817,"ScoreBreakdown(accel=100.0, skidpad=75.0, autocross=52.92200955298571, endurance=181.26227351538788, efficiency=25.251294695174558)"
[100   4],270,100,4,270,28.799999999999997,3.82946872142071,4.545210326813304,1565.515351504906,6233.969807264004,0.031007325421542758,7.2,6.342685317539885,423.20543225724674,"ScoreBreakdown(accel=99.36641637168582, skidpad=75.0, autocross=49.91936338835601, endurance=174.36219213354926, efficiency=24.55746036365563)"
[100   4],275,100,4,275,28.799999999999997,3.8508227503561585,4.586949823898507,1561.8711292621763,6236.940034084433,0.03143322064470327,7.2,6.341932719395658,424.1464567480092,"ScoreBreakdown(accel=97.7811967647046, skidpad=75.0, autocross=50.63509145289776, endurance=176.00693534398113, efficiency=24.72323318642574)"
[100   4],280,100,4,280,28.799999999999997,3.8782795667071923,4.628315144971793,1567.8816230718403,6233.243812384492,0.03288064032809627,7.2,6.336385130524729,417.95635711347006,"ScoreBreakdown(accel=95.76858873133177, skidpad=75.0, autocross=49.456407401340336, endurance=173.2983191989867, efficiency=24.433041781811315)"
[100   4],285,100,4,285,28.799999999999997,3.906724326227902,4.669313121469187,1572.2595988097526,6230.844520884571,0.03399764866968886,7.2,6.33144830326921,412.874289081699,"ScoreBreakdown(accel=93.71339838354871, skidpad=75.0, autocross=48.603539939298436, endurance=171.3384296304678, efficiency=24.218921128384082)"
[100   4],290,100,4,290,28.799999999999997,3.935079819301123,4.579187861615182,1585.8953589175449,6217.583526761836,0.03680187256999363,7.2,6.3189067576373,401.6170030320905,"ScoreBreakdown(accel=91.69422991893049, skidpad=75.0, autocross=45.97734905690476, endurance=165.30344254933303, efficiency=23.64198150692227)"
[100   4],295,100,4,295,28.799999999999997,3.9633417441227863,4.61836203910029,1582.543410244198,6220.525114777679,0.03740398521549162,7.2,6.3183558609167765,401.89386329542714,"ScoreBreakdown(accel=89.7104735538761, skidpad=75.0, autocross=46.61872537463662, endurance=166.7773254333257, efficiency=23.78733893358875)"
[100   4],300,100,4,300,28.799999999999997,3.9915058253446176,4.65720733660217,1588.136313299567,6220.70444549608,0.038308370835016224,7.2,6.315881983898111,396.1060844701378,"ScoreBreakdown(accel=87.76153133710751, skidpad=75.0, autocross=45.55006525264765, endurance=164.32154429663657, efficiency=23.472943583746037)"
[104   4],200,104,4,200,29.951999999999998,3.6263688434969197,4.496213348185748,1452.6058952509268,6405.145317604475,0.040568397589751046,7.488,6.5433447522056065,506.84530269402785,"ScoreBreakdown(accel=100.0, skidpad=75.0, autocross=73.76291262942856, endurance=229.15467222437778, efficiency=28.92771784022148)"
[104   4],205,104,4,205,29.951999999999998,3.6441452916822072,4.376067036852291,1460.846914001023,6439.094511527934,0.034524859971965194,7.488,6.577024188845869,499.6748632133451,"ScoreBreakdown(accel=100.0, skidpad=75.0, autocross=71.89793291418334, endurance=224.868948530971, efficiency=27.907981768190716)"
[104   4],210,104,4,210,29.951999999999998,3.6511095024580413,4.4288669578696584,1457.9448249875363,6462.384558310987,0.03034878168232689,7.488,6.601656511331265,501.6827289248225,"ScoreBreakdown(accel=100.0, skidpad=75.0, autocross=72.55228373721572, endurance=226.37264683028556, efficiency=27.757798357321224)"
[104   4],215,104,4,215,29.951999999999998,3.637075262504169,4.481046804910079,1462.8779514714654,6477.799510449038,0.026699136329517873,7.488,6.621993531563065,497.4880201572945,"ScoreBreakdown(accel=100.0, skidpad=75.0, autocross=71.4415274301967, endurance=223.8201286534503, efficiency=27.226364073647506)"
[104   4],220,104,4,220,29.951999999999998,3.6619219016776015,4.532621511412529,1470.8738842346281,6500.573350678389,0.0224894200570439,7.488,6.646478149857627,490.78193343174763,"ScoreBreakdown(accel=100.0, skidpad=75.0, autocross=69.65696673968745, endurance=219.71920789215818, efficiency=26.405758799902014)"
[104   4],225,104,4,225,29.951999999999998,3.6815379399303936,4.422192708426152,1481.482283277592,6511.763510345879,0.020432516943122564,7.488,6.656727339570524,482.26318787378585,"ScoreBreakdown(accel=100.0, skidpad=75.0, autocross=67.31907891886992, endurance=214.34674129410354, efficiency=25.597367660812356)"
[104   4],230,104,4,230,29.951999999999998,3.692103880388501,4.470852429020283,1480.912139776638,6519.867593107858,0.019945514559432834,7.488,6.659407808898534,482.59719562312233,"ScoreBreakdown(accel=100.0, skidpad=75.0, autocross=67.44387591809767, endurance=214.63352481892392, efficiency=25.519794886100797)"
[104   4],235,104,4,235,29.951999999999998,3.680992183321891,4.518984356243578,1488.3081004777052,6524.861874957494,0.01920076541822269,7.488,6.662630923105588,476.7651970910315,"ScoreBreakdown(accel=100.0, skidpad=75.0, autocross=65.83242094106333, endurance=210.9304010157644, efficiency=25.002375134203778)"
[104   4],240,104,4,240,29.951999999999998,3.707720844568186,4.56660959939957,1499.2538274160163,6526.02658549522,0.018614823846507367,7.488,6.665463795154201,468.3247827067772,"ScoreBreakdown(accel=100.0, skidpad=75.0, autocross=63.476708269834866, endurance=205.5169729085237, efficiency=24.331101528418678)"
[104   4],245,104,4,245,29.951999999999998,3.7300323602843406,4.464215027810155,1508.3957985003628,6527.6254858423035,0.01809312307102703,7.488,6.668066280765758,461.3606631170882,"ScoreBreakdown(accel=100.0, skidpad=75.0, autocross=61.53539741410767, endurance=201.0558402416928, efficiency=23.769425461287746)"
[104   4],250,104,4,250,29.951999999999998,3.744515743492414,4.509360168975846,1509.190218250409,6531.523762754448,0.017878766262926494,7.488,6.670147741907631,460.708549892772,"ScoreBreakdown(accel=100.0, skidpad=75.0, autocross=61.367811907360796, endurance=200.67072871953224, efficiency=23.670009265879028)"
[104   4],255,104,4,255,29.951999999999998,3.736249422103384,4.554058482861819,1521.9017925560765,6527.261693561805,0.018757789937314383,7.488,6.666539799577629,451.26190158958633,"ScoreBreakdown(accel=100.0, skidpad=75.0, autocross=58.710059927791804, endurance=194.56321423188024, efficiency=22.988627429914306)"
[104   4],260,104,4,260,29.951999999999998,3.7685683556247653,4.5983204147764525,1530.44092685031,6523.109781821822,0.02031493706618129,7.488,6.659649817232088,445.0214213736576,"ScoreBreakdown(accel=100.0, skidpad=75.0, autocross=56.94947749468859, endurance=190.51739551006432, efficiency=22.55454836890471)"
[104   4],265,104,4,265,29.951999999999998,3.800431217339053,4.642160207225828,1536.8043064087863,6515.275325964905,0.022526841501490244,7.488,6.648925142450491,440.47944407229363,"ScoreBreakdown(accel=100.0, skidpad=75.0, autocross=55.650210492444025, endurance=187.53167972449145, efficiency=22.29755385535819)"
[104   4],270,104,4,270,29.951999999999998,3.82946872142071,4.545210326813304,1552.6122041685435,6498.440590789869,0.026187352374390235,7.488,6.630363164232225,428.6899422606698,"ScoreBreakdown(accel=99.36641637168582, skidpad=75.0, autocross=52.46866399993149, endurance=180.2204853596547, efficiency=21.63437652939776)"
[104   4],275,104,4,275,29.951999999999998,3.8508227503561585,4.586949823898507,1549.4702830002554,6498.454920536371,0.026904224475040008,7.488,6.628099573503189,429.3481783705255,"ScoreBreakdown(accel=97.7811967647046, skidpad=75.0, autocross=53.09584769198235, endurance=181.66175358749024, efficiency=21.809380326348318)"
[104   4],280,104,4,280,29.951999999999998,3.8782795667071923,4.628315144971793,1555.7170920379876,6492.408710329206,0.028840246498302483,7.488,6.619383290710501,422.9639266779568,"ScoreBreakdown(accel=95.76858873133177, skidpad=75.0, autocross=51.85136151966063, endurance=178.80192415812024, efficiency=21.542052268844145)"
[104   4],285,104,4,285,29.951999999999998,3.906724326227902,4.669313121469187,1560.9160599847592,6485.765997051849,0.03082319025904615,7.488,6.609463646462574,417.31856471747216,"ScoreBreakdown(accel=93.71339838354871, skidpad=75.0, autocross=50.82322049700027, endurance=176.43925591837515, efficiency=21.342689918548047)"
[104   4],290,104,4,290,29.951999999999998,3.935079819301123,4.579187861615182,1574.593081636602,6469.339522719663,0.03455704590603626,7.488,6.591908205122663,405.9548701979634,"ScoreBreakdown(accel=91.69422991893049, skidpad=75.0, autocross=48.15089493102276, endurance=170.29825132675128, efficiency=20.811494021258813)"
[104   4],295,104,4,295,29.951999999999998,3.9633417441227863,4.61836203910029,1571.6871220444941,6468.031013259076,0.0359993760432198,7.488,6.587139702424312,406.0064206772211,"ScoreBreakdown(accel=89.7104735538761, skidpad=75.0, autocross=48.714793324752385, endurance=171.59408992860077, efficiency=20.987063869991864)"
[104   4],300,104,4,300,29.951999999999998,3.9915058253446176,4.65720733660217,1577.6586608457392,6463.216217658238,0.0380313948172705,7.488,6.578769276818165,399.98234150803813,"ScoreBreakdown(accel=87.76153133710751, skidpad=75.0, autocross=47.55827414904651, endurance=168.93640867197115, efficiency=20.72612734991299)"
[108   4],200,108,4,200,31.104,3.6263688434969197,4.496213348185748,1448.9498220363466,6537.7323713503365,0.0610906568830547,7.776,6.687748810376437,507.9279340405938,"ScoreBreakdown(accel=100.0, skidpad=75.0, autocross=74.5970920201314, endurance=231.0716166018754, efficiency=27.259225418586993)"
[108   4],205,108,4,205,31.104,3.6441452916822072,4.376067036852291,1457.0886357458264,6575.416249674927,0.05458671623663203,7.776,6.725360192426976,500.7840165606168,"ScoreBreakdown(accel=100.0, skidpad=75.0, autocross=72.74583162084565, endurance=226.8174198988078, efficiency=26.220765040963357)"
[108   4],210,108,4,210,31.104,3.6511095024580413,4.4288669578696584,1454.1030286105745,6602.839498238274,0.04972725017198129,7.776,6.754708682394067,502.8239314473734,"ScoreBreakdown(accel=100.0, skidpad=75.0, autocross=73.42253326244652, endurance=228.37248038288098, efficiency=26.028917802045928)"
[108   4],215,108,4,215,31.104,3.637075262504169,4.481046804910079,1458.8251535697846,6623.054127713575,0.04550762232196662,7.776,6.779129086837474,498.72819912904794,"ScoreBreakdown(accel=100.0, skidpad=75.0, autocross=72.3535158639177, endurance=225.91587822464453, efficiency=25.458805040485696)"
[108   4],220,108,4,220,31.104,3.6619219016776015,4.532621511412529,1466.6345142665741,6647.138460225894,0.04086582451262655,7.776,6.807081631348603,492.14184134267384,"ScoreBreakdown(accel=100.0, skidpad=75.0, autocross=70.60070095535374, endurance=221.8879092755016, efficiency=24.653231111818485)"
[108   4],225,108,4,225,31.104,3.6815379399303936,4.422192708426152,1474.3398402627322,6683.489506180945,0.03483639664096855,7.776,6.842694279734415,485.5469696041283,"ScoreBreakdown(accel=100.0, skidpad=75.0, autocross=68.88943608443904, endurance=217.95542231973374, efficiency=23.702111199955517)"
[108   4],230,108,4,230,31.104,3.692103880388501,4.470852429020283,1471.901246482848,6714.160702443707,0.030941992925108776,7.776,6.866493415384932,487.06849281501496,"ScoreBreakdown(accel=100.0, skidpad=75.0, autocross=69.42908201609843, endurance=219.19552875974352, efficiency=23.443882039173)"
[108   4],235,108,4,235,31.104,3.680992183321891,4.518984356243578,1476.457618322446,6746.614018140768,0.025836704477578562,7.776,6.896685525112484,483.05268376147734,"ScoreBreakdown(accel=100.0, skidpad=75.0, autocross=68.42223098077622, endurance=216.88178491441477, efficiency=22.74866786628631)"
[108   4],240,108,4,240,31.104,3.707720844568186,4.56660959939957,1485.3111182703233,6767.691141324154,0.02212374196667356,7.776,6.919094358890191,475.8661130747525,"ScoreBreakdown(accel=100.0, skidpad=75.0, autocross=66.4834788323003, endurance=212.42653215726943, efficiency=21.956102085182774)"
[108   4],245,108,4,245,31.104,3.7300323602843406,4.464215027810155,1493.2718241771095,6776.126964772227,0.020525954673204144,7.776,6.9280092097465324,469.6119222340611,"ScoreBreakdown(accel=100.0, skidpad=75.0, autocross=64.75986092516634, endurance=208.4656579222311, efficiency=21.38640338666371)"
[108   4],250,108,4,250,31.104,3.744515743492414,4.509360168975846,1493.348241985634,6785.642607856228,0.019330089815741303,7.776,6.935419448794613,469.4324346068653,"ScoreBreakdown(accel=100.0, skidpad=75.0, autocross=64.74340431682094, endurance=208.42784063353758, efficiency=21.26118965650677)"
[108   4],255,108,4,255,31.104,3.736249422103384,4.554058482861819,1505.4100933436682,6789.768020612559,0.018411858776384633,7.776,6.941363871907797,460.19375261490364,"ScoreBreakdown(accel=100.0, skidpad=75.0, autocross=62.16682347224693, endurance=202.5068574274995, efficiency=20.520071715157208)"
[108   4],260,108,4,260,31.104,3.7685683556247653,4.5983204147764525,1513.3067886069744,6796.3084951874425,0.0175393508590698,7.776,6.94721462919466,454.17723253939226,"ScoreBreakdown(accel=100.0, skidpad=75.0, autocross=60.50222575405429, endurance=198.68161159638834, efficiency=19.993395188949627)"
[108   4],265,108,4,265,31.104,3.800431217339053,4.642160207225828,1519.3789006770728,6801.063550740473,0.017020136922767923,7.776,6.950686091294616,449.5969099426899,"ScoreBreakdown(accel=100.0, skidpad=75.0, autocross=59.23401209270406, endurance=195.76725639331517, efficiency=19.595641456670656)"
[108   4],270,108,4,270,31.104,3.82946872142071,4.545210326813304,1534.599602142266,6799.712610809254,0.017052288323275544,7.776,6.9505375095514985,437.8044109271076,"ScoreBreakdown(accel=99.36641637168582, skidpad=75.0, autocross=56.099144404148674, endurance=188.5633299276751, efficiency=18.77552022359801)"
[108   4],275,108,4,275,31.104,3.8508227503561585,4.586949823898507,1531.808495681004,6800.555113086793,0.017480699209896026,7.776,6.949684323974689,438.241540949944,"ScoreBreakdown(accel=97.7811967647046, skidpad=75.0, autocross=56.66933830437476, endurance=189.87363560449248, efficiency=18.91737027637216)"
[108   4],280,108,4,280,31.104,3.8782795667071923,4.628315144971793,1538.0637263005137,6798.3041312509395,0.018579145906329735,7.776,6.944570438922472,431.71124657457176,"ScoreBreakdown(accel=95.76858873133177, skidpad=75.0, autocross=55.394338135400474, endurance=186.94368500577934, efficiency=18.60463470206019)"
[108   4],285,108,4,285,31.104,3.906724326227902,4.669313121469187,1543.919013960993,6791.887716357698,0.020120511463298674,7.776,6.9358643961792374,425.5131187408777,"ScoreBreakdown(accel=93.71339838354871, skidpad=75.0, autocross=54.21021978755995, endurance=184.22258084702972, efficiency=18.366919722739286)"
[108   4],290,108,4,290,31.104,3.935079819301123,4.579187861615182,1558.149368680816,6777.041089368217,0.023088668113694092,7.776,6.920445105751954,413.5464941519471,"ScoreBreakdown(accel=91.69422991893049, skidpad=75.0, autocross=51.36950362568658, endurance=177.694614638248, efficiency=17.788145969082038)"
[108   4],295,108,4,295,31.104,3.9633417441227863,4.61836203910029,1555.9829674128764,6773.371853194665,0.024871745499928093,7.776,6.912854032162977,413.1376703065667,"ScoreBreakdown(accel=89.7104735538761, skidpad=75.0, autocross=51.79861566017164, endurance=178.6807141643099, efficiency=17.94786692820908)"
[108   4],300,108,4,300,31.104,3.9915058253446176,4.65720733660217,1562.7952518631807,6762.899673904823,0.0275621644661122,7.776,6.899332888340336,406.5187743423964,"ScoreBreakdown(accel=87.76153133710751, skidpad=75.0, autocross=50.4532771556625, endurance=175.58912605892996, efficiency=17.714839790696445)"
[112   4],200,112,4,200,32.256,3.6263688434969197,4.496213348185748,1446.4886997789868,6650.744661070687,0.08371550777514006,8.064,6.812179402640298,508.37791627869757,"ScoreBreakdown(accel=100.0, skidpad=75.0, autocross=75.16100295612993, endurance=232.3674840258609, efficiency=25.849429296706727)"
[112   4],205,112,4,205,32.256,3.6441452916822072,4.376067036852291,1454.4955469404636,6692.2145899591,0.07685939137822158,8.064,6.853360672348975,501.29326732432577,"ScoreBreakdown(accel=100.0, skidpad=75.0, autocross=73.33340856112657, endurance=228.16767180453982, efficiency=24.79218695865934)"
[112   4],210,112,4,210,32.256,3.6511095024580413,4.4288669578696584,1451.279736326242,6723.36277868435,0.07140394798854788,8.064,6.887289113013371,503.4887016245625,"ScoreBreakdown(accel=100.0, skidpad=75.0, autocross=74.06500680953513, endurance=229.84888470011657, efficiency=24.57481011491083)"
[112   4],215,112,4,215,32.256,3.637075262504169,4.481046804910079,1455.7116320656157,6747.609532919083,0.06652149880506825,8.064,6.916428904139124,499.5741974320712,"ScoreBreakdown(accel=100.0, skidpad=75.0, autocross=73.05759097830764, endurance=227.53384295370418, efficiency=23.98276350005936)"
[112   4],220,112,4,220,32.256,3.6619219016776015,4.532621511412529,1463.3559141183362,6774.84405421015,0.06138994576199422,8.064,6.9481323487230995,493.07230781783954,"ScoreBreakdown(accel=100.0, skidpad=75.0, autocross=71.33430599497517, endurance=223.57373377761675, efficiency=23.164268045247645)"
[112   4],225,112,4,225,32.256,3.6815379399303936,4.422192708426152,1470.9985688611728,6813.94573109803,0.054960722466636566,8.064,6.987272751792285,486.4903776787246,"ScoreBreakdown(accel=100.0, skidpad=75.0, autocross=69.62929280308623, endurance=219.65561318128184, efficiency=22.20547169435657)"
[112   4],230,112,4,230,32.256,3.692103880388501,4.470852429020283,1468.545838212493,6847.195539397721,0.05061386385527205,8.064,7.014612336022634,488.0108382016338,"ScoreBreakdown(accel=100.0, skidpad=75.0, autocross=70.17454298727394, endurance=220.90859819452623, efficiency=21.927697019833676)"
[112   4],235,112,4,235,32.256,3.680992183321891,4.518984356243578,1472.9577408089517,6882.8704910181605,0.04519854424940703,8.064,7.047813599929064,484.0728653902476,"ScoreBreakdown(accel=100.0, skidpad=75.0, autocross=69.19506689055372, endurance=218.65776196262254, efficiency=21.220036537071326)"
[112   4],240,112,4,240,32.256,3.707720844568186,4.56660959939957,1481.7878790905818,6906.164962641114,0.04134834684058368,8.064,7.072002994981838,476.8646905568293,"ScoreBreakdown(accel=100.0, skidpad=75.0, autocross=67.25222750150269, endurance=214.19311672596123, efficiency=20.419346329365403)"
[112   4],245,112,4,245,32.256,3.7300323602843406,4.464215027810155,1488.1487799220117,6928.7932804586135,0.0377531810163237,8.064,7.094459274529585,471.6549796889596,"ScoreBreakdown(accel=100.0, skidpad=75.0, autocross=65.86696539519843, endurance=211.0097841770678, efficiency=19.77823011669334)"
[112   4],250,112,4,250,32.256,3.744515743492414,4.509360168975846,1486.099055875701,6960.138815067882,0.03326851440866444,8.064,7.123637906514487,472.858220048589,"ScoreBreakdown(accel=100.0, skidpad=75.0, autocross=66.31205454281644, endurance=212.03259911174572, efficiency=19.513566394026764)"
[112   4],255,112,4,255,32.256,3.736249422103384,4.554058482861819,1496.3689005528536,6981.409746803182,0.029816901291581814,8.064,7.146348366530766,464.7104693613749,"ScoreBreakdown(accel=100.0, skidpad=75.0, autocross=64.09425053713298, endurance=206.93608514068632, efficiency=18.680133683555674)"
[112   4],260,112,4,260,32.256,3.7685683556247653,4.5983204147764525,1502.1356774969438,7007.248796305124,0.026163152693101932,8.064,7.17055785269117,460.0202747399477,"ScoreBreakdown(accel=100.0, skidpad=75.0, autocross=62.86219286144369, endurance=204.10481639862888, efficiency=18.05326547987509)"
[112   4],265,112,4,265,32.256,3.800431217339053,4.642160207225828,1505.9461409333667,7032.186116328616,0.02260657736709213,8.064,7.193705244254791,456.84996475084614,"ScoreBreakdown(accel=100.0, skidpad=75.0, autocross=62.05327408258345, endurance=202.245920911314, efficiency=17.550769756948657)"
[112   4],270,112,4,270,32.256,3.82946872142071,4.545210326813304,1518.9625014799126,7048.021094685196,0.019828269792128657,8.064,7.210668522843456,446.31547256837996,"ScoreBreakdown(accel=99.36641637168582, skidpad=75.0, autocross=59.32065688397165, endurance=195.9663661379468, efficiency=16.66203317477565)"
[112   4],275,112,4,275,32.256,3.8508227503561585,4.586949823898507,1515.9142871101221,7053.566260284562,0.019304532464981157,8.064,7.215472068616901,446.92646644572096,"ScoreBreakdown(accel=97.7811967647046, skidpad=75.0, autocross=59.95638223087377, endurance=197.42726309004007, efficiency=16.761624360102513)"
[112   4],280,112,4,280,32.256,3.8782795667071923,4.628315144971793,1521.5752559266064,7059.625401302532,0.018630523448540878,8.064,7.220292310729792,440.6537899442716,"ScoreBreakdown(accel=95.76858873133177, skidpad=75.0, autocross=58.77777690444855, endurance=194.71882785541257, efficiency=16.388596453078645)"
[112   4],285,112,4,285,32.256,3.906724326227902,4.669313121469187,1526.8586945492368,7063.4674231532435,0.01807371506920951,8.064,7.223225899115035,434.67198368672877,"ScoreBreakdown(accel=93.71339838354871, skidpad=75.0, autocross=57.685657551482585, endurance=192.20913740206692, efficiency=16.063790349630548)"
[112   4],290,112,4,290,32.256,3.935079819301123,4.579187861615182,1539.6128665584747,7066.216048601636,0.017368450508805033,8.064,7.228313420810772,423.35918013074166,"ScoreBreakdown(accel=91.69422991893049, skidpad=75.0, autocross=55.08017834495726, endurance=186.2217457554959, efficiency=15.363026111358034)"
[112   4],295,112,4,295,32.256,3.9633417441227863,4.61836203910029,1536.900251623858,7075.573908584363,0.01651499630821978,8.064,7.235418344690423,423.2263177225949,"ScoreBreakdown(accel=89.7104735538761, skidpad=75.0, autocross=55.630702849845186, endurance=187.48685115858, efficiency=15.398290160293604)"
[112   4],300,112,4,300,32.256,3.9915058253446176,4.65720733660217,1542.9789145619854,7079.465538603787,0.016219521641542323,8.064,7.237836857301411,416.85793070030707,"ScoreBreakdown(accel=87.76153133710751, skidpad=75.0, autocross=54.39973103401603, endurance=184.65807772266035, efficiency=15.03859060652315)"
[116   4],200,116,4,200,33.407999999999994,3.6263688434969197,4.496213348185748,1444.7247922668687,6747.510101282099,0.10774702031197364,8.352,6.919053578111461,508.5242916945176,"ScoreBreakdown(accel=100.0, skidpad=75.0, autocross=75.56634472564625, endurance=233.29895947910208, efficiency=24.658987489769284)"
[116   4],205,116,4,205,33.407999999999994,3.6441452916822072,4.376067036852291,1452.556671638166,6793.506914057775,0.10039755332493322,8.352,6.964743023690051,501.5291702581672,"ScoreBreakdown(accel=100.0, skidpad=75.0, autocross=73.77411573214336, endurance=229.1804169562652, efficiency=23.57463756975861)"
[116   4],210,116,4,210,33.407999999999994,3.6511095024580413,4.4288669578696584,1449.1729588437452,6828.7829149944355,0.09437289657046818,8.352,7.003255944289274,503.82390108021156,"ScoreBreakdown(accel=100.0, skidpad=75.0, autocross=74.54605992866377, endurance=230.95434484726107, efficiency=23.32349630428672)"
[116   4],215,116,4,215,33.407999999999994,3.637075262504169,4.481046804910079,1453.4974388036924,6855.564866811303,0.08913439571578148,8.352,7.03560587111779,499.9671276189024,"ScoreBreakdown(accel=100.0, skidpad=75.0, autocross=73.56013211961276, endurance=228.68868257935665, efficiency=22.71831291993295)"
[116   4],220,116,4,220,33.407999999999994,3.6619219016776015,4.532621511412529,1461.1413541235195,6883.96668041052,0.08371559763901232,8.352,7.070141686378866,493.4500092208354,"ScoreBreakdown(accel=100.0, skidpad=75.0, autocross=71.83168903296733, endurance=224.71672008100464, efficiency=21.901600106863448)"
[116   4],225,116,4,225,33.407999999999994,3.6815379399303936,4.422192708426152,1468.731352158668,6926.171044039734,0.07696425953077256,8.352,7.112744502595562,486.87528467183273,"ScoreBreakdown(accel=100.0, skidpad=75.0, autocross=70.13323895881601, endurance=220.81368153031366, efficiency=20.92836418270311)"
[116   4],230,116,4,230,33.407999999999994,3.692103880388501,4.470852429020283,1466.150466554006,6963.354710104629,0.07222502339941511,8.352,7.143437190817462,488.4659429449287,"ScoreBreakdown(accel=100.0, skidpad=75.0, autocross=70.70880288549662, endurance=222.13632752880974, efficiency=20.62081253062235)"
[116   4],235,116,4,235,33.407999999999994,3.680992183321891,4.518984356243578,1470.3307162428,7002.937888484916,0.06635507684351975,8.352,7.1806624038952895,484.6707499009,"ScoreBreakdown(accel=100.0, skidpad=75.0, autocross=69.77757843519437, endurance=219.99637358833743, efficiency=19.896797877368147)"
[116   4],240,116,4,240,33.407999999999994,3.707720844568186,4.56660959939957,1479.0429633683477,7028.38107855754,0.06227675793954278,8.352,7.207143457308225,477.52239276197423,"ScoreBreakdown(accel=100.0, skidpad=75.0, autocross=67.85368910425325, endurance=215.57527558833993, efficiency=19.09342806938103)"
[116   4],245,116,4,245,33.407999999999994,3.7300323602843406,4.464215027810155,1485.2584369095828,7052.710236702018,0.058568953861299934,8.352,7.2311279962963315,472.4022649591786,"ScoreBreakdown(accel=100.0, skidpad=75.0, autocross=66.49494671505519, endurance=212.45288535373263, efficiency=18.454432890390784)"
[116   4],250,116,4,250,33.407999999999994,3.744515743492414,4.509360168975846,1483.1525968184737,7086.660514252176,0.053820382099788656,8.352,7.262898726854229,473.63520453837776,"ScoreBreakdown(accel=100.0, skidpad=75.0, autocross=66.9540212945528, endurance=213.50783881317815, efficiency=18.173344430646818)"
[116   4],255,116,4,255,33.407999999999994,3.736249422103384,4.554058482861819,1493.4454380593859,7108.583302034755,0.05039492696365737,8.352,7.286211016467967,465.4499396044126,"ScoreBreakdown(accel=100.0, skidpad=75.0, autocross=64.72247553327588, endurance=208.3797462854972, efficiency=17.347717785639524)"
[116   4],260,116,4,260,33.407999999999994,3.7685683556247653,4.5983204147764525,1499.1711820808316,7135.612780193402,0.04662869633920045,8.352,7.311909267674227,460.7761737172834,"ScoreBreakdown(accel=100.0, skidpad=75.0, autocross=63.49436611376069, endurance=205.55755063677935, efficiency=16.724256966743376)"
[116   4],265,116,4,265,33.407999999999994,3.800431217339053,4.642160207225828,1502.9247213494361,7162.809253989127,0.04282048011633922,8.352,7.337343501952154,457.6255731459044,"ScoreBreakdown(accel=100.0, skidpad=75.0, autocross=62.694350928957064, endurance=203.71911561007587, efficiency=16.212106606871494)"
[116   4],270,116,4,270,33.407999999999994,3.82946872142071,4.545210326813304,1514.8947544478567,7188.296730527714,0.03857330925066757,8.352,7.364855638712803,447.7406132610104,"ScoreBreakdown(accel=99.36641637168582, skidpad=75.0, autocross=60.169583485376165, endurance=197.91719960807092, efficiency=15.28741379587753)"
[116   4],275,116,4,275,33.407999999999994,3.8508227503561585,4.586949823898507,1511.4305901953826,7200.184229067548,0.0371902513504195,8.352,7.375677937397895,448.6026086086466,"ScoreBreakdown(accel=97.7811967647046, skidpad=75.0, autocross=60.89614690118705, endurance=199.58684245750726, efficiency=15.338422485247722)"
[116   4],280,116,4,280,33.407999999999994,3.8782795667071923,4.628315144971793,1515.996122253988,7216.832343374674,0.03501118369530424,8.352,7.390876893400232,443.0087933853253,"ScoreBreakdown(accel=95.76858873133177, skidpad=75.0, autocross=59.939281572390634, endurance=197.38796577402374, efficiency=14.912957307579155)"
[116   4],285,116,4,285,33.407999999999994,3.906724326227902,4.669313121469187,1520.0109512761285,7233.659113374436,0.03259172450781451,8.352,7.406466383423423,437.79886928384377,"ScoreBreakdown(accel=93.71339838354871, skidpad=75.0, autocross=59.10258504288534, endurance=195.4652370111426, efficiency=14.517648846267152)"
[116   4],290,116,4,290,33.407999999999994,3.935079819301123,4.579187861615182,1531.3175640553611,7249.631014853482,0.030009370183692978,8.352,7.424489487898683,427.3275578088324,"ScoreBreakdown(accel=91.69422991893049, skidpad=75.0, autocross=56.76984546229099, endurance=190.10460106997047, efficiency=13.758881357640464)"
[116   4],295,116,4,295,33.407999999999994,3.9633417441227863,4.61836203910029,1527.4920587758545,7272.2496337184575,0.027246077700269128,8.352,7.444539473734306,427.8858637270049,"ScoreBreakdown(accel=89.7104735538761, skidpad=75.0, autocross=57.55524438417748, endurance=191.9094479220781, efficiency=13.710697866873232)"
[116   4],300,116,4,300,33.407999999999994,3.9915058253446176,4.65720733660217,1531.9713567828385,7292.052229872911,0.02453711908624037,8.352,7.462951240552807,422.4633474510864,"ScoreBreakdown(accel=87.76153133710751, skidpad=75.0, autocross=56.636010402841265, endurance=189.79704808126846, efficiency=13.268757629869185)"
[120   4],200,120,4,200,34.559999999999995,3.6263688434969197,4.496213348185748,1444.196361532258,6814.953217249203,0.13480586226892452,8.64,6.9953572714173236,508.0728396466941,"ScoreBreakdown(accel=100.0, skidpad=75.0, autocross=75.68796960349509, endurance=233.5784534684702, efficiency=23.80641657472883)"
[120   4],205,120,4,205,34.559999999999995,3.6441452916822072,4.376067036852291,1451.7756069806107,6869.414076480066,0.12649353237419986,8.64,7.0494053281129005,501.1866329283011,"ScoreBreakdown(accel=100.0, skidpad=75.0, autocross=73.95198467604065, endurance=229.58915981869455, efficiency=22.645488433565887)"
[120   4],210,120,4,210,34.559999999999995,3.6511095024580413,4.4288669578696584,1448.046973153389,6911.703250811834,0.11948923493582587,8.64,7.095926714623009,503.68459289046245,"ScoreBreakdown(accel=100.0, skidpad=75.0, autocross=74.8037369666395, endurance=231.54648672305316, efficiency=22.33436920076973)"
[120   4],215,120,4,215,34.559999999999995,3.637075262504169,4.481046804910079,1452.1113165954894,6943.783054536837,0.11357724134127221,8.64,7.134017593389973,499.9782560089097,"ScoreBreakdown(accel=100.0, skidpad=75.0, autocross=73.87551132964687, endurance=229.41342405606125, efficiency=21.689320623201557)"
[120   4],220,120,4,220,34.559999999999995,3.6619219016776015,4.532621511412529,1459.5825135086868,6975.704129657225,0.10779055951904651,8.64,7.1722315907520064,493.5592541419894,"ScoreBreakdown(accel=100.0, skidpad=75.0, autocross=72.18270473834725, endurance=225.52335422989492, efficiency=20.853195173747253)"
[120   4],225,120,4,225,34.559999999999995,3.6815379399303936,4.422192708426152,1467.0580843847133,7020.504901444379,0.10045526851314872,8.64,7.220060088660655,487.050166992644,"ScoreBreakdown(accel=100.0, skidpad=75.0, autocross=70.5061639536749, endurance=221.6706632300424, efficiency=19.8733398089267)"
[120   4],230,120,4,230,34.559999999999995,3.692103880388501,4.470852429020283,1464.3378012621888,7061.638794739565,0.09541991689662012,8.64,7.253685421038483,488.71896413774175,"ScoreBreakdown(accel=100.0, skidpad=75.0, autocross=71.11425869044801, endurance=223.0680650354995, efficiency=19.536640411794252)"
[120   4],235,120,4,235,34.559999999999995,3.680992183321891,4.518984356243578,1468.4275535337456,7104.967572223532,0.0891503254222685,8.64,7.2947527065857845,484.9591956389895,"ScoreBreakdown(accel=100.0, skidpad=75.0, autocross=70.20088410400473, endurance=220.96913008512075, efficiency=18.789181449864007)"
[120   4],240,120,4,240,34.559999999999995,3.707720844568186,4.56660959939957,1477.1772707509094,7132.056135768918,0.08488099123972721,8.64,7.323323863173918,477.76022042752413,"ScoreBreakdown(accel=100.0, skidpad=75.0, autocross=68.26377270947414, endurance=216.51764778081267, efficiency=17.97879993723735)"
[120   4],245,120,4,245,34.559999999999995,3.7300323602843406,4.464215027810155,1483.3745258744773,7157.297848594297,0.08102164063054078,8.64,7.3490850437032655,472.64461844303423,"ScoreBreakdown(accel=100.0, skidpad=75.0, autocross=66.90557916432536, endurance=213.3965187899212, efficiency=17.342520488787674)"
[120   4],250,120,4,250,34.559999999999995,3.744515743492414,4.509360168975846,1481.1537215313112,7192.618019224694,0.07608062619247657,8.64,7.383129020355166,473.96479543197427,"ScoreBreakdown(accel=100.0, skidpad=75.0, autocross=67.39098508301916, endurance=214.51198167118497, efficiency=17.061828677770116)"
[120   4],255,120,4,255,34.559999999999995,3.736249422103384,4.554058482861819,1491.4283791918797,7215.76497325453,0.0726270987269575,8.64,7.407398592579139,465.77390364776693,"ScoreBreakdown(accel=100.0, skidpad=75.0, autocross=65.15735863240528, endurance=209.37910771906425, efficiency=16.237437296297387)"
[120   4],260,120,4,260,34.559999999999995,3.7685683556247653,4.5983204147764525,1497.0660345129409,7245.10517467994,0.06881569795595072,8.64,7.434162310951297,461.1430687718021,"ScoreBreakdown(accel=100.0, skidpad=75.0, autocross=63.94480521388931, endurance=206.5926597632098, efficiency=15.605603794702962)"
[120   4],265,120,4,265,34.559999999999995,3.800431217339053,4.642160207225828,1500.7069821480472,7273.734364179437,0.06484874572225385,8.64,7.461421266685271,458.06581743064555,"ScoreBreakdown(accel=100.0, skidpad=75.0, autocross=63.16654775335186, endurance=204.80422399046083, efficiency=15.095045686832849)"
[120   4],270,120,4,270,34.559999999999995,3.82946872142071,4.545210326813304,1512.578742472848,7300.800331654834,0.06061314400299367,8.64,7.489795142343557,448.22851279582915,"ScoreBreakdown(accel=99.36641637168582, skidpad=75.0, autocross=60.6549681670785, endurance=199.03261368672455, efficiency=14.174514570340323)"
[120   4],275,120,4,275,34.559999999999995,3.8508227503561585,4.586949823898507,1509.1088781956066,7313.324367156446,0.05922034660918934,8.64,7.500987170114962,449.09682494673615,"ScoreBreakdown(accel=97.7811967647046, skidpad=75.0, autocross=61.384962756425494, endurance=200.71014137351332, efficiency=14.22052405209274)"
[120   4],280,120,4,280,34.559999999999995,3.8782795667071923,4.628315144971793,1513.6414730345314,7330.4570746035015,0.05710490784714317,8.64,7.516280888730432,443.5209683383728,"ScoreBreakdown(accel=95.76858873133177, skidpad=75.0, autocross=60.43205902578426, endurance=198.52036844324428, efficiency=13.799952138012525)"
[120   4],285,120,4,285,34.559999999999995,3.906724326227902,4.669313121469187,1517.5991596134784,7348.211727141065,0.05446578873751131,8.64,7.533767749486724,438.3428487170084,"ScoreBreakdown(accel=93.71339838354871, skidpad=75.0, autocross=59.60467520881916, endurance=196.61904029531735, efficiency=13.405734829323167)"
[120   4],290,120,4,290,34.559999999999995,3.935079819301123,4.579187861615182,1528.8983499521623,7364.651591934683,0.05203584625489304,8.64,7.551414601783266,427.86003290641446,"ScoreBreakdown(accel=91.69422991893049, skidpad=75.0, autocross=57.26606761661151, endurance=191.24491966248934, efficiency=12.65481570838315)"
[120   4],295,120,4,295,34.559999999999995,3.9633417441227863,4.61836203910029,1525.0441561367288,7388.386449114208,0.049332658621320996,8.64,7.571734124290718,428.4405967177474,"ScoreBreakdown(accel=89.7104735538761, skidpad=75.0, autocross=58.059880676844074, endurance=193.06910220590484, efficiency=12.601140281122358)"
[120   4],300,120,4,300,34.559999999999995,3.9915058253446176,4.65720733660217,1529.4953065781456,7408.937450731501,0.046566447304331286,8.64,7.591119632900581,423.03022648678376,"ScoreBreakdown(accel=87.76153133710751, skidpad=75.0, autocross=57.143475727765576, endurance=190.96320348169036, efficiency=12.16201594022034)"
[124   4],200,124,4,200,35.711999999999996,3.6263688434969197,4.496213348185748,1444.5856599465105,6848.774178044392,0.16516625989590875,8.928,7.035923443693152,507.31616712036885,"ScoreBreakdown(accel=100.0, skidpad=75.0, autocross=75.59835912242242, endurance=233.3725285681769, efficiency=23.34527942976949)"
[124   4],205,124,4,205,35.711999999999996,3.6441452916822072,4.376067036852291,1452.053635864809,6910.927738837104,0.15599756387045957,8.928,7.0983209634629105,500.4360440252937,"ScoreBreakdown(accel=100.0, skidpad=75.0, autocross=73.88864826021988, endurance=229.44361272468603, efficiency=22.10378304038779)"
[124   4],210,124,4,210,35.711999999999996,3.6511095024580413,4.4288669578696584,1448.00714791641,6960.669209229635,0.14808508044141225,8.928,7.153089384766324,503.10434087648974,"ScoreBreakdown(accel=100.0, skidpad=75.0, autocross=74.81285814047814, endurance=231.56744718203956, efficiency=21.72403555397204)"
[124   4],215,124,4,215,35.711999999999996,3.637075262504169,4.481046804910079,1451.882665535018,6999.5959237596735,0.14132186644610664,8.928,7.198651404241385,499.47416859312386,"ScoreBreakdown(accel=100.0, skidpad=75.0, autocross=73.92759331246432, endurance=229.53310846117085, efficiency=21.013466819488727)"
[124   4],220,124,4,220,35.711999999999996,3.6619219016776015,4.532621511412529,1459.2110412520137,7036.937880426661,0.13488178450635244,8.928,7.242996943692915,493.1120673988134,"ScoreBreakdown(accel=100.0, skidpad=75.0, autocross=72.2664625545157, endurance=225.71582970527237, efficiency=20.12977513902528)"
[124   4],225,124,4,225,35.711999999999996,3.6815379399303936,4.422192708426152,1466.470913737831,7089.4708685200485,0.12656541088152776,8.928,7.299655173844805,486.6926273854971,"ScoreBreakdown(accel=100.0, skidpad=75.0, autocross=70.63722972700289, endurance=221.9718523987796, efficiency=19.083545259714587)"
[124   4],230,124,4,230,35.711999999999996,3.692103880388501,4.470852429020283,1463.482195024654,7136.210063603725,0.1207074005008578,8.928,7.340189394934434,488.5191381005719,"ScoreBreakdown(accel=100.0, skidpad=75.0, autocross=71.30598907587672, endurance=223.50866149285542, efficiency=18.704487531839778)"
[124   4],235,124,4,235,35.711999999999996,3.680992183321891,4.518984356243578,1467.3516155310172,7185.944063734008,0.11359782323017972,8.928,7.388496019399987,484.8690802623328,"ScoreBreakdown(accel=100.0, skidpad=75.0, autocross=70.44068248566666, endurance=221.52018680575324, efficiency=17.908210970912886)"
[124   4],240,124,4,240,35.711999999999996,3.707720844568186,4.56660959939957,1475.9867535530389,7215.799055789084,0.10897375374848466,8.928,7.420477959201396,477.7307096986666,"ScoreBreakdown(accel=100.0, skidpad=75.0, autocross=68.52599301381647, endurance=217.12023008346483, efficiency=17.084486601385237)"
[124   4],245,124,4,245,35.711999999999996,3.7300323602843406,4.464215027810155,1482.0571729035191,7243.779862260941,0.10495540224860411,8.928,7.4481906594304705,472.68550474594326,"ScoreBreakdown(accel=100.0, skidpad=75.0, autocross=67.19334027502397, endurance=214.05779386979512, efficiency=16.434370601124197)"
[124   4],250,124,4,250,35.711999999999996,3.744515743492414,4.509360168975846,1479.6874410319465,7281.460247662991,0.09977259753835091,8.928,7.484909482924902,474.10611676592146,"ScoreBreakdown(accel=100.0, skidpad=75.0, autocross=67.71227171581114, endurance=215.25029840636208, efficiency=16.143546643748238)"
[124   4],255,124,4,255,35.711999999999996,3.736249422103384,4.554058482861819,1489.955230040336,7305.149461971605,0.09633780522169258,8.928,7.509762248888258,465.91183229873536,"ScoreBreakdown(accel=100.0, skidpad=75.0, autocross=65.47571740259565, endurance=210.11069622549968, efficiency=15.325418670640007)"
[124   4],260,124,4,260,35.711999999999996,3.7685683556247653,4.5983204147764525,1495.5696892148894,7336.034481752872,0.09248466068629553,8.928,7.5376106572811,461.2847787230785,"ScoreBreakdown(accel=100.0, skidpad=75.0, autocross=64.26574970935096, endurance=207.3301902667454, efficiency=14.688838746982121)"
[124   4],265,124,4,265,35.711999999999996,3.800431217339053,4.642160207225828,1499.210182762705,7366.3682016798375,0.08840446941097349,8.928,7.566503917657402,458.19395373950596,"ScoreBreakdown(accel=100.0, skidpad=75.0, autocross=63.48603306023365, endurance=205.5384012783989, efficiency=14.169519400873439)"
[124   4],270,124,4,270,35.711999999999996,3.82946872142071,4.545210326813304,1511.0910857973308,7393.838358088348,0.08417067509445078,8.928,7.595819785315278,448.3427817644195,"ScoreBreakdown(accel=99.36641637168582, skidpad=75.0, autocross=60.967532773914535, endurance=199.75088720481563, efficiency=13.257945414003466)"
[124   4],275,124,4,275,35.711999999999996,3.8508227503561585,4.586949823898507,1507.570344805457,7407.038698917697,0.08282789650590101,8.928,7.607003769480883,449.24812546639026,"ScoreBreakdown(accel=97.7811967647046, skidpad=75.0, autocross=61.7097167392679, endurance=201.4564260796785, efficiency=13.300785882739252)"
[124   4],280,124,4,280,35.711999999999996,3.8782795667071923,4.628315144971793,1512.1060157748282,7424.5973566870825,0.08074423391907198,8.928,7.6225582690456575,443.6660733486022,"ScoreBreakdown(accel=95.76858873133177, skidpad=75.0, autocross=60.75422390368852, endurance=199.26070338583443, efficiency=12.882557327747513)"
[124   4],285,124,4,285,35.711999999999996,3.906724326227902,4.669313121469187,1516.0376129344331,7444.1107693414115,0.07800361403063828,8.928,7.6412844339785755,438.49023542464107,"ScoreBreakdown(accel=93.71339838354871, skidpad=75.0, autocross=59.93061218897513, endurance=197.36804352950438, efficiency=12.478181322612883)"
[124   4],290,124,4,290,35.711999999999996,3.935079819301123,4.579187861615182,1527.3235832236664,7460.918611838933,0.0756534154801612,8.928,7.658974511432589,428.0079742648245,"ScoreBreakdown(accel=91.69422991893049, skidpad=75.0, autocross=57.589923865208476, endurance=191.98914137521044, efficiency=11.734679105475106)"
[124   4],295,124,4,295,35.711999999999996,3.9633417441227863,4.61836203910029,1523.4189647018877,7484.903582655132,0.07306880461123375,8.928,7.67911917642019,428.6323382056194,"ScoreBreakdown(accel=89.7104735538761, skidpad=75.0, autocross=58.395810428381004, endurance=193.84106883037433, efficiency=11.684985392987997)"
[124   4],300,124,4,300,35.711999999999996,3.9915058253446176,4.65720733660217,1527.8100724623735,7506.701465926091,0.07019063818259415,8.928,7.699841486103168,423.2543068746737,"ScoreBreakdown(accel=87.76153133710751, skidpad=75.0, autocross=57.4898043976232, endurance=191.75906682217698, efficiency=11.243904317765995)"
[128   4],200,128,4,200,36.864,3.6263688434969197,4.496213348185748,1445.60172548264,6851.944060215886,0.19826030920322735,9.216,7.041576477026504,506.44290937924757,"ScoreBreakdown(accel=100.0, skidpad=75.0, autocross=75.36470390475952, endurance=232.83558883942817, efficiency=23.242616635059903)"
[128   4],205,128,4,205,36.864,3.6441452916822072,4.376067036852291,1453.0312598640264,6919.662867219428,0.1886230329861026,9.216,7.110219041481378,499.5341560701251,"ScoreBreakdown(accel=100.0, skidpad=75.0, autocross=73.66613291921827, endurance=228.93227243434313, efficiency=21.9357507165637)"
[128   4],210,128,4,210,36.864,3.6511095024580413,4.4288669578696584,1448.7255546378203,6975.057854838907,0.1801463771954574,9.216,7.171540345822834,502.34073767395887,"ScoreBreakdown(accel=100.0, skidpad=75.0, autocross=74.64839852124781, endurance=231.1895189499081, efficiency=21.502820202802912)"
[128   4],215,128,4,215,36.864,3.637075262504169,4.481046804910079,1452.5090556635894,7020.175430989857,0.1727058522737585,9.216,7.224030337123613,498.7154029673685,"ScoreBreakdown(accel=100.0, skidpad=75.0, autocross=73.78495366518632, endurance=229.2053225281864, efficiency=20.72512677399576)"
[128   4],220,128,4,220,36.864,3.6619219016776015,4.532621511412529,1459.7579730803257,7062.848202065529,0.16555552440397112,9.216,7.275301529007605,492.3622787882672,"ScoreBreakdown(accel=100.0, skidpad=75.0, autocross=72.14315776263825, endurance=225.43247527318948, efficiency=19.7866457524394)"
[128   4],225,128,4,225,36.864,3.6815379399303936,4.422192708426152,1466.9109821711843,7122.400253878322,0.15620188882572447,9.216,7.341751767891836,485.9559336257972,"ScoreBreakdown(accel=100.0, skidpad=75.0, autocross=70.53898964331229, endurance=221.74609667024615, efficiency=18.670847312238795)"
[128   4],230,128,4,230,36.864,3.692103880388501,4.470852429020283,1463.6711662864875,7175.220285686107,0.1494792182574228,9.216,7.390044118178353,487.9148944156741,"ScoreBreakdown(accel=100.0, skidpad=75.0, autocross=71.26362375281708, endurance=223.41130597347282, efficiency=18.239964689384216)"
[128   4],235,128,4,235,36.864,3.680992183321891,4.518984356243578,1467.3396799415304,7233.457624494787,0.14141608076531115,9.216,7.4471230416545895,484.3354843411114,"ScoreBreakdown(accel=100.0, skidpad=75.0, autocross=70.44334458794324, endurance=221.52630431722412, efficiency=17.365835435944078)"
[128   4],240,128,4,240,36.864,3.707720844568186,4.56660959939957,1475.8588765320994,7268.851390750337,0.13625679627476653,9.216,7.484159223313325,477.23334078173923,"ScoreBreakdown(accel=100.0, skidpad=75.0, autocross=68.55418404349402, endurance=217.18501307431612, efficiency=16.494143663929076)"
[128   4],245,128,4,245,36.864,3.7300323602843406,4.464215027810155,1481.8065459904446,7301.222357578907,0.13170669578431013,9.216,7.516748812647072,472.24104108055826,"ScoreBreakdown(accel=100.0, skidpad=75.0, autocross=67.24814486822814, endurance=214.18373483402257, efficiency=15.809161378307525)"
[128   4],250,128,4,250,36.864,3.744515743492414,4.509360168975846,1479.1807020672368,7344.449014364947,0.12580289879955442,9.216,7.55998118667761,473.80637917492703,"ScoreBreakdown(accel=100.0, skidpad=75.0, autocross=67.82345482121119, endurance=215.5057972009197, efficiency=15.477127152796198)"
[128   4],255,128,4,255,36.864,3.736249422103384,4.554058482861819,1489.3715039939434,7371.07049621382,0.1221414522925231,9.216,7.587399844543966,465.643288152093,"ScoreBreakdown(accel=100.0, skidpad=75.0, autocross=65.60203926883125, endurance=210.4009838949557, efficiency=14.640264988306129)"
[128   4],260,128,4,260,36.864,3.7685683556247653,4.5983204147764525,1494.8991081682286,7405.50815955428,0.11804151802477003,9.216,7.617994677657965,461.04974312697715,"ScoreBreakdown(accel=100.0, skidpad=75.0, autocross=64.40978816519865, endurance=207.66119066205357, efficiency=13.97876429972489)"
[128   4],265,128,4,265,36.864,3.800431217339053,4.642160207225828,1498.434577438894,7439.0846536609415,0.11364709667701753,9.216,7.650130073445708,458.0096467432081,"ScoreBreakdown(accel=100.0, skidpad=75.0, autocross=63.65183369620085, endurance=205.91941116721324, efficiency=13.438401879793997)"
[128   4],270,128,4,270,36.864,3.82946872142071,4.545210326813304,1510.2348888930185,7469.102359389592,0.10919715833538934,9.216,7.682009588829152,448.19456097658616,"ScoreBreakdown(accel=99.36641637168582, skidpad=75.0, autocross=61.14770350083254, endurance=200.1649195650064, efficiency=12.515521539061398)"
[128   4],275,128,4,275,36.864,3.8508227503561585,4.586949823898507,1506.631916476199,7483.052493573688,0.10787515915528875,9.216,7.69338168765478,449.15761100809624,"ScoreBreakdown(accel=97.7811967647046, skidpad=75.0, autocross=61.90812606473574, endurance=201.91237074234652, efficiency=12.55591743630938)"
[128   4],280,128,4,280,36.864,3.8782795667071923,4.628315144971793,1511.1475759824468,7501.464229490625,0.10569335893411674,9.216,7.710041748167801,443.5834836226223,"ScoreBreakdown(accel=95.76858873133177, skidpad=75.0, autocross=60.95565264384535, endurance=199.72358666395604, efficiency=12.135655583489134)"
[128   4],285,128,4,285,36.864,3.906724326227902,4.669313121469187,1515.0440897457875,7522.212393827406,0.10280475997419364,9.216,7.7303687286501255,438.4234427871661,"ScoreBreakdown(accel=93.71339838354871, skidpad=75.0, autocross=60.138337051461555, endurance=197.84539529777848, efficiency=11.726312054377331)"
[128   4],290,128,4,290,36.864,3.935079819301123,4.579187861615182,1526.3052623756776,7539.587041575448,0.10050171128135028,9.216,7.748265619910918,427.9521271835689,"ScoreBreakdown(accel=91.69422991893049, skidpad=75.0, autocross=57.79970087757327, endurance=192.47120898424365, efficiency=10.986987402821436)"
[128   4],295,128,4,295,36.864,3.9633417441227863,4.61836203910029,1522.35148655263,7564.2090764819095,0.09803847899645186,9.216,7.76811761446473,428.61285047252204,"ScoreBreakdown(accel=89.7104735538761, skidpad=75.0, autocross=58.61685019872792, endurance=194.3490182591092, efficiency=10.936508460808817)"
[128   4],300,128,4,300,36.864,3.9915058253446176,4.65720733660217,1526.7093065042563,7586.70233903304,0.09514793128077517,9.216,7.789562610653953,423.2544518838535,"ScoreBreakdown(accel=87.76153133710751, skidpad=75.0, autocross=57.71643313983939, endurance=192.27985970918985, efficiency=10.49662769771673)"
[132   4],200,132,4,200,38.016,3.6263688434969197,4.496213348185748,1446.9934525474175,6843.081586438404,0.23072195088563688,9.504,7.0320275348274075,505.4183877247122,"ScoreBreakdown(accel=100.0, skidpad=75.0, autocross=75.04519382095344, endurance=232.1013546141138, efficiency=23.271839289644962)"
[132   4],205,132,4,205,38.016,3.6441452916822072,4.376067036852291,1454.407973038424,6911.457738559878,0.2214704420877537,9.504,7.101453411883462,498.5231586526395,"ScoreBreakdown(accel=100.0, skidpad=75.0, autocross=73.35328880824248, endurance=228.21335661569304, efficiency=21.95651322870394)"
[132   4],210,132,4,210,38.016,3.6511095024580413,4.4288669578696584,1449.8969035362863,6967.996659562579,0.21335638288455058,9.504,7.163409837493884,501.47519349921646,"ScoreBreakdown(accel=100.0, skidpad=75.0, autocross=74.38059964498122, endurance=230.5741170880532, efficiency=21.520476766182096)"
[132   4],215,132,4,215,38.016,3.637075262504169,4.481046804910079,1453.6428665363624,7014.954946520654,0.20589106705968263,9.504,7.219037016938799,497.86182123541846,"ScoreBreakdown(accel=100.0, skidpad=75.0, autocross=73.52707835264158, endurance=228.6127250174021, efficiency=20.722017865374745)"
[132   4],220,132,4,220,38.016,3.6619219016776015,4.532621511412529,1460.8863068575783,7059.803404099233,0.1987623809001494,9.504,7.272827829299963,491.49542630839386,"ScoreBreakdown(accel=100.0, skidpad=75.0, autocross=71.88906866269728, endurance=224.84857847959313, efficiency=19.75777916610342)"
[132   4],225,132,4,225,38.016,3.6815379399303936,4.422192708426152,1468.029415725951,7121.849232727878,0.18909087010105,9.504,7.344920132704178,485.07625703449855,"ScoreBreakdown(accel=100.0, skidpad=75.0, autocross=70.28957761723379, endurance=221.17294779315804, efficiency=18.613731624106723)"
[132   4],230,132,4,230,38.016,3.692103880388501,4.470852429020283,1464.5857947547431,7178.436841831505,0.18202801007634628,9.504,7.397982755047741,487.15014345668715,"ScoreBreakdown(accel=100.0, skidpad=75.0, autocross=71.05872840399293, endurance=222.9404564280617, efficiency=18.15095862463247)"
[132   4],235,132,4,235,38.016,3.680992183321891,4.518984356243578,1468.1644525853674,7243.474190001376,0.1731531492876228,9.504,7.463481519298105,483.5694836022504,"ScoreBreakdown(accel=100.0, skidpad=75.0, autocross=70.2594899452022, endurance=221.1038063178639, efficiency=17.2061873391843)"
[132   4],240,132,4,240,38.016,3.707720844568186,4.56660959939957,1476.6350924852543,7283.354790683145,0.16751252110055848,9.504,7.505530511756826,476.4647933191454,"ScoreBreakdown(accel=100.0, skidpad=75.0, autocross=68.38313908917137, endurance=216.79195174105553, efficiency=16.28970248891847)"
[132   4],245,132,4,245,38.016,3.7300323602843406,4.464215027810155,1482.5229665352144,7319.728759638125,0.16250136289285252,9.504,7.542806836750877,471.4819872534369,"ScoreBreakdown(accel=100.0, skidpad=75.0, autocross=67.09153439108616, endurance=213.82384393170534, efficiency=15.566608930645398)"
[132   4],250,132,4,250,38.016,3.744515743492414,4.509360168975846,1479.7096301837187,7368.9162382233535,0.15587171987196416,9.504,7.593072934366528,473.1286300556998,"ScoreBreakdown(accel=100.0, skidpad=75.0, autocross=67.70740495577894, endurance=215.23911459100492, efficiency=15.182110508915919)"
[132   4],255,132,4,255,38.016,3.736249422103384,4.554058482861819,1489.8362275831423,7398.273608137105,0.15190874991637565,9.504,7.623775361882438,464.99493910754575,"ScoreBreakdown(accel=100.0, skidpad=75.0, autocross=65.50146222494806, endurance=210.1698578315141, efficiency=14.323619051083595)"
[132   4],260,132,4,260,38.016,3.7685683556247653,4.5983204147764525,1495.2771522809257,7437.088702789697,0.14731496904033858,9.504,7.659086813598364,460.42768808576227,"ScoreBreakdown(accel=100.0, skidpad=75.0, autocross=64.32856972977899, endurance=207.47455068405603, efficiency=13.624567671927224)"
[132   4],265,132,4,265,38.016,3.800431217339053,4.642160207225828,1498.7190787712939,7475.522496311305,0.14237280379991585,9.504,7.696436143799087,457.4130472507611,"ScoreBreakdown(accel=100.0, skidpad=75.0, autocross=63.590996106070776, endurance=205.77960637505456, efficiency=13.042444769635802)"
[132   4],270,132,4,270,38.016,3.82946872142071,4.545210326813304,1510.4241968516483,7510.131842166174,0.13741868914946748,9.504,7.733248983699402,447.63129129518546,"ScoreBreakdown(accel=99.36641637168582, skidpad=75.0, autocross=61.10784957033306, endurance=200.07333522614158, efficiency=12.083690127025015)"
[132   4],275,132,4,275,38.016,3.8508227503561585,4.586949823898507,1506.7225275971987,7525.267153140204,0.1360748440776319,9.504,7.745125762997093,448.6560226621788,"ScoreBreakdown(accel=97.7811967647046, skidpad=75.0, autocross=61.88895762435195, endurance=201.86832166318132, efficiency=12.117546609940959)"
[132   4],280,132,4,280,38.016,3.8782795667071923,4.628315144971793,1511.183418963451,7546.078015236617,0.13364450510230014,9.504,7.764232132201073,443.1021631640251,"ScoreBreakdown(accel=95.76858873133177, skidpad=75.0, autocross=60.948115170601, endurance=199.70626554919662, efficiency=11.679193712895746)"
[132   4],285,132,4,285,38.016,3.906724326227902,4.669313121469187,1515.0081168964111,7570.5799983111665,0.13038592327189086,9.504,7.788132783882407,437.9613766119046,"ScoreBreakdown(accel=93.71339838354871, skidpad=75.0, autocross=60.14586333071259, endurance=197.86269068873938, efficiency=11.2394242089039)"
[132   4],290,132,4,290,38.016,3.935079819301123,4.579187861615182,1526.2133434930465,7590.284636054025,0.1279341304665794,9.504,7.807768791068308,427.5131877805017,"ScoreBreakdown(accel=91.69422991893049, skidpad=75.0, autocross=57.818650205376535, endurance=192.51475454266264, efficiency=10.485553113532045)"
[132   4],295,132,4,295,38.016,3.9633417441227863,4.61836203910029,1522.1423579842922,7617.1531482419205,0.12528935129070368,9.504,7.829594597690607,428.23994270993876,"ScoreBreakdown(accel=89.7104735538761, skidpad=75.0, autocross=58.66019019575108, endurance=194.44861357942082, efficiency=10.420665380890723)"
[132   4],300,132,4,300,38.016,3.9915058253446176,4.65720733660217,1526.4164682218966,7643.367995881868,0.12202904490843758,9.504,7.854475632176306,422.909837774158,"ScoreBreakdown(accel=87.76153133710751, skidpad=75.0, autocross=57.77677854048746, endurance=192.4185334498377, efficiency=9.952994446725306)"
[136   4],200,136,4,200,39.168,3.6263688434969197,4.496213348185748,1448.5744460843675,6829.886362679453,0.261346806105602,9.792,7.016459772275506,504.297612271945,"ScoreBreakdown(accel=100.0, skidpad=75.0, autocross=74.68297715483614, endurance=231.2689806556004, efficiency=23.345654461508484)"
[136   4],205,136,4,205,39.168,3.6441452916822072,4.376067036852291,1456.0086975380607,6898.82089080348,0.25252486862412954,9.792,7.0859808898849765,497.38930496362957,"ScoreBreakdown(accel=100.0, skidpad=75.0, autocross=72.99028423525611, endurance=227.37917204706446, efficiency=22.019848681309007)"
[136   4],210,136,4,210,39.168,3.6511095024580413,4.4288669578696584,1451.3019195638653,6956.654988100443,0.24459053851924534,9.792,7.149533337132625,500.474691786961,"ScoreBreakdown(accel=100.0, skidpad=75.0, autocross=74.0599490083915, endurance=229.83726187225386, efficiency=21.57748090631559)"
[136   4],215,136,4,215,39.168,3.637075262504169,4.481046804910079,1455.0457753166493,7004.4452056953105,0.2372642422460249,9.792,7.206866055465398,496.85705270453906,"ScoreBreakdown(accel=100.0, skidpad=75.0, autocross=73.20855536863951, endurance=227.8807591476002, efficiency=20.767738188299358)"
[136   4],220,136,4,220,39.168,3.6619219016776015,4.532621511412529,1462.2563076121069,7049.927737839998,0.23033849425588543,9.792,7.2617409699836495,490.5187984717154,"ScoreBreakdown(accel=100.0, skidpad=75.0, autocross=71.58108576228466, endurance=224.1408337236193, efficiency=19.796878985811393)"
[136   4],225,136,4,225,39.168,3.6815379399303936,4.422192708426152,1469.4014844136093,7111.73482830972,0.2209998786458159,9.792,7.334976040117776,484.1094841886061,"ScoreBreakdown(accel=100.0, skidpad=75.0, autocross=69.98412324830069, endurance=220.47101360294127, efficiency=18.65434733736415)"
[136   4],230,136,4,230,39.168,3.692103880388501,4.470852429020283,1465.7852024049337,7167.867461377317,0.21420917274588505,9.792,7.38875278682152,486.31959220098474,"ScoreBreakdown(accel=100.0, skidpad=75.0, autocross=70.79042425776522, endurance=222.3238934557527, efficiency=18.205274487466788)"
[136   4],235,136,4,235,39.168,3.680992183321891,4.518984356243578,1469.3641812661535,7233.111749831039,0.2056809577113796,9.792,7.455204605213501,482.739097689808,"ScoreBreakdown(accel=100.0, skidpad=75.0, autocross=69.99242025181377, endurance=220.4900801183837, efficiency=17.256597319610496)"
[136   4],240,136,4,240,39.168,3.707720844568186,4.56660959939957,1477.8454256445589,7273.119305983787,0.20029294300000539,9.792,7.497636983737663,475.63397191580714,"ScoreBreakdown(accel=100.0, skidpad=75.0, autocross=68.11679169336479, endurance=216.17988538153745, efficiency=16.337294840904857)"
[136   4],245,136,4,245,39.168,3.7300323602843406,4.464215027810155,1483.735909685329,7310.113099632531,0.19544910046798547,9.792,7.53566135489351,470.64856686720515,"ScoreBreakdown(accel=100.0, skidpad=75.0, autocross=66.82672820361483, endurance=213.2153192691959, efficiency=15.606519394394413)"
[136   4],250,136,4,250,39.168,3.744515743492414,4.509360168975846,1480.815268360669,7360.626545042289,0.1888881212369412,9.792,7.587978497423888,472.35975212960176,"ScoreBreakdown(accel=100.0, skidpad=75.0, autocross=67.46508936254133, endurance=214.68227331775626, efficiency=15.212389449304172)"
[136   4],255,136,4,255,39.168,3.736249422103384,4.554058482861819,1490.937041222935,7390.006912692152,0.1850259001256643,9.792,7.619322456043135,464.2400542134024,"ScoreBreakdown(accel=100.0, skidpad=75.0, autocross=65.26347059302827, endurance=209.62295302208716, efficiency=14.353630598286983)"
[136   4],260,136,4,260,39.168,3.7685683556247653,4.5983204147764525,1496.3535223835208,7431.1268650899565,0.18032877806632228,9.792,7.657068432687442,459.67223800150083,"ScoreBreakdown(accel=100.0, skidpad=75.0, autocross=64.09754874083583, endurance=206.94366441333975, efficiency=13.631024847325223)"
[136   4],265,136,4,265,39.168,3.800431217339053,4.642160207225828,1499.7785011685746,7472.2930560776595,0.1752213464457723,9.792,7.697408552371911,456.6452089879381,"ScoreBreakdown(accel=100.0, skidpad=75.0, autocross=63.36465287540223, endurance=205.25946959362528, efficiency=13.021086518910563)"
[136   4],270,136,4,270,39.168,3.82946872142071,4.545210326813304,1511.45568135701,7509.962413184877,0.17002261974212277,9.792,7.737674701062852,446.86498831873945,"ScoreBreakdown(accel=99.36641637168582, skidpad=75.0, autocross=60.890872382164986, endurance=199.5747216119241, efficiency=12.032977952964554)"
[136   4],275,136,4,275,39.168,3.8508227503561585,4.586949823898507,1507.6734603124833,7525.932413543011,0.16870787872734522,9.792,7.749725391750013,447.9377511675796,"ScoreBreakdown(accel=97.7811967647046, skidpad=75.0, autocross=61.68793037174029, endurance=201.4063610035047, efficiency=12.062263027630012)"
[136   4],280,136,4,280,39.168,3.8782795667071923,4.628315144971793,1512.1059483136219,7548.2364072048995,0.1662010887191779,9.792,7.770147541190401,442.39427287087784,"ScoreBreakdown(accel=95.76858873133177, skidpad=75.0, autocross=60.75423807256323, endurance=199.2607359459108, efficiency=11.61071012107203)"
[136   4],285,136,4,285,39.168,3.906724326227902,4.669313121469187,1515.908668605162,7575.75176436975,0.16254558673954908,9.792,7.79798429450794,437.24333350919665,"ScoreBreakdown(accel=93.71339838354871, skidpad=75.0, autocross=59.9575563679607, endurance=197.42996125725972, efficiency=11.142417500427534)"
[136   4],290,136,4,290,39.168,3.935079819301123,4.579187861615182,1527.0710976075065,7597.8654717563495,0.15988521974348388,9.792,7.819866448524274,426.8129929917558,"ScoreBreakdown(accel=91.69422991893049, skidpad=75.0, autocross=57.64191054084732, endurance=192.10860676440763, efficiency=10.368245767570341)"
[136   4],295,136,4,295,39.168,3.9633417441227863,4.61836203910029,1522.92197374395,7626.625252892607,0.15710978118210242,9.792,7.843348841552899,427.57547036074163,"ScoreBreakdown(accel=89.7104735538761, skidpad=75.0, autocross=58.4986824315624, endurance=194.07746871066183, efficiency=10.288845664641233)"
[136   4],300,136,4,300,39.168,3.9915058253446176,4.65720733660217,1527.1383525102879,7656.736319336759,0.15340083931535098,9.792,7.872531814837436,422.2536562502589,"ScoreBreakdown(accel=87.76153133710751, skidpad=75.0, autocross=57.628061106760946, endurance=192.0767807625916, efficiency=9.78728304379889)"
[140   4],200,140,4,200,40.32,3.6263688434969197,4.496213348185748,1450.2958256025447,6813.862603287236,0.29009278288990586,10.08,6.996834789604405,503.10228673634697,"ScoreBreakdown(accel=100.0, skidpad=75.0, autocross=74.28949509638856, endurance=230.36475882035262, efficiency=23.44803281960578)"
[140   4],205,140,4,205,40.32,3.6441452916822072,4.376067036852291,1457.7447496050852,6883.504001061572,0.28147644747864786,10.08,7.067934764814116,496.18340201320905,"ScoreBreakdown(accel=100.0, skidpad=75.0, autocross=72.59749189408078, endurance=226.47653518222182, efficiency=22.109374936906434)"
[140   4],210,140,4,210,40.32,3.6511095024580413,4.4288669578696584,1452.8344952692241,6942.263434738831,0.27387277622003353,10.08,7.1317551955092275,499.4112289355255,"ScoreBreakdown(accel=100.0, skidpad=75.0, autocross=73.71089410417864, endurance=229.0351336447689, efficiency=21.665201186577953)"
[140   4],215,140,4,215,40.32,3.637075262504169,4.481046804910079,1456.5886769566944,6990.483426048268,0.2667045043733199,10.08,7.190528524324439,495.78412293131385,"ScoreBreakdown(accel=100.0, skidpad=75.0, autocross=72.85895621314852, endurance=227.0773802305883, efficiency=20.847786487577046)"
[140   4],220,140,4,220,40.32,3.6619219016776015,4.532621511412529,1463.7944374148076,7036.3904876904035,0.26006915566350436,10.08,7.245692303877657,489.45434488745815,"ScoreBreakdown(accel=100.0, skidpad=75.0, autocross=71.23599358763497, endurance=223.34781184932453, efficiency=19.870539450498647)"
[140   4],225,140,4,225,40.32,3.6815379399303936,4.422192708426152,1470.9565151373474,7097.746912264323,0.25111349899804875,10.08,7.319366062329382,483.04607242204094,"ScoreBreakdown(accel=100.0, skidpad=75.0, autocross=69.63862616473061, endurance=219.6770612478806, efficiency=18.730385009429707)"
[140   4],230,140,4,230,40.32,3.692103880388501,4.470852429020283,1467.1881422810623,7152.8410106727,0.24460942481332082,10.08,7.3734036144695745,485.3812014475613,"ScoreBreakdown(accel=100.0, skidpad=75.0, autocross=70.47714716626899, endurance=221.60398264779502, efficiency=18.300071633497296)"
[140   4],235,140,4,235,40.32,3.680992183321891,4.518984356243578,1470.794993027239,7218.235831851462,0.23639328509421642,10.08,7.440481625626351,481.7796080017588,"ScoreBreakdown(accel=100.0, skidpad=75.0, autocross=69.67447918302302, endurance=219.75945148983334, efficiency=17.345677328902386)"
[140   4],240,140,4,240,40.32,3.707720844568186,4.56660959939957,1479.251168583257,7258.044461045053,0.2312164751560502,10.08,7.4832349317179565,474.70675713480745,"ScoreBreakdown(accel=100.0, skidpad=75.0, autocross=67.80798927131033, endurance=215.4702573646955, efficiency=16.4285104988016)"
[140   4],245,140,4,245,40.32,3.7300323602843406,4.464215027810155,1485.1159708386444,7295.344320557198,0.22648894675127879,10.08,7.522133134734751,469.7445116604068,"ScoreBreakdown(accel=100.0, skidpad=75.0, autocross=66.52596335657421, endurance=212.5241616010621, efficiency=15.694386702770508)"
[140   4],250,140,4,250,40.32,3.744515743492414,4.509360168975846,1482.1299588882932,7346.453455234808,0.2201447025554258,10.08,7.575148181670261,471.49426009726557,"ScoreBreakdown(accel=100.0, skidpad=75.0, autocross=67.17742763498168, endurance=214.02122662035197, efficiency=15.295605841931938)"
[140   4],255,140,4,255,40.32,3.736249422103384,4.554058482861819,1492.2598609132688,7375.328058506078,0.2165795996106847,10.08,7.605579487780645,463.3855880656244,"ScoreBreakdown(accel=100.0, skidpad=75.0, autocross=64.97794659979652, endurance=208.96681883852142, efficiency=14.44082262730644)"
[140   4],260,140,4,260,40.32,3.7685683556247653,4.5983204147764525,1497.6483641412779,7416.698258968981,0.21204133604060343,10.08,7.643881469051783,458.8417382349483,"ScoreBreakdown(accel=100.0, skidpad=75.0, autocross=63.8200772612728, endurance=206.3060349075134, efficiency=13.715626066162068)"
[140   4],265,140,4,265,40.32,3.800431217339053,4.642160207225828,1501.0065082644514,7458.4035528359,0.2071672813243328,10.08,7.684453381859684,455.86236174426466,"ScoreBreakdown(accel=100.0, skidpad=75.0, autocross=63.102691720014256, endurance=204.65748281531293, efficiency=13.102187208937432)"
[140   4],270,140,4,270,40.32,3.82946872142071,4.545210326813304,1512.6053148549374,7496.607699505051,0.20221247570571596,10.08,7.7249774514499325,446.14691892845804,"ScoreBreakdown(accel=99.36641637168582, skidpad=75.0, autocross=60.649390756782836, endurance=199.0197967969447, efficiency=12.111315003044625)"
[140   4],275,140,4,275,40.32,3.8508227503561585,4.586949823898507,1508.9082859098276,7511.7521867836485,0.20111227942617527,10.08,7.735686978500076,447.1601195914463,"ScoreBreakdown(accel=97.7811967647046, skidpad=75.0, autocross=61.42726627877042, endurance=200.807354874843, efficiency=12.144301673128284)"
[140   4],280,140,4,280,40.32,3.8782795667071923,4.628315144971793,1513.288058124062,7534.692350584929,0.198679734588812,10.08,7.756546707188282,441.65361114926066,"ScoreBreakdown(accel=95.76858873133177, skidpad=75.0, autocross=60.50615352460337, endurance=198.6906376137583, efficiency=11.688231279567235)"
[140   4],285,140,4,285,40.32,3.906724326227902,4.669313121469187,1517.0253558478262,7562.768440762518,0.19515464612572703,10.08,7.784976154661364,436.5486117581381,"ScoreBreakdown(accel=93.71339838354871, skidpad=75.0, autocross=59.724365575362505, endurance=196.89408877738617, efficiency=11.216759021840716)"
[140   4],290,140,4,290,40.32,3.935079819301123,4.579187861615182,1528.1184449473024,7584.515523056305,0.1926499094345592,10.08,7.806692539924961,426.18281496042795,"ScoreBreakdown(accel=91.69422991893049, skidpad=75.0, autocross=57.42637436222693, endurance=191.61330459036867, efficiency=10.44890608890187)"
[140   4],295,140,4,295,40.32,3.9633417441227863,4.61836203910029,1524.0711785049375,7612.762795324658,0.19009441845107286,10.08,7.829404266105698,426.8712716790128,"ScoreBreakdown(accel=89.7104735538761, skidpad=75.0, autocross=58.26091069299808, endurance=193.53106921620233, efficiency=10.368818215936267)"
[140   4],300,140,4,300,40.32,3.9915058253446176,4.65720733660217,1528.2136739729176,7644.000568023076,0.18652799963118935,10.08,7.859046435390168,421.5955755986368,"ScoreBreakdown(accel=87.76153133710751, skidpad=75.0, autocross=57.40679159951275, endurance=191.56830339841977, efficiency=9.858949263596804)"
[144   4],200,144,4,200,41.471999999999994,3.6263688434969197,4.496213348185748,1452.1219881903328,6795.762225616856,0.3169921088125486,10.368,6.974635633276916,501.8526754420877,"ScoreBreakdown(accel=100.0, skidpad=75.0, autocross=73.87308096165431, endurance=229.40783907001327, efficiency=23.5717554104201)"
[144   4],205,144,4,205,41.471999999999994,3.6441452916822072,4.376067036852291,1459.4534540560517,6866.556318783283,0.3086991027961327,10.368,7.046306343050854,495.02384513845857,"ScoreBreakdown(accel=100.0, skidpad=75.0, autocross=72.2117996229177, endurance=225.59021427943927, efficiency=22.22183123610162)"
[144   4],210,144,4,210,41.471999999999994,3.6511095024580413,4.4288669578696584,1454.4806789403826,6925.151352703696,0.3014235921132181,10.368,7.110108971311766,498.2929178388723,"ScoreBreakdown(accel=100.0, skidpad=75.0, autocross=73.33678359333997, endurance=228.1754276291231, efficiency=21.780706616409255)"
[144   4],215,144,4,215,41.471999999999994,3.637075262504169,4.481046804910079,1458.2773435179583,6973.455118139625,0.29446882368492927,10.368,7.169725745965875,494.63468891584563,"ScoreBreakdown(accel=100.0, skidpad=75.0, autocross=72.47717674757669, endurance=226.2000509557003, efficiency=20.957461212568585)"
[144   4],220,144,4,220,41.471999999999994,3.6619219016776015,4.532621511412529,1465.3999836818734,7020.078936438136,0.28794194440897647,10.368,7.226527777962424,488.3726054827744,"ScoreBreakdown(accel=100.0, skidpad=75.0, autocross=70.87654873364134, endurance=222.52180751552893, efficiency=19.974249233604098)"
[144   4],225,144,4,225,41.471999999999994,3.6815379399303936,4.422192708426152,1472.41628081169,7081.674263170378,0.27929121627887915,10.368,7.301095526940098,482.08515437257176,"ScoreBreakdown(accel=100.0, skidpad=75.0, autocross=69.31495916490096, endurance=218.93327442885814, efficiency=18.83692077881269)"
[144   4],230,144,4,230,41.471999999999994,3.692103880388501,4.470852429020283,1468.7167310246216,7135.306718032862,0.2731809922535675,10.368,7.354116478397921,484.37518686619995,"ScoreBreakdown(accel=100.0, skidpad=75.0, autocross=70.13649392417537, endurance=220.82116144124666, efficiency=18.417531500777887)"
[144   4],235,144,4,235,41.471999999999994,3.680992183321891,4.518984356243578,1472.3257969102208,7200.818594983583,0.26518436863882716,10.368,7.422414467495918,480.77304496284194,"ScoreBreakdown(accel=100.0, skidpad=75.0, autocross=69.33500307775279, endurance=218.97933534389952, efficiency=17.458706541189613)"
[144   4],240,144,4,240,41.471999999999994,3.707720844568186,4.56660959939957,1480.6424146525367,7240.466571831921,0.26014213780257867,10.368,7.4660358054025115,473.82137218105197,"ScoreBreakdown(accel=100.0, skidpad=75.0, autocross=67.50294872976582, endurance=214.76927414988592, efficiency=16.54914930140026)"
[144   4],245,144,4,245,41.471999999999994,3.7300323602843406,4.464215027810155,1486.4086145036526,7278.358313006246,0.255629991813363,10.368,7.5049437556594425,468.93473025245873,"ScoreBreakdown(accel=100.0, skidpad=75.0, autocross=66.24475646480224, endurance=211.87794811736313, efficiency=15.812025670293341)"
[144   4],250,144,4,250,41.471999999999994,3.744515743492414,4.509360168975846,1483.5714379277283,7329.312295731482,0.24951835261129265,10.368,7.558169470850849,470.56525820416,"ScoreBreakdown(accel=100.0, skidpad=75.0, autocross=66.86260981863201, endurance=213.29777522642664, efficiency=15.404873159101335)"
[144   4],255,144,4,255,41.471999999999994,3.736249422103384,4.554058482861819,1493.6261577943235,7358.051477020458,0.2462140103474178,10.368,7.587758584623898,462.528081129241,"ScoreBreakdown(accel=100.0, skidpad=75.0, autocross=64.68356922446307, endurance=208.29033958142477, efficiency=14.554172323353134)"
[144   4],260,144,4,260,41.471999999999994,3.7685683556247653,4.5983204147764525,1498.8962922708338,7400.113133037586,0.24177211119743078,10.368,7.626945806097771,458.0716921754847,"ScoreBreakdown(accel=100.0, skidpad=75.0, autocross=63.55311255331906, endurance=205.69254996457917, efficiency=13.826029657586474)"
[144   4],265,144,4,265,41.471999999999994,3.800431217339053,4.642160207225828,1502.180427846755,7442.139437812732,0.2370511545053707,10.368,7.668069609304134,455.146973670492,"ScoreBreakdown(accel=100.0, skidpad=75.0, autocross=62.852669047682646, endurance=204.08293067303427, efficiency=13.211373949775055)"
[144   4],270,144,4,270,41.471999999999994,3.82946872142071,4.545210326813304,1513.7295192089393,7480.629836101003,0.23233685264839915,10.368,7.708427212310885,445.47628202522867,"ScoreBreakdown(accel=99.36641637168582, skidpad=75.0, autocross=60.41360526392345, endurance=198.47796169544273, efficiency=12.218298694176658)"
[144   4],275,144,4,275,41.471999999999994,3.8508227503561585,4.586949823898507,1510.126518885339,7495.390838984025,0.2313586943869388,10.368,7.718350331731421,446.41908112133837,"ScoreBreakdown(accel=97.7811967647046, skidpad=75.0, autocross=61.17052252094295, endurance=200.2173576769858, efficiency=12.25000415870507)"
[144   4],280,144,4,280,41.471999999999994,3.8782795667071923,4.628315144971793,1514.4271078356658,7518.928670222994,0.22900982032811262,10.368,7.73938901483818,440.9691028865351,"ScoreBreakdown(accel=95.76858873133177, skidpad=75.0, autocross=60.26747221130955, endurance=198.14214791641993, efficiency=11.790894027473904)"
[144   4],285,144,4,285,41.471999999999994,3.906724326227902,4.669313121469187,1518.1139342884746,7547.045474834462,0.22568764957275264,10.368,7.767514249364932,435.9036935334291,"ScoreBreakdown(accel=93.71339838354871, skidpad=75.0, autocross=59.49737478206949, endurance=196.37246389693917, efficiency=11.320456470871731)"
[144   4],290,144,4,290,41.471999999999994,3.935079819301123,4.579187861615182,1529.1483378756968,7568.867532257997,0.22327120719342552,10.368,7.789395553413483,425.5895085475964,"ScoreBreakdown(accel=91.69422991893049, skidpad=75.0, autocross=57.21471808100272, endurance=191.1269184211862, efficiency=10.553642126476962)"
[144   4],295,144,4,295,41.471999999999994,3.9633417441227863,4.61836203910029,1525.191546342467,7596.582895703298,0.2209199312941659,10.368,7.811186610076769,426.2126326674184,"ScoreBreakdown(accel=89.7104735538761, skidpad=75.0, autocross=58.029450285520525, endurance=192.99917316162148, efficiency=10.473535666400315)"
[144   4],300,144,4,300,41.471999999999994,3.9915058253446176,4.65720733660217,1529.2710408353505,7628.3089003129035,0.2174999910286041,10.368,7.841033124101341,420.9808147576831,"ScoreBreakdown(accel=87.76153133710751, skidpad=75.0, autocross=57.189520045891214, endurance=191.06901333234157, efficiency=9.960750042342857)"
[100   5],200,100,5,200,36.0,3.6263688434969197,4.496213348185748,1433.204527003143,7167.945916959971,0.1266853107215893,9.0,7.340853266336394,512.7676037290071,"ScoreBreakdown(accel=100.0, skidpad=75.0, autocross=78.23821213372904, endurance=239.43891122380828, efficiency=20.090480371469795)"
[100   5],205,100,5,205,36.0,3.6441452916822072,4.376067036852291,1440.8819632961947,7212.970892442622,0.11754100518497128,9.0,7.402250098236239,505.9004967891298,"ScoreBreakdown(accel=100.0, skidpad=75.0, autocross=76.45285392294765, endurance=235.33615776079913, efficiency=19.11148510538301)"
[100   5],210,100,5,210,36.0,3.6511095024580413,4.4288669578696584,1437.6364211304522,7233.791414928178,0.10914266000727195,9.0,7.459728554490583,508.32934550917895,"ScoreBreakdown(accel=100.0, skidpad=75.0, autocross=77.20526556061976, endurance=237.0651998283384, efficiency=19.05888012022083)"
[100   5],215,100,5,215,36.0,3.637075262504169,4.481046804910079,1442.0216059320426,7276.399792266163,0.10288024017911454,9.0,7.5015824246973155,504.2349419299893,"ScoreBreakdown(accel=100.0, skidpad=75.0, autocross=76.18945485363137, endurance=234.73086665604234, efficiency=18.314620420315578)"
[100   5],220,100,5,220,36.0,3.6619219016776015,4.532621511412529,1449.4567890556095,7317.771892584523,0.09776230208730834,9.0,7.537255814096604,497.7075594971299,"ScoreBreakdown(accel=100.0, skidpad=75.0, autocross=74.4811697683587, endurance=230.80522724817143, efficiency=17.42116248059979)"
[100   5],225,100,5,225,36.0,3.6815379399303936,4.422192708426152,1456.891505955704,7373.155067577936,0.09070201976270206,9.0,7.5851090186279615,491.0978969108466,"ScoreBreakdown(accel=100.0, skidpad=75.0, autocross=72.790426480072, endurance=226.91989889266935, efficiency=16.38757153810525)"
[100   5],230,100,5,230,36.0,3.692103880388501,4.470852429020283,1454.4195975516898,7425.908171231229,0.0860039705860464,9.0,7.617952452972312,492.5059591656386,"ScoreBreakdown(accel=100.0, skidpad=75.0, autocross=73.35064977699203, endurance=228.20729212144377, efficiency=15.948017267202783)"
[100   5],235,100,5,235,36.0,3.680992183321891,4.518984356243578,1458.7250310234137,7476.488600674333,0.07992586477802377,9.0,7.659244441394971,488.50927277886433,"ScoreBreakdown(accel=100.0, skidpad=75.0, autocross=72.37611026990415, endurance=225.9678001733299, efficiency=15.165362335630313)"
[100   5],240,100,5,240,36.0,3.707720844568186,4.56660959939957,1467.327075755736,7505.136957302069,0.07573720269120568,9.0,7.6884977277142506,481.37238417787887,"ScoreBreakdown(accel=100.0, skidpad=75.0, autocross=70.44615586030571, endurance=221.53276462157694, efficiency=14.393463695996198)"
[100   5],245,100,5,245,36.0,3.7300323602843406,4.464215027810155,1473.388636159534,7532.610857894104,0.07175097271743042,9.0,7.716244966617253,476.3186494948599,"ScoreBreakdown(accel=100.0, skidpad=75.0, autocross=69.09971925560765, endurance=218.43865308178147, efficiency=13.780277157470811)"
[100   5],250,100,5,250,36.0,3.744515743492414,4.509360168975846,1471.366714537317,7572.690801607184,0.0659895834198892,9.0,7.757031512307355,477.4874413658497,"ScoreBreakdown(accel=100.0, skidpad=75.0, autocross=69.5476096964567, endurance=219.46790538876695, efficiency=13.47192628062602)"
[100   5],255,100,5,255,36.0,3.736249422103384,4.554058482861819,1481.6883972734663,7598.126366607996,0.062355271859068855,9.0,7.783254231978692,469.1839429541542,"ScoreBreakdown(accel=100.0, skidpad=75.0, autocross=67.27398688124273, endurance=214.24311978419485, efficiency=12.66683628871658)"
[100   5],260,100,5,260,36.0,3.7685683556247653,4.5983204147764525,1487.3799787047067,7626.537240745603,0.05829276822995858,9.0,7.8126306106832315,464.51003943171526,"ScoreBreakdown(accel=100.0, skidpad=75.0, autocross=66.03376364852929, endurance=211.3930865907483, efficiency=12.083189192437652)"
[100   5],265,100,5,265,36.0,3.800431217339053,4.642160207225828,1490.9083236291024,7657.346345751315,0.05422197884536728,9.0,7.841861516709502,461.4997446835107,"ScoreBreakdown(accel=100.0, skidpad=75.0, autocross=65.26967476067782, endurance=209.6372102003698, efficiency=11.592859722463135)"
[100   5],270,100,5,270,36.0,3.82946872142071,4.545210326813304,1502.6413550754478,7687.421810284481,0.04968850026639666,9.0,7.873417683458295,451.6788464996311,"ScoreBreakdown(accel=99.36641637168582, skidpad=75.0, autocross=62.75460706993153, endurance=203.85758423197927, efficiency=10.700238826034484)"
[100   5],275,100,5,275,36.0,3.8508227503561585,4.586949823898507,1499.5754383146025,7703.3441851177995,0.04793044235409402,9.0,7.887377712431502,452.2465457133021,"ScoreBreakdown(accel=97.7811967647046, skidpad=75.0, autocross=63.408012025768684, endurance=205.35910892832285, efficiency=10.69822799450594)"
[100   5],280,100,5,280,36.0,3.8782795667071923,4.628315144971793,1504.1584177630102,7721.881353957008,0.04531989255786667,9.0,7.906499937068917,446.60543429390293,"ScoreBreakdown(accel=95.76858873133177, skidpad=75.0, autocross=62.432277364459566, endurance=203.11687051561137, efficiency=10.287697682500273)"
[100   5],285,100,5,285,36.0,3.906724326227902,4.669313121469187,1507.9284401128855,7739.999994629903,0.042719101073974176,9.0,7.9246465565918385,441.5548658448432,"ScoreBreakdown(accel=93.71339838354871, skidpad=75.0, autocross=61.63407072821679, endurance=201.28259153379943, efficiency=9.9248051992783)"
[100   5],290,100,5,290,36.0,3.935079819301123,4.579187861615182,1519.1572214247394,7759.65649464,0.039882430266756495,9.0,7.945773410043843,431.03254559442667,"ScoreBreakdown(accel=91.69422991893049, skidpad=75.0, autocross=59.280133436718295, endurance=195.87324324947122, efficiency=9.184938989306678)"
[100   5],295,100,5,295,36.0,3.9633417441227863,4.61836203910029,1515.5865661027915,7785.612005599368,0.03678871540768434,9.0,7.969446806496956,431.4320825235319,"ScoreBreakdown(accel=89.7104735538761, skidpad=75.0, autocross=60.024882867537265, endurance=197.5846775643974, efficiency=9.11204853772116)"
[100   5],300,100,5,300,36.0,3.9915058253446176,4.65720733660217,1520.0716486666806,7806.870469601801,0.03380238826869734,9.0,7.990952812788466,425.9812412106941,"ScoreBreakdown(accel=87.76153133710751, skidpad=75.0, autocross=59.08996952844953, endurance=195.43624655688726, efficiency=8.693493788249844)"
[104   5],200,104,5,200,37.44,3.6263688434969197,4.496213348185748,1433.1413852609849,7227.722803997203,0.16100074094432,9.36,7.407803429718141,512.1182041237253,"ScoreBreakdown(accel=100.0, skidpad=75.0, autocross=78.25297480916782, endurance=239.47283585440275, efficiency=19.39239346015472)"
[104   5],205,104,5,205,37.44,3.6441452916822072,4.376067036852291,1440.6458370411547,7280.29390283194,0.15051612101773304,9.36,7.482191600107207,505.31864848552686,"ScoreBreakdown(accel=100.0, skidpad=75.0, autocross=76.50748054750032, endurance=235.46168975303613, efficiency=18.34947818499043)"
[104   5],210,104,5,210,37.44,3.6511095024580413,4.4288669578696584,1437.088602622687,7309.61967544413,0.1407830295864124,9.36,7.5521792180247225,507.91135479222595,"ScoreBreakdown(accel=100.0, skidpad=75.0, autocross=77.33260115179218, endurance=237.35781703786645, efficiency=18.220936602567317)"
[104   5],215,104,5,215,37.44,3.637075262504169,4.481046804910079,1441.2121302116761,7362.668072163395,0.1332260523758858,9.36,7.605524171047946,503.9244986877308,"ScoreBreakdown(accel=100.0, skidpad=75.0, autocross=76.37650147620354, endurance=235.16069982558093, efficiency=17.38729738594633)"
[104   5],220,104,5,220,37.44,3.6619219016776015,4.532621511412529,1448.4866607307333,7412.228533373996,0.12754927586644535,9.36,7.64700811923291,497.4464018422056,"ScoreBreakdown(accel=100.0, skidpad=75.0, autocross=74.70306865953604, endurance=231.31515093671635, efficiency=16.42818224595323)"
[104   5],225,104,5,225,37.44,3.6815379399303936,4.422192708426152,1455.7467325072666,7478.455908834936,0.11972104999297142,9.36,7.702593973111742,490.8730216863006,"ScoreBreakdown(accel=100.0, skidpad=75.0, autocross=73.04963676698675, endurance=227.51556417477633, efficiency=15.30782074453753)"
[104   5],230,104,5,230,37.44,3.692103880388501,4.470852429020283,1452.9689685567716,7540.526053127937,0.11431406971092724,9.36,7.741871878918373,492.4456571040692,"ScoreBreakdown(accel=100.0, skidpad=75.0, autocross=73.68030200627061, endurance=228.96483299872787, efficiency=14.800522099070735)"
[104   5],235,104,5,235,37.44,3.680992183321891,4.518984356243578,1457.077268617192,7598.668110339589,0.10760093947988598,9.36,7.789270166976854,488.5408299902575,"ScoreBreakdown(accel=100.0, skidpad=75.0, autocross=72.74840277396422, endurance=226.82332840909868, efficiency=13.969098807194655)"
[104   5],240,104,5,240,37.44,3.707720844568186,4.56660959939957,1465.6111094420187,7629.173362199595,0.10316285269209545,9.36,7.821423280247098,481.44033590475095,"ScoreBreakdown(accel=100.0, skidpad=75.0, autocross=70.82934112344189, endurance=222.41332441950004, efficiency=13.19767036180902)"
[104   5],245,104,5,245,37.44,3.7300323602843406,4.464215027810155,1471.5596868458385,7659.361296664403,0.09898392128168874,9.36,7.851580528295663,476.4508478292129,"ScoreBreakdown(accel=100.0, skidpad=75.0, autocross=69.50480988031813, endurance=219.36955140421742, efficiency=12.57648654467731)"
[104   5],250,104,5,250,37.44,3.744515743492414,4.509360168975846,1469.4135616818787,7701.889782607463,0.09289747843386867,9.36,7.896152355365085,477.70803564970123,"ScoreBreakdown(accel=100.0, skidpad=75.0, autocross=69.98143710043794, endurance=220.4648408347093, efficiency=12.261757714554)"
[104   5],255,104,5,255,37.44,3.736249422103384,4.554058482861819,1479.7120618892882,7727.419343681338,0.0891789083024924,9.36,7.924045806614791,469.41772385571613,"ScoreBreakdown(accel=100.0, skidpad=75.0, autocross=67.70687161720505, endurance=215.23788897887414, efficiency=11.472963259636964)"
[104   5],260,104,5,260,37.44,3.7685683556247653,4.5983204147764525,1485.3767057866794,7756.863081432173,0.08509674781860666,9.36,7.954640241198918,464.7568693819738,"ScoreBreakdown(accel=100.0, skidpad=75.0, autocross=66.46920262437033, endurance=212.3937254290904, efficiency=10.89394132851306)"
[104   5],265,104,5,265,37.44,3.800431217339053,4.642160207225828,1488.915044696865,7789.147212382872,0.08090157003797765,9.36,7.985897928445277,461.7303297674546,"ScoreBreakdown(accel=100.0, skidpad=75.0, autocross=65.70088884661968, endurance=210.6281402410265, efficiency=10.401300679808383)"
[104   5],270,104,5,270,37.44,3.82946872142071,4.545210326813304,1500.6376300386764,7820.446723099422,0.07628148437964978,9.36,8.01932887400309,451.9016014416004,"ScoreBreakdown(accel=99.36641637168582, skidpad=75.0, autocross=63.18133657798716, endurance=204.83820871191327, efficiency=9.515639780014132)"
[104   5],275,104,5,275,37.44,3.8508227503561585,4.586949823898507,1497.4975413031575,7837.697553528126,0.07446264221721695,9.36,8.034236622564705,452.52138137082,"ScoreBreakdown(accel=97.7811967647046, skidpad=75.0, autocross=63.852372377695346, endurance=206.38024909038205, efficiency=9.507563138038)"
[104   5],280,104,5,280,37.44,3.8782795667071923,4.628315144971793,1502.0776527195344,7856.357701428533,0.07173265800723322,9.36,8.054935134169108,446.88154993125346,"ScoreBreakdown(accel=95.76858873133177, skidpad=75.0, autocross=62.87454259696682, endurance=204.13319609289894, efficiency=9.105222510055947)"
[104   5],285,104,5,285,37.44,3.906724326227902,4.669313121469187,1505.8424553658197,7874.615452337537,0.06899896910312078,9.36,8.074717254841417,441.83470264912205,"ScoreBreakdown(accel=93.71339838354871, skidpad=75.0, autocross=62.07523118623348, endurance=202.29637833912523, efficiency=8.74969474021465)"
[104   5],290,104,5,290,37.44,3.935079819301123,4.579187861615182,1517.0396356578067,7894.402446272203,0.06615521951342747,9.36,8.096689682669806,431.3270459522433,"ScoreBreakdown(accel=91.69422991893049, skidpad=75.0, autocross=59.721385835293766, endurance=196.8872413342164, efficiency=8.024188863802646)"
[104   5],295,104,5,295,37.44,3.9633417441227863,4.61836203910029,1513.4093164621595,7920.755176133522,0.06292258423032024,9.36,8.12215075955035,431.77944909360843,"ScoreBreakdown(accel=89.7104735538761, skidpad=75.0, autocross=60.48072744960138, endurance=198.6322084892076, efficiency=7.956039600923347)"
[104   5],300,104,5,300,37.44,3.9915058253446176,4.65720733660217,1517.8411429521434,7942.237287112955,0.0599070398589054,9.36,8.144726095640339,426.3664557421352,"ScoreBreakdown(accel=87.76153133710751, skidpad=75.0, autocross=59.55422676357633, endurance=196.50310975982399, efficiency=7.547587881627431)"
[108   5],200,108,5,200,38.879999999999995,3.6263688434969197,4.496213348185748,1433.9226032930658,7239.9948509150545,0.1995020204279136,9.72,7.421990086539722,511.3277032987211,"ScoreBreakdown(accel=100.0, skidpad=75.0, autocross=78.07041581635801, endurance=239.0533152587987, efficiency=19.20397222356438)"
[108   5],205,108,5,205,38.879999999999995,3.6441452916822072,4.376067036852291,1441.3391727659032,7299.390223337969,0.18814261182225184,9.72,7.507193164015667,504.53250232506986,"ScoreBreakdown(accel=100.0, skidpad=75.0, autocross=76.34713168642219, endurance=235.09320804381647, efficiency=18.09216259483122)"
[108   5],210,108,5,210,38.879999999999995,3.6511095024580413,4.4288669578696584,1437.5347005875929,7338.59137723751,0.17726706769839823,9.72,7.58947161349987,507.2160900929646,"ScoreBreakdown(accel=100.0, skidpad=75.0, autocross=77.2289022683817, endurance=237.11951698667608, efficiency=17.867670837906743)"
[108   5],215,108,5,215,38.879999999999995,3.637075262504169,4.481046804910079,1441.4780073047134,7402.365432911682,0.16848649695177742,9.72,7.654732438416373,503.26616892955894,"ScoreBreakdown(accel=100.0, skidpad=75.0, autocross=76.31504173710132, endurance=235.0194653349814, efficiency=16.931661857476257)"
[108   5],220,108,5,220,38.879999999999995,3.6619219016776015,4.532621511412529,1448.6678272650643,7459.7561193429865,0.1622591447102651,9.72,7.70238516645726,496.78227844711785,"ScoreBreakdown(accel=100.0, skidpad=75.0, autocross=74.66160760143617, endurance=231.2198734183607, efficiency=15.900797427320995)"
[108   5],225,108,5,225,38.879999999999995,3.6815379399303936,4.422192708426152,1455.7834588400256,7536.286436659547,0.15340460401719483,9.72,7.768382046140452,490.22912525573395,"ScoreBreakdown(accel=100.0, skidpad=75.0, autocross=73.04131451846979, endurance=227.49643964631088, efficiency=14.691371090953274)"
[108   5],230,108,5,230,38.879999999999995,3.692103880388501,4.470852429020283,1452.7562541393495,7609.106643874919,0.14702441486134823,9.72,7.816684624621934,491.8996882611466,"ScoreBreakdown(accel=100.0, skidpad=75.0, autocross=73.72869623289398, endurance=229.07604293949464, efficiency=14.094949088757994)"
[108   5],235,108,5,235,38.879999999999995,3.680992183321891,4.518984356243578,1456.621927485102,7677.222707883465,0.13922860762760825,9.72,7.87446326597709,488.0993583514158,"ScoreBreakdown(accel=100.0, skidpad=75.0, autocross=72.851430277535, endurance=227.0600856293067, efficiency=13.187842444574054)"
[108   5],240,108,5,240,38.879999999999995,3.707720844568186,4.56660959939957,1465.076217040339,7713.006406464546,0.13432488967550202,9.72,7.9116214864636305,481.0156472215864,"ScoreBreakdown(accel=100.0, skidpad=75.0, autocross=70.94896921708134, endurance=222.6882297984253, efficiency=12.378448206079717)"
[108   5],245,108,5,245,38.879999999999995,3.7300323602843406,4.464215027810155,1470.9307411473833,7748.65621792308,0.12948903040971244,9.72,7.9481230048988145,476.0524553950149,"ScoreBreakdown(accel=100.0, skidpad=75.0, autocross=69.64434668220456, endurance=219.69020699797983, efficiency=11.717901714830495)"
[108   5],250,108,5,250,38.879999999999995,3.744515743492414,4.509360168975846,1468.5074914791342,7799.462821819316,0.12250951159978982,9.72,8.001296963086729,477.45637359874314,"ScoreBreakdown(accel=100.0, skidpad=75.0, autocross=70.18308205426004, endurance=220.92822097186973, efficiency=11.345070572613352)"
[108   5],255,108,5,255,38.879999999999995,3.736249422103384,4.554058482861819,1478.7249852117347,7827.945121203764,0.11844044112144181,9.72,8.032921009324744,469.20339128280324,"ScoreBreakdown(accel=100.0, skidpad=75.0, autocross=67.92350829436873, endurance=215.7357200987472, efficiency=10.544162889687293)"
[108   5],260,108,5,260,38.879999999999995,3.7685683556247653,4.5983204147764525,1484.3071555369045,7860.269326553952,0.11405557510205651,9.72,8.06704840833364,464.583649543061,"ScoreBreakdown(accel=100.0, skidpad=75.0, autocross=66.70216539544944, endurance=212.9290739154755, efficiency=9.952410232136044)"
[108   5],265,108,5,265,38.879999999999995,3.800431217339053,4.642160207225828,1487.7434501682908,7894.565137061173,0.10952295886633898,9.72,8.102072388907871,461.62269950502144,"ScoreBreakdown(accel=100.0, skidpad=75.0, autocross=65.95488380115387, endurance=211.2118206884621, efficiency=9.455995015405463)"
[108   5],270,108,5,270,38.879999999999995,3.82946872142071,4.545210326813304,1499.3821901839863,7928.840325485061,0.10475495360885392,9.72,8.137967986477541,451.83117361723464,"ScoreBreakdown(accel=99.36641637168582, skidpad=75.0, autocross=63.44928638646319, endurance=205.45395741601038, efficiency=8.561513443075208)"
[108   5],275,108,5,275,38.879999999999995,3.8508227503561585,4.586949823898507,1496.1693882540783,7946.645861308787,0.10276823965168974,9.72,8.154537185078867,452.50699181575516,"ScoreBreakdown(accel=97.7811967647046, skidpad=75.0, autocross=64.13704582522071, endurance=207.03442871977433, efficiency=8.554320506055562)"
[108   5],280,108,5,280,38.879999999999995,3.8782795667071923,4.628315144971793,1500.699799145789,7965.268312472023,0.09994600756990459,9.72,8.176639385230258,446.9064931041862,"ScoreBreakdown(accel=95.76858873133177, skidpad=75.0, autocross=63.16807941202859, endurance=204.8077437423526, efficiency=8.162081218473249)"
[108   5],285,108,5,285,38.879999999999995,3.906724326227902,4.669313121469187,1504.4593705722916,7984.802905439889,0.0970837802266681,9.72,8.198085112315246,441.85378943216926,"ScoreBreakdown(accel=93.71339838354871, skidpad=75.0, autocross=62.368411311094555, endurance=202.97010631443888, efficiency=7.801873423087141)"
[108   5],290,108,5,290,38.879999999999995,3.935079819301123,4.579187861615182,1515.633809757525,8003.632544134092,0.09428571841006389,9.72,8.220530915188826,431.36860888921115,"ScoreBreakdown(accel=91.69422991893049, skidpad=75.0, autocross=60.0150061149409, endurance=197.56198078530096, efficiency=7.097392070038864)"
[108   5],295,108,5,295,38.879999999999995,3.9633417441227863,4.61836203910029,1511.9426691019012,8030.515891563773,0.09103816350100152,9.72,8.247026072597206,431.8702341806428,"ScoreBreakdown(accel=89.7104735538761, skidpad=75.0, autocross=60.788535304443215, endurance=199.3395509904311, efficiency=7.031674331892417)"
[108   5],300,108,5,300,38.879999999999995,3.9915058253446176,4.65720733660217,1516.3446731985887,8053.139655887451,0.08792596116402579,9.72,8.271140823251258,426.47077179967533,"ScoreBreakdown(accel=87.76153133710751, skidpad=75.0, autocross=59.866467392276725, endurance=197.22063877610572, efficiency=6.622134294185409)"
[112   5],200,112,5,200,40.32,3.6263688434969197,4.496213348185748,1435.0923613972,7234.070976425186,0.23692130513442566,10.08,7.415681048695038,510.4276650029122,"ScoreBreakdown(accel=100.0, skidpad=75.0, autocross=77.79743242852135, endurance=238.42599938850003, efficiency=19.20423318589084)"
[112   5],205,112,5,205,40.32,3.6441452916822072,4.376067036852291,1442.483228155212,7295.566131120113,0.2257303426660723,10.08,7.504922736771591,503.6386854765332,"ScoreBreakdown(accel=100.0, skidpad=75.0, autocross=76.08288119173484, endurance=234.48596036341635, efficiency=18.069843921382063)"
[112   5],210,112,5,210,40.32,3.6511095024580413,4.4288669578696584,1438.5331559416159,7336.331703119755,0.21521412544886717,10.08,7.589696755558811,506.41947828081845,"ScoreBreakdown(accel=100.0, skidpad=75.0, autocross=76.99703675569909, endurance=236.58669000026708, efficiency=17.835751524852277)"
[112   5],215,112,5,215,40.32,3.637075262504169,4.481046804910079,1442.3935782574645,7403.474798154667,0.20665452136013543,10.08,7.657563100775323,502.5046540694912,"ScoreBreakdown(accel=100.0, skidpad=75.0, autocross=76.10357312009648, endurance=234.53351041820613, efficiency=16.867570531188598)"
[112   5],220,112,5,220,40.32,3.6619219016776015,4.532621511412529,1449.5801974011458,7461.780371576192,0.20047180080900442,10.08,7.707755769918157,496.02153032706906,"ScoreBreakdown(accel=100.0, skidpad=75.0, autocross=74.45296368858936, endurance=230.74040967220674, efficiency=15.828156966272966)"
[112   5],225,112,5,225,40.32,3.6815379399303936,4.422192708426152,1456.6567040579387,7543.079820483172,0.19151170266291948,10.08,7.77854281811185,489.4577796313979,"ScoreBreakdown(accel=100.0, skidpad=75.0, autocross=72.84355930411843, endurance=227.04199813109628, efficiency=14.572222196183189)"
[112   5],230,112,5,230,40.32,3.692103880388501,4.470852429020283,1453.4826161728543,7622.565982210496,0.18477860555038822,10.08,7.832336523498672,491.1762920596184,"ScoreBreakdown(accel=100.0, skidpad=75.0, autocross=73.56350147561002, endurance=228.6964253599944, efficiency=13.916365224013935)"
[112   5],235,112,5,235,40.32,3.680992183321891,4.518984356243578,1457.1900745567098,7698.297934545407,0.17622713051858563,10.08,7.899132872320524,487.4317120137595,"ScoreBreakdown(accel=100.0, skidpad=75.0, autocross=72.72288875349525, endurance=226.7646971858504, efficiency=12.94412607441386)"
[112   5],240,112,5,240,40.32,3.707720844568186,4.56660959939957,1465.607025939819,7738.076200310452,0.17093531542393806,10.08,7.941133088729435,480.34634768313555,"ScoreBreakdown(accel=100.0, skidpad=75.0, autocross=70.83025406342391, endurance=222.41542235572933, efficiency=12.100671263982285)"
[112   5],245,112,5,245,40.32,3.7300323602843406,4.464215027810155,1471.402627019538,7779.7091800400985,0.165481104793752,10.08,7.984131059731994,475.377431947471,"ScoreBreakdown(accel=100.0, skidpad=75.0, autocross=69.53964372602915, endurance=219.44959958740998, efficiency=11.388188634031854)"
[112   5],250,112,5,250,40.32,3.744515743492414,4.509360168975846,1468.778962520596,7839.2315727151345,0.15752552721061894,10.08,8.04732202219894,476.85693316642363,"ScoreBreakdown(accel=100.0, skidpad=75.0, autocross=70.12264036144883, endurance=220.78932595181473, efficiency=10.944966853160121)"
[112   5],255,112,5,255,40.32,3.736249422103384,4.554058482861819,1478.9211106694445,7873.0640533915375,0.15299807452069253,10.08,8.083935850671367,468.61984606014613,"ScoreBreakdown(accel=100.0, skidpad=75.0, autocross=67.88044103151799, endurance=215.6367515216091, efficiency=10.10265350701906)"
[112   5],260,112,5,260,40.32,3.7685683556247653,4.5983204147764525,1484.4423770244005,7911.086420448701,0.14788483379832565,10.08,8.125114255471855,463.999742306159,"ScoreBreakdown(accel=100.0, skidpad=75.0, autocross=66.67269375540936, endurance=212.86134808179986, efficiency=9.465700468949802)"
[112   5],265,112,5,265,40.32,3.800431217339053,4.642160207225828,1487.8093943057818,7951.6474040634785,0.14267307232057022,10.08,8.166909133765694,461.03944339524713,"ScoreBreakdown(accel=100.0, skidpad=75.0, autocross=65.94057686731365, endurance=211.17894335213623, efficiency=8.91992317579724)"
[112   5],270,112,5,270,40.32,3.82946872142071,4.545210326813304,1499.3549571295378,7992.71700370042,0.13711933497814224,10.08,8.210425913111672,451.26566783823574,"ScoreBreakdown(accel=99.36641637168582, skidpad=75.0, autocross=63.45510373743823, endurance=205.4673256895109, efficiency=7.976822039600792)"
[112   5],275,112,5,275,40.32,3.8508227503561585,4.586949823898507,1495.9961120311175,8012.8490878049215,0.13479716247001713,10.08,8.230267464392051,452.03225220614087,"ScoreBreakdown(accel=97.7811967647046, skidpad=75.0, autocross=64.17422275003732, endurance=207.11986129913802, efficiency=7.956971392260994)"
[112   5],280,112,5,280,40.32,3.8782795667071923,4.628315144971793,1500.4470445315621,8034.5899629656415,0.13156691177924904,10.08,8.25655122004987,446.4672462510885,"ScoreBreakdown(accel=95.76858873133177, skidpad=75.0, autocross=63.221984569111775, endurance=204.93161780222565, efficiency=7.545055148419318)"
[112   5],285,112,5,285,40.32,3.906724326227902,4.669313121469187,1504.1625893610526,8058.186186581503,0.12824329908724386,10.08,8.282516475884096,441.41484708352425,"ScoreBreakdown(accel=93.71339838354871, skidpad=75.0, autocross=62.43139192308105, endurance=203.11483577117744, efficiency=7.155221005717051)"
[112   5],290,112,5,290,40.32,3.935079819301123,4.579187861615182,1515.2758313792806,8079.307194944087,0.12520164167488218,10.08,8.307794110843343,430.95920201542316,"ScoreBreakdown(accel=91.69422991893049, skidpad=75.0, autocross=60.08986037735054, endurance=197.7339958926714, efficiency=6.4411158264707336)"
[112   5],295,112,5,295,40.32,3.9633417441227863,4.61836203910029,1511.454309351089,8108.849856216801,0.12162738725578862,10.08,8.337860765925486,431.53809220619723,"ScoreBreakdown(accel=89.7104735538761, skidpad=75.0, autocross=60.89116079279622, endurance=199.57538437960227, efficiency=6.361073479922631)"
[112   5],300,112,5,300,40.32,3.9915058253446176,4.65720733660217,1515.768078675665,8133.944048518829,0.11817407808462611,10.08,8.365564383377752,426.18580133309763,"ScoreBreakdown(accel=87.76153133710751, skidpad=75.0, autocross=59.98693923297474, endurance=197.497483085911, efficiency=5.9398476771043685)"
[116   5],200,116,5,200,41.75999999999999,3.6263688434969197,4.496213348185748,1436.4549864849246,7221.142392275096,0.2714615266883469,10.44,7.404168272084536,509.4513158176759,"ScoreBreakdown(accel=100.0, skidpad=75.0, autocross=77.48000077849288, endurance=237.69654140434966, efficiency=19.27477363483334)"
[116   5],205,116,5,205,41.75999999999999,3.6441452916822072,4.376067036852291,1443.8515723204182,7284.558918129098,0.26058232932077824,10.44,7.496010073427691,502.6446908438024,"ScoreBreakdown(accel=100.0, skidpad=75.0, autocross=75.76737510483437, endurance=233.76092732365177, efficiency=18.116388415316226)"
[116   5],210,116,5,210,41.75999999999999,3.6511095024580413,4.4288669578696584,1439.7493695838727,7326.780245823032,0.2504923127176423,10.44,7.582175369647414,505.527256941931,"ScoreBreakdown(accel=100.0, skidpad=75.0, autocross=76.71503694456574, endurance=235.9386543877449, efficiency=17.873565609620442)"
[116   5],215,116,5,215,41.75999999999999,3.637075262504169,4.481046804910079,1443.5543283669072,7394.817469207745,0.2423199781376164,10.44,7.650838065434026,501.6515930487081,"ScoreBreakdown(accel=100.0, skidpad=75.0, autocross=75.8358613041924, endurance=233.91830862107875, efficiency=16.897423123436884)"
[116   5],220,116,5,220,41.75999999999999,3.6619219016776015,4.532621511412529,1450.7742130833785,7452.697100120882,0.2365341931096815,10.44,7.7005820986829905,495.154129053369,"ScoreBreakdown(accel=100.0, skidpad=75.0, autocross=74.18030855701497, endurance=230.1138481348532, efficiency=15.859972361500786)"
[116   5],225,116,5,225,41.75999999999999,3.6815379399303936,4.422192708426152,1457.8406671673567,7534.356341388841,0.2278574897159616,10.44,7.773189412057911,488.6021177600617,"ScoreBreakdown(accel=100.0, skidpad=75.0, autocross=72.57581723346482, endurance=226.42672680854966, efficiency=14.59957371804719)"
[116   5],230,116,5,230,41.75999999999999,3.692103880388501,4.470852429020283,1454.5605626852844,7615.483245192401,0.2213845519408341,10.44,7.828055502634945,490.3835881749605,"ScoreBreakdown(accel=100.0, skidpad=75.0, autocross=73.31865081422349, endurance=228.13375849972098, efficiency=13.931178861016027)"
[116   5],235,116,5,235,41.75999999999999,3.680992183321891,4.518984356243578,1458.1864072639273,7690.933916307939,0.2131727666804917,10.44,7.896319509667927,486.7103425052578,"ScoreBreakdown(accel=100.0, skidpad=75.0, autocross=72.49771339779551, endurance=226.2472441812922, efficiency=12.965384926170142)"
[116   5],240,116,5,240,41.75999999999999,3.707720844568186,4.56660959939957,1466.6202775069503,7730.191313532952,0.20817347132175865,10.44,7.938546476331856,479.6250091031836,"ScoreBreakdown(accel=100.0, skidpad=75.0, autocross=70.60387941927537, endurance=221.8952133861181, efficiency=12.125916297790143)"
[116   5],245,116,5,245,41.75999999999999,3.7300323602843406,4.464215027810155,1472.4002678520874,7772.02112195217,0.20297516851315867,10.44,7.982214920628419,474.6718011453353,"ScoreBreakdown(accel=100.0, skidpad=75.0, autocross=69.31850616196843, endurance=218.94142542870458, efficiency=11.41186955466232)"
[116   5],250,116,5,250,41.75999999999999,3.744515743492414,4.509360168975846,1469.6933158433194,7832.9379905577,0.19526279472758895,10.44,8.047441643249968,476.19977146913993,"ScoreBreakdown(accel=100.0, skidpad=75.0, autocross=69.91922834500335, endurance=220.32188510445445, efficiency=10.958658019682167)"
[116   5],255,116,5,255,41.75999999999999,3.736249422103384,4.554058482861819,1479.816100666174,7867.849001469651,0.19098019011131673,10.44,8.084307146050339,467.9764788061755,"ScoreBreakdown(accel=100.0, skidpad=75.0, autocross=67.68405475100249, endurance=215.18545581657526, efficiency=10.106968238597721)"
[116   5],260,116,5,260,41.75999999999999,3.7685683556247653,4.5983204147764525,1485.3253440778624,7906.710165856897,0.1858878373562954,10.44,8.127750434947245,463.3624329512244,"ScoreBreakdown(accel=100.0, skidpad=75.0, autocross=66.48038224288143, endurance=212.41941619427388, efficiency=9.462634514069064)"
[116   5],265,116,5,265,41.75999999999999,3.800431217339053,4.642160207225828,1488.67790310345,7949.894415547476,0.18054150253245535,10.44,8.172995582499727,460.3916491262238,"ScoreBreakdown(accel=100.0, skidpad=75.0, autocross=65.75226750900134, endurance=210.74620841565843, efficiency=8.89317320156405)"
[116   5],270,116,5,270,41.75999999999999,3.82946872142071,4.545210326813304,1500.2277129525337,7994.007151185975,0.1748622735461548,10.44,8.219941080798787,450.59710973760184,"ScoreBreakdown(accel=99.36641637168582, skidpad=75.0, autocross=63.26877629122565, endurance=205.03914518736522, efficiency=7.922771887325082)"
[116   5],275,116,5,275,41.75999999999999,3.8508227503561585,4.586949823898507,1496.7450615730781,8015.891676941827,0.1723761510907691,10.44,8.24205030072506,451.4385246176358,"ScoreBreakdown(accel=97.7811967647046, skidpad=75.0, autocross=64.0135952201613, endurance=206.75073920897506, efficiency=7.892993423794864)"
[116   5],280,116,5,280,41.75999999999999,3.8782795667071923,4.628315144971793,1501.191362963706,8040.047055929972,0.16897961465826966,10.44,8.270970157221956,445.85898118229164,"ScoreBreakdown(accel=95.76858873133177, skidpad=75.0, autocross=63.06329522523615, endurance=204.56694966381133, efficiency=7.460147561912373)"
[116   5],285,116,5,285,41.75999999999999,3.906724326227902,4.669313121469187,1504.9122745376512,8067.473665643784,0.1654264853213852,10.44,8.300090751125065,440.7717360082581,"ScoreBreakdown(accel=93.71339838354871, skidpad=75.0, autocross=62.272347415314584, endurance=202.74935146608343, efficiency=7.03663874331133)"
[116   5],290,116,5,290,41.75999999999999,3.935079819301123,4.579187861615182,1516.0409011167367,8090.680923159062,0.16221436384372864,10.44,8.327825711531217,430.29575238334195,"ScoreBreakdown(accel=91.69422991893049, skidpad=75.0, autocross=59.929925151046696, endurance=197.36646471623155, efficiency=6.3051325971331895)"
[116   5],295,116,5,295,41.75999999999999,3.9633417441227863,4.61836203910029,1512.0582174246706,8124.496186574396,0.15814453415628527,10.44,8.363098691833404,430.9542562480727,"ScoreBreakdown(accel=89.7104735538761, skidpad=75.0, autocross=60.76426330633296, endurance=199.28377393476802, efficiency=6.195745453095606)"
[116   5],300,116,5,300,41.75999999999999,3.9915058253446176,4.65720733660217,1516.342809165833,8153.583425900938,0.15412971861094948,10.44,8.396514372657746,425.5927303992896,"ScoreBreakdown(accel=87.76153133710751, skidpad=75.0, autocross=59.86685670978383, endurance=197.22153342780115, efficiency=5.7428089245971945)"
[120   5],200,120,5,200,43.199999999999996,3.6263688434969197,4.496213348185748,1437.9624442695367,7202.297798413275,0.30333416943817093,10.8,7.389022414103277,508.4270196106386,"ScoreBreakdown(accel=100.0, skidpad=75.0, autocross=77.12953040284789, endurance=236.8911604232802, efficiency=19.406328784510485)"
[120   5],205,120,5,205,43.199999999999996,3.6441452916822072,4.376067036852291,1445.3871682929366,7267.5517409003105,0.29283419132247984,10.8,7.4825745308848095,501.58500782552227,"ScoreBreakdown(accel=100.0, skidpad=75.0, autocross=75.41401628199544, endurance=232.94890869045403, efficiency=18.222082853072763)"
[120   5],210,120,5,210,43.199999999999996,3.6511095024580413,4.4288669578696584,1441.1012584840933,7311.610050639893,0.2831578084327875,10.8,7.569834023718912,504.5890885072607,"ScoreBreakdown(accel=100.0, skidpad=75.0, autocross=76.40213711409884, endurance=235.21961052569486, efficiency=17.967340867467065)"
[120   5],215,120,5,215,43.199999999999996,3.637075262504169,4.481046804910079,1444.8817156336177,7380.174727291311,0.275430520527,10.8,7.63840982706054,500.73051961411363,"ScoreBreakdown(accel=100.0, skidpad=75.0, autocross=75.53024400125975, endurance=233.21600000850415, efficiency=16.984275604349712)"
[120   5],220,120,5,220,43.199999999999996,3.6619219016776015,4.532621511412529,1452.1318463511836,7436.772191745305,0.26991631723667164,10.8,7.688411008371191,494.23059624803204,"ScoreBreakdown(accel=100.0, skidpad=75.0, autocross=73.8708358783068, endurance=229.4026798681104, efficiency=15.957080501614815)"
[120   5],225,120,5,225,43.199999999999996,3.6815379399303936,4.422192708426152,1459.206184045806,7518.6832051652555,0.26170337489328904,10.8,7.761021864305093,487.6764948049794,"ScoreBreakdown(accel=100.0, skidpad=75.0, autocross=72.26755801695892, endurance=225.7183470781477, efficiency=14.690589709872832)"
[120   5],230,120,5,230,43.199999999999996,3.692103880388501,4.470852429020283,1455.8173066662916,7600.215138215281,0.2554870907307219,10.8,7.816678745788629,489.53365993408715,"ScoreBreakdown(accel=100.0, skidpad=75.0, autocross=73.03364491616531, endurance=227.47881489894945, efficiency=14.02120011897236)"
[120   5],235,120,5,235,43.199999999999996,3.680992183321891,4.518984356243578,1459.3830095067497,7676.316110352094,0.24752850884496816,10.8,7.886594663411717,485.9039452572344,"ScoreBreakdown(accel=100.0, skidpad=75.0, autocross=72.22768266111957, endurance=225.6267135038483, efficiency=13.04954909226654)"
[120   5],240,120,5,240,43.199999999999996,3.707720844568186,4.56660959939957,1467.8511555512912,7714.639579300338,0.24275340671209344,10.8,7.929122763187279,478.8098550869795,"ScoreBreakdown(accel=100.0, skidpad=75.0, autocross=70.3293043885898, endurance=221.26423992029015, efficiency=12.21631077809959)"
[120   5],245,120,5,245,43.199999999999996,3.7300323602843406,4.464215027810155,1473.6339354915763,7756.531492192577,0.23777685780623647,10.8,7.97324127894188,473.8595344162716,"ScoreBreakdown(accel=100.0, skidpad=75.0, autocross=69.04546483178841, endurance=218.3139764068914, efficiency=11.500093177591747)"
[120   5],250,120,5,250,43.199999999999996,3.744515743492414,4.509360168975846,1470.830252373203,7817.897685347254,0.23043520513905166,10.8,8.038832227256222,475.45380749716907,"ScoreBreakdown(accel=100.0, skidpad=75.0, autocross=69.66665200384796, endurance=219.74146463079734, efficiency=11.045690862523767)"
[120   5],255,120,5,255,43.199999999999996,3.736249422103384,4.554058482861819,1480.9348825273455,7851.930589118903,0.22631047991010705,10.8,8.07630100186356,467.26305733610167,"ScoreBreakdown(accel=100.0, skidpad=75.0, autocross=67.4388959856124, endurance=214.62208093325088, efficiency=10.202080417238392)"
[120   5],260,120,5,260,43.199999999999996,3.7685683556247653,4.5983204147764525,1486.4448830879976,7890.5594589411785,0.22144660024892754,10.8,8.120177246097109,462.65525257715274,"ScoreBreakdown(accel=100.0, skidpad=75.0, autocross=66.2368735052097, endurance=211.85983307491867, efficiency=9.558545997024348)"
[120   5],265,120,5,265,43.199999999999996,3.800431217339053,4.642160207225828,1489.8001457625587,7933.920475969067,0.21638622373960137,10.8,8.165539351768672,459.6829434674413,"ScoreBreakdown(accel=100.0, skidpad=75.0, autocross=65.50926892727267, endurance=210.18779763474444, efficiency=8.985876905424194)"
[120   5],270,120,5,270,43.199999999999996,3.82946872142071,4.545210326813304,1501.3658102132513,7977.9037424938815,0.21101791760923763,10.8,8.212609078415067,449.88835636382294,"ScoreBreakdown(accel=99.36641637168582, skidpad=75.0, autocross=63.02612567827354, endurance=204.48153403875716, efficiency=8.014280275106433)"
[120   5],275,120,5,275,43.199999999999996,3.8508227503561585,4.586949823898507,1497.7795680841728,8000.277791484592,0.20863469479129618,10.8,8.23504939024294,450.79918664857917,"ScoreBreakdown(accel=97.7811967647046, skidpad=75.0, autocross=63.791988353753105, endurance=206.24148659339795, efficiency=7.984514936723459)"
[120   5],280,120,5,280,43.199999999999996,3.8782795667071923,4.628315144971793,1502.227309886085,8023.5907151261135,0.20546761192069368,10.8,8.263696248569001,445.2296560718526,"ScoreBreakdown(accel=95.76858873133177, skidpad=75.0, autocross=62.84269217425065, endurance=204.06000381624096, efficiency=7.558371350029248)"
[120   5],285,120,5,285,43.199999999999996,3.906724326227902,4.669313121469187,1505.9567342288508,8052.476370337625,0.20206192858820998,10.8,8.29339156356989,440.12566955832125,"ScoreBreakdown(accel=93.71339838354871, skidpad=75.0, autocross=62.0510309503728, endurance=202.24076619312387, efficiency=7.120474031275857)"
[120   5],290,120,5,290,43.199999999999996,3.935079819301123,4.579187861615182,1517.0958474601487,8075.028787933208,0.1991266030135269,10.8,8.320373798801425,429.6575487725074,"ScoreBreakdown(accel=91.69422991893049, skidpad=75.0, autocross=59.70965677326108, endurance=196.86028794772974, efficiency=6.39337413258611)"
[120   5],295,120,5,295,43.199999999999996,3.9633417441227863,4.61836203910029,1513.0204040171054,8108.407746862762,0.19523392719412277,10.8,8.356179895445472,430.3837331192199,"ScoreBreakdown(accel=89.7104735538761, skidpad=75.0, autocross=60.5622910470925, endurance=198.81964164970253, efficiency=6.29132686854874)"
[120   5],300,120,5,300,43.199999999999996,3.9915058253446176,4.65720733660217,1517.3043205200925,8137.2550993064915,0.19142190664018424,10.8,8.389962686176824,425.02755939143105,"ScoreBreakdown(accel=87.76153133710751, skidpad=75.0, autocross=59.66616471642133, endurance=196.76034319393457, efficiency=5.839520143967676)"
[124   5],200,124,5,200,44.63999999999999,3.6263688434969197,4.496213348185748,1439.584142374155,7179.747628497393,0.33268976330237765,11.16,7.371809321411691,507.35552435672355,"ScoreBreakdown(accel=100.0, skidpad=75.0, autocross=76.75331971311309, endurance=236.02662819618445, efficiency=19.57557644742599)"
[124   5],205,124,5,205,44.63999999999999,3.6441452916822072,4.376067036852291,1447.0278405991585,7246.69452210184,0.3226459446848382,11.16,7.466122982573945,500.48710702149543,"ScoreBreakdown(accel=100.0, skidpad=75.0, autocross=75.03730685731446, endurance=232.0832303703697, efficiency=18.366569793811248)"
[124   5],210,124,5,210,44.63999999999999,3.6511095024580413,4.4288669578696584,1442.5613534935248,7292.156623124135,0.31340473682240744,11.16,7.553959487098461,503.61346472816535,"ScoreBreakdown(accel=100.0, skidpad=75.0, autocross=76.0648513229693, endurance=234.44452772201782, efficiency=18.10408568317827)"
[124   5],215,124,5,215,44.63999999999999,3.637075262504169,4.481046804910079,1446.3374596478359,7359.575968224431,0.30615915223130247,11.16,7.621733195751446,499.77355221144967,"ScoreBreakdown(accel=100.0, skidpad=75.0, autocross=75.19571882871327, endurance=232.4472611067867, efficiency=17.130572275949724)"
[124   5],220,124,5,220,44.63999999999999,3.6619219016776015,4.532621511412529,1453.6146213696247,7415.001461326672,0.30090058052226026,11.16,7.671897705551063,493.272473823652,"ScoreBreakdown(accel=100.0, skidpad=75.0, autocross=73.53349758148974, endurance=228.62747640635445, efficiency=16.111499835807837)"
[124   5],225,124,5,225,44.63999999999999,3.6815379399303936,4.422192708426152,1460.6876695165788,7498.1346931156895,0.2930578261546042,11.16,7.744974389419231,486.71260443033844,"ScoreBreakdown(accel=100.0, skidpad=75.0, autocross=71.93377126765662, endurance=224.95130507316708, efficiency=14.82752808951469)"
[124   5],230,124,5,230,44.63999999999999,3.692103880388501,4.470852429020283,1457.1949539766704,7578.79193619861,0.28709583262852567,11.16,7.801147593763736,488.65315753155033,"ScoreBreakdown(accel=100.0, skidpad=75.0, autocross=72.72178523388466, endurance=226.7621612976031, efficiency=14.169211000062617)"
[124   5],235,124,5,235,44.63999999999999,3.680992183321891,4.518984356243578,1460.716662592114,7655.132112015255,0.2793960340453468,11.16,7.872436945659165,485.0571969930743,"ScoreBreakdown(accel=100.0, skidpad=75.0, autocross=71.92724572458499, endurance=224.93630937411146, efficiency=13.193641894377805)"
[124   5],240,124,5,240,44.63999999999999,3.707720844568186,4.56660959939957,1469.2063244304518,7693.405113006404,0.2748646449124974,11.16,7.914937181910057,477.95589390984713,"ScoreBreakdown(accel=100.0, skidpad=75.0, autocross=70.02753559159207, endurance=220.5707751749891, efficiency=12.357583143265893)"
[124   5],245,124,5,245,44.63999999999999,3.7300323602843406,4.464215027810155,1474.9949402104853,7736.1479259867265,0.27002561271545455,11.16,7.960047180054929,472.99823421492226,"ScoreBreakdown(accel=100.0, skidpad=75.0, autocross=68.74477052430018, endurance=217.62298083866074, efficiency=11.63048285196132)"
[124   5],250,124,5,250,44.63999999999999,3.744515743492414,4.509360168975846,1472.088703897121,7797.187804832266,0.26308220721947656,11.16,8.025422668423959,474.6696580374663,"ScoreBreakdown(accel=100.0, skidpad=75.0, autocross=69.38753539693482, endurance=219.10005462204913, efficiency=11.182068018482342)"
[124   5],255,124,5,255,44.63999999999999,3.736249422103384,4.554058482861819,1482.1914744562735,7830.936248013881,0.2591585245745223,11.16,8.062928296072807,466.4936402943619,"ScoreBreakdown(accel=100.0, skidpad=75.0, autocross=67.16398017806657, endurance=213.99032436214185, efficiency=10.339335754153542)"
[124   5],260,124,5,260,44.63999999999999,3.7685683556247653,4.5983204147764525,1487.7101045638838,7868.903486956698,0.254483707311103,11.16,8.107263174728464,461.89027399620113,"ScoreBreakdown(accel=100.0, skidpad=75.0, autocross=65.96211879146732, endurance=211.2284466973965, efficiency=9.69970850733728)"
[124   5],265,124,5,265,44.63999999999999,3.800431217339053,4.642160207225828,1491.075290175546,7912.893935542161,0.2496297496602979,11.16,8.153077396212462,458.9065446301256,"ScoreBreakdown(accel=100.0, skidpad=75.0, autocross=65.23360654385816, endurance=209.5543254321659, efficiency=9.118612654101526)"
[124   5],270,124,5,270,44.63999999999999,3.82946872142071,4.545210326813304,1502.6772354690138,7956.405694594572,0.24452561799420275,11.16,8.200199239921918,449.1006804475314,"ScoreBreakdown(accel=99.36641637168582, skidpad=75.0, autocross=62.74697606254686, endurance=203.84004817574993, efficiency=8.147239837548748)"
[124   5],275,124,5,275,44.63999999999999,3.8508227503561585,4.586949823898507,1498.971702259679,7978.63756481899,0.24221273541054406,11.16,8.22303129983517,450.09751829064516,"ScoreBreakdown(accel=97.7811967647046, skidpad=75.0, autocross=63.536994611750124, endurance=205.6555109321939, efficiency=8.123815981996536)"
[124   5],280,124,5,280,44.63999999999999,3.8782795667071923,4.628315144971793,1503.4335731270646,8001.8902004820275,0.23918960493894317,11.16,8.251776885814536,444.5217065193624,"ScoreBreakdown(accel=95.76858873133177, skidpad=75.0, autocross=62.586203663228346, endurance=203.47059317558418, efficiency=7.696320949218149)"
[124   5],285,124,5,285,44.63999999999999,3.906724326227902,4.669313121469187,1507.1800851970995,8031.5314859834325,0.235990180800225,11.16,8.281199518298628,439.40100358979566,"ScoreBreakdown(accel=93.71339838354871, skidpad=75.0, autocross=61.79219824707655, endurance=201.64596859823456, efficiency=7.249438360935888)"
[124   5],290,124,5,290,44.63999999999999,3.935079819301123,4.579187861615182,1518.3380364271216,8053.1419813657985,0.23321720805093893,11.16,8.307955333444509,428.93847966705596,"ScoreBreakdown(accel=91.69422991893049, skidpad=75.0, autocross=59.450685318651246, endurance=196.2651715022989, efficiency=6.528392927175354)"
[124   5],295,124,5,295,44.63999999999999,3.9633417441227863,4.61836203910029,1514.1854196404345,8086.7539865216795,0.22956549097742474,11.16,8.343329718647455,429.7137951697872,"ScoreBreakdown(accel=89.7104735538761, skidpad=75.0, autocross=60.318086568312616, endurance=198.2584597171658, efficiency=6.426775330432662)"
[124   5],300,124,5,300,44.63999999999999,3.9915058253446176,4.65720733660217,1518.4526723984152,8115.586657370468,0.22589532208064408,11.16,8.3776377936655,424.3731324996756,"ScoreBreakdown(accel=87.76153133710751, skidpad=75.0, autocross=59.42680737609705, endurance=196.21029998636877, efficiency=5.974493800102287)"
[128   5],200,128,5,200,46.08,3.6263688434969197,4.496213348185748,1441.2888079197432,7154.46996507983,0.35975316400462726,11.52,7.353376066347421,506.25219418626347,"ScoreBreakdown(accel=100.0, skidpad=75.0, autocross=76.35877444863057, endurance=235.1199631132928, efficiency=19.773456624340117)"
[128   5],205,128,5,205,46.08,3.6441452916822072,4.376067036852291,1448.7600030092292,7222.611415138854,0.35021929478502634,11.52,7.447468696572431,499.3559613051275,"ScoreBreakdown(accel=100.0, skidpad=75.0, autocross=74.64051660444281, endurance=231.17140630378933, efficiency=18.544038396895356)"
[128   5],210,128,5,210,46.08,3.6511095024580413,4.4288669578696584,1444.1215116902783,7268.621205672466,0.3414329858862365,11.52,7.535264198365919,502.60585666027697,"ScoreBreakdown(accel=100.0, skidpad=75.0, autocross=75.70520441841764, endurance=233.61805907600652, efficiency=18.282593165852813)"
[128   5],215,128,5,215,46.08,3.637075262504169,4.481046804910079,1447.876418406455,7335.8441897689,0.33459960386137977,11.52,7.602513155041214,498.78724061566857,"ScoreBreakdown(accel=100.0, skidpad=75.0, autocross=74.84280264647232, endurance=231.63625966175587, efficiency=17.308178307440365)"
[128   5],220,128,5,220,46.08,3.6619219016776015,4.532621511412529,1455.1837143621578,7390.083504899039,0.32959212783867975,11.52,7.652728536649405,492.2828338691711,"ScoreBreakdown(accel=100.0, skidpad=75.0, autocross=73.1772702032984, endurance=227.80886583248363, efficiency=16.296697833389082)"
[128   5],225,128,5,225,46.08,3.6815379399303936,4.422192708426152,1462.2524398920564,7473.988889878776,0.32200154242543666,11.52,7.727096019510139,485.723999026241,"ScoreBreakdown(accel=100.0, skidpad=75.0, autocross=71.58195443242599, endurance=224.14282992774747, efficiency=14.999214666067594)"
[128   5],230,128,5,230,46.08,3.692103880388501,4.470852429020283,1458.6544375797473,7553.504699619024,0.316387523525301,11.52,7.782736985500412,487.7506745182738,"ScoreBreakdown(accel=100.0, skidpad=75.0, autocross=72.39204278120548, endurance=226.00441308692967, efficiency=14.354218650138636)"
[128   5],235,128,5,235,46.08,3.680992183321891,4.518984356243578,1462.1418104904758,7630.215863272945,0.3089651787793995,11.52,7.855046872374871,484.1787140116327,"ScoreBreakdown(accel=100.0, skidpad=75.0, autocross=71.60680317588897, endurance=224.19993234432624, efficiency=13.371978491417492)"
[128   5],240,128,5,240,46.08,3.707720844568186,4.56660959939957,1470.6587591406435,7669.383556725455,0.3046246294782605,11.52,7.897781751272147,477.0564171499699,"ScoreBreakdown(accel=100.0, skidpad=75.0, autocross=69.70472510378906, endurance=219.8289566207452, efficiency=12.52273542543558)"
[128   5],245,128,5,245,46.08,3.7300323602843406,4.464215027810155,1476.4599118819601,7711.05999689011,0.2999717969758937,11.52,7.943311389238263,472.1053366397084,"ScoreBreakdown(accel=100.0, skidpad=75.0, autocross=68.42172572290363, endurance=216.88062383174005, efficiency=11.802987085064734)"
[128   5],250,128,5,250,46.08,3.744515743492414,4.509360168975846,1473.4516973857028,7771.648691581482,0.29340585238829103,11.52,8.008295231296145,473.8535264823977,"ScoreBreakdown(accel=100.0, skidpad=75.0, autocross=69.08576987539941, endurance=218.4065974037611, efficiency=11.361159203237147)"
[128   5],255,128,5,255,46.08,3.736249422103384,4.554058482861819,1483.5540777864344,7805.106553799249,0.28960062184882374,11.52,8.046408529217972,465.6915478709015,"ScoreBreakdown(accel=100.0, skidpad=75.0, autocross=66.866397619423, endurance=213.30647959326961, efficiency=10.518670658208944)"
[128   5],260,128,5,260,46.08,3.7685683556247653,4.5983204147764525,1489.086349324487,7842.437227965213,0.28515135897298083,11.52,8.090716391783397,461.08861219490706,"ScoreBreakdown(accel=100.0, skidpad=75.0, autocross=65.66378448067678, endurance=210.54287440196654, efficiency=9.881953312263754)"
[128   5],265,128,5,265,46.08,3.800431217339053,4.642160207225828,1492.4592772545036,7887.1492511390725,0.28050713149848616,11.52,8.136753415433091,458.0939946040149,"ScoreBreakdown(accel=100.0, skidpad=75.0, autocross=64.93494748485219, endurance=208.8680068652833, efficiency=9.291040253879414)"
[128   5],270,128,5,270,46.08,3.82946872142071,4.545210326813304,1504.0945095904049,7930.432702691655,0.27566526370393,11.52,8.183718907825856,448.277408697354,"ScoreBreakdown(accel=99.36641637168582, skidpad=75.0, autocross=62.44584278978709, endurance=203.14804386525273, efficiency=8.317105670628319)"
[128   5],275,128,5,275,46.08,3.8508227503561585,4.586949823898507,1500.272884380052,7952.122749749308,0.27343579027620846,11.52,8.206753717628771,449.36075425920427,"ScoreBreakdown(accel=97.7811967647046, skidpad=75.0, autocross=63.25913839841703, endurance=205.01699730810054, efficiency=8.303421787982106)"
[128   5],280,128,5,280,46.08,3.8782795667071923,4.628315144971793,1504.7454659766731,7975.551401170877,0.2705707473734815,11.52,8.235355582127394,443.77918897731223,"ScoreBreakdown(accel=95.76858873133177, skidpad=75.0, autocross=62.307721876051744, endurance=202.8306419826951, efficiency=7.872236387233607)"
[128   5],285,128,5,285,46.08,3.906724326227902,4.669313121469187,1508.5037102946765,8005.913088993232,0.2674806962529069,11.52,8.265217519351824,438.6460133781046,"ScoreBreakdown(accel=93.71339838354871, skidpad=75.0, autocross=61.512622699830345, endurance=201.00350394452505, efficiency=7.416488350200515)"
[128   5],290,128,5,290,46.08,3.935079819301123,4.579187861615182,1519.6742003512934,8027.622223010498,0.26489341804778876,11.52,8.29142030771959,428.1850933463167,"ScoreBreakdown(accel=91.69422991893049, skidpad=75.0, autocross=59.1725945966944, endurance=195.62611897734936, efficiency=6.692149853342387)"
[128   5],295,128,5,295,46.08,3.9633417441227863,4.61836203910029,1515.4697796389187,8060.172205535417,0.26149351176197017,11.52,8.32602104582815,429.00158969516895,"ScoreBreakdown(accel=89.7104735538761, skidpad=75.0, autocross=60.04930087383229, endurance=197.64079014689295, efficiency=6.601025120567551)"
[128   5],300,128,5,300,46.08,3.9915058253446176,4.65720733660217,1519.7121961254018,8088.835703537355,0.2579301064069955,11.52,8.361004203560261,423.68380479040405,"ScoreBreakdown(accel=87.76153133710751, skidpad=75.0, autocross=59.164693831085536, endurance=195.6079630166763, efficiency=6.149616605534757)"
[132   5],200,132,5,200,47.519999999999996,3.6263688434969197,4.496213348185748,1443.0634738456679,7126.711990591514,0.3847721608584133,11.88,7.334066770169653,505.1257172072568,"ScoreBreakdown(accel=100.0, skidpad=75.0, autocross=75.94901791942404, endurance=234.17834254155514, efficiency=19.99835674627766)"
[132   5],205,132,5,205,47.519999999999996,3.6441452916822072,4.376067036852291,1450.557610573048,7195.598775308976,0.3757288857159432,11.88,7.427640675249373,498.2103261069094,"ScoreBreakdown(accel=100.0, skidpad=75.0, autocross=74.22973671158431, endurance=230.22743404221052, efficiency=18.753155353114614)"
[132   5],210,132,5,210,47.519999999999996,3.6511095024580413,4.4288669578696584,1445.731621518852,7242.65765513317,0.36744889412317727,11.88,7.514456777110049,501.5893368881156,"ScoreBreakdown(accel=100.0, skidpad=75.0, autocross=75.33485658895596, endurance=232.76699970278585, efficiency=18.487480596373807)"
[132   5],215,132,5,215,47.519999999999996,3.637075262504169,4.481046804910079,1449.4779036576,7309.446340965634,0.3609295094385305,11.88,7.581704243563982,497.7840545821673,"ScoreBreakdown(accel=100.0, skidpad=75.0, autocross=74.47634349687908, endurance=230.794136475515, efficiency=17.51357460977322)"
[132   5],220,132,5,220,47.519999999999996,3.6619219016776015,4.532621511412529,1456.8179863719072,7363.238215201461,0.3561986176671222,11.88,7.631475801745478,491.2661555604855,"ScoreBreakdown(accel=100.0, skidpad=75.0, autocross=72.80706122913307, endurance=226.95812554875695, efficiency=16.50096878259553)"
[132   5],225,132,5,225,47.519999999999996,3.6815379399303936,4.422192708426152,1463.885070048276,7446.975649487793,0.3489153880016039,11.88,7.7063400588742414,484.7160878321063,"ScoreBreakdown(accel=100.0, skidpad=75.0, autocross=71.21568202925691, endurance=223.30113588481981, efficiency=15.19926991802959)"
[132   5],230,132,5,230,47.519999999999996,3.692103880388501,4.470852429020283,1460.1578081881348,7524.939302191083,0.3435587488229156,11.88,7.762056912041965,486.85132911352366,"ScoreBreakdown(accel=100.0, skidpad=75.0, autocross=72.05307410863432, endurance=225.225463021422, efficiency=14.572791983467352)"
[132   5],235,132,5,235,47.519999999999996,3.680992183321891,4.518984356243578,1463.653222965143,7601.086209721619,0.33635873717043646,11.88,7.8356721669859795,483.2786212383701,"ScoreBreakdown(accel=100.0, skidpad=75.0, autocross=71.26764598229101, endurance=223.42054905746792, efficiency=13.590426198611134)"
[132   5],240,132,5,240,47.519999999999996,3.707720844568186,4.56660959939957,1472.189184291984,7641.610133153569,0.3322033785426366,11.88,7.878594577433454,476.1371586049862,"ScoreBreakdown(accel=100.0, skidpad=75.0, autocross=69.3652700508419, endurance=219.04888885305314, efficiency=12.722999701091153)"
[132   5],245,132,5,245,47.519999999999996,3.7300323602843406,4.464215027810155,1477.998973688005,7682.594442196521,0.3277900134623377,11.88,7.923904168536181,471.19199976702384,"ScoreBreakdown(accel=100.0, skidpad=75.0, autocross=68.08303290408028, endurance=216.10230767819053, efficiency=12.006659184753056)"
[132   5],250,132,5,250,47.519999999999996,3.744515743492414,4.509360168975846,1474.9301131898155,7742.137915392986,0.3216095704408749,11.88,7.9880809607568555,472.9896778702113,"ScoreBreakdown(accel=100.0, skidpad=75.0, autocross=68.75908053009618, endurance=217.65586523434146, efficiency=11.574732105773657)"
[132   5],255,132,5,255,47.519999999999996,3.736249422103384,4.554058482861819,1485.0132843904933,7776.013008719668,0.3179275997630348,11.88,8.026730202422806,464.84995510966263,"ScoreBreakdown(accel=100.0, skidpad=75.0, autocross=66.54832316843775, endurance=212.57554445241436, efficiency=10.726087488810496)"
[132   5],260,132,5,260,47.519999999999996,3.7685683556247653,4.5983204147764525,1490.5403521779845,7813.30273460181,0.31365015496195275,11.88,8.07138874870215,460.2563448539886,"ScoreBreakdown(accel=100.0, skidpad=75.0, autocross=65.34919270940333, endurance=209.81994245966368, efficiency=10.087209684921621)"
[132   5],265,132,5,265,47.519999999999996,3.800431217339053,4.642160207225828,1493.9192724562688,7858.514680968783,0.30921669380951655,11.88,8.117462622158321,457.25410415126254,"ScoreBreakdown(accel=100.0, skidpad=75.0, autocross=64.62048595086155, endurance=208.14537420827796, efficiency=9.488243992123035)"
[132   5],270,132,5,270,47.519999999999996,3.82946872142071,4.545210326813304,1505.5873750868575,7901.486369964345,0.30463175990027574,11.88,8.16410044281894,447.42832169977873,"ScoreBreakdown(accel=99.36641637168582, skidpad=75.0, autocross=62.12926145172789, endurance=202.42053989814804, efficiency=8.51210397821692)"
[132   5],275,132,5,275,47.519999999999996,3.8508227503561585,4.586949823898507,1501.6723605285704,7922.692893228516,0.3025162501558866,11.88,8.186963009345117,448.5800048189178,"ScoreBreakdown(accel=97.7811967647046, skidpad=75.0, autocross=62.96082979842971, endurance=204.33148409610047, efficiency=8.506494159683038)"
[132   5],280,132,5,280,47.519999999999996,3.8782795667071923,4.628315144971793,1506.1528943452925,7945.656601270325,0.29979369187602145,11.88,8.215419891107514,443.00081076723666,"ScoreBreakdown(accel=95.76858873133177, skidpad=75.0, autocross=62.0094997125655, endurance=202.14532740178882, efficiency=8.07739492155051)"
[132   5],285,132,5,285,47.519999999999996,3.906724326227902,4.669313121469187,1509.9149681308045,7976.967367086506,0.2968503308255004,11.88,8.245283091738514,437.8589200292777,"ScoreBreakdown(accel=93.71339838354871, skidpad=75.0, autocross=61.215077318445296, endurance=200.31974460899897, efficiency=7.61069971828475)"
[132   5],290,132,5,290,47.519999999999996,3.935079819301123,4.579187861615182,1521.1010733522082,7998.343780378412,0.29442749938500784,11.88,8.270954446098742,427.4017629920886,"ScoreBreakdown(accel=91.69422991893049, skidpad=75.0, autocross=58.87616437611825, endurance=194.9449222815462, efficiency=6.8864464154936424)"
[132   5],295,132,5,295,47.519999999999996,3.9633417441227863,4.61836203910029,1516.8349977864752,8030.03591590817,0.2912381884545069,11.88,8.304948543346391,428.2643309492045,"ScoreBreakdown(accel=89.7104735538761, skidpad=75.0, autocross=59.764092579260726, endurance=196.98538143890028, efficiency=6.804383377167426)"
[132   5],300,132,5,300,47.519999999999996,3.9915058253446176,4.65720733660217,1521.0544851752534,8057.548820203947,0.28786312945961995,11.88,8.339743520043006,422.9766578411449,"ScoreBreakdown(accel=87.76153133710751, skidpad=75.0, autocross=58.88583420063081, endurance=194.96714353987173, efficiency=6.362148763534897)"
[136   5],200,136,5,200,48.96,3.6263688434969197,4.496213348185748,1444.8755366142177,7097.660140332728,0.40797062904065623,12.24,7.3141198385332045,503.98949787510276,"ScoreBreakdown(accel=100.0, skidpad=75.0, autocross=75.53166535620699, endurance=233.21926628240763, efficiency=20.238566236488154)"
[136   5],205,136,5,205,48.96,3.6441452916822072,4.376067036852291,1452.4108917934439,7166.707452932197,0.3994799866953065,12.24,7.406024337572264,497.0468156283051,"ScoreBreakdown(accel=100.0, skidpad=75.0, autocross=73.80729911217796, endurance=229.25667236906088, efficiency=18.982844147066324)"
[136   5],210,136,5,210,48.96,3.6511095024580413,4.4288669578696584,1447.3977224358284,7214.470501913531,0.3916143768214744,12.24,7.492287328851374,500.55737903292663,"ScoreBreakdown(accel=100.0, skidpad=75.0, autocross=74.95249746454854, endurance=231.88833837179777, efficiency=18.71654319658033)"
[136   5],215,136,5,215,48.96,3.637075262504169,4.481046804910079,1451.154047598339,7280.7183831933935,0.3853387378968931,12.24,7.559992903397152,496.7512273423062,"ScoreBreakdown(accel=100.0, skidpad=75.0, autocross=74.09366688977032, endurance=229.91474556922674, efficiency=17.742814883309162)"
[136   5],220,136,5,220,48.96,3.6619219016776015,4.532621511412529,1458.4994385339212,7333.987936286322,0.380879733005474,12.24,7.609107975045724,490.24286557627187,"ScoreBreakdown(accel=100.0, skidpad=75.0, autocross=72.42703053492775, endurance=226.0848149507574, efficiency=16.731020090586703)"
[136   5],225,136,5,225,48.96,3.6815379399303936,4.422192708426152,1465.569363303965,7417.8844685196045,0.373856115217879,12.24,7.684665648663799,483.6940580891138,"ScoreBreakdown(accel=100.0, skidpad=75.0, autocross=70.8386744594036, endurance=222.4347724270804, efficiency=15.420611202629836)"
[136   5],230,136,5,230,48.96,3.692103880388501,4.470852429020283,1461.7037112406874,7495.029278846721,0.3687399610399074,12.24,7.7403611544450674,485.9365464243232,"ScoreBreakdown(accel=100.0, skidpad=75.0, autocross=71.70524267241528, endurance=224.42614632358877, efficiency=14.805157428319136)"
[136   5],235,136,5,235,48.96,3.680992183321891,4.518984356243578,1465.2198583490638,7570.24284209606,0.3617779258357471,12.24,7.814890133903405,482.3567695498481,"ScoreBreakdown(accel=100.0, skidpad=75.0, autocross=70.91683541910763, endurance=222.61438632537903, efficiency=13.825547805361468)"
[136   5],240,136,5,240,48.96,3.707720844568186,4.56660959939957,1473.7703878444474,7612.535822826799,0.3578179629552525,12.24,7.857717961821562,475.19542527718903,"ScoreBreakdown(accel=100.0, skidpad=75.0, autocross=69.01529260881034, endurance=218.24464063350868, efficiency=12.935492034870041)"
[136   5],245,136,5,245,48.96,3.7300323602843406,4.464215027810155,1479.5935527738616,7652.840698582257,0.3535783658297809,12.24,7.903242646960936,470.2525715869363,"ScoreBreakdown(accel=100.0, skidpad=75.0, autocross=67.73286589957874, endurance=215.29762384405865, efficiency=12.222081843298918)"
[136   5],250,136,5,250,48.96,3.744515743492414,4.509360168975846,1476.4533223013427,7711.995508533668,0.34774561334657744,12.24,7.966661145271348,472.10117775357725,"ScoreBreakdown(accel=100.0, skidpad=75.0, autocross=68.42317737355899, endurance=216.8839597251856, efficiency=11.794040654832656)"
[136   5],255,136,5,255,48.96,3.736249422103384,4.554058482861819,1486.5345794619861,7745.4201079585655,0.344192884303605,12.24,8.005644978163867,463.9791161048428,"ScoreBreakdown(accel=100.0, skidpad=75.0, autocross=66.21737969289114, endurance=211.81503629099348, efficiency=10.946700120958184)"
[136   5],260,136,5,260,48.96,3.7685683556247653,4.5983204147764525,1492.049793952587,7782.542288288524,0.3400661111825192,12.24,8.050728090143146,459.4012290512819,"ScoreBreakdown(accel=100.0, skidpad=75.0, autocross=65.02325468385826, endurance=209.07093682317227, efficiency=10.307037544251406)"
[136   5],265,136,5,265,48.96,3.800431217339053,4.642160207225828,1495.442183209593,7828.251720166119,0.3359030597139173,12.24,8.09607577592602,456.3856188451286,"ScoreBreakdown(accel=100.0, skidpad=75.0, autocross=64.29312760589748, endurance=207.39310467752725, efficiency=9.699386561703887)"
[136   5],270,136,5,270,48.96,3.82946872142071,4.545210326813304,1507.113255561267,7870.927857825361,0.33151869467339573,12.24,8.142784904712638,446.57330020125835,"ScoreBreakdown(accel=99.36641637168582, skidpad=75.0, autocross=61.80632699829284, endurance=201.67843647086107, efficiency=8.7221203604186)"
[136   5],275,136,5,275,48.96,3.8508227503561585,4.586949823898507,1503.1299716623703,7891.36852105893,0.3295324893304199,12.24,8.165209834005296,447.7767738823008,"ScoreBreakdown(accel=97.7811967647046, skidpad=75.0, autocross=62.650719866825106, endurance=203.61885142209644, efficiency=8.72600582867467)"
[136   5],280,136,5,280,48.96,3.8782795667071923,4.628315144971793,1507.6097197266702,7914.20621855057,0.3269603522248567,12.24,8.193347843696207,442.20348874566724,"ScoreBreakdown(accel=95.76858873133177, skidpad=75.0, autocross=61.70139720713997, endurance=201.43730779347558, efficiency=8.296195013719933)"
[136   5],285,136,5,285,48.96,3.906724326227902,4.669313121469187,1511.372941290469,7945.383464947176,0.3242047495602524,12.24,8.222691232661784,437.06466233798756,"ScoreBreakdown(accel=93.71339838354871, skidpad=75.0, autocross=60.908266184319565, endurance=199.6146925721458, efficiency=7.828305197973453)"
[136   5],290,136,5,290,48.96,3.935079819301123,4.579187861615182,1522.520715041664,7966.62746663948,0.3219211623463479,12.24,8.248016934223397,426.64908723409064,"ScoreBreakdown(accel=91.69422991893049, skidpad=75.0, autocross=58.58178784627689, endurance=194.26844496739068, efficiency=7.104624501492592)"
[136   5],295,136,5,295,48.96,3.9633417441227863,4.61836203910029,1518.2556228352041,7997.139141250987,0.3190160928779138,12.24,8.280454397850852,427.51449714801,"ScoreBreakdown(accel=89.7104735538761, skidpad=75.0, autocross=59.467853772797646, endurance=196.30462461276056, efficiency=7.031545208575671)"
[136   5],300,136,5,300,48.96,3.9915058253446176,4.65720733660217,1522.4618412810923,8024.19644097162,0.3158164184694359,12.24,8.315024872500414,422.2437534105249,"ScoreBreakdown(accel=87.76153133710751, skidpad=75.0, autocross=58.59398498240312, endurance=194.29647398822144, efficiency=6.591763102792845)"
[140   5],200,140,5,200,50.4,3.6263688434969197,4.496213348185748,1446.764214571903,7067.58697484557,0.42970688107128213,12.6,7.292006716888695,502.8087985838652,"ScoreBreakdown(accel=100.0, skidpad=75.0, autocross=75.09777955739574, endurance=232.22219664513622, efficiency=20.488822381333275)"
[140   5],205,140,5,205,50.4,3.6441452916822072,4.376067036852291,1454.3247463336015,7136.439619617284,0.42153741341273393,12.6,7.3842030500425295,495.85632916855985,"ScoreBreakdown(accel=100.0, skidpad=75.0, autocross=73.3721844122722, endurance=228.25677871687154, efficiency=19.227366039416133)"
[140   5],210,140,5,210,50.4,3.6511095024580413,4.4288669578696584,1449.1051925424722,7184.790115730688,0.4141417441956434,12.6,7.468827498236795,499.5141455498306,"ScoreBreakdown(accel=100.0, skidpad=75.0, autocross=74.56155663374425, endurance=230.9899562780935, efficiency=18.962632637992762)"
[140   5],215,140,5,215,50.4,3.637075262504169,4.481046804910079,1452.881743836437,7249.844725663273,0.4081674034668531,12.6,7.536064766509721,495.7062194207737,"ScoreBreakdown(accel=100.0, skidpad=75.0, autocross=73.70014461185887, endurance=229.0104313096441, efficiency=17.99564349927071)"
[140   5],220,140,5,220,50.4,3.6619219016776015,4.532621511412529,1460.2267717538948,7303.45045314631,0.4038710188193603,12.6,7.585455072022884,489.20227757601265,"ScoreBreakdown(accel=100.0, skidpad=75.0, autocross=72.03754146683794, endurance=225.1897690080105, efficiency=16.97496710116423)"
[140   5],225,140,5,225,50.4,3.6815379399303936,4.422192708426152,1467.2891151121114,7387.534763216661,0.3970879024677225,12.6,7.661667954324447,482.6625079116518,"ScoreBreakdown(accel=100.0, skidpad=75.0, autocross=70.45462299873597, endurance=221.55222210708703, efficiency=15.655662805828817)"
[140   5],230,140,5,230,50.4,3.692103880388501,4.470852429020283,1463.2962878988553,7463.487659383262,0.39219298776038025,12.6,7.717297322920063,485.0066046995956,"ScoreBreakdown(accel=100.0, skidpad=75.0, autocross=71.34767813009974, endurance=223.6044629463398, efficiency=15.054463623156082)"
[140   5],235,140,5,235,50.4,3.680992183321891,4.518984356243578,1466.8691195283122,7538.072007179136,0.38546362784330235,12.6,7.792544770772809,481.38811314007233,"ScoreBreakdown(accel=100.0, skidpad=75.0, autocross=70.54833244728879, endurance=221.767566435326, efficiency=14.072214257457583)"
[140   5],240,140,5,240,50.4,3.707720844568186,4.56660959939957,1475.4043947517548,7581.867371108662,0.38161806521408953,12.6,7.836000443447873,474.23314847747133,"ScoreBreakdown(accel=100.0, skidpad=75.0, autocross=68.65441601970701, endurance=217.41534617219463, efficiency=13.163386285569672)"
[140   5],245,140,5,245,50.4,3.7300323602843406,4.464215027810155,1481.1805501975332,7621.802709952896,0.37755810584254457,12.6,7.881549541714974,469.3363681479957,"ScoreBreakdown(accel=100.0, skidpad=75.0, autocross=67.38511239854554, endurance=214.4984862412953, efficiency=12.452769508154871)"
[140   5],250,140,5,250,50.4,3.744515743492414,4.509360168975846,1478.0500417168635,7680.687198970078,0.3720677703566097,12.6,7.943835578683347,471.1713862874468,"ScoreBreakdown(accel=100.0, skidpad=75.0, autocross=68.07180673588616, endurance=216.07650994182782, efficiency=12.023069609732817)"
[140   5],255,140,5,255,50.4,3.736249422103384,4.554058482861819,1488.1234409176507,7713.004533093612,0.3686472131726908,12.6,7.983038253888432,463.07858855396876,"ScoreBreakdown(accel=100.0, skidpad=75.0, autocross=65.87246017073386, endurance=211.02241117215488, efficiency=11.183717211080001)"
[140   5],260,140,5,260,50.4,3.7685683556247653,4.5983204147764525,1493.5836950405424,7750.928932233888,0.3646840183051636,12.6,8.02829733457425,458.5398714546731,"ScoreBreakdown(accel=100.0, skidpad=75.0, autocross=64.69270998645388, endurance=208.3113450539882, efficiency=10.535816414231052)"
[140   5],265,140,5,265,50.4,3.800431217339053,4.642160207225828,1496.8830693033376,7796.882723926525,0.3606878786512889,12.6,8.073818983268396,455.593785211339,"ScoreBreakdown(accel=100.0, skidpad=75.0, autocross=63.98401418121551, endurance=206.68276197659597, efficiency=9.927009053527556)"
[140   5],270,140,5,270,50.4,3.82946872142071,4.545210326813304,1508.4573284158134,7839.277282355541,0.3564926942436282,12.6,8.120568841817104,445.8679009817494,"ScoreBreakdown(accel=99.36641637168582, skidpad=75.0, autocross=61.522411166027645, endurance=201.0259978414617, efficiency=8.953075602574227)"
[140   5],275,140,5,275,50.4,3.8508227503561585,4.586949823898507,1504.636072395875,7858.005478878219,0.354726315558861,12.6,8.141348724649564,446.960237453756,"ScoreBreakdown(accel=97.7811967647046, skidpad=75.0, autocross=62.33092481757997, endurance=202.88396234615604, efficiency=8.964153525315375)"
[140   5],280,140,5,280,50.4,3.8782795667071923,4.628315144971793,1509.0291544408685,7880.212153054625,0.3522845157186358,12.6,8.169295706943455,441.46148750556625,"ScoreBreakdown(accel=95.76858873133177, skidpad=75.0, autocross=61.40177459688329, endurance=200.74877498565976, efficiency=8.542349191691482)"
[140   5],285,140,5,285,50.4,3.906724326227902,4.669313121469187,1512.6934363992677,7912.18191457884,0.3496864909088558,12.6,8.198305796683526,436.3908783952385,"ScoreBreakdown(accel=93.71339838354871, skidpad=75.0, autocross=60.63089588712068, endurance=198.97729558340885, efficiency=8.069288541160232)"
[140   5],290,140,5,290,50.4,3.935079819301123,4.579187861615182,1523.7605506389516,7932.751772145507,0.3475458015364145,12.6,8.223141187495356,426.05085783978393,"ScoreBreakdown(accel=91.69422991893049, skidpad=75.0, autocross=58.32514457316081, endurance=193.67867868341654, efficiency=7.352804664276134)"
[140   5],295,140,5,295,50.4,3.9633417441227863,4.61836203910029,1519.6728868253892,7961.447386968831,0.3449407604836558,12.6,8.25350121474532,426.79624271952787,"ScoreBreakdown(accel=89.7104735538761, skidpad=75.0, autocross=59.17286773572045, endurance=195.62674665087636, efficiency=7.286154779054959)"
[140   5],300,140,5,300,50.4,3.9915058253446176,4.65720733660217,1523.7705282337954,7989.744545457199,0.34185869565023125,12.6,8.288379259496786,421.5964531913363,"ScoreBreakdown(accel=87.76153133710751, skidpad=75.0, autocross=58.32308092673509, endurance=193.67393642358974, efficiency=6.837904503903958)"
[144   5],200,144,5,200,51.83999999999999,3.6263688434969197,4.496213348185748,1448.6877181131858,7036.981281476513,0.4499902446012755,12.96,7.2694817420966595,501.612394369447,"ScoreBreakdown(accel=100.0, skidpad=75.0, autocross=74.65705609220423, endurance=231.20941404939458, efficiency=20.745924227848164)"
[144   5],205,144,5,205,51.83999999999999,3.6441452916822072,4.376067036852291,1456.093920254897,7106.144643752851,0.4420783108621916,12.96,7.362498343577696,494.78874667946224,"ScoreBreakdown(accel=100.0, skidpad=75.0, autocross=72.9709802162124, endurance=227.33481140811634, efficiency=19.482955055133466)"
[144   5],210,144,5,210,51.83999999999999,3.6511095024580413,4.4288669578696584,1450.8744766686766,7154.219013431367,0.43516833734505345,12.96,7.444734564194038,498.4365893700824,"ScoreBreakdown(accel=100.0, skidpad=75.0, autocross=74.15743365291256, endurance=230.0612816014508, efficiency=19.21787411571906)"
[144   5],215,144,5,215,51.83999999999999,3.637075262504169,4.481046804910079,1454.6909315993655,7218.271136084521,0.42951441375988236,12.96,7.51096704088864,494.6090962393557,"ScoreBreakdown(accel=100.0, skidpad=75.0, autocross=73.28906270397957, endurance=228.06576501749754, efficiency=18.254268517878575)"
[144   5],220,144,5,220,51.83999999999999,3.6619219016776015,4.532621511412529,1461.9178516931615,7273.209905633164,0.4253309919890945,12.96,7.561035354402806,488.19255417621827,"ScoreBreakdown(accel=100.0, skidpad=75.0, autocross=71.65711862820879, endurance=224.31555726206048, efficiency=17.21987828594899)"
[144   5],225,144,5,225,51.83999999999999,3.6815379399303936,4.422192708426152,1468.7886916622538,7358.164898591448,0.41867823495056894,12.96,7.638941420218634,481.7990477711641,"ScoreBreakdown(accel=100.0, skidpad=75.0, autocross=70.12047463059726, endurance=220.78434910196054, efficiency=15.894224038606277)"
[144   5],230,144,5,230,51.83999999999999,3.692103880388501,4.470852429020283,1464.9615495137084,7431.929041150039,0.41408601125697064,12.96,7.693192172084457,484.0241008352186,"ScoreBreakdown(accel=100.0, skidpad=75.0, autocross=70.97462585354334, endurance=222.7471887532492, efficiency=15.30228622842603)"
[144   5],235,144,5,235,51.83999999999999,3.680992183321891,4.518984356243578,1468.5203444974986,7505.702016688589,0.4075306026866673,12.96,7.769582465727946,480.42505164688293,"ScoreBreakdown(accel=100.0, skidpad=75.0, autocross=70.18021988894637, endurance=220.9216437155065, efficiency=14.323188042430045)"
[144   5],240,144,5,240,51.83999999999999,3.707720844568186,4.56660959939957,1476.8817050218101,7550.811494192231,0.40377595464113586,12.96,7.813891692905008,473.40161883649404,"ScoreBreakdown(accel=100.0, skidpad=75.0, autocross=68.32883381954746, endurance=216.66715822249776, efficiency=13.405626794448791)"
[144   5],245,144,5,245,51.83999999999999,3.7300323602843406,4.464215027810155,1482.5389642132118,7591.000689305727,0.39990346785759406,12.96,7.859224921579732,468.59890588327016,"ScoreBreakdown(accel=100.0, skidpad=75.0, autocross=67.08803900522838, endurance=213.81581153442727, efficiency=12.69505534361452)"
[144   5],250,144,5,250,51.83999999999999,3.744515743492414,4.509360168975846,1479.6602444720484,7648.413680905889,0.3947640743964173,12.96,7.919864039531983,470.24541443555745,"ScoreBreakdown(accel=100.0, skidpad=75.0, autocross=67.71823695277715, endurance=215.26400652189426, efficiency=12.26317096088605)"
[144   5],255,144,5,255,51.83999999999999,3.736249422103384,4.554058482861819,1489.6245645958143,7680.441211437661,0.3914636794679752,12.96,7.959333983444482,462.25123378472614,"ScoreBreakdown(accel=100.0, skidpad=75.0, autocross=65.54726325922823, endurance=210.27510861584838, efficiency=11.428861909649529)"
[144   5],260,144,5,260,51.83999999999999,3.7685683556247653,4.5983204147764525,1494.9262993619911,7718.882441712571,0.38759363968112376,12.96,8.005443661307494,457.83224112971715,"ScoreBreakdown(accel=100.0, skidpad=75.0, autocross=64.40394507850917, endurance=207.64776324787698, efficiency=10.780532803331045)"
[144   5],265,144,5,265,51.83999999999999,3.800431217339053,4.642160207225828,1498.1395427886725,7764.903435663069,0.3838083843260469,12.96,8.050460283681398,454.9511174155968,"ScoreBreakdown(accel=100.0, skidpad=75.0, autocross=63.71494813010703, endurance=206.06444814674546, efficiency=10.17172113874433)"
[144   5],270,144,5,270,51.83999999999999,3.82946872142071,4.545210326813304,1509.659976795223,7807.0658292070175,0.379810823869334,12.96,8.096951307824915,445.27667012855653,"ScoreBreakdown(accel=99.36641637168582, skidpad=75.0, autocross=61.26879775235643, endurance=200.4431941749921, efficiency=9.198261829522231)"
[144   5],275,144,5,275,51.83999999999999,3.8508227503561585,4.586949823898507,1505.9864722255136,7823.808606758795,0.378237850409392,12.96,8.116199943881691,446.2722389858366,"ScoreBreakdown(accel=97.7811967647046, skidpad=75.0, autocross=62.04473409290712, endurance=202.22629601362854, efficiency=9.220012114596365)"
[144   5],280,144,5,280,51.83999999999999,3.8782795667071923,4.628315144971793,1510.263733592588,7845.814689797378,0.37590400347393926,12.96,8.144082251896615,440.8647346409993,"ScoreBreakdown(accel=95.76858873133177, skidpad=75.0, autocross=61.14163034468613, endurance=200.15096345117982, efficiency=8.803552113801596)"
[144   5],285,144,5,285,51.83999999999999,3.906724326227902,4.669313121469187,1513.8779556376833,7877.352547494036,0.3735659825670857,12.96,8.171453400339832,435.8364575310666,"ScoreBreakdown(accel=93.71339838354871, skidpad=75.0, autocross=60.3824990559098, endurance=198.40647962429392, efficiency=8.334080467314212)"
[144   5],290,144,5,290,51.83999999999999,3.935079819301123,4.579187861615182,1524.8776592591728,7897.504249896864,0.3714952148130279,12.96,8.196464009802984,425.55821094306197,"ScoreBreakdown(accel=91.69422991893049, skidpad=75.0, autocross=58.09426293471108, endurance=193.14811264015717, efficiency=7.6216054492631775)"
[144   5],295,144,5,295,51.83999999999999,3.9633417441227863,4.61836203910029,1520.9303139479068,7925.12518372631,0.36917781395381594,12.96,8.224643125107226,426.2049950548012,"ScoreBreakdown(accel=89.7104735538761, skidpad=75.0, autocross=58.91161002755063, endurance=195.02637639438743, efficiency=7.556535078987066)"
[144   5],300,144,5,300,51.83999999999999,3.9915058253446176,4.65720733660217,1524.9424479679637,7953.316645062015,0.36627982049946595,12.96,8.258947033858986,421.0703606209269,"ScoreBreakdown(accel=87.76153133710751, skidpad=75.0, autocross=58.08088292004096, endurance=193.11736536423726, efficiency=7.110580999541228)"
