pack_combo,mass,series,parallel,mass_kg,batt_mass,accel_time,skidpad_time,endur_time,energy_wh,final_soc,pack_energy_kwh,final_energy_kwh,total_points,score_breakdown
[100   2],200,100,2,200,14.399999999999999,3.6263688434969197,4.496213348185748,1882.2321842959109,1829.0420294815824,0.47311468438438803,4.2,1.843806663378472,425.6953571791088,"ScoreBreakdown(accel=100.0, skidpad=75.0, autocross=6.5, endurance=55.748070937987535, efficiency=188.44728624112125)"
[100   2],205,100,2,205,14.399999999999999,3.6441452916822072,4.376067036852291,1885.622741679383,1822.5721926922463,0.47449995932867667,4.2,1.8367711501782422,425.0830609651806,"ScoreBreakdown(accel=100.0, skidpad=75.0, autocross=6.5, endurance=54.69383243851246, efficiency=188.88922852666812)"
[100   2],210,100,2,210,14.399999999999999,3.6511095024580413,4.4288669578696584,1886.6188119012775,1815.9455484824925,0.4762140600017451,4.2,1.8297883322198107,425.5652792507634,"ScoreBreakdown(accel=100.0, skidpad=75.0, autocross=6.5, endurance=54.384840773590334, efficiency=189.68043847717306)"
[100   2],215,100,2,215,14.399999999999999,3.637075262504169,4.481046804910079,1900.637885881922,1808.917378863765,0.47784223199175263,4.2,1.8229608061584697,420.355286828236,"ScoreBreakdown(accel=100.0, skidpad=75.0, autocross=6.5, endurance=50.07032997102323, efficiency=188.7849568572128)"
[100   2],220,100,2,220,14.399999999999999,3.6619219016776015,4.532621511412529,1909.1815221854426,1808.7415116807724,0.4777039835238995,4.2,1.8233029052015977,416.64687277894365,"ScoreBreakdown(accel=100.0, skidpad=75.0, autocross=6.5, endurance=47.47201423377976, efficiency=187.6748585451639)"
[100   2],225,100,2,225,14.399999999999999,3.6815379399303936,4.422192708426152,1910.0535970748724,1807.142792755055,0.47781757278073034,4.2,1.8209768424703183,416.49092853097113,"ScoreBreakdown(accel=100.0, skidpad=75.0, autocross=6.5, endurance=47.20810366614787, efficiency=187.78282486482328)"
[100   2],230,100,2,230,14.399999999999999,3.692103880388501,4.470852429020283,1910.792279993333,1808.8027351484322,0.4772284810629797,4.2,1.8222180874626024,415.9382691923517,"ScoreBreakdown(accel=100.0, skidpad=75.0, autocross=6.5, endurance=46.98474911817165, efficiency=187.45352007418006)"
[100   2],235,100,2,235,14.399999999999999,3.680992183321891,4.518984356243578,1922.9751647963294,1809.6865392163406,0.4766956289682312,4.2,1.8232171173727785,410.5589914692315,"ScoreBreakdown(accel=100.0, skidpad=75.0, autocross=6.5, endurance=43.32577986587104, efficiency=185.7332116033605)"
[100   2],240,100,2,240,14.399999999999999,3.707720844568186,4.56660959939957,1933.2088277935775,1807.8675867553038,0.4770035867306498,4.2,1.8213943638900565,406.445745030234,"ScoreBreakdown(accel=100.0, skidpad=75.0, autocross=6.5, endurance=40.2878730951801, efficiency=184.65787193505386)"
[100   2],245,100,2,245,14.399999999999999,3.7300323602843406,4.464215027810155,1934.370140619987,1807.0362758235522,0.4766413858055992,4.2,1.8211076927681435,406.06796826989466,"ScoreBreakdown(accel=100.0, skidpad=75.0, autocross=6.5, endurance=39.94516319615786, efficiency=184.62280507373677)"
[100   2],250,100,2,250,14.399999999999999,3.744515743492414,4.509360168975846,1936.3023218421474,1811.4749969853676,0.4755349392684981,4.2,1.8245380726150795,404.6393519269343,"ScoreBreakdown(accel=100.0, skidpad=75.0, autocross=6.5, endurance=39.375876693958965, efficiency=183.7634752329753)"
[100   2],255,100,2,255,14.399999999999999,3.736249422103384,4.554058482861819,1949.674028326284,1810.1362985974752,0.4757311518412003,4.2,1.823184829212608,399.20854276243756,"ScoreBreakdown(accel=100.0, skidpad=75.0, autocross=6.5, endurance=35.467040797598195, efficiency=182.2415019648394)"
[100   2],260,100,2,260,14.399999999999999,3.7685683556247653,4.5983204147764525,1957.7996106552364,1809.5824889847167,0.4757832988073279,4.2,1.8226403924387677,395.90945760535703,"ScoreBreakdown(accel=100.0, skidpad=75.0, autocross=6.5, endurance=33.11784061302174, efficiency=181.2916169923353)"
[100   2],265,100,2,265,14.399999999999999,3.800431217339053,4.642160207225828,1956.9809127854874,1804.5236509003323,0.4772011469462548,4.2,1.8171699280504903,396.9382936460228,"ScoreBreakdown(accel=100.0, skidpad=75.0, autocross=6.5, endurance=33.35365191075213, efficiency=182.0846417352707)"
[100   2],270,100,2,270,14.399999999999999,3.82946872142071,4.545210326813304,1970.5226284613188,1801.0431064643626,0.4777496052398064,4.2,1.8140174306043602,391.2068224968689,"ScoreBreakdown(accel=99.36641637168582, skidpad=75.0, autocross=6.5, endurance=29.478386514558736, efficiency=180.8620196106243)"
[100   2],275,100,2,275,14.399999999999999,3.8508227503561585,4.586949823898507,1972.9471394887507,1795.7880070384722,0.47926690689623386,4.2,1.8081938909651403,389.34945008642427,"ScoreBreakdown(accel=97.7811967647046, skidpad=75.0, autocross=6.5, endurance=28.790173211166827, efficiency=181.27808011055285)"
[100   2],280,100,2,280,14.399999999999999,3.8782795667071923,4.628315144971793,1981.7846320178303,1789.4261992709905,0.4809422235324142,4.2,1.8017508832311913,384.61616019814085,"ScoreBreakdown(accel=95.76858873133177, skidpad=75.0, autocross=6.5, endurance=26.295848843480368, efficiency=181.05172262332871)"
[100   2],285,100,2,285,14.399999999999999,3.906724326227902,4.669313121469187,1980.7279643765464,1779.9658057128793,0.4835668079914194,4.2,1.7918345039005785,384.29636643480615,"ScoreBreakdown(accel=93.71339838354871, skidpad=75.0, autocross=6.5, endurance=26.592914806406444, efficiency=182.490053244851)"
[100   2],290,100,2,290,14.399999999999999,3.935079819301123,4.579187861615182,1994.7621195744923,1776.2993039999528,0.48428811183018067,4.2,1.7881212009498422,198.1942299189305,"ScoreBreakdown(accel=91.69422991893049, skidpad=75.0, autocross=6.5, endurance=25.0, efficiency=0.0)"
[100   2],295,100,2,295,14.399999999999999,3.9633417441227863,4.61836203910029,1995.8422264719168,1776.6323179262358,0.48416435553847087,4.2,1.7883858884347015,196.2104735538761,"ScoreBreakdown(accel=89.7104735538761, skidpad=75.0, autocross=6.5, endurance=25.0, efficiency=0.0)"
[100   2],300,100,2,300,14.399999999999999,3.9915058253446176,4.65720733660217,2003.6418836786252,1774.1539852118185,0.4848623138794689,4.2,1.78563681311268,194.2615313371075,"ScoreBreakdown(accel=87.76153133710751, skidpad=75.0, autocross=6.5, endurance=25.0, efficiency=0.0)"
[104   2],200,104,2,200,14.975999999999999,3.6263688434969197,4.496213348185748,1848.6029870273596,1906.6270904901908,0.4741475281068641,4.368,1.9220931521669196,430.47633502389976,"ScoreBreakdown(accel=100.0, skidpad=75.0, autocross=6.5, endurance=66.41391993476111, efficiency=182.56241508913865)"
[104   2],205,104,2,205,14.975999999999999,3.6441452916822072,4.376067036852291,1852.2819174564527,1900.5242266212783,0.47537495611724867,4.368,1.9154230158539887,429.592052338621,"ScoreBreakdown(accel=100.0, skidpad=75.0, autocross=6.5, endurance=65.22824234004759, efficiency=182.86380999857337)"
[104   2],210,104,2,210,14.975999999999999,3.6511095024580413,4.4288669578696584,1851.2145778837341,1897.074144411165,0.4761475344743502,4.368,1.911612973591661,430.5289366677572,"ScoreBreakdown(accel=100.0, skidpad=75.0, autocross=6.5, endurance=65.57174850722865, efficiency=183.45718816052852)"
[104   2],215,104,2,215,14.975999999999999,3.637075262504169,4.481046804910079,1864.2146623234557,1893.8884693831408,0.4766426134437157,4.368,1.9086607966595865,425.0554930701699,"ScoreBreakdown(accel=100.0, skidpad=75.0, autocross=6.5, endurance=61.41466003117248, efficiency=182.14083303899744)"
[104   2],220,104,2,220,14.975999999999999,3.6619219016776015,4.532621511412529,1872.6464572572902,1895.1937662580053,0.4760884569796946,4.368,1.9105659718707688,421.1090755048294,"ScoreBreakdown(accel=100.0, skidpad=75.0, autocross=6.5, endurance=58.74924956598759, efficiency=180.8598259388418)"
[104   2],225,104,2,225,14.975999999999999,3.6815379399303936,4.422192708426152,1873.9100253421577,1894.9488089655308,0.4758131905492619,4.368,1.9095915702895634,420.5778170005689,"ScoreBreakdown(accel=100.0, skidpad=75.0, autocross=6.5, endurance=58.351884306214906, efficiency=180.72593269435401)"
[104   2],230,104,2,230,14.975999999999999,3.692103880388501,4.470852429020283,1872.513647620807,1900.2782294688604,0.47413126417988966,4.368,1.9147420198026843,420.511043892122,"ScoreBreakdown(accel=100.0, skidpad=75.0, autocross=6.5, endurance=58.79104651472829, efficiency=180.21999737739372)"
[104   2],235,104,2,235,14.975999999999999,3.680992183321891,4.518984356243578,1883.9302255163911,1903.1542374680437,0.4730210603937602,4.368,1.917735076345613,415.0870414633572,"ScoreBreakdown(accel=100.0, skidpad=75.0, autocross=6.5, endurance=55.21961839127483, efficiency=178.36742307208235)"
[104   2],240,104,2,240,14.975999999999999,3.707720844568186,4.56660959939957,1893.5240900726371,1902.7276958257448,0.4728817361085682,4.368,1.9173148859661047,410.94146832991237,"ScoreBreakdown(accel=100.0, skidpad=75.0, autocross=6.5, endurance=52.251688007541674, efficiency=177.1897803223707)"
[104   2],245,104,2,245,14.975999999999999,3.7300323602843406,4.464215027810155,1895.0146938815576,1905.05974189061,0.4716031980457078,4.368,1.9202616937750254,409.99676581059,"ScoreBreakdown(accel=100.0, skidpad=75.0, autocross=6.5, endurance=51.79325636586288, efficiency=176.70350944472708)"
[104   2],250,104,2,250,14.975999999999999,3.744515743492414,4.509360168975846,1894.4957427637514,1915.6786260602194,0.4687319999838261,4.368,1.9299142836903802,408.8835707408541,"ScoreBreakdown(accel=100.0, skidpad=75.0, autocross=6.5, endurance=51.952776685744325, efficiency=175.43079405510983)"
[104   2],255,104,2,255,14.975999999999999,3.736249422103384,4.554058482861819,1907.8551741229298,1915.6365603879267,0.4685407674135095,4.368,1.9298356714790537,403.12796490155705,"ScoreBreakdown(accel=100.0, skidpad=75.0, autocross=6.5, endurance=47.873861165175754, efficiency=173.7541037363813)"
[104   2],260,104,2,260,14.975999999999999,3.7685683556247653,4.5983204147764525,1916.3378840315663,1918.791261538787,0.4675424772985955,4.368,1.9329359534724766,399.12131169288926,"ScoreBreakdown(accel=100.0, skidpad=75.0, autocross=6.5, endurance=45.31343119844086, efficiency=172.3078804944484)"
[104   2],265,104,2,265,14.975999999999999,3.800431217339053,4.642160207225828,1915.9535736671219,1918.8199236837786,0.46746951640536205,4.368,1.932541446546967,399.28083311518714,"ScoreBreakdown(accel=100.0, skidpad=75.0, autocross=6.5, endurance=45.42894152354122, efficiency=172.3518915916459)"
[104   2],270,104,2,270,14.975999999999999,3.82946872142071,4.545210326813304,1929.5180823670148,1919.4023189649176,0.4668635273176289,4.368,1.9334923156528676,392.85970912378644,"ScoreBreakdown(accel=99.36641637168582, skidpad=75.0, autocross=6.5, endurance=41.379771529732025, efficiency=170.6135212223686)"
[104   2],275,104,2,275,14.975999999999999,3.8508227503561585,4.586949823898507,1929.5906954032441,1919.7428705039545,0.46674595126862967,4.368,1.933376264494322,391.2023560577162,"ScoreBreakdown(accel=97.7811967647046, skidpad=75.0, autocross=6.5, endurance=41.35824885099736, efficiency=170.56291044201427)"
[104   2],280,104,2,280,14.975999999999999,3.8782795667071923,4.628315144971793,1938.649211019825,1917.0326790219267,0.46739195797530025,4.368,1.930464597468343,385.74897706356455,"ScoreBreakdown(accel=95.76858873133177, skidpad=75.0, autocross=6.5, endurance=38.685929331248076, efficiency=169.79445900098474)"
[104   2],285,104,2,285,14.975999999999999,3.906724326227902,4.669313121469187,1938.285253264456,1911.9110616494931,0.468784316921303,4.368,1.9247099493010222,384.4731725644091,"ScoreBreakdown(accel=93.71339838354871, skidpad=75.0, autocross=6.5, endurance=38.79281754739337, efficiency=170.46695663346702)"
[104   2],290,104,2,290,14.975999999999999,3.935079819301123,4.579187861615182,1952.7897939290508,1909.6796179538196,0.4690239647861103,4.368,1.9226747058503388,376.7507305190764,"ScoreBreakdown(accel=91.69422991893049, skidpad=75.0, autocross=6.5, endurance=34.56392580714264, efficiency=168.99257479300326)"
[104   2],295,104,2,295,14.975999999999999,3.9633417441227863,4.61836203910029,1953.1920795711706,1908.9310012217736,0.46911272836959594,4.368,1.9219007822928096,374.6940875941699,"ScoreBreakdown(accel=89.7104735538761, skidpad=75.0, autocross=6.5, endurance=34.44753200449918, efficiency=169.03608203579458)"
[104   2],300,104,2,300,14.975999999999999,3.9915058253446176,4.65720733660217,1961.967483547279,1904.4335138535214,0.4702867409936233,4.368,1.9170830262892948,369.7219613067544,"ScoreBreakdown(accel=87.76153133710751, skidpad=75.0, autocross=6.5, endurance=31.920410437670903, efficiency=168.540019531976)"
[108   2],200,108,2,200,15.552,3.6263688434969197,4.496213348185748,1824.0535116030644,1972.4356827706604,0.4784059111822751,4.536,1.9884567449982036,433.4765976309334,"ScoreBreakdown(accel=100.0, skidpad=75.0, autocross=6.5, endurance=74.44838130027452, efficiency=177.52821633065884)"
[108   2],205,108,2,205,15.552,3.6441452916822072,4.376067036852291,1827.3402761196596,1970.4540659365439,0.4784346720661323,4.536,1.9861560128966296,432.19582564724953,"ScoreBreakdown(accel=100.0, skidpad=75.0, autocross=6.5, endurance=73.36018470216703, efficiency=177.33564094508247)"
[108   2],210,108,2,210,15.552,3.6511095024580413,4.4288669578696584,1824.2922256428042,1973.6138264635827,0.47738112161833457,4.536,1.989114897473456,433.22110914603184,"ScoreBreakdown(accel=100.0, skidpad=75.0, autocross=6.5, endurance=74.3692147436257, efficiency=177.35189440240612)"
[108   2],215,108,2,215,15.552,3.637075262504169,4.481046804910079,1836.3347491530901,1972.8899210144393,0.47728427789038186,4.536,1.988348410308865,427.7545421571796,"ScoreBreakdown(accel=100.0, skidpad=75.0, autocross=6.5, endurance=70.402170732918, efficiency=175.85237142426163)"
[108   2],220,108,2,220,15.552,3.6619219016776015,4.532621511412529,1844.693136967506,1975.3174402087513,0.4764415946626237,4.536,1.9914078124095889,423.6469682050141,"ScoreBreakdown(accel=100.0, skidpad=75.0, autocross=6.5, endurance=67.6792041669741, efficiency=174.46776403804)"
[108   2],225,108,2,225,15.552,3.6815379399303936,4.422192708426152,1846.5406953391578,1976.5135398912748,0.4758109469126127,4.536,1.9918918644642793,422.6644112967124,"ScoreBreakdown(accel=100.0, skidpad=75.0, autocross=6.5, endurance=67.08063970461042, efficiency=174.08377159210198)"
[108   2],230,108,2,230,15.552,3.692103880388501,4.470852429020283,1844.20985339903,1985.4216724218122,0.4732242146661103,4.536,2.0004832940200523,422.64860662422916,"ScoreBreakdown(accel=100.0, skidpad=75.0, autocross=6.5, endurance=67.83597430293904, efficiency=173.31263232129015)"
[108   2],235,108,2,235,15.552,3.680992183321891,4.518984356243578,1855.342517061222,1990.03278680012,0.4715822138505442,4.536,2.0053435783228153,417.08117932812854,"ScoreBreakdown(accel=100.0, skidpad=75.0, autocross=6.5, endurance=64.2454288489541, efficiency=171.33575047917446)"
[108   2],240,108,2,240,15.552,3.707720844568186,4.56660959939957,1864.8765467933613,1988.3562042064016,0.4716964030214956,4.536,2.0038575467715276,413.03132563037923,"ScoreBreakdown(accel=100.0, skidpad=75.0, autocross=6.5, endurance=61.204557173148295, efficiency=170.32676845723094)"
[108   2],245,108,2,245,15.552,3.7300323602843406,4.464215027810155,1867.3697842217687,1988.4418609853042,0.4710450471226758,4.536,2.0045248737852037,411.91723293118946,"ScoreBreakdown(accel=100.0, skidpad=75.0, autocross=6.5, endurance=60.414462745060206, efficiency=170.00277018612928)"
[108   2],250,108,2,250,15.552,3.744515743492414,4.509360168975846,1866.9487468214502,1995.314465868309,0.46925973541637006,4.536,2.0104405360660444,411.2946459176376,"ScoreBreakdown(accel=100.0, skidpad=75.0, autocross=6.5, endurance=60.54773929086529, efficiency=169.24690662677233)"
[108   2],255,108,2,255,15.552,3.736249422103384,4.554058482861819,1880.0816402291948,1993.8778231181764,0.4694238071976249,4.536,2.0090676464914385,405.69842281551246,"ScoreBreakdown(accel=100.0, skidpad=75.0, autocross=6.5, endurance=56.41871829620335, efficiency=167.77970451930915)"
[108   2],260,108,2,260,15.552,3.7685683556247653,4.5983204147764525,1888.5213756158464,1995.095608428033,0.4689881927463259,4.536,2.0102729411233704,401.89471461297785,"ScoreBreakdown(accel=100.0, skidpad=75.0, autocross=6.5, endurance=53.795550979145375, efficiency=166.5991636338325)"
[108   2],265,108,2,265,15.552,3.800431217339053,4.642160207225828,1888.5161342105598,1994.030187345872,0.4692343736606972,4.536,2.008752695566977,402.0205978413604,"ScoreBreakdown(accel=100.0, skidpad=75.0, autocross=6.5, endurance=53.79717279265467, efficiency=166.72342504870574)"
[108   2],270,108,2,270,15.552,3.82946872142071,4.545210326813304,1902.0913949736578,1994.7146264411917,0.46865326709820454,4.536,2.009706217983562,395.48548072192915,"ScoreBreakdown(accel=99.36641637168582, skidpad=75.0, autocross=6.5, endurance=49.626636778498266, efficiency=164.99242757174505)"
[108   2],275,108,2,275,15.552,3.8508227503561585,4.586949823898507,1901.1934720245654,1995.7392097228067,0.46842154571313666,4.536,2.0100357084375555,394.1647812335406,"ScoreBreakdown(accel=97.7811967647046, skidpad=75.0, autocross=6.5, endurance=49.90065355418008, efficiency=164.98293091465595)"
[108   2],280,108,2,280,15.552,3.8782795667071923,4.628315144971793,1909.6580986989284,1993.9634685550154,0.46879911845270195,4.536,2.008076315447832,388.7646131038849,"ScoreBreakdown(accel=95.76858873133177, skidpad=75.0, autocross=6.5, endurance=47.32776099593764, efficiency=164.16826337661556)"
[108   2],285,108,2,285,15.552,3.906724326227902,4.669313121469187,1909.3368198628634,1990.0488036045817,0.46977652835584066,4.536,2.0037219364507366,387.2955978393663,"ScoreBreakdown(accel=93.71339838354871, skidpad=75.0, autocross=6.5, endurance=47.424999826400466, efficiency=164.6571996294171)"
[108   2],290,108,2,290,15.552,3.935079819301123,4.579187861615182,1923.4423438527756,1989.270995296194,0.46968535994656513,4.536,2.0029181388374027,379.4444071780838,"ScoreBreakdown(accel=91.69422991893049, skidpad=75.0, autocross=6.5, endurance=43.18639157505427, efficiency=163.06378568409906)"
[108   2],295,108,2,295,15.552,3.9633417441227863,4.61836203910029,1922.6047282828981,1991.5880025288968,0.4689737355775698,4.536,2.005196893294439,377.54469825824,"ScoreBreakdown(accel=89.7104735538761, skidpad=75.0, autocross=6.5, endurance=43.43635204843652, efficiency=162.89787265592736)"
[108   2],300,108,2,300,15.552,3.9915058253446176,4.65720733660217,1930.8968804385734,1989.1194284474657,0.4695403667289054,4.536,2.0025397483557965,372.4344107609515,"ScoreBreakdown(accel=87.76153133710751, skidpad=75.0, autocross=6.5, endurance=40.971368919509686, efficiency=162.2015105043343)"
[112   2],200,112,2,200,16.128,3.6263688434969197,4.496213348185748,1801.4953833061454,2053.3918096231505,0.47836153276604665,4.704,2.0704318823181374,437.65166813283076,"ScoreBreakdown(accel=100.0, skidpad=75.0, autocross=9.737461287306562, endurance=82.02417447421442, efficiency=170.8900323713098)"
[112   2],205,112,2,205,16.128,3.6441452916822072,4.376067036852291,1804.9044572443208,2054.574379949446,0.47757396157542664,4.704,2.071378837940803,435.4106605501268,"ScoreBreakdown(accel=100.0, skidpad=75.0, autocross=9.233966742222739, endurance=80.86714392652138, efficiency=170.30954988138268)"
[112   2],210,112,2,210,16.128,3.6511095024580413,4.4288669578696584,1800.859863301339,2061.117684199943,0.4756517056729365,4.704,2.0777328054665554,437.1614431333342,"ScoreBreakdown(accel=100.0, skidpad=75.0, autocross=9.83153361138403, endurance=82.24035269046894, efficiency=170.08955683148127)"
[112   2],215,112,2,215,16.128,3.637075262504169,4.481046804910079,1812.6561755454934,2060.4961048498963,0.4754950828497735,4.704,2.0771313414592942,429.9801465208144,"ScoreBreakdown(accel=100.0, skidpad=75.0, autocross=8.096145468026275, endurance=78.25243045064593, efficiency=168.6315706021422)"
[112   2],220,112,2,220,16.128,3.6619219016776015,4.532621511412529,1821.207157246088,2062.9015110802366,0.4746588388445655,4.704,2.080149003501118,424.51103269653447,"ScoreBreakdown(accel=100.0, skidpad=75.0, autocross=6.852241326663215, endurance=75.3939385285151, efficiency=167.26485284135617)"
[112   2],225,112,2,225,16.128,3.6815379399303936,4.422192708426152,1824.154980061948,2064.132118992661,0.4740556012528512,4.704,2.080540075993908,422.6665132807584,"ScoreBreakdown(accel=100.0, skidpad=75.0, autocross=6.5, endurance=74.41472800997721, efficiency=166.75178527078117)"
[112   2],230,112,2,230,16.128,3.692103880388501,4.470852429020283,1822.0961504292475,2066.9897877984995,0.47308118305677155,4.704,2.083137581644962,423.5148303300218,"ScoreBreakdown(accel=100.0, skidpad=75.0, autocross=6.723590224296865, endurance=75.09829827404624, efficiency=166.69294183167872)"
[112   2],235,112,2,235,16.128,3.680992183321891,4.518984356243578,1833.261862051325,2067.2601722008067,0.47273501137420804,4.704,2.0833560436861474,418.1626188116015,"ScoreBreakdown(accel=100.0, skidpad=75.0, autocross=6.5, endurance=71.4094874092992, efficiency=165.25313140230227)"
[112   2],240,112,2,240,16.128,3.707720844568186,4.56660959939957,1843.1284683254753,2063.3303721607617,0.47355811110254065,4.704,2.0791574627014096,414.1446059812637,"ScoreBreakdown(accel=100.0, skidpad=75.0, autocross=6.5, endurance=68.18705762656559, efficiency=164.4575483546981)"
[112   2],245,112,2,245,16.128,3.7300323602843406,4.464215027810155,1846.4794153646455,2060.8008183647626,0.47360387123083564,4.704,2.0772673270245527,412.92288590297335,"ScoreBreakdown(accel=100.0, skidpad=75.0, autocross=6.5, endurance=67.1004737360696, efficiency=164.32241216690372)"
[112   2],250,112,2,250,16.128,3.744515743492414,4.509360168975846,1845.5502185595524,2063.549711654949,0.47294411625341193,4.704,2.0791063383725232,413.03380931215656,"ScoreBreakdown(accel=100.0, skidpad=75.0, autocross=6.5, endurance=67.40138132849256, efficiency=164.13242798366397)"
[112   2],255,112,2,255,16.128,3.736249422103384,4.554058482861819,1858.6478360822734,2061.636958996371,0.47323679528614315,4.704,2.077201763167381,407.4179611628158,"ScoreBreakdown(accel=100.0, skidpad=75.0, autocross=6.5, endurance=63.18766687311022, efficiency=162.73029428970554)"
[112   2],260,112,2,260,16.128,3.7685683556247653,4.5983204147764525,1867.321005848861,2062.0195846319025,0.47307883729351063,4.704,2.077410508784221,403.56152806842215,"ScoreBreakdown(accel=100.0, skidpad=75.0, autocross=6.5, endurance=60.42990013147618, efficiency=161.63162793694596)"
[112   2],265,112,2,265,16.128,3.800431217339053,4.642160207225828,1867.9219129005096,2060.0021396286693,0.47357641350330265,4.704,2.0749111179215185,403.52022575570925,"ScoreBreakdown(accel=100.0, skidpad=75.0, autocross=6.5, endurance=60.2397811948699, efficiency=161.78044456083933)"
[112   2],270,112,2,270,16.128,3.82946872142071,4.545210326813304,1881.5782043550419,2060.3148399903357,0.47305828585771315,4.704,2.0757252511496156,396.92033949857233,"ScoreBreakdown(accel=99.36641637168582, skidpad=75.0, autocross=6.5, endurance=55.95185242849266, efficiency=160.10207069839385)"
[112   2],275,112,2,275,16.128,3.8508227503561585,4.586949823898507,1879.8125019548613,2061.083123687475,0.4729395711223887,4.704,2.075745092874548,396.01334181867344,"ScoreBreakdown(accel=97.7811967647046, skidpad=75.0, autocross=6.5, endurance=56.50275712612839, efficiency=160.2293879278405)"
[112   2],280,112,2,280,16.128,3.8782795667071923,4.628315144971793,1887.8735459864054,2059.3449506589386,0.47329439166991,4.704,2.0738821128116443,390.72243937654815,"ScoreBreakdown(accel=95.76858873133177, skidpad=75.0, autocross=6.5, endurance=53.996072863471085, efficiency=159.4577777817453)"
[112   2],285,112,2,285,16.128,3.906724326227902,4.669313121469187,1887.9279209914,2055.9423763931923,0.47412067896856513,4.704,2.07009116031874,389.01503151486565,"ScoreBreakdown(accel=93.71339838354871, skidpad=75.0, autocross=6.5, endurance=53.97923694650547, efficiency=159.82239618481145)"
[112   2],290,112,2,290,16.128,3.935079819301123,4.579187861615182,1902.0534100476093,2055.2681142666943,0.47401383805622843,4.704,2.0693480955240147,381.06009867891976,"ScoreBreakdown(accel=91.69422991893049, skidpad=75.0, autocross=6.5, endurance=49.638223297338435, efficiency=158.2276454626508)"
[112   2],295,112,2,295,16.128,3.9633417441227863,4.61836203910029,1899.9733834566186,2059.602732579025,0.4728460625253104,4.704,2.0736178388540534,379.48582221353973,"ScoreBreakdown(accel=89.7104735538761, skidpad=75.0, autocross=6.5, endurance=50.27339982057255, efficiency=158.00194883909109)"
[112   2],300,112,2,300,16.128,3.9915058253446176,4.65720733660217,1907.4962989281178,2059.3029587706988,0.47281762878018735,4.704,2.0732358520076386,374.39990471513465,"ScoreBreakdown(accel=87.76153133710751, skidpad=75.0, autocross=6.5, endurance=47.9826865242222, efficiency=157.15568685380498)"
[116   2],200,116,2,200,16.703999999999997,3.6263688434969197,4.496213348185748,1781.9703575503231,2141.103073142202,0.4764917344237714,4.872,2.1593682371181138,440.1070966138175,"ScoreBreakdown(accel=100.0, skidpad=75.0, autocross=12.658273975724706, endurance=88.73620251421396, efficiency=163.71262012387882)"
[116   2],205,116,2,205,16.703999999999997,3.6441452916822072,4.376067036852291,1786.615835058115,2140.5090535159125,0.47617115312319763,4.872,2.1585159425691147,437.2652867204686,"ScoreBreakdown(accel=100.0, skidpad=75.0, autocross=11.957554114338073, endurance=87.12594815710966, efficiency=163.18178444902088)"
[116   2],210,116,2,210,16.703999999999997,3.6511095024580413,4.4288669578696584,1781.6493814771748,2144.6471393968927,0.47506192588408724,4.872,2.1620533129742907,439.93074794189727,"ScoreBreakdown(accel=100.0, skidpad=75.0, autocross=12.7068246943788, endurance=88.84777207369359, efficiency=163.3761511738248)"
[116   2],215,116,2,215,16.703999999999997,3.637075262504169,4.481046804910079,1792.9375466640736,2141.9678570320384,0.47544450323010695,4.872,2.1594398733144584,433.1812643155464,"ScoreBreakdown(accel=100.0, skidpad=75.0, autocross=11.00982535718456, endurance=84.94806731676937, efficiency=162.22337164159248)"
[116   2],220,116,2,220,16.703999999999997,3.6619219016776015,4.532621511412529,1801.7855016831618,2142.955826769156,0.47499742202506623,4.872,2.1611907857927712,427.62465342617776,"ScoreBreakdown(accel=100.0, skidpad=75.0, autocross=9.694538816111663, endurance=81.92553862832517, efficiency=161.0045759817409)"
[116   2],225,116,2,225,16.703999999999997,3.6815379399303936,4.422192708426152,1805.422141795318,2143.2990763481635,0.4747198961308758,4.872,2.160524964809693,425.36322782432933,"ScoreBreakdown(accel=100.0, skidpad=75.0, autocross=9.157674927922894, endurance=80.69182532467003, efficiency=160.5137275717364)"
[116   2],230,116,2,230,16.703999999999997,3.692103880388501,4.470852429020283,1802.0384284364504,2145.6949009990767,0.47401772184885455,4.872,2.1624223966179805,427.1814273184392,"ScoreBreakdown(accel=100.0, skidpad=75.0, autocross=9.657130052624769, endurance=81.83957328365884, efficiency=160.6847239821556)"
[116   2],235,116,2,235,16.703999999999997,3.680992183321891,4.518984356243578,1812.6676400651716,2145.113001002559,0.4738649972662759,4.872,2.162019812056784,420.7665708639781,"ScoreBreakdown(accel=100.0, skidpad=75.0, autocross=8.09446987722521, endurance=78.2485799427086, efficiency=159.42352104404426)"
[116   2],240,116,2,240,16.703999999999997,3.707720844568186,4.56660959939957,1822.8061230660978,2140.4469183940537,0.4748329359782223,4.872,2.157170397889365,415.1459202040811,"ScoreBreakdown(accel=100.0, skidpad=75.0, autocross=6.620936298785686, endurance=74.862399536281, efficiency=158.66258436901444)"
[116   2],245,116,2,245,16.703999999999997,3.7300323602843406,4.464215027810155,1826.9144559331244,2137.075251862588,0.4750050600500634,4.872,2.1547053342410125,413.5128002661322,"ScoreBreakdown(accel=100.0, skidpad=75.0, autocross=6.5, endurance=73.5009463630828, efficiency=158.51185390304946)"
[116   2],250,116,2,250,16.703999999999997,3.744515743492414,4.509360168975846,1824.9435792065324,2141.283835761666,0.47405233528385987,4.872,2.157782998255431,413.96697915268066,"ScoreBreakdown(accel=100.0, skidpad=75.0, autocross=6.5, endurance=74.15330675095606, efficiency=158.3136724017246)"
[116   2],255,116,2,255,16.703999999999997,3.736249422103384,4.554058482861819,1837.8133868388072,2138.9470591259296,0.4744875372606048,4.872,2.155317765636176,408.41216935931595,"ScoreBreakdown(accel=100.0, skidpad=75.0, autocross=6.5, endurance=69.9186620437461, efficiency=156.99350731556984)"
[116   2],260,116,2,260,16.703999999999997,3.7685683556247653,4.5983204147764525,1846.4106210315035,2140.351969739308,0.4740472544940929,4.872,2.1567021773717068,404.4388185031504,"ScoreBreakdown(accel=100.0, skidpad=75.0, autocross=6.5, endurance=67.12274145242426, efficiency=155.81607705072614)"
[116   2],265,116,2,265,16.703999999999997,3.800431217339053,4.642160207225828,1847.3599325832201,2140.848891784822,0.47392092096415367,4.872,2.156618377023529,403.96716219847724,"ScoreBreakdown(accel=100.0, skidpad=75.0, autocross=6.5, endurance=66.81560969019831, efficiency=155.65155250827894)"
[116   2],270,116,2,270,16.703999999999997,3.82946872142071,4.545210326813304,1861.1252136997794,2141.7141601281664,0.47330047642364936,4.872,2.1579238538149297,397.1966565831849,"ScoreBreakdown(accel=99.36641637168582, skidpad=75.0, autocross=6.5, endurance=62.39732447219961, efficiency=153.9329157392995)"
[116   2],275,116,2,275,16.703999999999997,3.8508227503561585,4.586949823898507,1858.3975336608296,2145.0160104465936,0.4725001191398553,4.872,2.160661137497962,396.46560632147634,"ScoreBreakdown(accel=97.7811967647046, skidpad=75.0, autocross=6.5, endurance=63.2676365047944, efficiency=153.91677305197734)"
[116   2],280,116,2,280,16.703999999999997,3.8782795667071923,4.628315144971793,1866.0028524842733,2143.2715153530626,0.4728651843786501,4.872,2.158727357232643,391.3187191396626,"ScoreBreakdown(accel=95.76858873133177, skidpad=75.0, autocross=6.5, endurance=60.84737509181671, efficiency=153.20275531651416)"
[116   2],285,116,2,285,16.703999999999997,3.906724326227902,4.669313121469187,1866.4423987649338,2142.1193645352655,0.4730972959761737,4.872,2.157129045937142,389.19012984788446,"ScoreBreakdown(accel=93.71339838354871, skidpad=75.0, autocross=6.5, endurance=60.70809998817044, efficiency=153.2686314761653)"
[116   2],290,116,2,290,16.703999999999997,3.935079819301123,4.579187861615182,1880.5759634822637,2139.7900509033193,0.4734104979875871,4.872,2.154817020653613,381.32420975702655,"ScoreBreakdown(accel=91.69422991893049, skidpad=75.0, autocross=6.5, endurance=56.26442778193936, efficiency=151.86555205615667)"
[116   2],295,116,2,295,16.703999999999997,3.9633417441227863,4.61836203910029,1877.8374989185825,2147.632198583219,0.47130562086575156,4.872,2.1629306076573727,379.71994512783135,"ScoreBreakdown(accel=89.7104735538761, skidpad=75.0, autocross=6.5, endurance=57.120191782048686, efficiency=151.38927979190652)"
[116   2],300,116,2,300,16.703999999999997,3.9915058253446176,4.65720733660217,1885.0653368290973,2147.8590412779527,0.47118075052061464,4.872,2.162917521056246,374.6661665363026,"ScoreBreakdown(accel=87.76153133710751, skidpad=75.0, autocross=6.5, endurance=54.86688789771646, efficiency=150.5377473014787)"
[120   2],200,120,2,200,17.279999999999998,3.6263688434969197,4.496213348185748,1762.6918453403882,2231.97399581596,0.4742642588428389,5.04,2.2507822390835535,442.9227556516197,"ScoreBreakdown(accel=100.0, skidpad=75.0, autocross=15.605696269483222, endurance=95.50937943167715, efficiency=156.8076799504593)"
[120   2],205,120,2,205,17.279999999999998,3.6441452916822072,4.376067036852291,1768.1391309814514,2230.906875026761,0.4740075693299177,5.04,2.24973689413432,439.57768218188613,"ScoreBreakdown(accel=100.0, skidpad=75.0, autocross=14.766365705492563, endurance=93.58059765711398, efficiency=156.23071881927956)"
[120   2],210,120,2,210,17.279999999999998,3.6511095024580413,4.4288669578696584,1763.5697632497051,2232.1266988045413,0.4735658087926992,5.04,2.250483223712199,442.3500229463656,"ScoreBreakdown(accel=100.0, skidpad=75.0, autocross=15.470074130643356, endurance=95.19771973424183, efficiency=156.6822290814804)"
[120   2],215,120,2,215,17.279999999999998,3.637075262504169,4.481046804910079,1774.6786173567098,2228.3446506368923,0.474183446753584,5.04,2.2468022000662207,435.7158275922062,"ScoreBreakdown(accel=100.0, skidpad=75.0, autocross=13.765552085483925, endurance=91.28072779317232, efficiency=155.66954771354995)"
[120   2],220,120,2,220,17.279999999999998,3.6619219016776015,4.532621511412529,1784.0908353781483,2228.913549181468,0.4737590426292934,5.04,2.2483984198694937,429.78876531668936,"ScoreBreakdown(accel=100.0, skidpad=75.0, autocross=12.337970229552045, endurance=88.00014445265043, efficiency=154.45065063448692)"
[120   2],225,120,2,225,17.279999999999998,3.6815379399303936,4.422192708426152,1788.4629118209004,2228.8388694395117,0.4735727011581619,5.04,2.2473503715230345,427.0900612115902,"ScoreBreakdown(accel=100.0, skidpad=75.0, autocross=11.67995405958072, endurance=86.48802318546544, efficiency=153.92208396654402)"
[120   2],230,120,2,230,17.279999999999998,3.692103880388501,4.470852429020283,1784.2813905353994,2232.221096466239,0.47261686176086254,5.04,2.2504054827395144,429.3457645998161,"ScoreBreakdown(accel=100.0, skidpad=75.0, autocross=12.309223653843748, endurance=87.93408481692884, efficiency=154.10245612904353)"
[120   2],235,120,2,235,17.279999999999998,3.680992183321891,4.518984356243578,1794.564952160479,2232.482090301165,0.47232213145299123,5.04,2.2505786742683536,422.9796485636026,"ScoreBreakdown(accel=100.0, skidpad=75.0, autocross=10.76693115148717, endurance=84.38989639199244, efficiency=152.82282102012303)"
[120   2],240,120,2,240,17.279999999999998,3.707720844568186,4.56660959939957,1804.52399958874,2229.549969599122,0.472854363603001,5.04,2.247515179818118,417.1926607901071,"ScoreBreakdown(accel=100.0, skidpad=75.0, autocross=9.29006316501151, endurance=80.99605351534748, efficiency=151.90654410974807)"
[120   2],245,120,2,245,17.279999999999998,3.7300323602843406,4.464215027810155,1808.9513276406765,2229.3053198122875,0.47237599751083026,5.04,2.2478216534097357,414.5380168851558,"ScoreBreakdown(accel=100.0, skidpad=75.0, autocross=8.638737968699928, endurance=79.49930810673675, efficiency=151.3999708097191)"
[120   2],250,120,2,250,17.279999999999998,3.744515743492414,4.509360168975846,1805.560346946469,2236.657690146747,0.4707413585542724,5.04,2.2539216395234583,415.87638357715605,"ScoreBreakdown(accel=100.0, skidpad=75.0, autocross=9.137314862105228, endurance=80.64503789006119, efficiency=151.0940308249897)"
[120   2],255,120,2,255,17.279999999999998,3.736249422103384,4.554058482861819,1817.981448649585,2235.089615710023,0.47097712952047066,5.04,2.25230048288023,408.558816303072,"ScoreBreakdown(accel=100.0, skidpad=75.0, autocross=7.320107940806214, endurance=76.46909608502676, efficiency=149.769612277239)"
[120   2],260,120,2,260,17.279999999999998,3.7685683556247653,4.5983204147764525,1826.6121212878068,2237.233612596568,0.4703757638801111,5.04,2.25445276916917,403.6522515926499,"ScoreBreakdown(accel=100.0, skidpad=75.0, autocross=6.5, endurance=73.60092774727, efficiency=148.5513238453799)"
[120   2],265,120,2,265,17.279999999999998,3.800431217339053,4.642160207225828,1828.4592271198162,2238.032114727663,0.4701023632740586,5.04,2.254967285005469,402.750410925917,"ScoreBreakdown(accel=100.0, skidpad=75.0, autocross=6.5, endurance=72.99061008352157, efficiency=148.25980084239538)"
[120   2],270,120,2,270,17.279999999999998,3.82946872142071,4.545210326813304,1842.4498958007835,2239.2257397075437,0.4694265249393197,5.04,2.256631927015625,395.803495968318,"ScoreBreakdown(accel=99.36641637168582, skidpad=75.0, autocross=6.5, endurance=68.40757395517437, efficiency=146.5295056414578)"
[120   2],275,120,2,275,17.279999999999998,3.8508227503561585,4.586949823898507,1839.0500692716541,2242.1090654443424,0.4687700550519213,5.04,2.258788316306465,395.4439637391363,"ScoreBreakdown(accel=97.7811967647046, skidpad=75.0, autocross=6.5, endurance=69.51486884165203, efficiency=146.64789813277966)"
[120   2],280,120,2,280,17.279999999999998,3.8782795667071923,4.628315144971793,1846.5126894274604,2240.8555822036196,0.4690165881367216,5.04,2.2572586688722076,390.26955535824163,"ScoreBreakdown(accel=95.76858873133177, skidpad=75.0, autocross=6.5, endurance=67.0897040054449, efficiency=145.91126262146497)"
[120   2],285,120,2,285,17.279999999999998,3.906724326227902,4.669313121469187,1847.5600997551137,2239.4066448537374,0.4692848374018472,5.04,2.255552153897868,387.8923491865189,"ScoreBreakdown(accel=93.71339838354871, skidpad=75.0, autocross=6.5, endurance=66.75088968637608, efficiency=145.92806111659414)"
[120   2],290,120,2,290,17.279999999999998,3.935079819301123,4.579187861615182,1861.6443919357957,2237.7813749966317,0.469439372768737,5.04,2.253886549601622,379.91211916244725,"ScoreBreakdown(accel=91.69422991893049, skidpad=75.0, autocross=6.5, endurance=62.231960865902316, efficiency=144.48592837761444)"
[120   2],295,120,2,295,17.279999999999998,3.9633417441227863,4.61836203910029,1858.5778596223483,2244.9152649050575,0.467559894643525,5.04,2.261300455317727,378.5856198922737,"ScoreBreakdown(accel=89.7104735538761, skidpad=75.0, autocross=6.5, endurance=63.21002162601703, efficiency=144.1651247123806)"
[120   2],300,120,2,300,17.279999999999998,3.9915058253446176,4.65720733660217,1865.7071826147258,2244.6500063241438,0.46756004000519297,5.04,2.260754291012566,373.5939782066545,"ScoreBreakdown(accel=87.76153133710751, skidpad=75.0, autocross=6.5, endurance=60.94109828106312, efficiency=143.3913485884839)"
[124   2],200,124,2,200,17.855999999999998,3.6263688434969197,4.496213348185748,1746.3718986808517,2318.507999094286,0.4728721187509166,5.208,2.3382912731361083,445.04287602191255,"ScoreBreakdown(accel=100.0, skidpad=75.0, autocross=18.151654798964977, endurance=101.3599925525798, efficiency=150.53122867036782)"
[124   2],205,124,2,205,17.855999999999998,3.6441452916822072,4.376067036852291,1752.1869547987028,2318.102484790029,0.47255216547399403,5.208,2.3375751661932136,441.35613331712756,"ScoreBreakdown(accel=100.0, skidpad=75.0, autocross=17.239050619840988, endurance=99.26282799834792, efficiency=149.85425469893863)"
[124   2],210,124,2,210,17.855999999999998,3.6511095024580413,4.4288669578696584,1746.4987241277179,2322.343846118789,0.4714160871221944,5.208,2.341512520859816,444.605804170132,"ScoreBreakdown(accel=100.0, skidpad=75.0, autocross=18.131686222109167, endurance=101.31410475966976, efficiency=150.16001318835305)"
[124   2],215,124,2,215,17.855999999999998,3.637075262504169,4.481046804910079,1757.1895697489854,2321.2430869839463,0.4713951581749861,5.208,2.3406373568365515,437.88225322707154,"ScoreBreakdown(accel=100.0, skidpad=75.0, autocross=16.458782725569513, endurance=97.46977224854642, efficiency=148.95369825295563)"
[124   2],220,124,2,220,17.855999999999998,3.6619219016776015,4.532621511412529,1766.4981061299447,2323.7136207118742,0.47065725004844566,5.208,2.3437757476701826,431.78056358174416,"ScoreBreakdown(accel=100.0, skidpad=75.0, autocross=15.018673847934224, endurance=94.16040181008283, efficiency=147.60148792372712)"
[124   2],225,124,2,225,17.855999999999998,3.6815379399303936,4.422192708426152,1771.071007325178,2325.375672051057,0.4700372377187702,5.208,2.344731460366011,428.765902484322,"ScoreBreakdown(accel=100.0, skidpad=75.0, autocross=14.31675260173686, endurance=92.5473866704848, efficiency=146.90176321210032)"
[124   2],230,124,2,230,17.855999999999998,3.692103880388501,4.470852429020283,1766.544022363312,2328.670277500125,0.46917678209531877,5.208,2.3475843845708986,431.2997229279505,"ScoreBreakdown(accel=100.0, skidpad=75.0, autocross=15.011607836532825, endurance=94.14416411471626, efficiency=147.1439509767014)"
[124   2],235,124,2,235,17.855999999999998,3.680992183321891,4.518984356243578,1776.577392697337,2330.0004656405235,0.4687158012867509,5.208,2.3487181583284236,424.9193451846961,"ScoreBreakdown(accel=100.0, skidpad=75.0, autocross=13.47634065402784, endurance=90.61611987595838, efficiency=145.82688465470986)"
[124   2],240,124,2,240,17.855999999999998,3.707720844568186,4.56660959939957,1786.5915670604768,2327.088223772504,0.46924073411823436,5.208,2.345681542933389,419.0040920937987,"ScoreBreakdown(accel=100.0, skidpad=75.0, autocross=11.961205209945, endurance=87.13433837541669, efficiency=144.908548508437)"
[124   2],245,124,2,245,17.855999999999998,3.7300323602843406,4.464215027810155,1791.6138886780282,2325.58680055992,0.4689851799051261,5.208,2.345159648852804,416.0662881718492,"ScoreBreakdown(accel=100.0, skidpad=75.0, autocross=11.207709922742339, endurance=85.40280608107759, efficiency=144.45577216802923)"
[124   2],250,124,2,250,17.855999999999998,3.744515743492414,4.509360168975846,1787.7022097718798,2331.717476086959,0.4677223963641772,5.208,2.350011371855124,417.90707006046017,"ScoreBreakdown(accel=100.0, skidpad=75.0, autocross=11.794211684140603, endurance=86.75058722555983, efficiency=144.36227115075974)"
[124   2],255,124,2,255,17.855999999999998,3.736249422103384,4.554058482861819,1800.2733779041025,2329.86651326748,0.46802641151155794,5.208,2.3480794965189613,410.4253281734841,"ScoreBreakdown(accel=100.0, skidpad=75.0, autocross=9.918406556536919, endurance=82.43998673276698, efficiency=143.06693488418026)"
[124   2],260,124,2,260,17.855999999999998,3.7685683556247653,4.5983204147764525,1808.9303708095163,2331.7196111096378,0.46751717498150197,5.208,2.3499767779675405,405.05612454525635,"ScoreBreakdown(accel=100.0, skidpad=75.0, autocross=8.641813517358806, endurance=79.50637571806243, efficiency=141.90793530983512)"
[124   2],265,124,2,265,17.855999999999998,3.800431217339053,4.642160207225828,1811.4020753073412,2331.250922972737,0.46757204639617816,5.208,2.3492285721363633,403.6209156905843,"ScoreBreakdown(accel=100.0, skidpad=75.0, autocross=8.279565884171031, endurance=78.67393059721596, efficiency=141.66741920919728)"
[124   2],270,124,2,270,17.855999999999998,3.82946872142071,4.545210326813304,1825.4640600731184,2332.3858354502113,0.4669545267553613,5.208,2.3507632970107606,394.82485692755773,"ScoreBreakdown(accel=99.36641637168582, skidpad=75.0, autocross=6.5, endurance=73.98089065163671, efficiency=139.9775499042352)"
[124   2],275,124,2,275,17.855999999999998,3.8508227503561585,4.586949823898507,1821.4648335806235,2332.5160549358097,0.46695752115895406,5.208,2.3501862420406865,395.31998090018755,"ScoreBreakdown(accel=97.7811967647046, skidpad=75.0, autocross=6.81493863978413, endurance=75.30821694791102, efficiency=140.41562854778783)"
[124   2],280,124,2,280,17.855999999999998,3.8782795667071923,4.628315144971793,1829.239174371505,2329.809063797463,0.46752632683628914,5.208,2.3472454865088093,389.7828485456559,"ScoreBreakdown(accel=95.76858873133177, skidpad=75.0, autocross=6.5, endurance=72.73327130587413, efficiency=139.78098850845)"
[124   2],285,124,2,285,17.855999999999998,3.906724326227902,4.669313121469187,1831.3090953708327,2326.4173178187675,0.46824853453204435,5.208,2.343519841364681,387.11244177544233,"ScoreBreakdown(accel=93.71339838354871, skidpad=75.0, autocross=6.5, endurance=72.05137647198907, efficiency=139.84766691990453)"
[124   2],290,124,2,290,17.855999999999998,3.935079819301123,4.579187861615182,1845.3065217777125,2325.307384665818,0.4682683709041843,5.208,2.3424560362608378,379.0671017756,"ScoreBreakdown(accel=91.69422991893049, skidpad=75.0, autocross=6.5, endurance=67.48034933704713, efficiency=138.39252251962242)"
[124   2],295,124,2,295,17.855999999999998,3.9633417441227863,4.61836203910029,1841.4977167576535,2329.4254319645797,0.4672674245623023,5.208,2.346299959172118,378.3805765644754,"ScoreBreakdown(accel=89.7104735538761, skidpad=75.0, autocross=6.5, endurance=68.71727846055477, efficiency=138.45282455004448)"
[124   2],300,124,2,300,17.855999999999998,3.9915058253446176,4.65720733660217,1848.7350615620937,2328.1622314906654,0.4674979448304706,5.208,2.3448335010310766,373.3999102419666,"ScoreBreakdown(accel=87.76153133710751, skidpad=75.0, autocross=6.5, endurance=66.37127214419056, efficiency=137.76710676066855)"
[128   2],200,128,2,200,18.432,3.6263688434969197,4.496213348185748,1728.384524863331,2412.61502865244,0.46972674632161715,5.376,2.4341863374520503,448.23634417037584,"ScoreBreakdown(accel=100.0, skidpad=75.0, autocross=21.013435672716568, endurance=107.93636547273381, efficiency=144.28654302492544)"
[128   2],205,128,2,205,18.432,3.6441452916822072,4.376067036852291,1734.4259516500724,2412.0993684141176,0.46949795672747807,5.376,2.433233063150914,444.3608732917835,"ScoreBreakdown(accel=100.0, skidpad=75.0, autocross=20.045627902494005, endurance=105.71234305704729, efficiency=143.60290233224222)"
[128   2],210,128,2,210,18.432,3.6511095024580413,4.4288669578696584,1729.2359405549685,2413.114894401624,0.46918670691245257,5.376,2.433640595448684,447.63895860350715,"ScoreBreakdown(accel=100.0, skidpad=75.0, autocross=20.876633577956436, endurance=107.6219942363989, efficiency=144.1403307891518)"
[128   2],215,128,2,215,18.432,3.637075262504169,4.481046804910079,1740.4661817826368,2409.655294250882,0.4697280712289652,5.376,2.430230442799913,440.67930505245033,"ScoreBreakdown(accel=100.0, skidpad=75.0, autocross=19.08472865478966, endurance=103.50419642724779, efficiency=143.0903799704129)"
[128   2],220,128,2,220,18.432,3.6619219016776015,4.532621511412529,1750.2165260013005,2410.9167763602395,0.4693094367364147,5.376,2.431992026680354,434.34377806872794,"ScoreBreakdown(accel=100.0, skidpad=75.0, autocross=17.547606795543288, endurance=99.97189014103222, efficiency=141.82428113215246)"
[128   2],225,128,2,225,18.432,3.6815379399303936,4.422192708426152,1755.2833800167223,2412.0433188127254,0.4688539701408054,5.376,2.4323065754367974,431.0390876544461,"ScoreBreakdown(accel=100.0, skidpad=75.0, autocross=16.755570487289823, endurance=98.15179057395773, efficiency=141.13172659319858)"
[128   2],230,128,2,230,18.432,3.692103880388501,4.470852429020283,1750.8743609010285,2415.307990631915,0.4680555644310448,5.376,2.434954381903361,433.55071522735744,"ScoreBreakdown(accel=100.0, skidpad=75.0, autocross=17.444516955251096, endurance=99.7349896710281, efficiency=141.37120860107825)"
[128   2],235,128,2,235,18.432,3.680992183321891,4.518984356243578,1760.937914864936,2417.4449918659807,0.46743281164471784,5.376,2.436848045724851,427.0219893719184,"ScoreBreakdown(accel=100.0, skidpad=75.0, autocross=15.877051160924482, endurance=96.13295301699031, efficiency=140.01198519400359)"
[128   2],240,128,2,240,18.432,3.707720844568186,4.56660959939957,1770.9785973091075,2414.789166713795,0.46782465680874974,5.376,2.4343742199839356,420.9857316189074,"ScoreBreakdown(accel=100.0, skidpad=75.0, autocross=14.33090126724688, endurance=92.5799003061618, efficiency=139.0749300454987)"
[128   2],245,128,2,245,18.432,3.7300323602843406,4.464215027810155,1775.948362012804,2415.422155198661,0.4672391199036035,5.376,2.4354353573131413,417.8594600845522,"ScoreBreakdown(accel=100.0, skidpad=75.0, autocross=13.572082784205271, endurance=90.83613530690616, efficiency=138.45124199344082)"
[128   2],250,128,2,250,18.432,3.744515743492414,4.509360168975846,1771.984413760396,2421.8107296658586,0.46588609420114113,5.376,2.4408068359456006,419.7717468671507,"ScoreBreakdown(accel=100.0, skidpad=75.0, autocross=14.17698261759947, endurance=92.22619522387113, efficiency=138.36856902568007)"
[128   2],255,128,2,255,18.432,3.736249422103384,4.554058482861819,1784.4007451362504,2420.6380794904735,0.46599566763173284,5.376,2.4397683156768872,412.2367718965734,"ScoreBreakdown(accel=100.0, skidpad=75.0, autocross=12.291221306249595, endurance=87.89271541918656, efficiency=137.05283517113722)"
[128   2],260,128,2,260,18.432,3.7685683556247653,4.5983204147764525,1793.041485499757,2422.960545060784,0.46542644694274016,5.376,2.4420206432721736,406.794440614516,"ScoreBreakdown(accel=100.0, skidpad=75.0, autocross=10.994299053813915, endurance=84.91238786906132, efficiency=135.8877536916408)"
[128   2],265,128,2,265,18.432,3.800431217339053,4.642160207225828,1795.6805369610152,2423.520357802215,0.46530258040603745,5.376,2.442089227040411,405.1551176999518,"ScoreBreakdown(accel=100.0, skidpad=75.0, autocross=10.60068176495434, endurance=84.00785527430415, efficiency=135.54658066069325)"
[128   2],270,128,2,270,18.432,3.82946872142071,4.545210326813304,1809.7212073485825,2425.591619250452,0.46452363291194143,5.376,2.444438129894912,395.95475036914763,"ScoreBreakdown(accel=99.36641637168582, skidpad=75.0, autocross=8.525802584022241, endurance=79.23978257410997, efficiency=133.8227488393296)"
[128   2],275,128,2,275,18.432,3.8508227503561585,4.586949823898507,1805.308999312957,2427.4521229334487,0.4641433443456059,5.376,2.445615044424093,396.84119754582605,"ScoreBreakdown(accel=97.7811967647046, skidpad=75.0, autocross=9.17434513948878, endurance=80.73013347359961, efficiency=134.155522168033)"
[128   2],280,128,2,280,18.432,3.8782795667071923,4.628315144971793,1812.6996356050354,2425.68535981161,0.46452370358108214,5.376,2.4435427896666133,390.5850065995188,"ScoreBreakdown(accel=95.76858873133177, skidpad=75.0, autocross=8.089793698159374, endurance=78.23783408244367, efficiency=133.488790087584)"
[128   2],285,128,2,285,18.432,3.906724326227902,4.669313121469187,1814.9303350031917,2425.01769662899,0.4645998877578361,5.376,2.442628612515407,387.26679319970253,"ScoreBreakdown(accel=93.71339838354871, skidpad=75.0, autocross=7.7641812773246315, endurance=77.48957668563037, efficiency=133.29963685319885)"
[128   2],290,128,2,290,18.432,3.935079819301123,4.579187861615182,1828.6706043639538,2423.9465040171135,0.46464155301603344,5.376,2.441555080637368,378.01336761688117,"ScoreBreakdown(accel=91.69422991893049, skidpad=75.0, autocross=6.5, endurance=72.92084578321612, efficiency=131.89829191473456)"
[128   2],295,128,2,295,18.432,3.9633417441227863,4.61836203910029,1824.4377461037184,2431.0010189202,0.462930693671244,5.376,2.448729463225697,377.3139861749818,"ScoreBreakdown(accel=89.7104735538761, skidpad=75.0, autocross=6.5, endurance=74.32096484768914, efficiency=131.78254777341652)"
[128   2],300,128,2,300,18.432,3.9915058253446176,4.65720733660217,1831.498716002135,2431.4635628911387,0.46275756697828935,5.376,2.449081608889367,372.2380725723977,"ScoreBreakdown(accel=87.76153133710751, skidpad=75.0, autocross=6.5, endurance=71.98898674390465, efficiency=130.98755449138554)"
[132   2],200,132,2,200,19.008,3.6263688434969197,4.496213348185748,1712.6582380635382,2509.3862050724974,0.4660749303546911,5.544,2.5324417831623833,450.43429597099134,"ScoreBreakdown(accel=100.0, skidpad=75.0, autocross=23.56473159310141, endurance=113.79924391881246, efficiency=138.0703204590775)"
[132   2],205,132,2,205,19.008,3.6441452916822072,4.376067036852291,1718.9889758699724,2508.9252837764548,0.4657978857006672,5.544,2.531833903257155,446.31871189352,"ScoreBreakdown(accel=100.0, skidpad=75.0, autocross=22.532074225661166, endurance=111.42619711801765, efficiency=137.36044054984123)"
[132   2],210,132,2,210,19.008,3.6511095024580413,4.4288669578696584,1713.2247775815663,2510.0722098195624,0.46546901156752435,5.544,2.5324568964333927,450.0060017758564,"ScoreBreakdown(accel=100.0, skidpad=75.0, autocross=23.472007867272705, endurance=113.58616478155606, efficiency=137.94782912702766)"
[132   2],215,132,2,215,19.008,3.637075262504169,4.481046804910079,1723.9366867410226,2507.75687489976,0.46576956425558463,5.544,2.5301862298505147,443.1882417175283,"ScoreBreakdown(accel=100.0, skidpad=75.0, autocross=21.7302934673503, endurance=109.58370480310346, efficiency=136.87424344707458)"
[132   2],220,132,2,220,19.008,3.6619219016776015,4.532621511412529,1733.4445239952963,2509.9979540626655,0.46518465020736943,5.544,2.5329011011964053,436.8641874137718,"ScoreBreakdown(accel=100.0, skidpad=75.0, autocross=20.20238900203943, endurance=106.07258008967267, efficiency=135.58921832205968)"
[132   2],225,132,2,225,19.008,3.6815379399303936,4.422192708426152,1738.832374418156,2511.379771432007,0.46475360572920993,5.544,2.5332645135148013,433.3024556525967,"ScoreBreakdown(accel=100.0, skidpad=75.0, autocross=19.343981339695752, endurance=104.09995913994575, efficiency=134.85851517295524)"
[132   2],230,132,2,230,19.008,3.692103880388501,4.470852429020283,1733.6830577485082,2514.4984844482474,0.4640239305712708,5.544,2.5358197819934345,436.35236159001863,"ScoreBreakdown(accel=100.0, skidpad=75.0, autocross=20.164272248041605, endurance=105.98498778269527, efficiency=135.2031015592818)"
[132   2],235,132,2,235,19.008,3.680992183321891,4.518984356243578,1743.7397964179395,2515.8612325776057,0.4635864121617283,5.544,2.537028083328755,429.8227050108208,"ScoreBreakdown(accel=100.0, skidpad=75.0, autocross=18.566733132909505, endurance=102.31384263248377, efficiency=133.9421292454275)"
[132   2],240,132,2,240,19.008,3.707720844568186,4.56660959939957,1753.9416658105201,2513.4463339328663,0.46402404510875556,5.544,2.5343326769181993,423.5737402571388,"ScoreBreakdown(accel=100.0, skidpad=75.0, autocross=16.964858017240694, endurance=98.6327333523231, efficiency=132.976148887575)"
[132   2],245,132,2,245,19.008,3.7300323602843406,4.464215027810155,1759.5013696555554,2512.3947147213084,0.4637379600664446,5.544,2.534133099208691,420.1781498153564,"ScoreBreakdown(accel=100.0, skidpad=75.0, autocross=16.099705603342052, endurance=96.64461296240994, efficiency=132.4338312496044)"
[132   2],250,132,2,250,19.008,3.744515743492414,4.509360168975846,1755.4616453931462,2516.9822499988377,0.4629034991914091,5.544,2.5373717977547985,422.3431168652089,"ScoreBreakdown(accel=100.0, skidpad=75.0, autocross=16.72778780741583, endurance=98.08794597102246, efficiency=132.5273830867706)"
[132   2],255,132,2,255,19.008,3.736249422103384,4.554058482861819,1767.9849197030117,2516.7615122409584,0.4628591914312333,5.544,2.537044352500782,414.5721670448635,"ScoreBreakdown(accel=100.0, skidpad=75.0, autocross=14.790055803946313, endurance=93.63503750727037, efficiency=131.1470737336468)"
[132   2],260,132,2,260,19.008,3.7685683556247653,4.5983204147764525,1776.3557396694775,2519.92098617393,0.46215653545726487,5.544,2.540060642969231,409.1830907966856,"ScoreBreakdown(accel=100.0, skidpad=75.0, autocross=13.510069797555227, endurance=90.69362945335057, efficiency=129.97939154577978)"
[132   2],265,132,2,265,19.008,3.800431217339053,4.642160207225828,1779.4581979820919,2519.2779560004305,0.4622881478604274,5.544,2.5390430530663597,407.3386999271175,"ScoreBreakdown(accel=100.0, skidpad=75.0, autocross=13.038730184601723, endurance=89.61049094499924, efficiency=129.68947879751653)"
[132   2],270,132,2,270,19.008,3.82946872142071,4.545210326813304,1793.3240696821608,2522.3739446732775,0.4613107445663013,5.544,2.542455696832792,398.0830590301697,"ScoreBreakdown(accel=99.36641637168582, skidpad=75.0, autocross=10.952095944067702, endurance=84.81540511589995, efficiency=127.94914159851623)"
[132   2],275,132,2,275,19.008,3.8508227503561585,4.586949823898507,1788.8460508046264,2522.660946940506,0.46131045316737457,5.544,2.541987682479567,399.16908575904506,"ScoreBreakdown(accel=97.7811967647046, skidpad=75.0, autocross=11.622443292792042, endurance=86.35586343389423, efficiency=128.40958226765414)"
[132   2],280,132,2,280,19.008,3.8782795667071923,4.628315144971793,1796.3219658844323,2520.6563225461696,0.4616633185223928,5.544,2.5400046161104957,392.8208025633442,"ScoreBreakdown(accel=95.76858873133177, skidpad=75.0, autocross=10.505186683533791, endurance=83.78840756144052, efficiency=127.75861958703814)"
[132   2],285,132,2,285,19.008,3.906724326227902,4.669313121469187,1798.9017815663708,2518.3310966512863,0.4621715470162811,5.544,2.537155473097333,389.4025930753143,"ScoreBreakdown(accel=93.71339838354871, skidpad=75.0, autocross=10.12179493119181, endurance=82.90737325128853, efficiency=127.66002650928529)"
[132   2],290,132,2,290,19.008,3.935079819301123,4.579187861615182,1812.6935473463793,2517.757095311091,0.4620686695694809,5.544,2.536690914887918,379.26430290586165,"ScoreBreakdown(accel=91.69422991893049, skidpad=75.0, autocross=8.090683490327358, endurance=78.23987882499253, efficiency=126.23951067161128)"
[132   2],295,132,2,295,19.008,3.9633417441227863,4.61836203910029,1808.4861944779136,2522.64687920678,0.46091583176639506,5.544,2.541592403668785,379.38647778707775,"ScoreBreakdown(accel=89.7104735538761, skidpad=75.0, autocross=8.707015992898818, endurance=79.65621101761347, efficiency=126.31277722268938)"
[132   2],300,132,2,300,19.008,3.9915058253446176,4.65720733660217,1815.7819142039161,2522.0193190230507,0.4610635199804271,5.544,2.540489642641362,373.1984236785714,"ScoreBreakdown(accel=87.76153133710751, skidpad=75.0, autocross=7.640088324176911, endurance=77.20441105881812, efficiency=125.59239295846885)"
[136   2],200,136,2,200,19.584,3.6263688434969197,4.496213348185748,1696.919503427017,2612.1615559083884,0.46116404025678626,5.712,2.637161417813396,452.83799474859836,"ScoreBreakdown(accel=100.0, skidpad=75.0, autocross=26.16539162886544, endurance=119.77556111017884, efficiency=131.89704200955407)"
[136   2],205,136,2,205,19.584,3.6441452916822072,4.376067036852291,1703.8767458546074,2610.7499289098732,0.461182409897728,5.712,2.6352650466699163,448.3299316106544,"ScoreBreakdown(accel=100.0, skidpad=75.0, autocross=25.00985573634789, endurance=117.12013943847816, efficiency=131.19993643582836)"
[136   2],210,136,2,210,19.584,3.6511095024580413,4.4288669578696584,1698.2765016513847,2610.4749718629414,0.4612136644489822,5.712,2.6343195012645313,452.06203969864606,"ScoreBreakdown(accel=100.0, skidpad=75.0, autocross=25.93926309979573, endurance=119.25591771305926, efficiency=131.86685888579103)"
[136   2],215,136,2,215,19.584,3.637075262504169,4.481046804910079,1708.6508588737863,2607.7745186466477,0.46158970248120174,5.712,2.631714437155289,445.4082032060365,"ScoreBreakdown(accel=100.0, skidpad=75.0, autocross=24.222362357395436, endurance=115.31047952368742, efficiency=130.87536132495364)"
[136   2],220,136,2,220,19.584,3.6619219016776015,4.532621511412529,1718.4232439286984,2609.2233631463523,0.461212454833798,5.712,2.6335604571874285,438.91636574439406,"ScoreBreakdown(accel=100.0, skidpad=75.0, autocross=22.62404570876433, endurance=111.63754760136663, efficiency=129.6547724342631)"
[136   2],225,136,2,225,19.584,3.6815379399303936,4.422192708426152,1724.1940923085199,2610.333823268561,0.46081199551631924,5.712,2.6339029039192603,435.0984676439179,"ScoreBreakdown(accel=100.0, skidpad=75.0, autocross=21.688706601486082, endurance=109.48813817848456, efficiency=128.92162286394728)"
[136   2],230,136,2,230,19.584,3.692103880388501,4.470852429020283,1718.9555013850984,2612.7547426056644,0.46029496184252966,5.712,2.635603596144894,438.30809133365915,"ScoreBreakdown(accel=100.0, skidpad=75.0, autocross=22.53751451373264, endurance=111.43869890090374, efficiency=129.3318779190228)"
[136   2],235,136,2,235,19.584,3.680992183321891,4.518984356243578,1728.7696790906111,2614.557919963288,0.45975994577452545,5.712,2.6374142959704416,431.8425441040289,"ScoreBreakdown(accel=100.0, skidpad=75.0, autocross=20.95153392900076, endurance=107.79411525545936, efficiency=128.09689491956877)"
[136   2],240,136,2,240,19.584,3.707720844568186,4.56660959939957,1738.8640906826695,2612.53709314546,0.46008242878220484,5.712,2.6352705828928684,425.552941442063,"ScoreBreakdown(accel=100.0, skidpad=75.0, autocross=19.338943963392538, endurance=104.08838324836984, efficiency=127.12561423030067)"
[136   2],245,136,2,245,19.584,3.7300323602843406,4.464215027810155,1744.6621548130051,2612.1984232079612,0.4597553064884245,5.712,2.6353674840618226,421.91309477375125,"ScoreBreakdown(accel=100.0, skidpad=75.0, autocross=18.421136140044176, endurance=101.97926071885156, efficiency=126.51269791485547)"
[136   2],250,136,2,250,19.584,3.744515743492414,4.509360168975846,1740.1873939667882,2617.3065198712907,0.4588331644095129,5.712,2.63918735950834,424.36499327985223,"ScoreBreakdown(accel=100.0, skidpad=75.0, autocross=19.12893228143447, endurance=103.60577636857238, efficiency=126.63028462984536)"
[136   2],255,136,2,255,19.584,3.736249422103384,4.554058482861819,1752.6509307070246,2618.2022583207686,0.45857390372280576,5.712,2.639919353349089,416.46680654266527,"ScoreBreakdown(accel=100.0, skidpad=75.0, autocross=17.16649596502485, endurance=99.09609738960691, efficiency=125.20421318803344)"
[136   2],260,136,2,260,19.584,3.7685683556247653,4.5983204147764525,1760.9553354651468,2622.1454762649864,0.4577038995350623,5.712,2.6438378999131986,411.02512419210035,"ScoreBreakdown(accel=100.0, skidpad=75.0, autocross=15.874353319312101, endurance=96.12675337651982, efficiency=124.02401749626843)"
[136   2],265,136,2,265,19.584,3.800431217339053,4.642160207225828,1764.2093584227462,2623.033076898529,0.4575407436109358,5.712,2.6442548480211676,408.9542505376577,"ScoreBreakdown(accel=100.0, skidpad=75.0, autocross=15.371353452065703, endurance=94.97085959857868, efficiency=123.61203748701334)"
[136   2],270,136,2,270,19.584,3.82946872142071,4.545210326813304,1777.9467888249837,2626.283417705133,0.4565751528789772,5.712,2.6477840683977596,399.6974414554904,"ScoreBreakdown(accel=99.36641637168582, skidpad=75.0, autocross=13.268144872719681, endurance=90.13768593615423, efficiency=121.92519427493063)"
[136   2],275,136,2,275,19.584,3.8508227503561585,4.586949823898507,1772.7851320388809,2628.6853390411598,0.4561121693343823,5.712,2.6495497741383836,401.0783537292548,"ScoreBreakdown(accel=97.7811967647046, skidpad=75.0, autocross=14.054574712818342, endurance=91.94490183848366, efficiency=122.29768041324819)"
[136   2],280,136,2,280,19.584,3.8782795667071923,4.628315144971793,1779.8727123519648,2627.512843600438,0.45634857245866234,5.712,2.6481558329354358,394.8464556401826,"ScoreBreakdown(accel=95.76858873133177, skidpad=75.0, autocross=12.975879707947291, endurance=89.46606053927552, efficiency=121.63592666162803)"
[136   2],285,136,2,285,19.584,3.906724326227902,4.669313121469187,1782.6888833529636,2625.5286448691145,0.4567404647751159,5.712,2.645840533762957,391.2317544284617,"ScoreBreakdown(accel=93.71339838354871, skidpad=75.0, autocross=12.549653410883078, endurance=88.48659243828264, efficiency=121.48211019574725)"
[136   2],290,136,2,290,19.584,3.935079819301123,4.579187861615182,1796.132474152611,2625.527009496231,0.45656593722506306,5.712,2.6458041965830907,381.16905753198864,"ScoreBreakdown(accel=91.69422991893049, skidpad=75.0, autocross=10.533390861048197, endurance=83.85322076602331, efficiency=120.0882159859867)"
[136   2],295,136,2,295,19.584,3.9633417441227863,4.61836203910029,1791.3595336622125,2633.0308218334494,0.4548941744192575,5.712,2.653342264478981,381.4990394250313,"ScoreBreakdown(accel=89.7104735538761, skidpad=75.0, autocross=11.245769051864938, endurance=85.4902659660822, efficiency=120.05253085320807)"
[136   2],300,136,2,300,19.584,3.9915058253446176,4.65720733660217,1798.3617652909707,2633.4465898781423,0.45479220788015157,5.712,2.6534919247693973,375.3589214456582,"ScoreBreakdown(accel=87.76153133710751, skidpad=75.0, autocross=10.201956841240523, endurance=83.09158533380945, efficiency=119.30384793350069)"
[140   2],200,140,2,200,20.16,3.6263688434969197,4.496213348185748,1680.522472824732,2731.96759787625,0.4528715182707929,5.88,2.758710069407324,455.1550077782407,"ScoreBreakdown(accel=100.0, skidpad=75.0, autocross=28.926639293595017, endurance=126.1209086994094, efficiency=125.10745978523633)"
[140   2],205,140,2,205,20.16,3.6441452916822072,4.376067036852291,1687.99326440753,2730.2135479963085,0.4529557909408775,5.88,2.756638286288895,450.26503405764356,"ScoreBreakdown(accel=100.0, skidpad=75.0, autocross=27.661910788323897, endurance=123.21456238558137, efficiency=124.38856088373831)"
[140   2],210,140,2,210,20.16,3.6511095024580413,4.4288669578696584,1682.5355763937653,2727.7689548953417,0.45344737581441485,5.88,2.753638105366998,454.09214014679924,"ScoreBreakdown(accel=100.0, skidpad=75.0, autocross=28.584736020432047, endurance=125.3352149212575, efficiency=125.17218920510972)"
[140   2],215,140,2,215,20.16,3.637075262504169,4.481046804910079,1692.4337718952647,2723.590107140322,0.45412399031284223,5.88,2.749615737076232,447.7657707356006,"ScoreBreakdown(accel=100.0, skidpad=75.0, autocross=26.915469017469597, endurance=121.49923907297466, efficiency=124.35106264515635)"
[140   2],220,140,2,220,20.16,3.6619219016776015,4.532621511412529,1702.1108076010594,2725.0359434145453,0.4538198376914775,5.88,2.751244826730696,441.2704806417903,"ScoreBreakdown(accel=100.0, skidpad=75.0, autocross=25.302267761967773, endurance=117.7921023216088, efficiency=123.17611055821376)"
[140   2],225,140,2,225,20.16,3.6815379399303936,4.422192708426152,1708.4906778832906,2725.8116183705856,0.45348701103220124,5.88,2.751396963766741,437.0407636788806,"ScoreBreakdown(accel=100.0, skidpad=75.0, autocross=24.248712972182567, endurance=115.37103324081673, efficiency=122.42101746588129)"
[140   2],230,140,2,230,20.16,3.692103880388501,4.470852429020283,1703.6302976504908,2724.939943789893,0.4537054917387133,5.88,2.749713864871694,440.27955892530406,"ScoreBreakdown(accel=100.0, skidpad=75.0, autocross=25.05062734500302, endurance=117.21383260189594, efficiency=123.01509897840509)"
[140   2],235,140,2,235,20.16,3.680992183321891,4.518984356243578,1713.3281075048853,2724.1196531067785,0.4537555994564535,5.88,2.748828231388083,434.01086882563914,"ScoreBreakdown(accel=100.0, skidpad=75.0, autocross=23.45510279854403, endurance=113.5473169308277, efficiency=122.00844909626737)"
[140   2],240,140,2,240,20.16,3.707720844568186,4.56660959939957,1723.4687407286046,2721.7133929611628,0.45418817267764494,5.88,2.7461784211653084,427.6370970253441,"ScoreBreakdown(accel=100.0, skidpad=75.0, autocross=21.80592741143388, endurance=109.7575116190892, efficiency=121.07365799482096)"
[140   2],245,140,2,245,20.16,3.7300323602843406,4.464215027810155,1729.6275461979378,2721.54208404299,0.4538357334487843,5.88,2.7465093202928434,423.7148479121719,"ScoreBreakdown(accel=100.0, skidpad=75.0, autocross=20.81375715673478, endurance=107.47750421005513, efficiency=120.42358654538194)"
[140   2],250,140,2,250,20.16,3.744515743492414,4.509360168975846,1725.2835172887103,2725.192176196334,0.45329313376919744,5.88,2.7487006323055385,426.2380209924825,"ScoreBreakdown(accel=100.0, skidpad=75.0, autocross=21.512834714461167, endurance=109.08398455307744, efficiency=120.64120172494388)"
[140   2],255,140,2,255,20.16,3.736249422103384,4.554058482861819,1737.6579985244305,2727.404783101766,0.4527514038306577,5.88,2.750867995459181,418.2310373819305,"ScoreBreakdown(accel=100.0, skidpad=75.0, autocross=19.530632557036093, endurance=104.52888366819658, efficiency=119.17152115669782)"
[140   2],260,140,2,260,20.16,3.7685683556247653,4.5983204147764525,1745.7546959485642,2731.164325582603,0.45194874892656217,5.88,2.7545922346405143,412.89869420275704,"ScoreBreakdown(accel=100.0, skidpad=75.0, autocross=18.248874349000975, endurance=101.58340309460642, efficiency=118.06641675914966)"
[140   2],265,140,2,265,20.16,3.800431217339053,4.642160207225828,1749.4885296795396,2731.914118727682,0.45181451166479497,5.88,2.7549350717021075,410.5221855775298,"ScoreBreakdown(accel=100.0, skidpad=75.0, autocross=17.66178205979141, endurance=100.23426491711635, efficiency=117.62613860062204)"
[140   2],270,140,2,270,20.16,3.82946872142071,4.545210326813304,1763.0016260102752,2735.6791993640745,0.45077981425360314,5.88,2.758979203390687,401.30266122600807,"ScoreBreakdown(accel=99.36641637168582, skidpad=75.0, autocross=15.557825442906255, endurance=95.39937226430322, efficiency=115.9790471471128)"
[140   2],275,140,2,275,20.16,3.8508227503561585,4.586949823898507,1757.8891195198923,2736.7319489417177,0.4506503574483244,5.88,2.7592195475530445,402.78605193346846,"ScoreBreakdown(accel=97.7811967647046, skidpad=75.0, autocross=16.35002647066316, endurance=97.21985035682376, efficiency=116.43497834127697)"
[140   2],280,140,2,280,20.16,3.8782795667071923,4.628315144971793,1764.8364615234755,2736.266688953363,0.45070061161607633,5.88,2.7586782038937456,396.5441774390979,"ScoreBreakdown(accel=95.76858873133177, skidpad=75.0, autocross=15.274630380643647, endurance=94.74858996448884, efficiency=115.75236836263365)"
[140   2],285,140,2,285,20.16,3.906724326227902,4.669313121469187,1767.8878710268452,2733.361153514437,0.4513368842484887,5.88,2.7551981449788285,392.82001661649383,"ScoreBreakdown(accel=93.71339838354871, skidpad=75.0, autocross=14.804966642333588, endurance=93.66930261634492, efficiency=115.63234897426662)"
[140   2],290,140,2,290,20.16,3.935079819301123,4.579187861615182,1781.2260694279885,2734.4792162895715,0.45089994592895993,5.88,2.756446873108223,382.6683761458559,"ScoreBreakdown(accel=91.69422991893049, skidpad=75.0, autocross=12.770881468861905, endurance=88.9949745520268, efficiency=114.2082902060367)"
[140   2],295,140,2,295,20.16,3.9633417441227863,4.61836203910029,1776.3739191029847,2740.212900363394,0.4496857002661424,5.88,2.7620497462358937,383.2266915460027,"ScoreBreakdown(accel=89.7104735538761, skidpad=75.0, autocross=13.50730309969479, endurance=90.6872715812107, efficiency=114.32164331122115)"
[140   2],300,140,2,300,20.16,3.9915058253446176,4.65720733660217,1783.2503370730913,2740.4662361978394,0.4496338460972749,5.88,2.7620007757097595,377.1326324296992,"ScoreBreakdown(accel=87.76153133710751, skidpad=75.0, autocross=12.464838577596769, endurance=88.29168793739386, efficiency=113.61457457760105)"
[144   2],200,144,2,200,20.735999999999997,3.6263688434969197,4.496213348185748,1665.4569242320008,2858.196246955514,0.4433718656849865,6.048,2.8870678751590346,456.9364340918497,"ScoreBreakdown(accel=100.0, skidpad=75.0, autocross=31.511594023333064, endurance=132.0611350949364, efficiency=118.36370497358028)"
[144   2],205,144,2,205,20.735999999999997,3.6441452916822072,4.376067036852291,1673.1896525094758,2856.78360860919,0.44341244635562405,6.048,2.8853521984385284,451.78531726145115,"ScoreBreakdown(accel=100.0, skidpad=75.0, autocross=30.178993758866145, endurance=128.99881946727572, efficiency=117.60750403530926)"
[144   2],210,144,2,210,20.735999999999997,3.6511095024580413,4.4288669578696584,1667.7059274612545,2853.447818068649,0.4441641592732837,6.048,2.881289056128075,455.7113778892925,"ScoreBreakdown(accel=100.0, skidpad=75.0, autocross=31.122743290067845, endurance=131.1675560457218, efficiency=118.42107855350285)"
[144   2],215,144,2,215,20.735999999999997,3.637075262504169,4.481046804910079,1676.9906467159647,2849.91332528918,0.4447138910916821,6.048,2.877947924798474,449.66516135444374,"ScoreBreakdown(accel=100.0, skidpad=75.0, autocross=29.52846407666152, endurance=127.50390215021402, efficiency=117.63279512756824)"
[144   2],220,144,2,220,20.735999999999997,3.6619219016776015,4.532621511412529,1686.6485424804248,2851.574408902276,0.4443692143845593,6.048,2.8799169158479105,443.10725891275774,"ScoreBreakdown(accel=100.0, skidpad=75.0, autocross=27.888731600895113, endurance=123.73579665030171, efficiency=116.48273066156091)"
[144   2],225,144,2,225,20.735999999999997,3.6815379399303936,4.422192708426152,1693.4259146160723,2853.0716151281363,0.44399864784586857,6.048,2.8804010522311096,438.5290562986019,"ScoreBreakdown(accel=100.0, skidpad=75.0, autocross=26.749226546298885, endurance=121.1172138467898, efficiency=115.66261590551322)"
[144   2],230,144,2,230,20.735999999999997,3.692103880388501,4.470852429020283,1688.5953574836728,2850.7438105996143,0.4445110494094564,6.048,2.8774540668212407,441.86843576326646,"ScoreBreakdown(accel=100.0, skidpad=75.0, autocross=27.560469897868927, endurance=122.98145120257526, efficiency=116.32651466282223)"
[144   2],235,144,2,235,20.735999999999997,3.680992183321891,4.518984356243578,1697.7318355830193,2849.772957320937,0.4445916662028656,6.048,2.876545752652511,435.90769210815233,"ScoreBreakdown(accel=100.0, skidpad=75.0, autocross=26.029982161023593, endurance=119.46439013073196, efficiency=115.4133198163968)"
[144   2],240,144,2,240,20.735999999999997,3.707720844568186,4.56660959939957,1707.8665861046575,2847.18351521862,0.4450918953075739,6.048,2.8735853056500242,429.4655055173453,"ScoreBreakdown(accel=100.0, skidpad=75.0, autocross=24.351426495386207, endurance=115.60706893408927, efficiency=114.50701008786983)"
[144   2],245,144,2,245,20.735999999999997,3.7300323602843406,4.464215027810155,1714.5916352087577,2846.623917768311,0.44483329186065573,6.048,2.873563157345899,425.1601775368344,"ScoreBreakdown(accel=100.0, skidpad=75.0, autocross=23.248550872793732, endurance=113.07266057136678, efficiency=113.83896609267386)"
[144   2],250,144,2,250,20.735999999999997,3.744515743492414,4.509360168975846,1710.4766861018022,2848.2870849536807,0.4447217260333457,6.048,2.8738300214152783,427.70750851333827,"ScoreBreakdown(accel=100.0, skidpad=75.0, autocross=23.922352923796844, endurance=114.62105779576791, efficiency=114.16409779377354)"
[144   2],255,144,2,255,20.735999999999997,3.736249422103384,4.554058482861819,1722.6522195708803,2851.4325101743143,0.4440436577042286,6.048,2.876754637510281,419.7024791849558,"ScoreBreakdown(accel=100.0, skidpad=75.0, autocross=21.937999833937972, endurance=110.06101406779926, efficiency=112.70346528321858)"
[144   2],260,144,2,260,20.735999999999997,3.7685683556247653,4.5983204147764525,1730.4800632051802,2855.886222081187,0.4430907733398261,6.048,2.881367016057722,414.46533311072045,"ScoreBreakdown(accel=100.0, skidpad=75.0, autocross=20.67697495872686, endurance=107.16317869646001, efficiency=111.62517945553354)"
[144   2],265,144,2,265,20.735999999999997,3.800431217339053,4.642160207225828,1734.4755108212619,2857.4501010807644,0.4428537958904393,6.048,2.8823291989263065,411.8544210171136,"ScoreBreakdown(accel=100.0, skidpad=75.0, autocross=20.037716639548485, endurance=105.6941629734929, efficiency=111.12254140407224)"
[144   2],270,144,2,270,20.735999999999997,3.82946872142071,4.545210326813304,1747.884173064462,2862.22846722972,0.4416517076214366,6.048,2.887332946986036,402.57527326700637,"ScoreBreakdown(accel=99.36641637168582, skidpad=75.0, autocross=17.913737001070693, endurance=100.81325741375562, efficiency=109.48186248049421)"
[144   2],275,144,2,275,20.735999999999997,3.8508227503561585,4.586949823898507,1742.7639252471022,2862.371926991846,0.4417461353541766,6.048,2.8865683855247957,404.1554042668992,"ScoreBreakdown(accel=97.7811967647046, skidpad=75.0, autocross=18.720945061110328, endurance=102.66822166893827, efficiency=109.98504077214604)"
[144   2],280,144,2,280,20.735999999999997,3.8782795667071923,4.628315144971793,1749.5290770598297,2862.5137859894808,0.44168304355509724,6.048,2.886598865996267,397.94433933507287,"ScoreBreakdown(accel=95.76858873133177, skidpad=75.0, autocross=17.65542031480667, endurance=100.21964562609155, efficiency=109.30068466284288)"
[144   2],285,144,2,285,20.735999999999997,3.906724326227902,4.669313121469187,1752.844991618969,2860.7215264807764,0.44206985964111073,6.048,2.8842968260876254,393.9561929226149,"ScoreBreakdown(accel=93.71339838354871, skidpad=75.0, autocross=17.136160905735203, endurance=99.02638741835334, efficiency=109.08024621497765)"
[144   2],290,144,2,290,20.735999999999997,3.935079819301123,4.579187861615182,1765.5249697276067,2865.876992094471,0.4407899040211996,6.048,2.8897305068635935,383.8886914571893,"ScoreBreakdown(accel=91.69422991893049, skidpad=75.0, autocross=15.168515446763426, endurance=94.50473782892017, efficiency=107.52120826257521)"
[144   2],295,144,2,295,20.735999999999997,3.9633417441227863,4.61836203910029,1761.3241976490742,2867.0456139777525,0.4406007045782644,6.048,2.890531529766643,384.3849464774518,"ScoreBreakdown(accel=89.7104735538761, skidpad=75.0, autocross=15.817241997610571, endurance=95.99551154982484, efficiency=107.86171937614027)"
[144   2],300,144,2,300,20.735999999999997,3.9915058253446176,4.65720733660217,1767.8513251297663,2868.3746779889443,0.4403351714457309,6.048,2.891581856885496,378.3989902863913,"ScoreBreakdown(accel=87.76153133710751, skidpad=75.0, autocross=14.810582083639304, endurance=93.68220690139223, efficiency=107.14466996425227)"
[100   3],200,100,3,200,21.599999999999998,3.6263688434969197,4.496213348185748,1631.9142986164438,3224.6722333053517,0.39046518556035115,6.3,3.259406359259833,459.00684049865407,"ScoreBreakdown(accel=100.0, skidpad=75.0, autocross=37.438281444767796, endurance=145.68066376746057, efficiency=100.8878952864257)"
[100   3],205,100,3,205,21.599999999999998,3.6441452916822072,4.376067036852291,1639.357906218289,3230.1492706807358,0.3891141716539184,6.3,3.264477737437379,453.56842787488796,"ScoreBreakdown(accel=100.0, skidpad=75.0, autocross=36.10212268379142, endurance=142.61017071423373, efficiency=99.85613447686278)"
[100   3],210,100,3,210,21.599999999999998,3.6511095024580413,4.4288669578696584,1633.888238288161,3234.259705752377,0.3882930957433674,6.3,3.268036484304915,457.14375915190783,"ScoreBreakdown(accel=100.0, skidpad=75.0, autocross=37.08276483043728, endurance=144.86368652905884, efficiency=100.19730779241173)"
[100   3],215,100,3,215,21.599999999999998,3.637075262504169,4.481046804910079,1642.1336878091447,3236.0822191437537,0.3877133395080439,6.3,3.2701818174138046,451.3558100386971,"ScoreBreakdown(accel=100.0, skidpad=75.0, autocross=35.60695907308315, endurance=141.4722846551104, efficiency=99.27656631050351)"
[100   3],220,100,3,220,21.599999999999998,3.6619219016776015,4.532621511412529,1651.4254002625407,3241.4252591430395,0.3866221655185378,6.3,3.275812163097213,444.73739651406214,"ScoreBreakdown(accel=100.0, skidpad=75.0, autocross=33.96154953390837, endurance=137.69113326254887, efficiency=98.08471371760486)"
[100   3],225,100,3,225,21.599999999999998,3.6815379399303936,4.422192708426152,1657.9638333176636,3249.0918380247767,0.3849340149559916,6.3,3.2828705848765405,439.93030346230375,"ScoreBreakdown(accel=100.0, skidpad=75.0, autocross=32.814755595348785, endurance=135.0558006024862, efficiency=97.05974726446881)"
[100   3],230,100,3,230,21.599999999999998,3.692103880388501,4.470852429020283,1653.0469105527036,3253.8696310693113,0.38403199814653943,6.3,3.2869349830090098,443.01470495766984,"ScoreBreakdown(accel=100.0, skidpad=75.0, autocross=33.67630239912603, endurance=137.03563529974537, efficiency=97.30276725879843)"
[100   3],235,100,3,235,21.599999999999998,3.680992183321891,4.518984356243578,1660.949822348553,3259.4939527774654,0.382787927284194,6.3,3.2926249852379876,437.40654848430046,"ScoreBreakdown(accel=100.0, skidpad=75.0, autocross=32.29403786822553, endurance=133.85919117962416, efficiency=96.25331943645081)"
[100   3],240,100,3,240,21.599999999999998,3.707720844568186,4.56660959939957,1670.369062731383,3262.8391300088733,0.3820404511441701,6.3,3.295861156316484,430.95737414892375,"ScoreBreakdown(accel=100.0, skidpad=75.0, autocross=30.663643561143445, endurance=130.1125447928895, efficiency=95.18118579489082)"
[100   3],245,100,3,245,21.599999999999998,3.7300323602843406,4.464215027810155,1676.678920742185,3268.5531078658373,0.3806203730563425,6.3,3.301761093915764,426.5086523505332,"ScoreBreakdown(accel=100.0, skidpad=75.0, autocross=29.581704091220402, endurance=127.62624771245646, efficiency=94.30070054685638)"
[100   3],250,100,3,250,21.599999999999998,3.744515743492414,4.509360168975846,1672.557848116303,3275.8666369948955,0.37937372848588263,6.3,3.307744552933884,428.87200745999814,"ScoreBreakdown(accel=100.0, skidpad=75.0, autocross=30.2874119217153, endurance=129.24796442339488, efficiency=94.33663111488795)"
[100   3],255,100,3,255,21.599999999999998,3.736249422103384,4.554058482861819,1684.0705436931883,3282.4680351460725,0.3779512484463076,6.3,3.314485736250176,420.9931784798248,"ScoreBreakdown(accel=100.0, skidpad=75.0, autocross=28.32458812771866, endurance=124.73739502087058, efficiency=92.93119533123551)"
[100   3],260,100,3,260,21.599999999999998,3.7685683556247653,4.5983204147764525,1691.6113901655822,3290.2044092997407,0.3763575387932881,6.3,3.322413269391298,415.72872922315645,"ScoreBreakdown(accel=100.0, skidpad=75.0, autocross=27.053414311660223, endurance=121.81623738178948, efficiency=91.85907752970677)"
[100   3],265,100,3,265,21.599999999999998,3.800431217339053,4.642160207225828,1695.3518758198356,3296.075048043565,0.3752604850218147,6.3,3.3277549764948016,413.0391361289401,"ScoreBreakdown(accel=100.0, skidpad=75.0, autocross=26.427069821089358, endurance=120.37689763909341, efficiency=91.23516866875731)"
[100   3],270,100,3,270,21.599999999999998,3.82946872142071,4.545210326813304,1708.496833174677,3303.243154425182,0.37361912418226323,6.3,3.3350298861172547,403.68183023547596,"ScoreBreakdown(accel=99.36641637168582, skidpad=75.0, autocross=24.247700303112932, endurance=115.36870612712757, efficiency=89.69900743354964)"
[100   3],275,100,3,275,21.599999999999998,3.8508227503561585,4.586949823898507,1703.0728678312594,3307.7042470998613,0.37286143956242346,6.3,3.338636920442317,405.33189673161996,"ScoreBreakdown(accel=97.7811967647046, skidpad=75.0, autocross=25.142890294060035, endurance=117.42585287405501, efficiency=89.9819567988003)"
[100   3],280,100,3,280,21.599999999999998,3.8782795667071923,4.628315144971793,1709.227020995468,3311.8098013087865,0.3720087786016273,6.3,3.3426632690366027,399.2226152712963,"ScoreBreakdown(accel=95.76858873133177, skidpad=75.0, autocross=24.12762149269423, endurance=115.09276500096902, efficiency=89.23364004630133)"
[100   3],285,100,3,285,21.599999999999998,3.906724326227902,4.669313121469187,1712.7313210423313,3313.55455912273,0.37164839745604433,6.3,3.3440482035796073,394.87554698717236,"ScoreBreakdown(accel=93.71339838354871, skidpad=75.0, autocross=23.5527668876156, endurance=113.77174902363147, efficiency=88.83763269237656)"
[100   3],290,100,3,290,21.599999999999998,3.935079819301123,4.579187861615182,1725.263077824023,3319.5499273500195,0.3702013058631792,6.3,3.350447696515643,384.7484368780372,"ScoreBreakdown(accel=91.69422991893049, skidpad=75.0, autocross=21.516132325559298, endurance=109.09156246392529, efficiency=87.4465121696221)"
[100   3],295,100,3,295,21.599999999999998,3.9633417441227863,4.61836203910029,1720.028811949458,3328.699499202696,0.36849566547725765,6.3,3.359013227427566,385.6018035616231,"ScoreBreakdown(accel=89.7104735538761, skidpad=75.0, autocross=22.36318506047857, endurance=111.03808978855686, efficiency=87.49005515871161)"
[100   3],300,100,3,300,21.599999999999998,3.9915058253446176,4.65720733660217,1725.939586177846,3333.702043778085,0.36751086654577264,6.3,3.3636849076501356,379.7503456825766,"ScoreBreakdown(accel=87.76153133710751, skidpad=75.0, autocross=21.407029005658377, endurance=108.84084301678784, efficiency=86.74094232302289)"
[104   3],200,104,3,200,22.464,3.6263688434969197,4.496213348185748,1619.198479459579,3356.5347221341794,0.3907848806831604,6.552,3.3936554991423016,461.3704685242568,"ScoreBreakdown(accel=100.0, skidpad=75.0, autocross=39.74924250604911, endurance=150.9912526676573, efficiency=95.62997335055037)"
[104   3],205,104,3,205,22.464,3.6441452916822072,4.376067036852291,1626.8441348813062,3362.6716330547924,0.3893373821942343,6.552,3.399538570570904,455.7284177367173,"ScoreBreakdown(accel=100.0, skidpad=75.0, autocross=38.355397742228746, endurance=147.7881971703752, efficiency=94.58482282411336)"
[104   3],210,104,3,210,22.464,3.6511095024580413,4.4288669578696584,1621.2309925455872,3368.9544347508645,0.3881637311416168,6.552,3.404987964687521,459.35256145868294,"ScoreBreakdown(accel=100.0, skidpad=75.0, autocross=39.377421359496154, endurance=150.13680761151767, efficiency=94.8383324876691)"
[104   3],215,104,3,215,22.464,3.637075262504169,4.481046804910079,1629.2767481897413,3371.2107365307925,0.38753929377141355,6.552,3.407513401542039,453.633931815874,"ScoreBreakdown(accel=100.0, skidpad=75.0, autocross=37.91466228306729, endurance=146.77538701248864, efficiency=93.94388252031808)"
[104   3],220,104,3,220,22.464,3.6619219016776015,4.532621511412529,1638.5899204905252,3377.155183449576,0.38638973808900257,6.552,3.4136536343668773,446.9291610275473,"ScoreBreakdown(accel=100.0, skidpad=75.0, autocross=36.239417712012894, endurance=142.92567471174397, efficiency=92.76406860379045)"
[104   3],225,104,3,225,22.464,3.6815379399303936,4.422192708426152,1645.2738785402348,3385.8572485657087,0.3845772931041879,6.552,3.4217764106519377,441.95932926477656,"ScoreBreakdown(accel=100.0, skidpad=75.0, autocross=35.0488037971806, endurance=140.1896437389752, efficiency=91.72088172862075)"
[104   3],230,104,3,230,22.464,3.692103880388501,4.470852429020283,1640.2137304385235,3392.5463881533483,0.38330711396721445,6.552,3.42782939154993,445.10235605280945,"ScoreBreakdown(accel=100.0, skidpad=75.0, autocross=35.949275982430215, endurance=142.25892896928173, efficiency=91.8941511010975)"
[104   3],235,104,3,235,22.464,3.680992183321891,4.518984356243578,1647.8885962124466,3399.2702453829156,0.38188845608942107,6.552,3.434650992143091,439.5671359999058,"ScoreBreakdown(accel=100.0, skidpad=75.0, autocross=34.58567213651354, endurance=139.125367106333, efficiency=90.85609675705929)"
[104   3],240,104,3,240,22.464,3.707720844568186,4.56660959939957,1657.3246056688113,3401.8809896527255,0.3812621296660195,6.552,3.4374909738850468,433.0903154640506,"ScoreBreakdown(accel=100.0, skidpad=75.0, autocross=32.926472434794185, endurance=135.31252591796814, efficiency=89.8513171112883)"
[104   3],245,104,3,245,22.464,3.7300323602843406,4.464215027810155,1663.8144450259488,3408.0022986325303,0.379837246696274,6.552,3.4437665105728863,428.4830903362546,"ScoreBreakdown(accel=100.0, skidpad=75.0, autocross=31.796241478324088, endurance=132.71525499348036, efficiency=88.97159386445014)"
[104   3],250,104,3,250,22.464,3.744515743492414,4.509360168975846,1659.566833265968,3417.9621514000655,0.3781645697572563,6.552,3.4521570222745934,430.86380425720995,"ScoreBreakdown(accel=100.0, skidpad=75.0, autocross=32.53498025742795, endurance=134.4128768297736, efficiency=88.91594717000842)"
[104   3],255,104,3,255,22.464,3.736249422103384,4.554058482861819,1671.0160802223922,3423.7479845611365,0.3770186091501583,6.552,3.4578684980589243,423.0141101571224,"ScoreBreakdown(accel=100.0, skidpad=75.0, autocross=30.552324720550235, endurance=129.8567340788356, efficiency=87.60505135773657)"
[104   3],260,104,3,260,22.464,3.7685683556247653,4.5983204147764525,1678.6051499309951,3432.0068314676255,0.375403532367958,6.552,3.46627556026639,417.6751816426866,"ScoreBreakdown(accel=100.0, skidpad=75.0, autocross=29.253037754634995, endurance=126.87097241674401, efficiency=86.55117147130763)"
[104   3],265,104,3,265,22.464,3.800431217339053,4.642160207225828,1682.3681582988265,3438.255441295668,0.37426021516426056,6.552,3.472049618007194,414.9519591020247,"ScoreBreakdown(accel=100.0, skidpad=75.0, autocross=28.613138929270175, endurance=125.40048481045476, efficiency=85.93833536229974)"
[104   3],270,104,3,270,22.464,3.82946872142071,4.545210326813304,1695.5294563156447,3444.915686416219,0.3728015769798415,6.552,3.478861656747979,405.5519662930438,"ScoreBreakdown(accel=99.36641637168582, skidpad=75.0, autocross=26.39740267337458, endurance=120.30872252874906, efficiency=84.47942471923433)"
[104   3],275,104,3,275,22.464,3.8508227503561585,4.586949823898507,1690.0384058061825,3449.9504507020256,0.371927488125378,6.552,3.4831886254345656,407.2680791819962,"ScoreBreakdown(accel=97.7811967647046, skidpad=75.0, autocross=27.317638729491353, endurance=122.42342513756978, efficiency=84.7458185502305)"
[104   3],280,104,3,280,22.464,3.8782795667071923,4.628315144971793,1696.244279416655,3453.5351188936975,0.3712270564282993,6.552,3.4866894905109103,401.1252723666636,"ScoreBreakdown(accel=95.76858873133177, skidpad=75.0, autocross=26.278044939662177, endurance=120.0344384369807, efficiency=84.04420025868893)"
[104   3],285,104,3,285,22.464,3.906724326227902,4.669313121469187,1699.8484309616485,3455.281279182763,0.37090624145139495,6.552,3.4880334718553536,396.69981660160056,"ScoreBreakdown(accel=93.71339838354871, skidpad=75.0, autocross=25.677770060548042, endurance=118.65500666571442, efficiency=83.65364149178936)"
[104   3],290,104,3,290,22.464,3.935079819301123,4.579187861615182,1712.534837467959,3458.2488837325373,0.3702005770264025,6.552,3.4911259487578405,386.5525859874121,"ScoreBreakdown(accel=91.69422991893049, skidpad=75.0, autocross=23.58493631387796, endurance=113.84567437049131, efficiency=82.42774538411238)"
[104   3],295,104,3,295,22.464,3.9633417441227863,4.61836203910029,1707.217167489852,3469.7104604748447,0.3680526020423187,6.552,3.5022006435484148,387.42021244730813,"ScoreBreakdown(accel=89.7104735538761, skidpad=75.0, autocross=24.458388058747765, endurance=115.85286662434565, efficiency=82.3984842103386)"
[104   3],300,104,3,300,22.464,3.9915058253446176,4.65720733660217,1713.1860122511039,3473.5386010431316,0.36733247247396444,6.552,3.505783092330565,381.56475934631356,"ScoreBreakdown(accel=87.76153133710751, skidpad=75.0, autocross=23.47835051138978, endurance=113.60074017878375, efficiency=81.72413731903255)"
[108   3],200,108,3,200,23.328,3.6263688434969197,4.496213348185748,1608.1054472410613,3478.306407484481,0.39316115305519095,6.804,3.517826600842516,463.5702592315237,"ScoreBreakdown(accel=100.0, skidpad=75.0, autocross=41.79512828728423, endurance=155.6926985305632, efficiency=91.08243241367626)"
[108   3],205,108,3,205,23.328,3.6441452916822072,4.376067036852291,1616.003019691861,3485.215260061331,0.39161768469664276,6.804,3.5245919667114287,457.6879941684,"ScoreBreakdown(accel=100.0, skidpad=75.0, autocross=40.33570037608553, endurance=152.33893294978267, efficiency=90.01336084253184)"
[108   3],210,108,3,210,23.328,3.6511095024580413,4.4288669578696584,1610.4410553951766,3492.1599661005653,0.3903376726750825,6.804,3.5308005219040517,461.29852181944784,"ScoreBreakdown(accel=100.0, skidpad=75.0, autocross=41.36203011975097, endurance=154.69743887009852, efficiency=90.23905282959832)"
[108   3],215,108,3,215,23.328,3.637075262504169,4.481046804910079,1618.1809163425473,3495.2036402188282,0.3896186253569226,6.804,3.5340135503181798,455.7189001580175,"ScoreBreakdown(accel=100.0, skidpad=75.0, autocross=39.93574296918058, endurance=151.41983076271117, efficiency=89.36332642612574)"
[108   3],220,108,3,220,23.328,3.6619219016776015,4.532621511412529,1627.3883208407542,3501.258287154171,0.3884961878275417,6.804,3.5402901575631778,449.0443353550684,"ScoreBreakdown(accel=100.0, skidpad=75.0, autocross=38.25668893328536, endurance=147.56136431113353, efficiency=88.22628211064949)"
[108   3],225,108,3,225,23.328,3.6815379399303936,4.422192708426152,1634.410104893332,3510.2415181291462,0.38671088054378466,6.804,3.548666575015419,443.8160978189434,"ScoreBreakdown(accel=100.0, skidpad=75.0, autocross=36.988917517639486, endurance=144.64802538876205, efficiency=87.17915491254183)"
[108   3],230,108,3,230,23.328,3.692103880388501,4.470852429020283,1629.396074792522,3517.8947168553073,0.38530844828115046,6.804,3.555649104689132,446.9340099668134,"ScoreBreakdown(accel=100.0, skidpad=75.0, autocross=37.89307681496809, endurance=146.7257836032346, efficiency=87.31514954861075)"
[108   3],235,108,3,235,23.328,3.680992183321891,4.518984356243578,1636.8584380234252,3525.2630751102893,0.3838169679242409,6.804,3.563158378272446,441.4929240897893,"ScoreBreakdown(accel=100.0, skidpad=75.0, autocross=36.549432505126305, endurance=143.6380887574797, efficiency=86.30540282718336)"
[108   3],240,108,3,240,23.328,3.707720844568186,4.56660959939957,1646.223436769665,3527.7822771494125,0.38328562630092267,6.804,3.565693962958233,435.0219272537247,"ScoreBreakdown(accel=100.0, skidpad=75.0, autocross=34.880443245905795, endurance=139.80275116436172, efficiency=85.33873284345717)"
[108   3],245,108,3,245,23.328,3.7300323602843406,4.464215027810155,1653.005976012494,3533.504516895516,0.3819523615982533,6.804,3.5717839740652586,430.21641563691844,"ScoreBreakdown(accel=100.0, skidpad=75.0, autocross=33.68349649191077, endurance=137.05216732615185, efficiency=84.48075181885581)"
[108   3],250,108,3,250,23.328,3.744515743492414,4.509360168975846,1648.8074494737893,3544.344267947539,0.3801903597663224,6.804,3.5809693854187117,432.57862167463287,"ScoreBreakdown(accel=100.0, skidpad=75.0, autocross=34.42326911990983, endurance=138.75216494737668, efficiency=84.40318760734635)"
[108   3],255,108,3,255,23.328,3.736249422103384,4.554058482861819,1660.164745723086,3549.3896106629436,0.379194741302485,6.804,3.5862133525275945,424.7762841089663,"ScoreBreakdown(accel=100.0, skidpad=75.0, autocross=32.43076354048052, endurance=134.17338679702965, efficiency=83.17213377145612)"
[108   3],260,108,3,260,23.328,3.7685683556247653,4.5983204147764525,1667.748751989192,3558.17003571609,0.3776025379182518,6.804,3.5948968612900165,419.4019112112138,"ScoreBreakdown(accel=100.0, skidpad=75.0, autocross=31.115349140899156, endurance=131.15056428971192, efficiency=82.13599778060275)"
[108   3],265,108,3,265,23.328,3.800431217339053,4.642160207225828,1671.4977810124824,3565.07416836034,0.3763916487444814,6.804,3.601297646441512,416.6585793133505,"ScoreBreakdown(accel=100.0, skidpad=75.0, autocross=30.469504449941656, endurance=129.66641308330935, efficiency=81.52266178009947)"
[108   3],270,108,3,270,23.328,3.82946872142071,4.545210326813304,1684.6365841285244,3572.032909907333,0.3749870840313615,6.804,3.6082363985661736,407.21138318993076,"ScoreBreakdown(accel=99.36641637168582, skidpad=75.0, autocross=28.22877463564326, endurance=124.51721560026932, efficiency=80.09897658233234)"
[108   3],275,108,3,275,23.328,3.8508227503561585,4.586949823898507,1679.0410954848794,3577.7901569023306,0.3740571780937858,6.804,3.6130491470682395,409.0080895245021,"ScoreBreakdown(accel=97.7811967647046, skidpad=75.0, autocross=29.178758404452253, endurance=126.70027845776599, efficiency=80.34785589757931)"
[108   3],280,108,3,280,23.328,3.8782795667071923,4.628315144971793,1685.3165726467253,3581.51716291376,0.37337563336629037,6.804,3.616655590051478,402.7923221372888,"ScoreBreakdown(accel=95.76858873133177, skidpad=75.0, autocross=28.113758285873047, endurance=124.25290800951664, efficiency=79.6570671105674)"
[108   3],285,108,3,285,23.328,3.906724326227902,4.669313121469187,1688.9597547696528,3583.66871089987,0.3730275853148089,6.804,3.6182541779488373,398.3119795132393,"ScoreBreakdown(accel=93.71339838354871, skidpad=75.0, autocross=27.499111224428514, endurance=122.84044896088332, efficiency=79.25902094437878)"
[108   3],290,108,3,290,23.328,3.935079819301123,4.579187861615182,1701.610482936276,3587.424279229878,0.37224894991867985,6.804,3.6220347783189184,388.10080481618377,"ScoreBreakdown(accel=91.69422991893049, skidpad=75.0, autocross=25.385224115056246, endurance=117.98273603469613, efficiency=78.03861474750093)"
[108   3],295,108,3,295,23.328,3.9633417441227863,4.61836203910029,1696.143954322931,3598.8002532856167,0.37018469983191854,6.804,3.633052267882022,389.1241793917718,"ScoreBreakdown(accel=89.7104735538761, skidpad=75.0, autocross=26.29479067370627, endurance=120.07292013657742, efficiency=78.04599502761197)"
[108   3],300,108,3,300,23.328,3.9915058253446176,4.65720733660217,1702.129402288133,3603.182302859692,0.3693988173837893,6.804,3.6372101229707505,383.2164753614464,"ScoreBreakdown(accel=87.76153133710751, skidpad=75.0, autocross=25.299185608984832, endurance=117.78501953354521, efficiency=77.37073888180883)"
[112   3],200,112,3,200,24.192,3.6263688434969197,4.496213348185748,1597.6426074568817,3602.233138082251,0.3951406624947676,7.056,3.643828728246078,465.64409113100885,"ScoreBreakdown(accel=100.0, skidpad=75.0, autocross=43.75082334345585, endurance=160.18688609238922, efficiency=86.70638169516377)"
[112   3],205,112,3,205,24.192,3.6441452916822072,4.376067036852291,1605.630727941984,3609.266884955733,0.3936284226356651,7.056,3.650778710033169,459.66487772102835,"ScoreBreakdown(accel=100.0, skidpad=75.0, autocross=42.25539701804867, endurance=156.75039614981702, efficiency=85.65908455316264)"
[112   3],210,112,3,210,24.192,3.6511095024580413,4.4288669578696584,1600.0078238466106,3616.5862012254997,0.39234688739752327,7.056,3.6573087326664595,463.35449600434447,"ScoreBreakdown(accel=100.0, skidpad=75.0, autocross=43.3064839075676, endurance=159.16579399538986, efficiency=85.88221810138704)"
[112   3],215,112,3,215,24.192,3.637075262504169,4.481046804910079,1607.5590736970369,3620.039444928538,0.3915821701942866,7.056,3.6609337965963626,457.85411241471184,"ScoreBreakdown(accel=100.0, skidpad=75.0, autocross=41.89662545375971, endurance=155.92593903587377, efficiency=85.03154792507834)"
[112   3],220,112,3,220,24.192,3.6619219016776015,4.532621511412529,1616.806075740136,3627.1464958018187,0.3903265954019738,7.056,3.668239682582863,451.07082806256113,"ScoreBreakdown(accel=100.0, skidpad=75.0, autocross=40.18809863617303, endurance=151.99974412710537, efficiency=83.88298529928272)"
[112   3],225,112,3,225,24.192,3.6815379399303936,4.422192708426152,1623.9138614248193,3637.2785664951502,0.3883818837624525,7.056,3.6779347082896026,445.72038591428947,"ScoreBreakdown(accel=100.0, skidpad=75.0, autocross=38.88805142779172, endurance=149.01223542770157, efficiency=82.82009905879617)"
[112   3],230,112,3,230,24.192,3.692103880388501,4.470852429020283,1618.8657414570707,3644.9328451412152,0.3870536660845123,7.056,3.68479604043279,448.910960109106,"ScoreBreakdown(accel=100.0, skidpad=75.0, autocross=39.810201417796, endurance=151.13133625691154, efficiency=82.96942243439847)"
[112   3],235,112,3,235,24.192,3.680992183321891,4.518984356243578,1626.1348290253882,3652.7132704740097,0.38552051212217375,7.056,3.6928763839861087,443.5639954464742,"ScoreBreakdown(accel=100.0, skidpad=75.0, autocross=38.4841564969246, endurance=148.0840848099151, efficiency=81.99575413963453)"
[112   3],240,112,3,240,24.192,3.707720844568186,4.56660959939957,1635.561533316657,3655.1832987448843,0.38498589339763006,7.056,3.69561024920382,437.00603692832715,"ScoreBreakdown(accel=100.0, skidpad=75.0, autocross=36.782067891903196, endurance=144.17268491468423, efficiency=81.05128412173974)"
[112   3],245,112,3,245,24.192,3.7300323602843406,4.464215027810155,1642.4795679329573,3661.9284576512914,0.38358008605485316,7.056,3.702415180870065,432.04580012450765,"ScoreBreakdown(accel=100.0, skidpad=75.0, autocross=35.54537578978387, endurance=141.33076625992567, efficiency=80.16965807479815)"
[112   3],250,112,3,250,24.192,3.744515743492414,4.509360168975846,1638.2798962448198,3672.694547492405,0.3818722019780853,7.056,3.7116317250624062,434.46324510808034,"ScoreBreakdown(accel=100.0, skidpad=75.0, autocross=36.29487811214837, endurance=143.05312272040786, efficiency=80.11524427552415)"
[112   3],255,112,3,255,24.192,3.736249422103384,4.554058482861819,1649.5004739477142,3678.5863393063064,0.380791195668376,7.056,3.7176018205873813,426.67110460746267,"ScoreBreakdown(accel=100.0, skidpad=75.0, autocross=34.30089998035501, endurance=138.47096064448527, efficiency=78.89924398262234)"
[112   3],260,112,3,260,24.192,3.7685683556247653,4.5983204147764525,1657.20736190327,3688.1093795419883,0.3791382565020766,7.056,3.726966263074999,421.1685095665086,"ScoreBreakdown(accel=100.0, skidpad=75.0, autocross=32.94697230192713, endurance=135.35963461602256, efficiency=77.86190264855888)"
[112   3],265,112,3,265,24.192,3.800431217339053,4.642160207225828,1661.0944397368878,3695.4781869079834,0.3778787553926333,7.056,3.733933882091213,418.3146258857943,"ScoreBreakdown(accel=100.0, skidpad=75.0, autocross=32.2688660030269, endurance=133.80134622924353, efficiency=77.24441365352385)"
[112   3],270,112,3,270,24.192,3.82946872142071,4.545210326813304,1674.2373565659536,3702.991087307504,0.37642927493058387,7.056,3.7414271303777165,408.79565983951534,"ScoreBreakdown(accel=99.36641637168582, skidpad=75.0, autocross=29.999387218506556, endurance=128.58608360788924, efficiency=75.84377264143369)"
[112   3],275,112,3,275,24.192,3.8508227503561585,4.586949823898507,1668.5226182535985,3708.814167222906,0.37554857470256925,7.056,3.7461398598410685,410.7104972669107,"ScoreBreakdown(accel=97.7811967647046, skidpad=75.0, autocross=30.981797597270464, endurance=130.84366282041353, efficiency=76.10384008452209)"
[112   3],280,112,3,280,24.192,3.8782795667071923,4.628315144971793,1674.813440368504,3712.3170238240177,0.3749183103805943,7.056,3.749635431666688,404.470971985926,"ScoreBreakdown(accel=95.76858873133177, skidpad=75.0, autocross=29.900725671871864, endurance=128.35935935744078, efficiency=75.44229822528153)"
[112   3],285,112,3,285,24.192,3.906724326227902,4.669313121469187,1678.5936768352879,3715.0080637680226,0.3744952977934144,7.056,3.751757822654365,399.86907293610045,"ScoreBreakdown(accel=93.71339838354871, skidpad=75.0, autocross=29.25499313928898, endurance=126.87546589100162, efficiency=75.02521552226115)"
[112   3],290,112,3,290,24.192,3.935079819301123,4.579187861615182,1691.1431012639262,3719.2252265793527,0.3736583642139465,7.056,3.756100396316424,389.65368901888576,"ScoreBreakdown(accel=91.69422991893049, skidpad=75.0, autocross=27.132024461889376, endurance=121.99688351998896, efficiency=73.83055111807694)"
[112   3],295,112,3,295,24.192,3.9633417441227863,4.61836203910029,1685.5511915640575,3731.103984886402,0.37163151541391215,7.056,3.7673291207963135,390.7939687583864,"ScoreBreakdown(accel=89.7104735538761, skidpad=75.0, autocross=28.07409530887936, endurance=124.16176248183962, efficiency=73.84763741379136)"
[112   3],300,112,3,300,24.192,3.9915058253446176,4.65720733660217,1691.5589024418464,3735.901525809835,0.37080472375773654,7.056,3.77190858439725,384.8382088940484,"ScoreBreakdown(accel=87.76153133710751, skidpad=75.0, autocross=27.06222309104182, endurance=121.83647995826217, efficiency=73.17797450763689)"
[116   3],200,116,3,200,25.055999999999997,3.6263688434969197,4.496213348185748,1587.941131672466,3724.64560131365,0.39717851658638326,7.308,3.7685683732479585,467.6173861907232,"ScoreBreakdown(accel=100.0, skidpad=75.0, autocross=45.587232678169364, endurance=164.40695504661915, efficiency=82.62319846593468)"
[116   3],205,116,3,205,25.055999999999997,3.6441452916822072,4.376067036852291,1595.971310808113,3732.1782367205406,0.39560458503193097,7.308,3.7762722037085332,461.56146029779745,"ScoreBreakdown(accel=100.0, skidpad=75.0, autocross=44.065594223311116, endurance=160.91022962624268, efficiency=81.58563644824368)"
[116   3],210,116,3,210,25.055999999999997,3.6511095024580413,4.4288669578696584,1590.3498152512836,3739.6139388628867,0.39438554443409635,7.308,3.782740248972403,465.29451206460294,"ScoreBreakdown(accel=100.0, skidpad=75.0, autocross=45.12919794627389, endurance=163.354391157135, efficiency=81.81092296119405)"
[116   3],215,116,3,215,25.055999999999997,3.637075262504169,4.481046804910079,1597.7569373454892,3743.2012533534557,0.3936344012594528,7.308,3.786495936966054,459.858359170297,"ScoreBreakdown(accel=100.0, skidpad=75.0, autocross=43.72931459431712, endurance=160.13745898331888, efficiency=80.99158559266101)"
[116   3],220,116,3,220,25.055999999999997,3.6619219016776015,4.532621511412529,1607.1080508377675,3750.7065547294683,0.3923346907125135,7.308,3.7943435652362423,452.952578935047,"ScoreBreakdown(accel=100.0, skidpad=75.0, autocross=41.98046178330296, endurance=156.11859493499935, efficiency=79.85352221674466)"
[116   3],225,116,3,225,25.055999999999997,3.6815379399303936,4.422192708426152,1614.3071131950512,3761.199515628083,0.39045749312337047,7.308,3.8040645061099085,447.51117345677324,"ScoreBreakdown(accel=100.0, skidpad=75.0, autocross=40.64789059738798, endurance=153.05634612985577, efficiency=78.8069367295295)"
[116   3],230,116,3,230,25.055999999999997,3.692103880388501,4.470852429020283,1609.1463638272705,3769.203268749742,0.38910307971694075,7.308,3.8113769987702617,450.81227855408565,"ScoreBreakdown(accel=100.0, skidpad=75.0, autocross=41.601952995214674, endurance=155.248781677508, efficiency=78.96154388136304)"
[116   3],235,116,3,235,25.055999999999997,3.680992183321891,4.518984356243578,1616.2508946692121,3778.18978546978,0.3874492797340752,7.308,3.8205389181713345,445.5137417251556,"ScoreBreakdown(accel=100.0, skidpad=75.0, autocross=40.29012529381142, endurance=152.23420140319564, efficiency=77.98941502814857)"
[116   3],240,116,3,240,25.055999999999997,3.707720844568186,4.56660959939957,1625.7524184825895,3781.361911126412,0.38685143402196875,7.308,3.823779662814053,438.83338699354755,"ScoreBreakdown(accel=100.0, skidpad=75.0, autocross=38.553621269235606, endurance=148.2437148681493, efficiency=77.0360508561626)"
[116   3],245,116,3,245,25.055999999999997,3.7300323602843406,4.464215027810155,1632.7366087233618,3788.865642076166,0.38536365767816894,7.308,3.8313981688298804,433.78001325555806,"ScoreBreakdown(accel=100.0, skidpad=75.0, autocross=37.29007473358228, endurance=145.34008472069803, efficiency=76.14985380127776)"
[116   3],250,116,3,250,25.055999999999997,3.744515743492414,4.509360168975846,1628.5487077041046,3799.8682218013023,0.3836972069064294,7.308,3.8407238364901426,436.2277694566682,"ScoreBreakdown(accel=100.0, skidpad=75.0, autocross=38.04642897377409, endurance=147.078186889478, efficiency=76.10315359341615)"
[116   3],255,116,3,255,25.055999999999997,3.736249422103384,4.554058482861819,1639.5112158285324,3805.763847403036,0.3826200276408909,7.308,3.846918677144556,428.56643847905764,"ScoreBreakdown(accel=100.0, skidpad=75.0, autocross=36.07473048289957, endurance=142.54722343206367, efficiency=74.94448456409438)"
[116   3],260,116,3,260,25.055999999999997,3.7685683556247653,4.5983204147764525,1647.383417049509,3815.7745078374633,0.38092835740854464,7.308,3.856889924538359,422.9178603667933,"ScoreBreakdown(accel=100.0, skidpad=75.0, autocross=34.67503737336352, endurance=139.33072843536195, efficiency=73.91209455806785)"
[116   3],265,116,3,265,25.055999999999997,3.800431217339053,4.642160207225828,1651.365811422028,3824.1712133392502,0.37959211913128804,7.308,3.8645959545333426,419.96119712426423,"ScoreBreakdown(accel=100.0, skidpad=75.0, autocross=33.97204274490822, endurance=137.71524666315807, efficiency=73.27390771619798)"
[116   3],270,116,3,270,25.055999999999997,3.82946872142071,4.545210326813304,1664.5298716041214,3831.8567932010706,0.378161085651458,7.308,3.8723255294940144,410.37632337241917,"ScoreBreakdown(accel=99.36641637168582, skidpad=75.0, autocross=31.67218646880484, endurance=132.43017656113273, efficiency=71.90754397079579)"
[116   3],275,116,3,275,25.055999999999997,3.8508227503561585,4.586949823898507,1658.562860253598,3837.3569958651733,0.3773301972657079,7.308,3.876944545600715,412.50938800002,"ScoreBreakdown(accel=97.7811967647046, skidpad=75.0, autocross=32.710142733594694, endurance=134.81540022891116, efficiency=72.20264827280955)"
[116   3],280,116,3,280,25.055999999999997,3.8782795667071923,4.628315144971793,1664.9757345093506,3842.0893797465856,0.3765346819410412,7.308,3.881567418436715,406.12319721394965,"ScoreBreakdown(accel=95.76858873133177, skidpad=75.0, autocross=31.59492773970294, endurance=132.25263598890677, efficiency=71.50704475400815)"
[116   3],285,116,3,285,25.055999999999997,3.906724326227902,4.669313121469187,1668.9583792655421,3845.0899272113725,0.37610867917204127,7.308,3.883792424408432,401.366793037191,"ScoreBreakdown(accel=93.71339838354871, skidpad=75.0, autocross=30.90664975999354, endurance=130.67097307794967, efficiency=71.07577181569906)"
[116   3],290,116,3,290,25.055999999999997,3.935079819301123,4.579187861615182,1681.502363958015,3849.340730641072,0.3752570924747865,7.308,3.888381434789887,391.1060908114794,"ScoreBreakdown(accel=91.69422991893049, skidpad=75.0, autocross=28.760113412081967, endurance=125.73823219621124, efficiency=69.91351528425571)"
[116   3],295,116,3,295,25.055999999999997,3.9633417441227863,4.61836203910029,1675.6776647129439,3861.1841038280236,0.37330893206222315,7.308,3.8995750908814313,392.4499708590174,"ScoreBreakdown(accel=89.7104735538761, skidpad=75.0, autocross=29.752843677983265, endurance=128.0195265110802, efficiency=69.96712711607782)"
[116   3],300,116,3,300,25.055999999999997,3.9915058253446176,4.65720733660217,1681.7131601178585,3866.834869352542,0.3723936280596212,7.308,3.9048708844317206,386.4292211235995,"ScoreBreakdown(accel=87.76153133710751, skidpad=75.0, autocross=28.72431539177861, endurance=125.65596833964625, efficiency=69.28740605506717)"
[120   3],200,120,3,200,25.919999999999995,3.6263688434969197,4.496213348185748,1579.2060557854581,3843.478068954472,0.39953415277380544,7.56,3.8901520291382767,469.3673308022212,"ScoreBreakdown(accel=100.0, skidpad=75.0, autocross=47.260014126938835, endurance=168.25100709194658, efficiency=78.85630958333584)"
[120   3],205,120,3,205,25.919999999999995,3.6441452916822072,4.376067036852291,1587.3017749462579,3851.5172693369286,0.3979490254958916,7.56,3.8982847888583,463.2214790541195,"ScoreBreakdown(accel=100.0, skidpad=75.0, autocross=45.70904607627365, endurance=164.6868822555654, efficiency=77.82555072228045)"
[120   3],210,120,3,210,25.919999999999995,3.6511095024580413,4.4288669578696584,1581.7670035147537,3859.2165160181576,0.39668054063107605,7.56,3.905347458880694,466.926305980969,"ScoreBreakdown(accel=100.0, skidpad=75.0, autocross=46.767674126204355, endurance=167.11960968900897, efficiency=78.03902216575568)"
[120   3],215,120,3,215,25.919999999999995,3.637075262504169,4.481046804910079,1588.9990632865981,3862.997186377325,0.39592763273673043,7.56,3.9093293893998355,461.58009629131107,"ScoreBreakdown(accel=100.0, skidpad=75.0, autocross=45.38588562583977, endurance=163.94425948713783, efficiency=77.24995117833352)"
[120   3],220,120,3,220,25.919999999999995,3.6619219016776015,4.532621511412529,1598.2891410299503,3871.0990882171004,0.3946338578067429,7.56,3.9174801450448227,454.6656935329877,"ScoreBreakdown(accel=100.0, skidpad=75.0, autocross=43.62923223466634, endurance=159.9074697043251, efficiency=76.12899159399626)"
[120   3],225,120,3,225,25.919999999999995,3.6815379399303936,4.422192708426152,1605.5189951306459,3882.204283523247,0.39267704264072456,7.56,3.9281147821459452,449.16775215466055,"ScoreBreakdown(accel=100.0, skidpad=75.0, autocross=42.2762114866306, endurance=156.79822780205305, efficiency=75.09331286597696)"
[120   3],230,120,3,230,25.919999999999995,3.692103880388501,4.470852429020283,1600.4119669863167,3890.3143807006854,0.39139015492499324,7.56,3.9353525175474293,452.4694325281113,"ScoreBreakdown(accel=100.0, skidpad=75.0, autocross=43.23069126755198, endurance=158.99162249612598, efficiency=75.24711876443338)"
[120   3],235,120,3,235,25.919999999999995,3.680992183321891,4.518984356243578,1607.4852838507127,3899.4971148580566,0.3897782435983995,7.56,3.944620246933117,447.17056712023947,"ScoreBreakdown(accel=100.0, skidpad=75.0, autocross=41.91033832439866, endurance=155.95745121486482, efficiency=74.302777580976)"
[120   3],240,120,3,240,25.919999999999995,3.707720844568186,4.56660959939957,1616.9181574650372,3902.8990691981408,0.38916904968797034,7.56,3.9481240903536112,440.4909072738246,"ScoreBreakdown(accel=100.0, skidpad=75.0, autocross=40.167509669270736, endurance=151.9524306777661, efficiency=73.37096692678772)"
[120   3],245,120,3,245,25.919999999999995,3.7300323602843406,4.464215027810155,1623.8866067208617,3910.8929369831108,0.38763560631779026,7.56,3.956370897082139,435.4137150297478,"ScoreBreakdown(accel=100.0, skidpad=75.0, autocross=38.89301470463771, endurance=149.02364103871264, efficiency=72.49705928639742)"
[120   3],250,120,3,250,25.919999999999995,3.744515743492414,4.509360168975846,1619.619084576292,3922.385178599207,0.3859612586553371,7.56,3.9661511468301565,437.94198578684455,"ScoreBreakdown(accel=100.0, skidpad=75.0, autocross=39.67222183488401, endurance=150.81425915260928, efficiency=72.45550479935127)"
[120   3],255,120,3,255,25.919999999999995,3.736249422103384,4.554058482861819,1630.3849750730692,3929.064571139929,0.3848386926590467,7.56,3.9728882834193864,430.3469630117178,"ScoreBreakdown(accel=100.0, skidpad=75.0, autocross=37.714312269086975, endurance=146.31498264729873, efficiency=71.31766809533205)"
[120   3],260,120,3,260,25.919999999999995,3.7685683556247653,4.5983204147764525,1638.3453580496641,3940.453761253059,0.3830061114595581,7.56,3.9841211611237797,424.5744348385682,"ScoreBreakdown(accel=100.0, skidpad=75.0, autocross=36.28316586742672, endurance=143.02620798010472, efficiency=70.26506099103678)"
[120   3],265,120,3,265,25.919999999999995,3.800431217339053,4.642160207225828,1642.3316099762437,3949.3395212415335,0.38163390597241414,7.56,3.9923669125079924,421.5972601554246,"ScoreBreakdown(accel=100.0, skidpad=75.0, autocross=35.57171624144756, endurance=141.39129662219585, efficiency=69.63424729178112)"
[120   3],270,120,3,270,25.919999999999995,3.82946872142071,4.545210326813304,1655.4034097133458,3957.36491655997,0.38018570416269776,7.56,4.000532400625347,412.01704863127975,"ScoreBreakdown(accel=99.36641637168582, skidpad=75.0, autocross=33.26275624551474, endurance=136.08530617049996, efficiency=68.30256984357928)"
[120   3],275,120,3,275,25.919999999999995,3.8508227503561585,4.586949823898507,1649.2516628406338,3963.2392414684423,0.379356990810319,7.56,4.005324995341995,414.2988555350854,"ScoreBreakdown(accel=97.7811967647046, skidpad=75.0, autocross=34.34482137363409, endurance=138.57189201348888, efficiency=68.60094538325787)"
[120   3],280,120,3,280,25.919999999999995,3.8782795667071923,4.628315144971793,1655.8530251678224,3968.51699656437,0.37848314403956246,7.56,4.010623142912582,407.74946960243074,"ScoreBreakdown(accel=95.76858873133177, skidpad=75.0, autocross=33.18398615953771, endurance=135.90429249992548, efficiency=67.89260221163578)"
[120   3],285,120,3,285,25.919999999999995,3.906724326227902,4.669313121469187,1659.8348438651471,3971.844692554151,0.3779959900976493,7.56,4.013353736943203,402.9706513640351,"ScoreBreakdown(accel=93.71339838354871, skidpad=75.0, autocross=32.488256467169194, endurance=134.30550555204817, efficiency=67.46349096126906)"
[120   3],290,120,3,290,25.919999999999995,3.935079819301123,4.579187861615182,1672.2537549300548,3977.054546085879,0.37705040018913516,7.56,4.018736207424212,392.7113763552528,"ScoreBreakdown(accel=91.69422991893049, skidpad=75.0, autocross=30.339623771744094, endurance=129.36794726337752, efficiency=66.30957540120076)"
[120   3],295,120,3,295,25.919999999999995,3.9633417441227863,4.61836203910029,1666.2126603160607,3988.8652055489547,0.3751768442808916,7.56,4.029886065431722,394.24717779999685,"ScoreBreakdown(accel=89.7104735538761, skidpad=75.0, autocross=31.38081079772866, endurance=131.76059522091458, efficiency=66.39529822747751)"
[120   3],300,120,3,300,25.919999999999995,3.9915058253446176,4.65720733660217,1672.468009094593,3995.1242311211513,0.374193883893771,7.56,4.035802664126866,388.0477927460836,"ScoreBreakdown(accel=87.76153133710751, skidpad=75.0, autocross=30.30283502501293, endurance=129.2834067173182, efficiency=65.70001966664495)"
[124   3],200,124,3,200,26.784,3.6263688434969197,4.496213348185748,1570.7808384351474,3961.8356744064267,0.4018064510154223,7.812,4.011189674760279,471.2033304331193,"ScoreBreakdown(accel=100.0, skidpad=75.0, autocross=48.891083518954616, endurance=171.99920482397016, efficiency=75.31304209019449)"
[124   3],205,124,3,205,26.784,3.6441452916822072,4.376067036852291,1578.935081358864,3970.7520897836166,0.4001554560271633,7.812,4.0201081000439105,464.95983969514907,"ScoreBreakdown(accel=100.0, skidpad=75.0, autocross=47.312202162680194, endurance=168.37093520669254, efficiency=74.27670232577634)"
[124   3],210,124,3,210,26.784,3.6511095024580413,4.4288669578696584,1573.497725352623,3979.1348407834707,0.3988511650694373,7.812,4.027696112831855,468.61258282541576,"ScoreBreakdown(accel=100.0, skidpad=75.0, autocross=48.36320308092423, endurance=170.78613549026161, efficiency=74.46324425422996)"
[124   3],215,124,3,215,26.784,3.637075262504169,4.481046804910079,1580.6421446001727,3983.0041858170835,0.39806560493612503,7.812,4.032072708359668,463.29913666698053,"ScoreBreakdown(accel=100.0, skidpad=75.0, autocross=46.983730809801756, endurance=167.61610798357123, efficiency=73.6992978736075)"
[124   3],220,124,3,220,26.784,3.6619219016776015,4.532621511412529,1589.9000774522015,3991.6655865641483,0.396749273196979,7.812,4.04067881369248,456.3596208188767,"ScoreBreakdown(accel=100.0, skidpad=75.0, autocross=45.214614612483864, endurance=163.55067867018167, efficiency=72.59432753621113)"
[124   3],225,124,3,225,26.784,3.6815379399303936,4.422192708426152,1597.1726947133989,4003.623874330622,0.3947010347287498,7.812,4.052301351916097,450.7898408920982,"ScoreBreakdown(accel=100.0, skidpad=75.0, autocross=43.83925982009919, endurance=160.39011313031023, efficiency=71.5604679416888)"
[124   3],230,124,3,230,26.784,3.692103880388501,4.470852429020283,1592.137243451662,4011.7922174968103,0.39341453721963593,7.812,4.059837710462636,454.0787394245277,"ScoreBreakdown(accel=100.0, skidpad=75.0, autocross=44.790196804201045, endurance=162.57536647670705, efficiency=71.71317614361966)"
[124   3],235,124,3,235,26.784,3.680992183321891,4.518984356243578,1599.1156724300354,4020.9162535504956,0.3918456419796058,7.812,4.069244587294688,448.83378442957525,"ScoreBreakdown(accel=100.0, skidpad=75.0, autocross=43.47393280931913, endurance=159.55059159924855, efficiency=70.80926002100757)"
[124   3],240,124,3,240,26.784,3.707720844568186,4.56660959939957,1608.53363143249,4024.4765240938,0.39126279913382267,7.812,4.0727297448505055,442.12189850274547,"ScoreBreakdown(accel=100.0, skidpad=75.0, autocross=41.715634776002936, endurance=155.51002242852016, efficiency=69.89624129822236)"
[124   3],245,124,3,245,26.784,3.7300323602843406,4.464215027810155,1615.5348658649534,4033.182595061625,0.38973187695265626,7.812,4.081311778280816,436.9818799587499,"ScoreBreakdown(accel=100.0, skidpad=75.0, autocross=40.421814779004954, endurance=152.53682386190286, efficiency=69.0232413178421)"
[124   3],250,124,3,250,26.784,3.744515743492414,4.509360168975846,1611.231028850553,4045.486504314778,0.3879588182588078,7.812,4.092105165452025,439.5499125939101,"ScoreBreakdown(accel=100.0, skidpad=75.0, autocross=41.21582736085028, endurance=154.36146490601746, efficiency=68.97262032704236)"
[124   3],255,124,3,255,26.784,3.736249422103384,4.554058482861819,1621.9321386383428,4051.8472239716752,0.38694668927671794,7.812,4.098415875465202,431.97361753553594,"ScoreBreakdown(accel=100.0, skidpad=75.0, autocross=39.24937222085617, endurance=149.84255066979145, efficiency=67.88169464488826)"
[124   3],260,124,3,260,26.784,3.7685683556247653,4.5983204147764525,1629.9138592906756,4063.3766994671773,0.3851458948194976,7.812,4.109861120394661,426.1676703316722,"ScoreBreakdown(accel=100.0, skidpad=75.0, autocross=37.79944931097374, endurance=146.51062758360433, efficiency=66.85759343709415)"
[124   3],265,124,3,265,26.784,3.800431217339053,4.642160207225828,1633.948675442981,4072.9308360790083,0.3837406995590575,7.812,4.118630448561542,423.1351747871571,"ScoreBreakdown(accel=100.0, skidpad=75.0, autocross=37.07189334285887, endurance=144.8387038488095, efficiency=66.2245775954888)"
[124   3],270,124,3,270,26.784,3.82946872142071,4.545210326813304,1646.9657009158282,4081.780527440075,0.3822382982440313,7.812,4.127445692793573,413.52355152148414,"ScoreBreakdown(accel=99.36641637168582, skidpad=75.0, autocross=34.74897197289983, endurance=139.50063015729756, efficiency=64.90753301960093)"
[124   3],275,124,3,275,26.784,3.8508227503561585,4.586949823898507,1640.7814355937849,4087.856588011869,0.3814012584059368,7.812,4.132479877264076,415.8581212789493,"ScoreBreakdown(accel=97.7811967647046, skidpad=75.0, autocross=35.847974131328186, endurance=142.02613729873173, efficiency=65.20281308418474)"
[124   3],280,124,3,280,26.784,3.8782795667071923,4.628315144971793,1647.3970634537893,4093.608382352435,0.3804958367955816,7.812,4.138181639647453,409.26539985825366,"ScoreBreakdown(accel=95.76858873133177, skidpad=75.0, autocross=34.672622630029366, endurance=139.32517935478148, efficiency=64.49900914211106)"
[124   3],285,124,3,285,26.784,3.906724326227902,4.669313121469187,1651.4607228078228,4097.5502453939935,0.3799500940195688,7.812,4.141383889478652,404.4024593287844,"ScoreBreakdown(accel=93.71339838354871, skidpad=75.0, autocross=33.95532981867328, endurance=137.67684035591208, efficiency=64.05689077065033)"
[124   3],290,124,3,290,26.784,3.935079819301123,4.579187861615182,1663.8500071676376,4102.814428006292,0.37901086313237603,7.812,4.146900075649751,394.1189907335442,"ScoreBreakdown(accel=91.69422991893049, skidpad=75.0, autocross=31.790072481244515, endurance=132.7010786371735, efficiency=62.93360969619566)"
[124   3],295,124,3,295,26.784,3.9633417441227863,4.61836203910029,1657.67656949986,4115.122911085988,0.37715214713390216,7.812,4.158386796455411,395.7723742604688,"ScoreBreakdown(accel=89.7104735538761, skidpad=75.0, autocross=32.864949594212035, endurance=135.1711464201574, efficiency=63.02580469222324)"
[124   3],300,124,3,300,26.784,3.9915058253446176,4.65720733660217,1664.0392106769486,4121.917735064738,0.37609855694048283,7.812,4.164959743137772,389.47178361081126,"ScoreBreakdown(accel=87.76153133710751, skidpad=75.0, autocross=31.757255609563202, endurance=132.6256654606342, efficiency=62.32733120350635)"
[128   3],200,128,3,200,27.647999999999996,3.6263688434969197,4.496213348185748,1562.8081919954996,4078.4938186034665,0.4041307704157809,8.064,4.13073663012288,473.03454214737474,"ScoreBreakdown(accel=100.0, skidpad=75.0, autocross=50.45073280670146, endurance=175.58327914459775, efficiency=72.00053019607546)"
[128   3],205,128,3,205,27.647999999999996,3.6441452916822072,4.376067036852291,1571.0352929915775,4088.235580464141,0.40237975753550964,8.064,4.140646457254068,466.68711986123105,"ScoreBreakdown(accel=100.0, skidpad=75.0, autocross=48.84156650859391, endurance=171.8854147259898, efficiency=70.96013862664734)"
[128   3],210,128,3,210,27.647999999999996,3.6511095024580413,4.4288669578696584,1565.6697715429125,4096.8049532323375,0.4011222253967053,8.064,4.148278340017051,470.3221694393032,"ScoreBreakdown(accel=100.0, skidpad=75.0, autocross=49.889108756154975, endurance=174.29266698375835, efficiency=71.14039369938992)"
[128   3],215,128,3,215,27.647999999999996,3.637075262504169,4.481046804910079,1572.754352595902,4100.563550343083,0.40035244222587596,8.064,4.152723379593903,465.0292753352318,"ScoreBreakdown(accel=100.0, skidpad=75.0, autocross=48.50745624432612, endurance=171.1176292835648, efficiency=70.40418980734079)"
[128   3],220,128,3,220,27.647999999999996,3.6619219016776015,4.532621511412529,1582.00456982566,4109.396330817134,0.39899531207754535,8.064,4.161888588704732,458.0619269673492,"ScoreBreakdown(accel=100.0, skidpad=75.0, autocross=46.72208299915878, endurance=167.0148412715345, efficiency=69.32500269665596)"
[128   3],225,128,3,225,27.647999999999996,3.6815379399303936,4.422192708426152,1589.3337589863288,4121.91498128714,0.3969657666183946,8.064,4.17387675320091,452.42153236010995,"ScoreBreakdown(accel=100.0, skidpad=75.0, autocross=45.3222416791925, endurance=163.79800568723942, efficiency=68.301284993678)"
[128   3],230,128,3,230,27.647999999999996,3.692103880388501,4.470852429020283,1584.3579342509317,4130.837613300734,0.3956742039132386,8.064,4.1817339353375615,455.68074303126207,"ScoreBreakdown(accel=100.0, skidpad=75.0, autocross=46.27118961045421, endurance=165.97868818988138, efficiency=68.4308652309265)"
[128   3],235,128,3,235,27.647999999999996,3.680992183321891,4.518984356243578,1591.2276924735183,4140.787207066932,0.39403197061436895,8.064,4.191988071774524,450.4713284148751,"ScoreBreakdown(accel=100.0, skidpad=75.0, autocross=44.962605805229224, endurance=162.97156238952206, efficiency=67.53716022012375)"
[128   3],240,128,3,240,27.647999999999996,3.707720844568186,4.56660959939957,1600.6254503862963,4144.415852012788,0.39343598921932144,8.064,4.19571909392479,443.73554360719913,"ScoreBreakdown(accel=100.0, skidpad=75.0, autocross=43.19067023191994, endurance=158.89965414963908, efficiency=66.64521922564013)"
[128   3],245,128,3,245,27.647999999999996,3.7300323602843406,4.464215027810155,1607.6040061525355,4154.030073688467,0.3917853610978395,8.064,4.205430498326597,438.5669820995878,"ScoreBreakdown(accel=100.0, skidpad=75.0, autocross=41.88827596562218, endurance=155.90675191075567, efficiency=65.77195422320993)"
[128   3],250,128,3,250,27.647999999999996,3.744515743492414,4.509360168975846,1603.3791055348079,4166.764737073195,0.39002885332918846,8.064,4.216514625434011,441.10689997169175,"ScoreBreakdown(accel=100.0, skidpad=75.0, autocross=42.675406786585896, endurance=157.71557866722875, efficiency=65.71591451787711)"
[128   3],255,128,3,255,27.647999999999996,3.736249422103384,4.554058482861819,1614.0349936003536,4173.583270422321,0.3889652357719786,8.064,4.223381372632768,433.5123608532819,"ScoreBreakdown(accel=100.0, skidpad=75.0, autocross=40.69804469590946, endurance=153.171600256535, efficiency=64.64271590083746)"
[128   3],260,128,3,260,27.647999999999996,3.7685683556247653,4.5983204147764525,1621.9050410437717,4185.84503426746,0.38711613202587786,8.064,4.235550158037989,427.74578465516663,"ScoreBreakdown(accel=100.0, skidpad=75.0, autocross=39.254318952576966, endurance=149.85391826010223, efficiency=63.6375474424874)"
[128   3],265,128,3,265,27.647999999999996,3.800431217339053,4.642160207225828,1625.9931077755834,4195.391313663651,0.38575073230685036,8.064,4.2443907772206515,424.6764157646357,"ScoreBreakdown(accel=100.0, skidpad=75.0, autocross=38.50989631313165, endurance=148.14323491180645, efficiency=63.02328453969763)"
[128   3],270,128,3,270,27.647999999999996,3.82946872142071,4.545210326813304,1638.934672344578,4204.939021669739,0.38419381870114216,8.064,4.253892417629671,415.0545587066279,"ScoreBreakdown(accel=99.36641637168582, skidpad=75.0, autocross=36.17776951089772, endurance=142.78400713540776, efficiency=61.726365688636555)"
[128   3],275,128,3,275,27.647999999999996,3.8508227503561585,4.586949823898507,1632.8296988243399,4211.107040417915,0.3833827954598353,8.064,4.258955373955913,417.3693914948417,"ScoreBreakdown(accel=97.7811967647046, skidpad=75.0, autocross=37.27330631139067, endurance=145.30155088373436, efficiency=62.01333753501203)"
[128   3],280,128,3,280,27.647999999999996,3.8782795667071923,4.628315144971793,1639.355513939882,4217.609395816273,0.38242642718661446,8.064,4.265188976195834,410.7962841410147,"ScoreBreakdown(accel=95.76858873133177, skidpad=75.0, autocross=36.10255015858871, endurance=142.61115305138844, efficiency=61.313992199705815)"
[128   3],285,128,3,285,27.647999999999996,3.906724326227902,4.669313121469187,1643.4482047798754,4221.807245965318,0.3818720334753158,8.064,4.268595729968015,405.896175977453,"ScoreBreakdown(accel=93.71339838354871, skidpad=75.0, autocross=35.37304982898551, endurance=140.93476117357258, efficiency=60.87496659134624)"
[128   3],290,128,3,290,27.647999999999996,3.935079819301123,4.579187861615182,1655.705296399923,4228.192963708908,0.38078820400672714,8.064,4.275253305805818,395.624367730465,"ScoreBreakdown(accel=91.69422991893049, skidpad=75.0, autocross=33.20986268561468, endurance=135.9637567611208, efficiency=59.756518364799035)"
[128   3],295,128,3,295,27.647999999999996,3.9633417441227863,4.61836203910029,1649.5406553715043,4240.962896169533,0.37893510710716116,8.064,4.287103965974775,397.3044766524753,"ScoreBreakdown(accel=89.7104735538761, skidpad=75.0, autocross=34.29380819515383, endurance=138.45466372092255, efficiency=59.8455311825228)"
[128   3],300,128,3,300,27.647999999999996,3.9915058253446176,4.65720733660217,1655.8747940918206,4248.94439798934,0.37778186172695083,8.064,4.294563086661516,390.9729206900698,"ScoreBreakdown(accel=87.76153133710751, skidpad=75.0, autocross=33.1801734527988, endurance=135.89553089921026, efficiency=59.13568500095328)"
[132   3],200,132,3,200,28.512,3.6263688434969197,4.496213348185748,1555.0513094609225,4195.747506911501,0.40629497162364825,8.316,4.250313542857315,474.930809118144,"ScoreBreakdown(accel=100.0, skidpad=75.0, autocross=51.98352236245046, endurance=179.10562979666145, efficiency=68.84165695903206)"
[132   3],205,132,3,205,28.512,3.6441452916822072,4.376067036852291,1563.307075420717,4206.2411709058415,0.4045295638013311,8.316,4.260721361146286,468.5151361480338,"ScoreBreakdown(accel=100.0, skidpad=75.0, autocross=50.352672144250114, endurance=175.3579357261018, efficiency=67.80452827768184)"
[132   3],210,132,3,210,28.512,3.6511095024580413,4.4288669578696584,1557.9963430636858,4215.449404303737,0.4032185497105198,8.316,4.268980680341053,472.1297983945408,"ScoreBreakdown(accel=100.0, skidpad=75.0, autocross=51.39977515330399, endurance=177.76417861370857, efficiency=67.96584462752818)"
[132   3],215,132,3,215,28.512,3.637075262504169,4.481046804910079,1564.9462059709715,4219.467925468641,0.4024138187057238,8.316,4.273837044739093,466.9000294142254,"ScoreBreakdown(accel=100.0, skidpad=75.0, autocross=50.03092436514571, endurance=174.61855927662268, efficiency=67.25054577245702)"
[132   3],220,132,3,220,28.512,3.6619219016776015,4.532621511412529,1574.2160725474703,4228.404284780224,0.4010600529316159,8.316,4.283280543078547,459.885841086519,"ScoreBreakdown(accel=100.0, skidpad=75.0, autocross=48.22393561972024, endurance=170.4660988414319, efficiency=66.19580662536688)"
[132   3],225,132,3,225,28.512,3.6815379399303936,4.422192708426152,1581.629352215716,4241.435642194065,0.3990324740254069,8.316,4.295690336254009,454.1559298159385,"ScoreBreakdown(accel=100.0, skidpad=75.0, autocross=46.79409692431914, endurance=167.18032928343723, efficiency=65.18150360818214)"
[132   3],230,132,3,230,28.512,3.692103880388501,4.470852429020283,1576.720245039648,4250.988161794019,0.39770421795464017,8.316,4.3041127823354906,457.3853387954072,"ScoreBreakdown(accel=100.0, skidpad=75.0, autocross=47.739438751075106, endurance=169.35272495732994, efficiency=65.29317508700217)"
[132   3],235,132,3,235,28.512,3.680992183321891,4.518984356243578,1583.5670417877022,4260.724383427533,0.3961419730487528,8.316,4.314191945759736,452.1840731781456,"ScoreBreakdown(accel=100.0, skidpad=75.0, autocross=46.42257131797972, endurance=166.32656337875724, efficiency=64.43493848140864)"
[132   3],240,132,3,240,28.512,3.707720844568186,4.56660959939957,1592.9734324635706,4264.759460642935,0.39547877314361,8.316,4.318493775854777,445.3938981143339,"ScoreBreakdown(accel=100.0, skidpad=75.0, autocross=44.63186755871952, endurance=162.21152584446185, efficiency=63.55050471115254)"
[132   3],245,132,3,245,28.512,3.7300323602843406,4.464215027810155,1600.0421343240214,4274.633738375075,0.3938336474059585,8.316,4.328516750802035,440.13958811426374,"ScoreBreakdown(accel=100.0, skidpad=75.0, autocross=43.30004786429188, endurance=159.15100396688004, efficiency=62.68853628309184)"
[132   3],250,132,3,250,28.512,3.744515743492414,4.509360168975846,1595.9265116567165,4288.006156344497,0.39203866465261905,8.316,4.3402371973624865,442.622400971289,"ScoreBreakdown(accel=100.0, skidpad=75.0, autocross=44.0740407379296, endurance=160.9296397182297, efficiency=62.61872051512968)"
[132   3],255,132,3,255,28.512,3.736249422103384,4.554058482861819,1606.5258657284762,4295.104352153456,0.39093829636909033,8.316,4.347599390821867,435.02534220200806,"ScoreBreakdown(accel=100.0, skidpad=75.0, autocross=42.088748207865954, endurance=156.36743715651534, efficiency=61.56915683762674)"
[132   3],260,132,3,260,28.512,3.7685683556247653,4.5983204147764525,1614.3065717921086,4307.689763754083,0.3891000101880722,8.316,4.36009398564475,429.297493448037,"ScoreBreakdown(accel=100.0, skidpad=75.0, autocross=40.64799036605202, endurance=153.05657539826223, efficiency=60.59292768372278)"
[132   3],265,132,3,265,28.512,3.800431217339053,4.642160207225828,1618.423246825521,4317.647180455006,0.3876941952461438,8.316,4.36951729373873,426.1947218477334,"ScoreBreakdown(accel=100.0, skidpad=75.0, autocross=39.89130700736837, endurance=151.31771691513342, efficiency=59.98569792523158)"
[132   3],270,132,3,270,28.512,3.82946872142071,4.545210326813304,1631.3482082888163,4327.803581664796,0.3861282470807276,8.316,4.379386067530007,416.52901000901,"ScoreBreakdown(accel=99.36641637168582, skidpad=75.0, autocross=37.54039594979798, endurance=145.9153229168715, efficiency=58.706874770654665)"
[132   3],275,132,3,275,28.512,3.8508227503561585,4.586949823898507,1625.326680659383,4334.212251173049,0.3853021081149419,8.316,4.3847427399384085,418.81478020651895,"ScoreBreakdown(accel=97.7811967647046, skidpad=75.0, autocross=38.6309948831389, endurance=148.42151944566783, efficiency=58.98106911300767)"
[132   3],280,132,3,280,28.512,3.8782795667071923,4.628315144971793,1631.7897954690936,4340.982854561702,0.38433472911296906,8.316,4.391267174467398,412.26028419528643,"ScoreBreakdown(accel=95.76858873133177, skidpad=75.0, autocross=37.46073393363463, endurance=145.7322595905817, efficiency=58.29870193973838)"
[132   3],285,132,3,285,28.512,3.906724326227902,4.669313121469187,1635.958714878026,4345.137256683423,0.3837617707747054,8.316,4.394929378110516,407.3007922506422,"ScoreBreakdown(accel=93.71339838354871, skidpad=75.0, autocross=36.71078331580723, endurance=144.00887294705177, efficiency=57.86773760423446)"
[132   3],290,132,3,290,28.512,3.935079819301123,4.579187861615182,1648.1290608635904,4352.248024829698,0.3826348766503164,8.316,4.402111777988245,397.02834219198854,"ScoreBreakdown(accel=91.69422991893049, skidpad=75.0, autocross=34.5431536401464, endurance=139.02765959466444, efficiency=56.76329903824724)"
[132   3],295,132,3,295,28.512,3.9633417441227863,4.61836203910029,1642.0222841448813,4365.161194074738,0.38081156081547535,8.316,4.414158210918261,398.7095754287229,"ScoreBreakdown(accel=89.7104735538761, skidpad=75.0, autocross=35.62679980269256, endurance=141.51787865502706, efficiency=56.85442341712718)"
[132   3],300,132,3,300,28.512,3.9915058253446176,4.65720733660217,1648.3264390304053,4373.459503241275,0.37962126919627126,8.316,4.422121631384466,392.37667596345733,"ScoreBreakdown(accel=87.76153133710751, skidpad=75.0, autocross=34.508262883382464, endurance=138.947480629863, efficiency=56.159401113104366)"
[136   3],200,136,3,200,29.375999999999998,3.6263688434969197,4.496213348185748,1547.9137431720596,4311.451931512136,0.40829371679770604,8.568,4.369746158865389,476.64110756037667,"ScoreBreakdown(accel=100.0, skidpad=75.0, autocross=53.407504020582095, endurance=182.37793988204422, efficiency=65.85566365775038)"
[136   3],205,136,3,205,29.375999999999998,3.6441452916822072,4.376067036852291,1556.1637763838012,4323.112270313015,0.40651967415761614,8.568,4.380645997186618,470.1737996069525,"ScoreBreakdown(accel=100.0, skidpad=75.0, autocross=51.76275605083041, endurance=178.59830877612615, efficiency=64.81273477999598)"
[136   3],210,136,3,210,29.375999999999998,3.6511095024580413,4.4288669578696584,1550.9102030796196,4332.793958887324,0.4051909197892089,8.568,4.389357276372757,473.7697478346708,"ScoreBreakdown(accel=100.0, skidpad=75.0, autocross=52.80809843992825, endurance=181.00050575878336, efficiency=64.96114363595922)"
[136   3],215,136,3,215,29.375999999999998,3.637075262504169,4.481046804910079,1557.6532673076704,4337.438298252321,0.40435551350604365,8.568,4.394632815669727,468.64910982886516,"ScoreBreakdown(accel=100.0, skidpad=75.0, autocross=51.46766401467163, endurance=177.92018722833478, efficiency=64.26125858585874)"
[136   3],220,136,3,220,29.375999999999998,3.6619219016776015,4.532621511412529,1566.854084959414,4346.936958694724,0.40298510643411506,8.568,4.404518356651789,461.64048945851084,"ScoreBreakdown(accel=100.0, skidpad=75.0, autocross=49.65727127569293, endurance=173.75990441539693, efficiency=63.22331376742102)"
[136   3],225,136,3,225,29.375999999999998,3.6815379399303936,4.422192708426152,1574.283412044508,4360.09894743308,0.4009562522581151,8.568,4.4174274173607575,455.88177651755285,"ScoreBreakdown(accel=100.0, skidpad=75.0, autocross=48.210886887260855, endurance=170.43611285208684, efficiency=62.23477677820513)"
[136   3],230,136,3,230,29.375999999999998,3.692103880388501,4.470852429020283,1569.499205271506,4369.3520947894995,0.3996677390580425,8.568,4.425907448989381,459.06576611954966,"ScoreBreakdown(accel=100.0, skidpad=75.0, autocross=49.1407342038716, endurance=172.57290213910886, efficiency=62.35212977656919)"
[136   3],235,136,3,235,29.375999999999998,3.680992183321891,4.518984356243578,1576.1997351422626,4379.612487482959,0.3981112377679756,8.568,4.436307965963983,453.93908373602284,"ScoreBreakdown(accel=100.0, skidpad=75.0, autocross=47.84001809949745, endurance=169.5838563166028, efficiency=61.51520931992258)"
[136   3],240,136,3,240,29.375999999999998,3.707720844568186,4.56660959939957,1585.5700469594094,4384.2485575218725,0.39738175230383554,8.568,4.441238008331929,447.1218727243708,"ScoreBreakdown(accel=100.0, skidpad=75.0, autocross=46.03947682995502, endurance=165.44621218205526, efficiency=60.63618371236049)"
[136   3],245,136,3,245,29.375999999999998,3.7300323602843406,4.464215027810155,1592.6529261460803,4394.818104102314,0.39567453917216694,8.568,4.452059085448933,441.8217236063584,"ScoreBreakdown(accel=100.0, skidpad=75.0, autocross=44.692534575244764, endurance=162.35093865844843, efficiency=59.77825037266518)"
[136   3],250,136,3,250,29.375999999999998,3.744515743492414,4.509360168975846,1588.5889487143445,4408.468611214321,0.3939722716358589,8.568,4.463562994310845,444.29769604042144,"ScoreBreakdown(accel=100.0, skidpad=75.0, autocross=45.46390738584917, endurance=164.12355350451531, efficiency=59.710235150056945)"
[136   3],255,136,3,255,29.375999999999998,3.736249422103384,4.554058482861819,1599.2194433051206,4415.973050081115,0.3928098900853057,8.568,4.471580897053301,436.63294621178716,"ScoreBreakdown(accel=100.0, skidpad=75.0, autocross=43.454446335506866, endurance=159.5058116792121, efficiency=58.67268819706818)"
[136   3],260,136,3,260,29.375999999999998,3.7685683556247653,4.5983204147764525,1606.8735117653118,4429.30573180546,0.3908987674759924,8.568,4.484970432293192,430.9578240729655,"ScoreBreakdown(accel=100.0, skidpad=75.0, autocross=42.02407661037581, endurance=156.21882181481038, efficiency=57.71492564777931)"
[136   3],265,136,3,265,29.375999999999998,3.800431217339053,4.642160207225828,1611.0469982325112,4440.070651522548,0.3894551207587509,8.568,4.494966983909343,427.7910322954224,"ScoreBreakdown(accel=100.0, skidpad=75.0, autocross=41.24987364957406, endurance=154.43970328312318, efficiency=57.10145536272515)"
[136   3],270,136,3,270,29.375999999999998,3.82946872142071,4.545210326813304,1623.960743885226,4450.220066282638,0.3878643948501085,8.568,4.505340244046961,418.09519822799007,"ScoreBreakdown(accel=99.36641637168582, skidpad=75.0, autocross=38.87951418564182, endurance=148.99261684383214, efficiency=55.856650826830275)"
[136   3],275,136,3,275,29.375999999999998,3.8508227503561585,4.586949823898507,1618.0126875670646,4457.085973152408,0.38702020585392555,8.568,4.511002514417285,420.3521119104481,"ScoreBreakdown(accel=97.7811967647046, skidpad=75.0, autocross=39.96659878303862, endurance=151.490737428049, efficiency=56.113578934655976)"
[136   3],280,136,3,280,29.375999999999998,3.8782795667071923,4.628315144971793,1624.4037169884873,4463.694917458931,0.38603995457820706,8.568,4.517824626740987,413.8344964259392,"ScoreBreakdown(accel=95.76858873133177, skidpad=75.0, autocross=38.798873618047885, endurance=148.80730480619337, efficiency=55.459729270366225)"
[136   3],285,136,3,285,29.375999999999998,3.906724326227902,4.669313121469187,1628.6262362398716,4468.36895502885,0.3854284385392282,8.568,4.521874443566599,408.81431202429326,"ScoreBreakdown(accel=93.71339838354871, skidpad=75.0, autocross=38.032391623957224, endurance=147.04592905728236, efficiency=55.02259295950496)"
[136   3],290,136,3,290,29.375999999999998,3.935079819301123,4.579187861615182,1640.7047013267343,4475.857973354834,0.38418640162723866,8.568,4.530072373924395,398.55528150907986,"ScoreBreakdown(accel=91.69422991893049, skidpad=75.0, autocross=35.86166256995435, endurance=142.05759333295356, efficiency=53.94179568724149)"
[136   3],295,136,3,295,29.375999999999998,3.9633417441227863,4.61836203910029,1634.7156685019156,4489.40701124152,0.3823940119474323,8.568,4.542306271274379,400.18341091683345,"ScoreBreakdown(accel=89.7104735538761, skidpad=75.0, autocross=36.933995803128425, endurance=144.52181527975208, efficiency=54.01712628007686)"
[136   3],300,136,3,300,29.375999999999998,3.9915058253446176,4.65720733660217,1640.908783171263,4498.198222357031,0.3811507371229245,8.568,4.550898627934198,393.8982817571632,"ScoreBreakdown(accel=87.76153133710751, skidpad=75.0, autocross=35.825259733147774, endurance=141.9739396079645, efficiency=53.33755107894339)"
[140   3],200,140,3,200,30.240000000000002,3.6263688434969197,4.496213348185748,1541.1647027353886,4428.516568557362,0.4101349103636165,8.82,4.489213906761844,478.2258093850601,"ScoreBreakdown(accel=100.0, skidpad=75.0, autocross=54.766105053094634, endurance=185.50000527896478, efficiency=62.95969905300066)"
[140   3],205,140,3,205,30.240000000000002,3.6441452916822072,4.376067036852291,1549.4537898360425,4439.691533189082,0.40833766397869165,8.82,4.500722119513165,471.72512578975466,"ScoreBreakdown(accel=100.0, skidpad=75.0, autocross=53.09914673381932, endurance=181.66933478617585, efficiency=61.95664426975955)"
[140   3],210,140,3,210,30.240000000000002,3.6511095024580413,4.4288669578696584,1544.2431003140296,4449.961064588917,0.4070048003271118,8.82,4.509798118022852,475.3083182456595,"ScoreBreakdown(accel=100.0, skidpad=75.0, autocross=54.14494187196105, endurance=184.07257218621075, efficiency=62.0908041874877)"
[140   3],215,140,3,215,30.240000000000002,3.637075262504169,4.481046804910079,1550.7983877501658,4455.526007019737,0.4061583939021517,8.82,4.515341879007165,470.2790428743309,"ScoreBreakdown(accel=100.0, skidpad=75.0, autocross=52.83042413937432, endurance=181.05181021979465, efficiency=61.39680851516199)"
[140   3],220,140,3,220,30.240000000000002,3.6619219016776015,4.532621511412529,1559.9752793873433,4465.584873110714,0.40477478033087216,8.82,4.5256381365051395,463.2465118856387,"ScoreBreakdown(accel=100.0, skidpad=75.0, autocross=51.008760178516944, endurance=176.86562613711962, efficiency=60.37212557000211)"
[140   3],225,140,3,225,30.240000000000002,3.6815379399303936,4.422192708426152,1567.4408974360135,4479.3355125473745,0.40273891265215234,8.82,4.539044660040898,457.4325466789513,"ScoreBreakdown(accel=100.0, skidpad=75.0, autocross=49.54252850546191, endurance=173.4962255104705, efficiency=59.39379266301887)"
[140   3],230,140,3,230,30.240000000000002,3.692103880388501,4.470852429020283,1562.6926313846086,4489.068717980878,0.40144008853382707,8.82,4.547914771457646,460.6099858072992,"ScoreBreakdown(accel=100.0, skidpad=75.0, autocross=50.47345636326467, endurance=175.63549788133008, efficiency=59.50103156270443)"
[140   3],235,140,3,235,30.240000000000002,3.680992183321891,4.518984356243578,1569.2837987514422,4499.398709820172,0.3998601242168062,8.82,4.558847702061417,455.5471533211499,"ScoreBreakdown(accel=100.0, skidpad=75.0, autocross=49.18273349626884, endurance=172.66941651996868, efficiency=58.69500330491241)"
[140   3],240,140,3,240,30.240000000000002,3.707720844568186,4.56660959939957,1578.6022261699648,4504.746491442524,0.399079246720298,8.82,4.564298853477761,448.7151659665164,"ScoreBreakdown(accel=100.0, skidpad=75.0, autocross=47.37633258007863, endurance=168.51830691645745, efficiency=57.8205264699803)"
[140   3],245,140,3,245,30.240000000000002,3.7300323602843406,4.464215027810155,1585.6769838767316,4516.2844021429,0.397327175641528,8.82,4.575820514182766,443.38014273154363,"ScoreBreakdown(accel=100.0, skidpad=75.0, autocross=46.01905130509153, endurance=165.39927432254822, efficiency=56.96181710390385)"
[140   3],250,140,3,250,30.240000000000002,3.744515743492414,4.509360168975846,1581.6281675340542,4530.226571996671,0.3955790926731391,8.82,4.588076498028329,445.87301853932325,"ScoreBreakdown(accel=100.0, skidpad=75.0, autocross=46.79432434935874, endurance=167.18085190621574, efficiency=56.89784228374878)"
[140   3],255,140,3,255,30.240000000000002,3.736249422103384,4.554058482861819,1592.2251956514758,4538.82403049497,0.39432667679716693,8.82,4.596973825601879,438.16981415639293,"ScoreBreakdown(accel=100.0, skidpad=75.0, autocross=44.77353555988481, endurance=162.53707893451886, efficiency=55.85919966198925)"
[140   3],260,140,3,260,30.240000000000002,3.7685683556247653,4.5983204147764525,1599.743062793584,4552.2952598146885,0.3924270855020121,8.82,4.610701043395829,432.57316466969155,"ScoreBreakdown(accel=100.0, skidpad=75.0, autocross=43.356157718266395, endurance=159.27994442057323, efficiency=54.93706253085189)"
[140   3],265,140,3,265,30.240000000000002,3.800431217339053,4.642160207225828,1603.9550258234221,4563.253840265944,0.3909704777745492,8.82,4.621118085367758,429.37233122129777,"ScoreBreakdown(accel=100.0, skidpad=75.0, autocross=42.56786439463895, endurance=157.4684462327872, efficiency=54.33602059387163)"
[140   3],270,140,3,270,30.240000000000002,3.82946872142071,4.545210326813304,1616.7740678868568,4574.596051794965,0.3892884221188486,8.82,4.632469678300238,419.6723940819468,"ScoreBreakdown(accel=99.36641637168582, skidpad=75.0, autocross=40.19397887547427, endurance=152.01325691799013, efficiency=53.09874191679653)"
[140   3],275,140,3,275,30.240000000000002,3.8508227503561585,4.586949823898507,1610.9159777424404,4581.966661863659,0.38838707874594164,8.82,4.638753430497189,421.88779606037997,"ScoreBreakdown(accel=97.7811967647046, skidpad=75.0, autocross=41.274117625299915, endurance=154.4954159433422, efficiency=53.337065727033284)"
[140   3],280,140,3,280,30.240000000000002,3.8782795667071923,4.628315144971793,1617.108654762299,4589.9027953159975,0.38732357014062546,8.82,4.646367863626889,415.45451905848097,"ScoreBreakdown(accel=95.76858873133177, skidpad=75.0, autocross=40.13252262142465, endurance=151.87203043604205, efficiency=52.681377269682486)"
[140   3],285,140,3,285,30.240000000000002,3.906724326227902,4.669313121469187,1621.3692966285234,4595.3424127757435,0.3866478178041389,8.82,4.651004509399793,410.3783903643317,"ScoreBreakdown(accel=93.71339838354871, skidpad=75.0, autocross=39.35215434792207, endurance=150.07874401475087, efficiency=52.2340936181101)"
[140   3],290,140,3,290,30.240000000000002,3.935079819301123,4.579187861615182,1633.352547810286,4604.749690287849,0.3852860375239687,8.82,4.660281908899321,400.0970457203862,"ScoreBreakdown(accel=91.69422991893049, skidpad=75.0, autocross=37.17916046485896, endurance=145.08520371286784, efficiency=51.1384516237289)"
[140   3],295,140,3,295,30.240000000000002,3.9633417441227863,4.61836203910029,1627.4366291369322,4618.304443917598,0.38350807478056265,8.82,4.672838348409705,401.7179981976335,"ScoreBreakdown(accel=89.7104735538761, skidpad=75.0, autocross=38.24792957765843, endurance=147.54123531045752, efficiency=51.218359755641465)"
[140   3],300,140,3,300,30.240000000000002,3.9915058253446176,4.65720733660217,1633.5322867196203,4627.692691156106,0.38222349478905177,8.82,4.681974187689342,395.4703455731124,"ScoreBreakdown(accel=87.76153133710751, skidpad=75.0, autocross=37.146810026856926, endurance=145.0108624010004, efficiency=50.55114180814758)"
[144   3],200,144,3,200,31.103999999999996,3.6263688434969197,4.496213348185748,1534.6553156926193,4547.395081906635,0.4113973350326455,9.072,4.611748315073216,479.77331391358166,"ScoreBreakdown(accel=100.0, skidpad=75.0, autocross=56.08778382097577, endurance=188.53722330566904, efficiency=60.14830678693682)"
[144   3],205,144,3,205,31.103999999999996,3.6441452916822072,4.376067036852291,1542.9698243452622,4559.249225725581,0.4096186713037542,9.072,4.6235486013865,473.216025446243,"ScoreBreakdown(accel=100.0, skidpad=75.0, autocross=54.401564625290455, endurance=184.66229131571149, efficiency=59.15216950524103)"
[144   3],210,144,3,210,31.103999999999996,3.6511095024580413,4.4288669578696584,1537.822885837582,4569.624368635983,0.4083006695803741,9.072,4.632858810373765,476.78390702849117,"ScoreBreakdown(accel=100.0, skidpad=75.0, autocross=55.44323652131292, endurance=187.0560535046757, efficiency=59.28461700250255)"
[144   3],215,144,3,215,31.103999999999996,3.637075262504169,4.481046804910079,1544.23444851272,4575.702609744267,0.4074281766901697,9.072,4.63882258454434,471.82873289358486,"ScoreBreakdown(accel=100.0, skidpad=75.0, autocross=54.14668417362463, endurance=184.0765759957212, efficiency=58.605472724239)"
[144   3],220,144,3,220,31.103999999999996,3.6619219016776015,4.532621511412529,1553.3899253825944,4585.670114505555,0.4060632101333105,9.072,4.6493146054749666,464.7902023752873,"ScoreBreakdown(accel=100.0, skidpad=75.0, autocross=52.313808660043115, endurance=179.86462776303577, efficiency=57.61176595220844)"
[144   3],225,144,3,225,31.103999999999996,3.6815379399303936,4.422192708426152,1560.881017654192,4599.969796230783,0.4040091990440942,9.072,4.66332523040162,458.93110453079026,"ScoreBreakdown(accel=100.0, skidpad=75.0, autocross=50.830127495380445, endurance=176.45512820179252, efficiency=56.645848833617315)"
[144   3],230,144,3,230,31.103999999999996,3.692103880388501,4.470852429020283,1556.1961333322974,4609.896252747887,0.40275945412176317,9.072,4.672161340881832,462.0890357517734,"ScoreBreakdown(accel=100.0, skidpad=75.0, autocross=51.7563396181222, endurance=178.58356381270366, efficiency=56.749132320947496)"
[144   3],235,144,3,235,31.103999999999996,3.680992183321891,4.518984356243578,1562.698311164193,4620.41147941132,0.4012529499961405,9.072,4.6829254156501126,457.07340738407606,"ScoreBreakdown(accel=100.0, skidpad=75.0, autocross=50.47233942673398, endurance=175.63293116099814, efficiency=55.96813679634399)"
[144   3],240,144,3,240,31.103999999999996,3.707720844568186,4.56660959939957,1571.9704824635362,4626.394449654783,0.40037320858999037,9.072,4.689278056994764,450.22802557135,"ScoreBreakdown(accel=100.0, skidpad=75.0, autocross=48.65971579869625, endurance=171.46752176463445, efficiency=55.10078800801927)"
[144   3],245,144,3,245,31.103999999999996,3.7300323602843406,4.464215027810155,1579.0355137867791,4638.930358001307,0.3985389137428287,9.072,4.701780195092375,444.8613495037954,"ScoreBreakdown(accel=100.0, skidpad=75.0, autocross=47.29285739538225, endurance=168.32648092824937, efficiency=54.242011180163765)"
[144   3],250,144,3,250,31.103999999999996,3.744515743492414,4.509360168975846,1575.0739064345846,4652.713152924557,0.39685820659300736,9.072,4.713967494847065,447.3300064087176,"ScoreBreakdown(accel=100.0, skidpad=75.0, autocross=48.05779201099851, endurance=170.08430080117103, efficiency=54.18791359654809)"
[144   3],255,144,3,255,31.103999999999996,3.736249422103384,4.554058482861819,1585.6383751542628,4662.318991352303,0.39550913813012584,9.072,4.723812398952713,439.5945794061528,"ScoreBreakdown(accel=100.0, skidpad=75.0, autocross=46.02642546041644, endurance=165.41622013270182, efficiency=53.151933813034475)"
[144   3],260,144,3,260,31.103999999999996,3.7685683556247653,4.5983204147764525,1593.0116126360358,4676.512758040491,0.3935748788061021,9.072,4.738200912489964,434.06948814549133,"ScoreBreakdown(accel=100.0, skidpad=75.0, autocross=44.62464225460309, endurance=162.19492209440983, efficiency=52.24992379647843)"
[144   3],265,144,3,265,31.103999999999996,3.800431217339053,4.642160207225828,1597.2337593998702,4688.721534116044,0.3920552430905129,9.072,4.749399107834236,430.82818366809653,"ScoreBreakdown(accel=100.0, skidpad=75.0, autocross=43.82776464757148, endurance=160.36369722194445, efficiency=51.63672179858058)"
[144   3],270,144,3,270,31.103999999999996,3.82946872142071,4.545210326813304,1609.9456088173758,4701.019044270226,0.3902685683012542,9.072,4.7618619781722415,421.14407671579926,"ScoreBreakdown(accel=99.36641637168582, skidpad=75.0, autocross=41.45379711580955, endurance=154.90831944218525, efficiency=50.41554378611861)"
[144   3],275,144,3,275,31.103999999999996,3.8508227503561585,4.586949823898507,1604.1657687443526,4709.475560563679,0.38932516368211945,9.072,4.7686382813618495,423.31076016542,"ScoreBreakdown(accel=97.7811967647046, skidpad=75.0, autocross=42.528531375465576, endurance=157.37805894823572, efficiency=50.622973077014095)"
[144   3],280,144,3,280,31.103999999999996,3.8782795667071923,4.628315144971793,1610.2022295766872,4717.530911568101,0.3882151874766059,9.072,4.77680650215586,416.96803155740025,"ScoreBreakdown(accel=95.76858873133177, skidpad=75.0, autocross=41.406258571580366, endurance=154.79907585970145, efficiency=49.99410839478668)"
[144   3],285,144,3,285,31.103999999999996,3.906724326227902,4.669313121469187,1614.4970923090661,4723.935659821468,0.38745393578231424,9.072,4.782217549984632,411.83584089425494,"ScoreBreakdown(accel=93.71339838354871, skidpad=75.0, autocross=40.61288575307603, endurance=152.97590499185003, efficiency=49.533651765780185)"
[144   3],290,144,3,290,31.103999999999996,3.935079819301123,4.579187861615182,1626.3831082473637,4734.097507643101,0.38593787840394517,9.072,4.792856549552328,401.56856964173636,"ScoreBreakdown(accel=91.69422991893049, skidpad=75.0, autocross=38.43907413211217, endurance=147.98048552813628, efficiency=48.45478006255738)"
[144   3],295,144,3,295,31.103999999999996,3.9633417441227863,4.61836203910029,1620.5760831005814,4747.551599763068,0.38424047321764737,9.072,4.805246767439501,403.15796786815025,"ScoreBreakdown(accel=89.7104735538761, skidpad=75.0, autocross=39.49712645880216, endurance=150.4118899494778, efficiency=48.53847790599417)"
[144   3],300,144,3,300,31.103999999999996,3.9915058253446176,4.65720733660217,1626.517516681699,4758.40559045538,0.38284298712238685,9.072,4.815468579261594,396.9677155069614,"ScoreBreakdown(accel=87.76153133710751, skidpad=75.0, autocross=38.4146740862579, endurance=147.92441421873642, efficiency=47.867095864859536)"
[100   4],200,100,4,200,28.799999999999997,3.6263688434969197,4.496213348185748,1542.117010036863,4359.794321202599,0.3863632622415056,8.4,4.4178044596737385,479.5243661686289,"ScoreBreakdown(accel=100.0, skidpad=75.0, autocross=54.573682287260816, endurance=185.05781773132352, efficiency=64.89286615004453)"
[100   4],205,100,4,205,28.799999999999997,3.6441452916822072,4.376067036852291,1550.4005180331196,4371.221025407598,0.3844904053518907,8.4,4.428858827759017,473.00732260878743,"ScoreBreakdown(accel=100.0, skidpad=75.0, autocross=52.90989123844452, endurance=181.2344256265723, efficiency=63.86300574377067)"
[100   4],210,100,4,210,28.799999999999997,3.6511095024580413,4.4288669578696584,1545.9861624499651,4377.508143228052,0.383691439372583,8.4,4.434006520096557,476.10618563066504,"ScoreBreakdown(accel=100.0, skidpad=75.0, autocross=53.794321362040144, endurance=183.26684619655038, efficiency=64.04501807207454)"
[100   4],215,100,4,215,28.799999999999997,3.637075262504169,4.481046804910079,1552.7416668883177,4382.700448924109,0.38268815174208287,8.4,4.440098172272734,470.93676451800724,"ScoreBreakdown(accel=100.0, skidpad=75.0, autocross=52.442875371558735, endurance=180.16122308739816, efficiency=63.33266605905037)"
[100   4],220,100,4,220,28.799999999999997,3.6619219016776015,4.532621511412529,1561.7387323646342,4392.459427163233,0.3812085938693128,8.4,4.450344815458217,464.039736444782,"ScoreBreakdown(accel=100.0, skidpad=75.0, autocross=50.661157186358956, endurance=176.06683440377654, efficiency=62.311744854646534)"
[100   4],225,100,4,225,28.799999999999997,3.6815379399303936,4.422192708426152,1569.16910067682,4405.720307220586,0.37911967770589006,8.4,4.463180648515046,458.255250686435,"ScoreBreakdown(accel=100.0, skidpad=75.0, autocross=49.2051016742133, endurance=172.7208185965763, efficiency=61.32933041564541)"
[100   4],230,100,4,230,28.799999999999997,3.692103880388501,4.470852429020283,1565.0778793405798,4412.161739960167,0.37822810360561027,8.4,4.468983363537268,461.0387182702838,"ScoreBreakdown(accel=100.0, skidpad=75.0, autocross=50.00510721485765, endurance=174.5592314610001, efficiency=61.47437959442609)"
[100   4],235,100,4,235,28.799999999999997,3.680992183321891,4.518984356243578,1571.8565214267371,4421.407132978037,0.3767387909235061,8.4,4.478575194762062,455.86742218903237,"ScoreBreakdown(accel=100.0, skidpad=75.0, autocross=48.68186432442963, endurance=171.51841908042488, efficiency=60.667138784177865)"
[100   4],240,100,4,240,28.799999999999997,3.707720844568186,4.56660959939957,1580.8625877245963,4431.563284484648,0.3750765199437234,8.4,4.489150783417754,449.1268549985224,"ScoreBreakdown(accel=100.0, skidpad=75.0, autocross=46.94136508909144, endurance=167.51875155038738, efficiency=59.66673835904359)"
[100   4],245,100,4,245,28.799999999999997,3.7300323602843406,4.464215027810155,1587.5890494500554,4444.298000354132,0.37297400295418065,8.4,4.5021543922558775,443.99987771507244,"ScoreBreakdown(accel=100.0, skidpad=75.0, autocross=45.6543009821621, endurance=164.5610780202625, efficiency=58.78449871264789)"
[100   4],250,100,4,250,28.799999999999997,3.744515743492414,4.509360168975846,1583.9855180873988,4454.797885429226,0.3717914529878185,8.4,4.510185191090033,446.2586106891812,"ScoreBreakdown(accel=100.0, skidpad=75.0, autocross=46.34245353445808, endurance=166.1424526990029, efficiency=58.77370445572025)"
[100   4],255,100,4,255,28.799999999999997,3.736249422103384,4.554058482861819,1594.374797372649,4469.479138001588,0.3694292737747354,8.4,4.525442487490221,438.5350702683931,"ScoreBreakdown(accel=100.0, skidpad=75.0, autocross=44.366896766071186, endurance=161.60262291922842, efficiency=57.56555058309353)"
[100   4],260,100,4,260,28.799999999999997,3.7685683556247653,4.5983204147764525,1601.8302086473175,4485.019999030712,0.3671560613770944,8.4,4.540696268891622,432.920403081277,"ScoreBreakdown(accel=100.0, skidpad=75.0, autocross=42.96501810296863, endurance=158.38110552006992, efficiency=56.574279458238436)"
[100   4],265,100,4,265,28.799999999999997,3.800431217339053,4.642160207225828,1605.8113471098695,4496.40239232585,0.365544848053905,8.4,4.551451078015216,429.86189884388415,"ScoreBreakdown(accel=100.0, skidpad=75.0, autocross=42.221755981885124, endurance=156.6730890431614, efficiency=55.96705381883764)"
[100   4],270,100,4,270,28.799999999999997,3.82946872142071,4.545210326813304,1618.2934219646913,4512.235456480835,0.3630402152007808,8.4,4.567187549585918,420.26941331682553,"ScoreBreakdown(accel=99.36641637168582, skidpad=75.0, autocross=39.915111241269315, endurance=151.37241904856626, efficiency=54.61546665530417)"
[100   4],275,100,4,275,28.799999999999997,3.8508227503561585,4.586949823898507,1612.7747781817436,4519.504978707475,0.3621292742319725,8.4,4.573216077962498,422.2488810537943,"ScoreBreakdown(accel=97.7811967647046, skidpad=75.0, autocross=40.93053446148945, endurance=153.70586177620493, efficiency=54.83128805139535)"
[100   4],280,100,4,280,28.799999999999997,3.8782795667071923,4.628315144971793,1618.7780248203476,4530.91393022423,0.3604118683061051,8.4,4.584452107115836,415.8508762541324,"ScoreBreakdown(accel=95.76858873133177, skidpad=75.0, autocross=39.82627562486765, endurance=151.16827478741487, efficiency=54.087737110518084)"
[100   4],285,100,4,285,28.799999999999997,3.906724326227902,4.669313121469187,1622.7210781300957,4537.776851516297,0.3594202901368431,8.4,4.590734335750622,410.95019498572407,"ScoreBreakdown(accel=93.71339838354871, skidpad=75.0, autocross=39.10542182643229, endurance=149.51175263964961, efficiency=53.61962213609347)"
[100   4],290,100,4,290,28.799999999999997,3.935079819301123,4.579187861615182,1634.2032268559649,4555.02558897877,0.35670143056652837,8.4,4.60784872632455,400.7965394892993,"ScoreBreakdown(accel=91.69422991893049, skidpad=75.0, autocross=37.02611324066329, endurance=144.73350116640916, efficiency=52.34269516329634)"
[100   4],295,100,4,295,28.799999999999997,3.9633417441227863,4.61836203910029,1628.7986913615455,4565.573862639044,0.35534195596233664,8.4,4.617164393953259,402.14563919876883,"ScoreBreakdown(accel=89.7104735538761, skidpad=75.0, autocross=38.00117161822871, endurance=146.97418547896604, efficiency=52.45980854769793)"
[100   4],300,100,4,300,28.799999999999997,3.9915058253446176,4.65720733660217,1634.7315285344362,4576.890559064464,0.35363086920806724,8.4,4.62837971308318,395.9535211012584,"ScoreBreakdown(accel=87.76153133710751, skidpad=75.0, autocross=36.93114569636025, endurance=144.5152657339285, efficiency=51.745578333862134)"
[104   4],200,104,4,200,29.951999999999998,3.6263688434969197,4.496213348185748,1530.4324885013834,4555.953772962102,0.3831764320979794,8.736,4.619282364404931,482.7302446802774,"ScoreBreakdown(accel=100.0, skidpad=75.0, autocross=56.95120759965221, endurance=190.52137129155636, efficiency=60.25766578906883)"
[104   4],205,104,4,205,29.951999999999998,3.6441452916822072,4.376067036852291,1538.7270684075415,4569.73415400073,0.381022544944945,8.736,4.63275488591465,476.10285500362363,"ScoreBreakdown(accel=100.0, skidpad=75.0, autocross=55.25973742178671, endurance=186.6343725436821, efficiency=59.20874503815479)"
[104   4],210,104,4,210,29.951999999999998,3.6511095024580413,4.4288669578696584,1534.3721751322655,4578.135862400459,0.37991409290096617,8.736,4.640238770566483,479.1478966392637,"ScoreBreakdown(accel=100.0, skidpad=75.0, autocross=56.14552773858165, endurance=188.66991883785667, efficiency=59.332450062825366)"
[104   4],215,104,4,215,29.951999999999998,3.637075262504169,4.481046804910079,1540.8518330163677,4584.957909062942,0.3788459276716114,8.736,4.647024407565975,474.1014969310552,"ScoreBreakdown(accel=100.0, skidpad=75.0, autocross=54.82937526937767, endurance=185.64540024642454, efficiency=58.626721415253)"
[104   4],220,104,4,220,29.951999999999998,3.6619219016776015,4.532621511412529,1549.8218048733902,4595.47241753549,0.37728636132305604,8.736,4.658209842287297,467.1576400940338,"ScoreBreakdown(accel=100.0, skidpad=75.0, autocross=53.02555129667382, endurance=181.5002124594703, efficiency=57.63187633788971)"
[104   4],225,104,4,225,29.951999999999998,3.6815379399303936,4.422192708426152,1557.2903857907893,4610.310867868057,0.375003805032736,8.736,4.672898642186674,461.2776102633196,"ScoreBreakdown(accel=100.0, skidpad=75.0, autocross=51.53950465184141, endurance=178.08527702440674, efficiency=56.65282858707143)"
[104   4],230,104,4,230,29.951999999999998,3.692103880388501,4.470852429020283,1553.2449352214333,4619.046386230919,0.37387167058141785,8.736,4.680577630676896,464.01244968069494,"ScoreBreakdown(accel=100.0, skidpad=75.0, autocross=52.34266650011952, endurance=179.9309430842937, efficiency=56.73884009628174)"
[104   4],235,104,4,235,29.951999999999998,3.680992183321891,4.518984356243578,1559.742511285125,4630.389603120341,0.3721648795597209,8.736,4.692065058957977,458.9621686530592,"ScoreBreakdown(accel=100.0, skidpad=75.0, autocross=51.05470097923972, endurance=176.9711981047619, efficiency=55.93626956905762)"
[104   4],240,104,4,240,29.951999999999998,3.707720844568186,4.56660959939957,1568.711995851417,4641.412704976435,0.370489122695945,8.736,4.70319809633564,452.181137227952,"ScoreBreakdown(accel=100.0, skidpad=75.0, autocross=49.29427779179932, endurance=172.92574532950565, efficiency=54.96111410664702)"
[104   4],245,104,4,245,29.951999999999998,3.7300323602843406,4.464215027810155,1575.4922903700376,4654.694036532136,0.3684164588647877,8.736,4.716582077204422,446.9807824288039,"ScoreBreakdown(accel=100.0, skidpad=75.0, autocross=47.976825858586345, endurance=169.89824056956624, efficiency=54.1057160006513)"
[104   4],250,104,4,250,29.951999999999998,3.744515743492414,4.509360168975846,1571.9507437024265,4666.670815302321,0.36698184668447226,8.736,4.726643151230591,449.20765310597295,"ScoreBreakdown(accel=100.0, skidpad=75.0, autocross=48.66355183130839, endurance=171.4763369682102, efficiency=54.067764306454364)"
[104   4],255,104,4,255,29.951999999999998,3.736249422103384,4.554058482861819,1582.3742905349732,4681.389578190475,0.364744686489396,8.736,4.741733375500033,441.41683331856257,"ScoreBreakdown(accel=100.0, skidpad=75.0, autocross=46.651157476345624, endurance=166.85185440840513, efficiency=52.91382143381179)"
[104   4],260,104,4,260,29.951999999999998,3.7685683556247653,4.5983204147764525,1589.6582623590984,4697.019105055341,0.3624858738789983,8.736,4.757501829204362,435.9016470347342,"ScoreBreakdown(accel=100.0, skidpad=75.0, autocross=45.260561439159524, endurance=163.65626448546473, efficiency=51.984821110109905)"
[104   4],265,104,4,265,29.951999999999998,3.800431217339053,4.642160207225828,1593.678757041067,4709.526790935746,0.3607803748188537,8.736,4.769350907926697,432.7843738161734,"ScoreBreakdown(accel=100.0, skidpad=75.0, autocross=44.498446180973446, endurance=161.90492349638313, efficiency=51.38100413881684)"
[104   4],270,104,4,270,29.951999999999998,3.82946872142071,4.545210326813304,1606.1782411051358,4725.022967322399,0.35838931824031117,8.736,4.785022781022357,423.1351647347225,"ScoreBreakdown(accel=99.36641637168582, skidpad=75.0, autocross=42.153443814707394, endurance=156.5161076717137, efficiency=50.09919687661559)"
[104   4],275,104,4,275,29.951999999999998,3.8508227503561585,4.586949823898507,1600.8407817430893,4733.066440943599,0.35739583482652626,8.736,4.791867524792821,425.0247433554834,"ScoreBreakdown(accel=97.7811967647046, skidpad=75.0, autocross=43.15031357903168, endurance=158.80691455464193, efficiency=50.28631845710522)"
[104   4],280,104,4,280,29.951999999999998,3.8782795667071923,4.628315144971793,1606.7159972243285,4744.4112903960595,0.35574847625438033,8.736,4.803105714608146,418.699625424607,"ScoreBreakdown(accel=95.76858873133177, skidpad=75.0, autocross=42.05337512226468, endurance=156.28614979996624, efficiency=49.59151177104436)"
[104   4],285,104,4,285,29.951999999999998,3.906724326227902,4.669313121469187,1610.7837091779825,4751.889271810167,0.3547268578266981,8.736,4.8098763856436575,413.68688529724,"ScoreBreakdown(accel=93.71339838354871, skidpad=75.0, autocross=41.29859654470288, endurance=154.55166850416978, efficiency=49.12322186481862)"
[104   4],290,104,4,290,29.951999999999998,3.935079819301123,4.579187861615182,1622.3485816635252,4767.722192873222,0.3521894423701586,8.736,4.82649707064825,403.47136403232923,"ScoreBreakdown(accel=91.69422991893049, skidpad=75.0, autocross=39.17337031904622, endurance=149.66789828688974, efficiency=47.93586550746275)"
[104   4],295,104,4,295,29.951999999999998,3.9633417441227863,4.61836203910029,1617.0611772472844,4779.230768483832,0.35074087320686465,8.736,4.836767691546834,404.77587665232727,"ScoreBreakdown(accel=89.7104735538761, skidpad=75.0, autocross=40.141241648931675, endurance=151.89206676269197, efficiency=48.03209468682754)"
[104   4],300,104,4,300,29.951999999999998,3.9915058253446176,4.65720733660217,1622.8958825456045,4791.192256259239,0.34902739347042944,8.736,4.848475801911489,398.6195505214187,"ScoreBreakdown(accel=87.76153133710751, skidpad=75.0, autocross=39.07354584370383, endurance=149.43850162607924, efficiency=47.34597171452817)"
[108   4],200,108,4,200,31.104,3.6263688434969197,4.496213348185748,1520.2698734236435,4741.861524466809,0.3819345666199899,9.072,4.809172255543843,485.5494237469958,"ScoreBreakdown(accel=100.0, skidpad=75.0, autocross=59.04877696058808, endurance=195.34158602914377, efficiency=56.15906075726396)"
[108   4],205,108,4,205,31.104,3.6441452916822072,4.376067036852291,1528.6767335409163,4755.502477355356,0.3797297521661654,9.072,4.823559594321213,478.8102560105037,"ScoreBreakdown(accel=100.0, skidpad=75.0, autocross=57.31160345848428, endurance=191.3495610346276, efficiency=55.14909151739182)"
[108   4],210,108,4,210,31.104,3.6511095024580413,4.4288669578696584,1524.3930668474732,4765.446574842223,0.3784180347651819,9.072,4.832770120522765,481.8076787672671,"ScoreBreakdown(accel=100.0, skidpad=75.0, autocross=58.19437590865807, endurance=193.37817227080873, efficiency=55.235130587800235)"
[108   4],215,108,4,215,31.104,3.637075262504169,4.481046804910079,1530.6599622530612,4773.462709268332,0.37725335773494334,9.072,4.8404987857387765,476.86191658520704,"ScoreBreakdown(accel=100.0, skidpad=75.0, autocross=56.904575592214485, endurance=190.41421093076883, efficiency=54.543130062223746)"
[108   4],220,108,4,220,31.104,3.6619219016776015,4.532621511412529,1539.5116148097218,4785.978517819364,0.3755126976549807,9.072,4.853405441699082,469.9165239990814,"ScoreBreakdown(accel=100.0, skidpad=75.0, autocross=55.10069250556077, endurance=186.26888729994806, efficiency=53.54694419357261)"
[108   4],225,108,4,225,31.104,3.6815379399303936,4.422192708426152,1547.0281843818134,4802.176493057924,0.3731226041949994,9.072,4.8694479047888395,463.9461051474398,"ScoreBreakdown(accel=100.0, skidpad=75.0, autocross=53.58509386890273, endurance=182.78604138279226, efficiency=52.57496989574481)"
[108   4],230,108,4,230,31.104,3.692103880388501,4.470852429020283,1543.1154824586356,4812.496993328544,0.3717768349375159,9.072,4.878917042952983,466.58718605670833,"ScoreBreakdown(accel=100.0, skidpad=75.0, autocross=54.372186468847836, endurance=184.59478030735818, efficiency=52.62021928050227)"
[108   4],235,108,4,235,31.104,3.680992183321891,4.518984356243578,1549.3901904025095,4825.3171028945835,0.36995455729993154,9.072,4.891673814910138,461.6446638067729,"ScoreBreakdown(accel=100.0, skidpad=75.0, autocross=53.11186885526284, endurance=181.6985702233527, efficiency=51.83422472815733)"
[108   4],240,108,4,240,31.104,3.707720844568186,4.56660959939957,1558.4124274915876,4836.350928068821,0.3683178630400115,9.072,4.903032959386423,454.7872587051355,"ScoreBreakdown(accel=100.0, skidpad=75.0, autocross=51.31747922551073, endurance=177.57506255805836, efficiency=50.89471692156644)"
[108   4],245,108,4,245,31.104,3.7300323602843406,4.464215027810155,1565.258770785968,4849.87576585817,0.36625523878920035,9.072,4.916928241198331,449.51509256093743,"ScoreBreakdown(accel=100.0, skidpad=75.0, autocross=49.969646976558806, endurance=174.47774382753744, efficiency=50.06770175684118)"
[108   4],250,108,4,250,31.104,3.744515743492414,4.509360168975846,1561.759148306514,4864.08459994974,0.3646060594084474,9.072,4.928862777612386,451.7035582487731,"ScoreBreakdown(accel=100.0, skidpad=75.0, autocross=50.657137495068156, endurance=176.05759715252694, efficiency=49.988823601178034)"
[108   4],255,108,4,255,31.104,3.736249422103384,4.554058482861819,1572.26549497616,4878.44613013099,0.362492125710307,9.072,4.943763461387856,443.824636149503,"ScoreBreakdown(accel=100.0, skidpad=75.0, autocross=48.60239451784289, endurance=171.3357974517739, efficiency=48.886444179886226)"
[108   4],260,108,4,260,31.104,3.7685683556247653,4.5983204147764525,1579.3452559641858,4894.766670613674,0.3602161054871117,9.072,4.960289401443368,438.422359569465,"ScoreBreakdown(accel=100.0, skidpad=75.0, autocross=47.23321197702488, endurance=168.18941574702114, efficiency=47.99973184541895)"
[108   4],265,108,4,265,31.104,3.800431217339053,4.642160207225828,1583.4079958625234,4907.92721587918,0.35849049202702,9.072,4.972766134346456,435.2583920994223,"ScoreBreakdown(accel=100.0, skidpad=75.0, autocross=46.453031954813206, endurance=166.39656192722754, efficiency=47.40879821738155)"
[108   4],270,108,4,270,31.104,3.82946872142071,4.545210326813304,1595.8839970828112,4923.4346397528025,0.3561734268924369,9.072,4.988583192559635,425.5778513897848,"ScoreBreakdown(accel=99.36641637168582, skidpad=75.0, autocross=44.08205695265254, endurance=160.948060980986, efficiency=46.18131708446044)"
[108   4],275,108,4,275,31.104,3.8508227503561585,4.586949823898507,1590.734851767766,4932.209371071873,0.3551583606827136,9.072,4.995888761900026,427.3661610228553,"ScoreBreakdown(accel=97.7811967647046, skidpad=75.0, autocross=45.05610807776254, endurance=163.18643062723416, efficiency=46.342425553154065)"
[108   4],280,108,4,280,31.104,3.8782795667071923,4.628315144971793,1596.4697590719163,4943.298925407572,0.35360685030616373,9.072,5.006943477145477,421.12952246845396,"ScoreBreakdown(accel=95.76858873133177, skidpad=75.0, autocross=43.97164784745994, endurance=160.69434083903272, efficiency=45.69494505062956)"
[108   4],285,108,4,285,31.104,3.906724326227902,4.669313121469187,1600.5956813554203,4951.404373905943,0.3525475905284462,9.072,5.014298262090981,416.0519782490138,"ScoreBreakdown(accel=93.71339838354871, skidpad=75.0, autocross=43.19625029434905, endurance=158.9124771340219, efficiency=45.22985243709411)"
[108   4],290,108,4,290,31.104,3.935079819301123,4.579187861615182,1612.1956626476267,4966.8221829671165,0.35033187605351795,9.072,5.029468985226161,405.78282078723237,"ScoreBreakdown(accel=91.69422991893049, skidpad=75.0, autocross=41.03749398590322, endurance=153.95165478095896, efficiency=44.099442101439685)"
[108   4],295,108,4,295,31.104,3.9633417441227863,4.61836203910029,1606.9852478163675,4979.455640636721,0.3487279940150263,9.072,5.04120438173579,407.06016117787567,"ScoreBreakdown(accel=89.7104735538761, skidpad=75.0, autocross=42.003296614503896, endurance=156.17106938086755, efficiency=44.17532162862814)"
[108   4],300,108,4,300,31.104,3.9915058253446176,4.65720733660217,1612.7207045081525,4991.638663692157,0.34705356473069976,9.072,5.053134257617748,400.953800671266,"ScoreBreakdown(accel=87.76153133710751, skidpad=75.0, autocross=40.94051832673613, endurance=153.7288047001894, efficiency=43.5229463072329)"
[112   4],200,112,4,200,32.256,3.6263688434969197,4.496213348185748,1511.3244349467986,4916.224707616052,0.3824364194181854,9.408,4.987435156030796,488.1172195901702,"ScoreBreakdown(accel=100.0, skidpad=75.0, autocross=60.918464182094375, endurance=199.63812757271518, efficiency=52.560627835360634)"
[112   4],205,112,4,205,32.256,3.6441452916822072,4.376067036852291,1519.7032679960932,4931.581800459802,0.3801125245690777,9.408,5.003369547617603,481.32919811304276,"ScoreBreakdown(accel=100.0, skidpad=75.0, autocross=59.166550293006225, endurance=195.61222916647642, efficiency=51.55041865356015)"
[112   4],210,112,4,210,32.256,3.6511095024580413,4.4288669578696584,1515.4933805810638,4943.013641291588,0.37859573537142166,9.408,5.014427854604788,484.2775937951814,"ScoreBreakdown(accel=100.0, skidpad=75.0, autocross=60.044366026334764, endurance=197.62944986652917, efficiency=51.60377790231753)"
[112   4],215,112,4,215,32.256,3.637075262504169,4.481046804910079,1521.6153071726524,4951.158486481152,0.37738375672464103,9.408,5.022835745915098,479.4141385380433,"ScoreBreakdown(accel=100.0, skidpad=75.0, autocross=58.76946953650123, endurance=194.69973752249874, efficiency=50.94493147904337)"
[112   4],220,112,4,220,32.256,3.6619219016776015,4.532621511412529,1530.3559056330091,4965.429805857268,0.3755543399235067,9.408,5.036874180724505,472.4777586337417,"ScoreBreakdown(accel=100.0, skidpad=75.0, autocross=56.96691016930134, endurance=190.5574557992015, efficiency=49.95339266523887)"
[112   4],225,112,4,225,32.256,3.6815379399303936,4.422192708426152,1537.9368346456877,4982.230324177536,0.37313345845042656,9.408,5.053815282695008,466.4259656732283,"ScoreBreakdown(accel=100.0, skidpad=75.0, autocross=55.42009932729256, endurance=187.00288422899865, efficiency=49.00298211693708)"
[112   4],230,112,4,230,32.256,3.692103880388501,4.470852429020283,1534.149772111134,4993.917994600332,0.3716483392868861,9.408,5.064663700523983,468.9819851250825,"ScoreBreakdown(accel=100.0, skidpad=75.0, autocross=56.1908997390982, endurance=188.77418370253133, efficiency=49.016901683452936)"
[112   4],235,112,4,235,32.256,3.680992183321891,4.518984356243578,1540.2696211657587,5007.963332363117,0.3697199515456677,9.408,5.078696467652597,464.11027837049966,"ScoreBreakdown(accel=100.0, skidpad=75.0, autocross=54.947181736406534, endurance=185.9161195270981, efficiency=48.24697710699503)"
[112   4],240,112,4,240,32.256,3.707720844568186,4.56660959939957,1549.2750322178733,5019.27615484265,0.3681252799260002,9.408,5.090278329902137,457.2232646406289,"ScoreBreakdown(accel=100.0, skidpad=75.0, autocross=53.134907196473094, endurance=181.75151233525574, efficiency=47.33684510890005)"
[112   4],245,112,4,245,32.256,3.7300323602843406,4.464215027810155,1556.14267623973,5033.471532094152,0.36607921308965047,9.408,5.104618527741641,451.90222504687426,"ScoreBreakdown(accel=100.0, skidpad=75.0, autocross=51.76694038562519, endurance=178.60792437817494, efficiency=46.52736028307415)"
[112   4],250,112,4,250,32.256,3.744515743492414,4.509360168975846,1552.7188403162413,5049.244998846213,0.3642659966829729,9.408,5.118169187292756,454.04342446291685,"ScoreBreakdown(accel=100.0, skidpad=75.0, autocross=52.44742205154106, endurance=180.171671358748, efficiency=46.424331052627785)"
[112   4],255,112,4,255,32.256,3.736249422103384,4.554058482861819,1563.2996740476651,5062.787687565057,0.36234372355978367,9.408,5.132324891711052,446.09176664978577,"ScoreBreakdown(accel=100.0, skidpad=75.0, autocross=50.354126502784545, endurance=175.361277842254, efficiency=45.376362304747204)"
[112   4],260,112,4,260,32.256,3.7685683556247653,4.5983204147764525,1570.314006012346,5079.885605257017,0.36009456885404695,9.408,5.1492822040483555,440.705358671358,"ScoreBreakdown(accel=100.0, skidpad=75.0, autocross=48.98197111830239, endurance=172.20806454227048, efficiency=44.51532301078511)"
[112   4],265,112,4,265,32.256,3.800431217339053,4.642160207225828,1574.4379933086652,5094.3170566109775,0.3583140105598167,9.408,5.162639843498094,437.46854362664925,"ScoreBreakdown(accel=100.0, skidpad=75.0, autocross=48.180937075717964, endurance=170.36728818021868, efficiency=43.920318370712614)"
[112   4],270,112,4,270,32.256,3.82946872142071,4.545210326813304,1586.918039846987,5109.688997186737,0.3560982698244458,9.408,5.178408970832914,427.7448088914931,"ScoreBreakdown(accel=99.36641637168582, skidpad=75.0, autocross=45.782204315754996, endurance=164.85499990196655, efficiency=42.74118830208575)"
[112   4],275,112,4,275,32.256,3.8508227503561585,4.586949823898507,1581.8734075197526,5119.121287476158,0.3550580631171219,9.408,5.186187489939482,429.4864395114238,"ScoreBreakdown(accel=97.7811967647046, skidpad=75.0, autocross=46.747252540657826, endurance=167.07268088205296, efficiency=42.885309324008404)"
[112   4],280,112,4,280,32.256,3.8782795667071923,4.628315144971793,1587.5183974377585,5130.261749011842,0.3535997930547569,9.408,5.197036866957372,423.2979543485118,"ScoreBreakdown(accel=95.76858873133177, skidpad=75.0, autocross=45.66776310020357, endurance=164.5920139697435, efficiency=42.26958854723296)"
[112   4],285,112,4,285,32.256,3.906724326227902,4.669313121469187,1591.7029933870092,5139.285688172048,0.35255761756437065,9.408,5.204584663842486,418.15110190986286,"ScoreBreakdown(accel=93.71339838354871, skidpad=75.0, autocross=44.87248604912123, endurance=162.76446717511362, efficiency=41.80075030207936)"
[112   4],290,112,4,290,32.256,3.935079819301123,4.579187861615182,1603.331651275861,5153.4195855746975,0.35056374164952997,9.408,5.218861329413702,407.85215347091344,"ScoreBreakdown(accel=91.69422991893049, skidpad=75.0, autocross=42.68427143121463, endurance=157.7359496220483, efficiency=40.73770249872003)"
[112   4],295,112,4,295,32.256,3.9633417441227863,4.61836203910029,1598.22470080947,5167.581058041006,0.3488587892479079,9.408,5.231753241223921,409.0719058348404,"ScoreBreakdown(accel=89.7104735538761, skidpad=75.0, autocross=43.6413468478127, endurance=159.93530908733462, efficiency=40.78477634581697)"
[112   4],300,112,4,300,32.256,3.9915058253446176,4.65720733660217,1603.837245632469,5180.3112113819325,0.34724713850003697,9.408,5.243715583242687,403.02729591060813,"ScoreBreakdown(accel=87.76153133710751, skidpad=75.0, autocross=42.58985137014787, endurance=157.5189723061351, efficiency=40.15694089721764)"
[116   4],200,116,4,200,33.407999999999994,3.6263688434969197,4.496213348185748,1503.3342259672847,5078.982040109071,0.3845051958692476,9.744,5.1541197127130856,490.5309209114614,"ScoreBreakdown(accel=100.0, skidpad=75.0, autocross=62.60731235830805, endurance=203.5191009603608, efficiency=49.40450759279261)"
[116   4],205,116,4,205,33.407999999999994,3.6441452916822072,4.376067036852291,1511.7650189035126,5095.09845510052,0.3821624722332271,9.744,5.170906412164449,483.6598751846166,"ScoreBreakdown(accel=100.0, skidpad=75.0, autocross=60.82585961560967, endurance=199.42532226365097, efficiency=48.40869330535598)"
[116   4],210,116,4,210,33.407999999999994,3.6511095024580413,4.4288669578696584,1507.688668268226,5107.936185471928,0.38048780158525136,9.744,5.1835782919364135,486.51316966865943,"ScoreBreakdown(accel=100.0, skidpad=75.0, autocross=61.68471746884894, endurance=201.3989777521302, efficiency=48.42947444768025)"
[116   4],215,116,4,215,33.407999999999994,3.637075262504169,4.481046804910079,1513.6666481089562,5116.490187949809,0.37927598028056314,9.744,5.192371681951776,481.72896130166805,"ScoreBreakdown(accel=100.0, skidpad=75.0, autocross=60.42678231583296, endurance=198.5082425629053, efficiency=47.7939364229298)"
[116   4],220,116,4,220,33.407999999999994,3.6619219016776015,4.532621511412529,1522.3121349186868,5131.663084489689,0.37739324339972063,9.744,5.207325513290895,474.8165428857323,"ScoreBreakdown(accel=100.0, skidpad=75.0, autocross=58.625004558050726, endurance=194.36775697817882, efficiency=46.823781349502795)"
[116   4],225,116,4,225,33.407999999999994,3.6815379399303936,4.422192708426152,1529.9649404593542,5149.451039707826,0.37496391567121656,9.744,5.225050689933526,468.6709116229258,"ScoreBreakdown(accel=100.0, skidpad=75.0, autocross=57.04709825953116, endurance=190.74172804378267, efficiency=45.88208531961196)"
[116   4],230,116,4,230,33.407999999999994,3.692103880388501,4.470852429020283,1526.258940052488,5162.666341114525,0.3733819335896587,9.744,5.237061722333891,471.1692370671691,"ScoreBreakdown(accel=100.0, skidpad=75.0, autocross=57.809250065272906, endurance=192.49315301915334, efficiency=45.86683398274283)"
[116   4],235,116,4,235,33.407999999999994,3.680992183321891,4.518984356243578,1532.2416048301252,5177.641251417813,0.37137982852234097,9.744,5.252190716339752,466.3668681575856,"ScoreBreakdown(accel=100.0, skidpad=75.0, autocross=56.580722465376326, endurance=189.66999639185005, efficiency=45.11614930035919)"
[116   4],240,116,4,240,33.407999999999994,3.707720844568186,4.56660959939957,1541.2438377433593,5188.905319856794,0.3698433227880854,9.744,5.263890562311061,459.4505573278259,"ScoreBreakdown(accel=100.0, skidpad=75.0, autocross=54.750106011647425, endurance=185.46323947907877, efficiency=44.237211837099736)"
[116   4],245,116,4,245,33.407999999999994,3.7300323602843406,4.464215027810155,1548.0567082891453,5203.960489570232,0.36781878895168135,9.744,5.278628235757255,454.13449891441917,"ScoreBreakdown(accel=100.0, skidpad=75.0, autocross=53.37885286239158, endurance=182.31209951579422, efficiency=43.443546536233356)"
[116   4],250,116,4,250,33.407999999999994,3.744515743492414,4.509360168975846,1544.7059180458293,5221.16349162972,0.3658609350962525,9.744,5.293788970569245,456.2311950469214,"ScoreBreakdown(accel=100.0, skidpad=75.0, autocross=54.05176798152139, endurance=183.85845857060409, efficiency=43.32096849479598)"
[116   4],255,116,4,255,33.407999999999994,3.736249422103384,4.554058482861819,1555.2983472075018,5234.542229897206,0.36408799094327904,9.744,5.307450533314412,448.2378574164791,"ScoreBreakdown(accel=100.0, skidpad=75.0, autocross=51.93447105324424, endurance=178.9929098800108, efficiency=42.31047648322404)"
[116   4],260,116,4,260,33.407999999999994,3.7685683556247653,4.5983204147764525,1562.23073426668,5252.239027613013,0.36185043253014537,9.744,5.324978209668105,442.884765459987,"ScoreBreakdown(accel=100.0, skidpad=75.0, autocross=50.56431625826441, endurance=175.84429393503373, efficiency=41.476155266688856)"
[116   4],265,116,4,265,33.407999999999994,3.800431217339053,4.642160207225828,1566.3150675056181,5267.953621217919,0.36001941090560163,9.744,5.33923296662106,439.64805056057503,"ScoreBreakdown(accel=100.0, skidpad=75.0, autocross=49.7627441711122, endurance=174.00228114647643, efficiency=40.883025242986385)"
[116   4],270,116,4,270,33.407999999999994,3.82946872142071,4.545210326813304,1578.7827405999403,5283.548925385532,0.3579136285195646,9.744,5.354860631548502,429.88569163457134,"ScoreBreakdown(accel=99.36641637168582, skidpad=75.0, autocross=47.34154993834884, endurance=168.43837640002232, efficiency=39.73934892451441)"
[116   4],275,116,4,275,33.407999999999994,3.8508227503561585,4.586949823898507,1573.8714151987585,5293.13819736229,0.35684818791502815,9.744,5.363139115846795,431.56709241168073,"ScoreBreakdown(accel=97.7811967647046, skidpad=75.0, autocross=48.290739189889486, endurance=170.61961345670514, efficiency=39.875543000381505)"
[116   4],280,116,4,280,33.407999999999994,3.8782795667071923,4.628315144971793,1579.4729883332234,5304.405041781827,0.3554631607046482,9.744,5.373884182647443,425.3930839359844,"ScoreBreakdown(accel=95.76858873133177, skidpad=75.0, autocross=47.20862204072049, endurance=168.13290806933566, efficiency=39.282965094596484)"
[116   4],285,116,4,285,33.407999999999994,3.906724326227902,4.669313121469187,1583.6767841563417,5313.7340598290375,0.3543960645903698,9.744,5.381937512499698,420.2178175386492,"ScoreBreakdown(accel=93.71339838354871, skidpad=75.0, autocross=46.401556915537704, endurance=166.27827227847766, efficiency=38.824589961085096)"
[116   4],290,116,4,290,33.407999999999994,3.935079819301123,4.579187861615182,1595.3316468522892,5326.341738668925,0.35259742570918107,9.744,5.395433077778378,409.8923510938799,"ScoreBreakdown(accel=91.69422991893049, skidpad=75.0, autocross=44.18624261556477, endurance=161.18747965155177, efficiency=37.82439890783284)"
[116   4],295,116,4,295,33.407999999999994,3.9633417441227863,4.61836203910029,1590.3237800446477,5341.411678295163,0.3508074121541934,9.744,5.40940149780383,411.0674638333321,"ScoreBreakdown(accel=89.7104735538761, skidpad=75.0, autocross=45.13414137791769, endurance=163.36575116386834, efficiency=37.85709773766998)"
[116   4],300,116,4,300,33.407999999999994,3.9915058253446176,4.65720733660217,1595.8857971656614,5354.188259412247,0.3492096088859763,9.744,5.421762381780709,405.04593734689377,"ScoreBreakdown(accel=87.76153133710751, skidpad=75.0, autocross=44.08171753448468, endurance=160.94728099798016, efficiency=37.25540747732147)"
[120   4],200,120,4,200,34.559999999999995,3.6263688434969197,4.496213348185748,1496.2077360410203,5229.607282166868,0.3880587690068079,10.08,5.308595874779666,492.78863425668334,"ScoreBreakdown(accel=100.0, skidpad=75.0, autocross=64.12881935812113, endurance=207.01552429702193, efficiency=46.644290601540256)"
[120   4],205,120,4,205,34.559999999999995,3.6441452916822072,4.376067036852291,1504.6660500809396,5246.810905207326,0.385658542183744,10.08,5.326561210669287,485.84869115295146,"ScoreBreakdown(accel=100.0, skidpad=75.0, autocross=62.32456606068891, endurance=202.8693499217711, efficiency=45.654775170491455)"
[120   4],210,120,4,210,34.559999999999995,3.6511095024580413,4.4288669578696584,1500.7006951621681,5261.852362135575,0.38388855857180976,10.08,5.340479652859103,488.6052559340274,"ScoreBreakdown(accel=100.0, skidpad=75.0, autocross=63.16788835027451, endurance=204.80730468241015, efficiency=45.63006290134278)"
[120   4],215,120,4,215,34.559999999999995,3.637075262504169,4.481046804910079,1506.5184299737384,5270.836377323026,0.3826205960135085,10.08,5.3500730091798765,483.9159968356654,"ScoreBreakdown(accel=100.0, skidpad=75.0, autocross=61.93213695812842, endurance=201.96754777932549, efficiency=45.01631209821155)"
[120   4],220,120,4,220,34.559999999999995,3.6619219016776015,4.532621511412529,1515.0822155925425,5286.6839947068565,0.38067826886187456,10.08,5.366083796538387,477.0259925593146,"ScoreBreakdown(accel=100.0, skidpad=75.0, autocross=60.13036070984366, endurance=197.82706566342418, efficiency=44.0685661860468)"
[120   4],225,120,4,225,34.559999999999995,3.6815379399303936,4.422192708426152,1522.7842320051905,5305.398717861526,0.3782354138441582,10.08,5.384646025150749,470.8063578442291,"ScoreBreakdown(accel=100.0, skidpad=75.0, autocross=58.52720543516663, endurance=194.14301457765157, efficiency=43.13613783141097)"
[120   4],230,120,4,230,34.559999999999995,3.692103880388501,4.470852429020283,1519.1983969770818,5319.762479076363,0.3765727284632033,10.08,5.397770714290629,473.22391331613716,"ScoreBreakdown(accel=100.0, skidpad=75.0, autocross=59.271565663988326, endurance=195.85355450632366, efficiency=43.098793145825155)"
[120   4],235,120,4,235,34.559999999999995,3.680992183321891,4.518984356243578,1525.0352506248262,5335.500590681587,0.37454364307849336,10.08,5.413708850225366,468.5040617528815,"ScoreBreakdown(accel=100.0, skidpad=75.0, autocross=58.061719509923066, endurance=193.07332784462378, efficiency=42.36901439833471)"
[120   4],240,120,4,240,34.559999999999995,3.707720844568186,4.56660959939957,1534.0429581616318,5347.4399684367445,0.3730405933495,10.08,5.425627509547798,461.5391083516804,"ScoreBreakdown(accel=100.0, skidpad=75.0, autocross=56.2126953181897, endurance=188.8242699468805, efficiency=41.502143086610204)"
[120   4],245,120,4,245,34.559999999999995,3.7300323602843406,4.464215027810155,1540.8582874471858,5362.356131888635,0.37107234131335187,10.08,5.440530423308176,456.2082981861195,"ScoreBreakdown(accel=100.0, skidpad=75.0, autocross=54.8280697597097, endurance=185.64240018499206, efficiency=40.73782824141774)"
[120   4],250,120,4,250,34.559999999999995,3.744515743492414,4.509360168975846,1537.62914581869,5380.72283965305,0.3690156010636886,10.08,5.457008643244944,458.2275654223702,"ScoreBreakdown(accel=100.0, skidpad=75.0, autocross=55.48258311454553, endurance=187.14647198241755, efficiency=40.5985103254072)"
[120   4],255,120,4,255,34.559999999999995,3.736249422103384,4.554058482861819,1548.2430047796229,5394.010452144701,0.3673288726458347,10.08,5.47054702610762,450.1862763932843,"ScoreBreakdown(accel=100.0, skidpad=75.0, autocross=53.341525749391025, endurance=182.226321803959, efficiency=39.618428839934246)"
[120   4],260,120,4,260,34.559999999999995,3.7685683556247653,4.5983204147764525,1555.0790659685808,5412.299147324533,0.3651109429985307,10.08,5.488581111270989,444.87936833505125,"ScoreBreakdown(accel=100.0, skidpad=75.0, autocross=51.97801030997175, endurance=179.09296309915575, efficiency=38.808394925923736)"
[120   4],265,120,4,265,34.559999999999995,3.800431217339053,4.642160207225828,1559.145259384362,5427.844843908613,0.3632625136341336,10.08,5.503495056784783,441.65728150841903,"ScoreBreakdown(accel=100.0, skidpad=75.0, autocross=51.172641698751576, endurance=177.24222589766376, efficiency=38.242413912003734)"
[120   4],270,120,4,270,34.559999999999995,3.82946872142071,4.545210326813304,1571.5594531143445,5443.601521707307,0.36124396415189763,10.08,5.519093706531342,431.8900917950947,"ScoreBreakdown(accel=99.36641637168582, skidpad=75.0, autocross=48.739615168025516, endurance=171.65113052853886, efficiency=37.13292972684454)"
[120   4],275,120,4,275,34.559999999999995,3.8508227503561585,4.586949823898507,1566.7971705144012,5453.787552599707,0.3601590561934776,10.08,5.527844094091826,433.48684552502857,"ScoreBreakdown(accel=97.7811967647046, skidpad=75.0, autocross=49.6684046521064, endurance=173.7854889162325, efficiency=37.25175519198509)"
[120   4],280,120,4,280,34.559999999999995,3.8782795667071923,4.628315144971793,1572.3402644427347,5464.808157037723,0.3588086100032113,10.08,5.538755252947457,427.34598190694624,"ScoreBreakdown(accel=95.76858873133177, skidpad=75.0, autocross=48.58787013850808, endurance=171.30242042566542, efficiency=36.68710261144098)"
[120   4],285,120,4,285,34.559999999999995,3.906724326227902,4.669313121469187,1576.5274060715574,5473.906565916283,0.3577485071803832,10.08,5.547072669973725,422.1779037833159,"ScoreBreakdown(accel=93.71339838354871, skidpad=75.0, autocross=47.7766937324037, endurance=169.43833691057125, efficiency=36.249474756792246)"
[120   4],290,120,4,290,34.559999999999995,3.935079819301123,4.579187861615182,1588.15669420239,5486.16950535866,0.3560793029096121,10.08,5.56011581068342,411.8387014732662,"ScoreBreakdown(accel=91.69422991893049, skidpad=75.0, autocross=45.54618474974485, endurance=164.31262690032568, efficiency=35.285659904265195)"
[120   4],295,120,4,295,34.559999999999995,3.9633417441227863,4.61836203910029,1583.2609490290931,5502.322698725627,0.3542267494387233,10.08,5.575079822533609,412.9533737097279,"ScoreBreakdown(accel=89.7104735538761, skidpad=75.0, autocross=46.48119995811399, endurance=166.46129200346118, efficiency=35.300408194276606)"
[120   4],300,120,4,300,34.559999999999995,3.9915058253446176,4.65720733660217,1588.7627752532737,5515.051975723587,0.3526376695124628,10.08,5.587853769904816,406.96363948160985,"ScoreBreakdown(accel=87.76153133710751, skidpad=75.0, autocross=45.43083304404022, endurance=164.04754866158018, efficiency=34.72372643888196)"
[124   4],200,124,4,200,35.711999999999996,3.6263688434969197,4.496213348185748,1489.8995602974533,5371.811886723503,0.39237248592457796,10.416,5.4550531501434225,494.7803767025098,"ScoreBreakdown(accel=100.0, skidpad=75.0, autocross=65.48776040365507, endurance=210.1383710439219, efficiency=44.1542452549328)"
[124   4],205,124,4,205,35.711999999999996,3.6441452916822072,4.376067036852291,1498.3823908969064,5390.527609514373,0.38992705367344727,10.416,5.474155460336293,487.76965537699766,"ScoreBreakdown(accel=100.0, skidpad=75.0, autocross=63.66299574183563, endurance=205.94506154992408, efficiency=43.16159808523801)"
[124   4],210,124,4,210,35.711999999999996,3.6511095024580413,4.4288669578696584,1494.5508179597161,5406.333421762146,0.38808926755627243,10.416,5.489166256484553,490.43982428682966,"ScoreBreakdown(accel=100.0, skidpad=75.0, autocross=64.48465068069527, endurance=207.83322473501914, efficiency=43.12194887111528)"
[124   4],215,124,4,215,35.711999999999996,3.637075262504169,4.481046804910079,1500.11870587331,5415.67343468166,0.3868032012351571,10.416,5.4993415680881,485.9207743661861,"ScoreBreakdown(accel=100.0, skidpad=75.0, autocross=63.29203671447547, endurance=205.0925976438318, efficiency=42.53614000787885)"
[124   4],220,124,4,220,35.711999999999996,3.6619219016776015,4.532621511412529,1508.6174842523233,5431.955995548891,0.3848354443765528,10.416,5.516133702694362,479.0487815663858,"ScoreBreakdown(accel=100.0, skidpad=75.0, autocross=61.48861430824218, endurance=200.94833265669328, efficiency=41.611834601450305)"
[124   4],225,124,4,225,35.711999999999996,3.6815379399303936,4.422192708426152,1516.3662490744377,5451.370055997939,0.38240392105349474,10.416,5.53534405580437,472.7635813845436,"ScoreBreakdown(accel=100.0, skidpad=75.0, autocross=59.861961175136884, endurance=197.2102834883747, efficiency=40.691336721032016)"
[124   4],230,124,4,230,35.711999999999996,3.692103880388501,4.470852429020283,1512.9328281063574,5467.252597432453,0.3806857446144154,10.416,5.549425483272647,475.06613319965834,"ScoreBreakdown(accel=100.0, skidpad=75.0, autocross=60.580663449591896, endurance=198.86186143367806, efficiency=40.62360831638843)"
[124   4],235,124,4,235,35.711999999999996,3.680992183321891,4.518984356243578,1518.564970237031,5484.274773666155,0.37862418477120424,10.416,5.5662259862640235,470.46682120727155,"ScoreBreakdown(accel=100.0, skidpad=75.0, autocross=59.40341994721643, endurance=196.15655567094146, efficiency=39.90684558911366)"
[124   4],240,124,4,240,35.711999999999996,3.707720844568186,4.56660959939957,1527.5745295244096,5496.621649420458,0.37709197447037796,10.416,5.578848070437798,463.46447942293037,"ScoreBreakdown(accel=100.0, skidpad=75.0, autocross=57.53827116235401, endurance=191.87044345552658, efficiency=39.05576480504974)"
[124   4],245,124,4,245,35.711999999999996,3.7300323602843406,4.464215027810155,1534.3730284403741,5511.747817847624,0.37515375243826565,10.416,5.594086071916997,458.1269726051552,"ScoreBreakdown(accel=100.0, skidpad=75.0, autocross=56.14535368221135, endurance=188.66951885628905, efficiency=38.31210006665483)"
[124   4],250,124,4,250,35.711999999999996,3.744515743492414,4.509360168975846,1531.232124422201,5531.9079083517,0.37302504850978413,10.416,5.611775336387048,460.0792740390632,"ScoreBreakdown(accel=100.0, skidpad=75.0, autocross=56.787343880804315, endurance=190.14481243860175, efficiency=38.1471177196571)"
[124   4],255,124,4,255,35.711999999999996,3.736249422103384,4.554058482861819,1541.8764998759466,5545.110102190592,0.371410831223278,10.416,5.625252377038251,451.9850360821647,"ScoreBreakdown(accel=100.0, skidpad=75.0, autocross=54.622257222700455, endurance=185.16944294098008, efficiency=37.1933359184842)"
[124   4],260,124,4,260,35.711999999999996,3.7685683556247653,4.5983204147764525,1548.6370222326877,5563.582728954691,0.3691818738831831,10.416,5.644019512554851,446.718769071318,"ScoreBreakdown(accel=100.0, skidpad=75.0, autocross=53.262608413549295, endurance=182.0449697531711, efficiency=36.41119090459757)"
[124   4],265,124,4,265,35.711999999999996,3.800431217339053,4.642160207225828,1552.6829303376617,5580.177872335476,0.3673085438705623,10.416,5.65967207755199,443.490128048145,"ScoreBreakdown(accel=100.0, skidpad=75.0, autocross=52.454575002786925, endurance=180.18810884189136, efficiency=35.847444203466715)"
[124   4],270,124,4,270,35.711999999999996,3.82946872142071,4.545210326813304,1565.086843615448,5596.01501437934,0.36533269073178354,10.416,5.675525121081171,433.6925304312063,"ScoreBreakdown(accel=99.36641637168582, skidpad=75.0, autocross=50.003349750642506, endurance=174.55519280794368, efficiency=34.76757150093425)"
[124   4],275,124,4,275,35.711999999999996,3.8508227503561585,4.586949823898507,1560.428949105236,5607.379878516987,0.36425173841255126,10.416,5.684579441447113,435.22275665484517,"ScoreBreakdown(accel=97.7811967647046, skidpad=75.0, autocross=50.91926002165361, endurance=176.65995476187777, efficiency=34.86234510660919)"
[124   4],280,124,4,280,35.711999999999996,3.8782795667071923,4.628315144971793,1565.9048546896163,5618.289230798957,0.36293644486978943,10.416,5.695607802328073,429.1196798829518,"ScoreBreakdown(accel=95.76858873133177, skidpad=75.0, autocross=49.84306172038824, endurance=174.18685088796755, efficiency=34.32117854326427)"
[124   4],285,124,4,285,35.711999999999996,3.906724326227902,4.669313121469187,1570.088464125211,5627.699762065879,0.36187331052072264,10.416,5.704245850777979,423.94022505051976,"ScoreBreakdown(accel=93.71339838354871, skidpad=75.0, autocross=49.025901229539286, endurance=172.30901594514242, efficiency=33.89190949228932)"
[124   4],290,124,4,290,35.711999999999996,3.935079819301123,4.579187861615182,1581.7025083791148,5639.910271943568,0.3602696815596591,10.416,5.7172624523390345,413.5778156205923,"ScoreBreakdown(accel=91.69422991893049, skidpad=75.0, autocross=46.78005369066261, endurance=167.14805793017695, efficiency=32.95547408082222)"
[124   4],295,124,4,295,35.711999999999996,3.9633417441227863,4.61836203910029,1576.9113864097158,5657.009907259161,0.3584035676685194,10.416,5.7328824503694245,414.6369788642256,"ScoreBreakdown(accel=89.7104735538761, skidpad=75.0, autocross=47.70252072420098, endurance=169.26788732548079, efficiency=32.95609726066779)"
[124   4],300,124,4,300,35.711999999999996,3.9915058253446176,4.65720733660217,1582.3383940213469,5670.316732005467,0.35681049659859415,10.416,5.746131370177528,408.679649913612,"ScoreBreakdown(accel=87.76153133710751, skidpad=75.0, autocross=46.658042245874604, endurance=166.86767560991896, efficiency=32.392400720710974)"
[128   4],200,128,4,200,36.864,3.6263688434969197,4.496213348185748,1484.3124843595097,5511.461627618163,0.3967224432040946,10.752,5.598549194150712,496.4214517866418,"ScoreBreakdown(accel=100.0, skidpad=75.0, autocross=66.70100387232183, endurance=212.92640473513652, efficiency=41.79404317918338)"
[128   4],205,128,4,205,36.864,3.6441452916822072,4.376067036852291,1492.7978565359554,5531.33176387718,0.3941927627655124,10.752,5.619115010076308,489.3699946812629,"ScoreBreakdown(accel=100.0, skidpad=75.0, autocross=64.86196769536738, endurance=208.70029929700348, efficiency=40.80772768889203)"
[128   4],210,128,4,210,36.864,3.6511095024580413,4.4288669578696584,1489.0963030996934,5548.52175469774,0.39227391273517925,10.752,5.635435828665457,491.9418168293797,"ScoreBreakdown(accel=100.0, skidpad=75.0, autocross=65.66162876797458, endurance=210.53792057382097, efficiency=40.74226748758419)"
[128   4],215,128,4,215,36.864,3.637075262504169,4.481046804910079,1494.4335581170117,5558.132157606647,0.3909773813416679,10.752,5.646116232191921,487.58470482019453,"ScoreBreakdown(accel=100.0, skidpad=75.0, autocross=64.509862705719, endurance=207.89116197268436, efficiency=40.18368014179119)"
[128   4],220,128,4,220,36.864,3.6619219016776015,4.532621511412529,1502.8615160950044,5574.5147150070625,0.3890000532102406,10.752,5.663573073085754,480.7462261040522,"ScoreBreakdown(accel=100.0, skidpad=75.0, autocross=62.707789178832655, endurance=203.74999671050787, efficiency=39.2884402147117)"
[128   4],225,128,4,225,36.864,3.6815379399303936,4.422192708426152,1510.6227892674221,5594.608942638716,0.3865554479105136,10.752,5.683669172740334,474.42536340738013,"ScoreBreakdown(accel=100.0, skidpad=75.0, autocross=61.066051771415, endurance=199.97728387733005, efficiency=38.38202775863509)"
[128   4],230,128,4,230,36.864,3.692103880388501,4.470852429020283,1507.34595432677,5611.468297197138,0.3847827808904334,10.752,5.698736778737846,476.61822032917803,"ScoreBreakdown(accel=100.0, skidpad=75.0, autocross=61.757136528522686, endurance=201.56539676321145, efficiency=38.295687037443884)"
[128   4],235,128,4,235,36.864,3.680992183321891,4.518984356243578,1512.7389994929695,5629.6573547837015,0.38268858126428434,10.752,5.716449990418714,472.17313010282237,"ScoreBreakdown(accel=100.0, skidpad=75.0, autocross=60.621333991494424, endurance=198.9553223456817, efficiency=37.59647376564624)"
[128   4],240,128,4,240,36.864,3.707720844568186,4.56660959939957,1521.7292099744388,5642.364586649642,0.3811352927778413,10.752,5.729721449074457,465.1538664611662,"ScoreBreakdown(accel=100.0, skidpad=75.0, autocross=58.74584638248479, endurance=194.64545151067045, efficiency=36.762568568010956)"
[128   4],245,128,4,245,36.864,3.7300323602843406,4.464215027810155,1528.522269548633,5657.4367265649,0.37927625277802446,10.752,5.744851117947181,459.8079435841874,"ScoreBreakdown(accel=100.0, skidpad=75.0, autocross=57.343349205379205, endurance=191.42251276623125, efficiency=36.042081612576965)"
[128   4],250,128,4,250,36.864,3.744515743492414,4.509360168975846,1525.48160394963,5678.237799385534,0.3771785663717471,10.752,5.7629605274034725,461.70417047892,"ScoreBreakdown(accel=100.0, skidpad=75.0, autocross=57.969581752616115, endurance=192.8615952631272, efficiency=35.87299346317666)"
[128   4],255,128,4,255,36.864,3.736249422103384,4.554058482861819,1536.1334482092436,5691.753119450838,0.37560187760050345,10.752,5.776586200716762,453.5698008166408,"ScoreBreakdown(accel=100.0, skidpad=75.0, autocross=55.78667789886763, endurance=187.8452818469738, efficiency=34.93784107079937)"
[128   4],260,128,4,260,36.864,3.7685683556247653,4.5983204147764525,1542.8065701463463,5710.420199342311,0.37341600868511593,10.752,5.795648086574568,448.3545550972164,"ScoreBreakdown(accel=100.0, skidpad=75.0, autocross=54.43449837403383, endurance=184.7379730757588, efficiency=34.18208364742379)"
[128   4],265,128,4,265,36.864,3.800431217339053,4.642160207225828,1546.8318079104479,5727.622486641207,0.3715656188438394,10.752,5.8116917241396076,445.1293030646551,"ScoreBreakdown(accel=100.0, skidpad=75.0, autocross=53.62450272710503, endurance=182.8766029454447, efficiency=33.62819739210542)"
[128   4],270,128,4,270,36.864,3.82946872142071,4.545210326813304,1559.2102702205273,5744.231981627295,0.36963327975198773,10.752,5.827758783831512,435.30374843418605,"ScoreBreakdown(accel=99.36641637168582, skidpad=75.0, autocross=51.15979947576011, endurance=177.21271446711003, efficiency=32.56481811963004)"
[128   4],275,128,4,275,36.864,3.8508227503561585,4.586949823898507,1554.6703449553054,5756.052875640466,0.36853680757096474,10.752,5.837278503849841,436.76849633743427,"ScoreBreakdown(accel=97.7811967647046, skidpad=75.0, autocross=52.0591964506185, endurance=179.27952886375996, efficiency=32.64857425835122)"
[128   4],280,128,4,280,36.864,3.8782795667071923,4.628315144971793,1560.0421678054693,5767.776486669966,0.36722919233749485,10.752,5.848638594379548,430.7152668968118,"ScoreBreakdown(accel=95.76858873133177, skidpad=75.0, autocross=50.99556113102162, endurance=176.83529472379715, efficiency=32.11582231066124)"
[128   4],285,128,4,285,36.864,3.906724326227902,4.669313121469187,1564.1982151250434,5778.0025760313965,0.3661828066316074,10.752,5.857470219500179,425.53423912005894,"ScoreBreakdown(accel=93.71339838354871, skidpad=75.0, autocross=50.17766513845797, endurance=174.95576959791035, efficiency=31.687406000141866)"
[128   4],290,128,4,290,36.864,3.935079819301123,4.579187861615182,1575.7724223326838,5790.767481025963,0.3645353286108038,10.752,5.871320744981236,415.15848908067494,"ScoreBreakdown(accel=91.69422991893049, skidpad=75.0, autocross=47.92263842205122, endurance=169.77371783146614, efficiency=30.767902908227086)"
[128   4],295,128,4,295,36.864,3.9633417441227863,4.61836203910029,1571.0898837343302,5808.428051444944,0.362682772896257,10.752,5.887393665687206,416.1637244630361,"ScoreBreakdown(accel=89.7104735538761, skidpad=75.0, autocross=48.83094520678559, endurance=171.86100697268134, efficiency=30.761298729693024)"
[128   4],300,128,4,300,36.864,3.9915058253446176,4.65720733660217,1576.4190755235536,5822.6986150451285,0.36110990313502106,10.752,5.900929531568831,410.2506360549,"ScoreBreakdown(accel=87.76153133710751, skidpad=75.0, autocross=47.797626345864074, endurance=169.48644005975763, efficiency=30.205038312170778)"
[132   4],200,132,4,200,38.016,3.6263688434969197,4.496213348185748,1479.3684783207145,5646.8826838786545,0.40124136152156653,11.088,5.737946853056281,497.77952068992636,"ScoreBreakdown(accel=100.0, skidpad=75.0, autocross=67.78224613234212, endurance=215.41109962709817, efficiency=39.58617493048608)"
[132   4],205,132,4,205,38.016,3.6441452916822072,4.376067036852291,1487.8635935139685,5668.622020674861,0.39862748714930585,11.088,5.760045064962634,490.67321180030086,"ScoreBreakdown(accel=100.0, skidpad=75.0, autocross=65.92881900830531, endurance=211.15192379019467, efficiency=38.592469001800914)"
[132   4],210,132,4,210,38.016,3.6511095024580413,4.4288669578696584,1484.2538050142393,5686.410330117032,0.3966241042142695,11.088,5.777726301078869,493.1893223990045,"ScoreBreakdown(accel=100.0, skidpad=75.0, autocross=66.71379466525462, endurance=212.95579797940704, efficiency=38.51972975434284)"
[132   4],215,132,4,215,38.016,3.637075262504169,4.481046804910079,1489.3815149938762,5697.401891802131,0.3952776803409873,11.088,5.7892733070369395,488.9614403834285,"ScoreBreakdown(accel=100.0, skidpad=75.0, autocross=65.59987199304528, endurance=210.39600349484198, efficiency=37.965564895541256)"
[132   4],220,132,4,220,38.016,3.6619219016776015,4.532621511412529,1497.6520443354873,5714.729207138957,0.39332097572057956,11.088,5.807156674840709,482.2120055822672,"ScoreBreakdown(accel=100.0, skidpad=75.0, autocross=63.81928931668349, endurance=206.30422421071734, efficiency=37.08849205486632)"
[132   4],225,132,4,225,38.016,3.6815379399303936,4.422192708426152,1505.4260890188434,5736.4719938138,0.3908309833164403,11.088,5.828396445845221,475.8409655033561,"ScoreBreakdown(accel=100.0, skidpad=75.0, autocross=62.163433984761404, endurance=202.4990683846984, efficiency=36.178463133896244)"
[132   4],230,132,4,230,38.016,3.692103880388501,4.470852429020283,1502.2886367806675,5754.669291278968,0.3889651809628582,11.088,5.844851092118921,477.9290680856108,"ScoreBreakdown(accel=100.0, skidpad=75.0, autocross=62.82964225998191, endurance=204.03001511109784, efficiency=36.06941071453112)"
[132   4],235,132,4,235,38.016,3.680992183321891,4.518984356243578,1507.4625922698958,5772.715867860897,0.3868736095710214,11.088,5.863163234513833,473.65041699587493,"ScoreBreakdown(accel=100.0, skidpad=75.0, autocross=61.732486008307575, endurance=201.50874986368922, efficiency=35.40918112387814)"
[132   4],240,132,4,240,38.016,3.707720844568186,4.56660959939957,1516.4456777250634,5786.602472591461,0.3852618423794803,11.088,5.877423307274996,466.59433962496075,"ScoreBreakdown(accel=100.0, skidpad=75.0, autocross=59.84537325492855, endurance=197.17216444499857, efficiency=34.57680192503364)"
[132   4],245,132,4,245,38.016,3.7300323602843406,4.464215027810155,1523.1650299371886,5802.310615136121,0.38341445301943666,11.088,5.8930059340519785,461.28101060934716,"ScoreBreakdown(accel=100.0, skidpad=75.0, autocross=58.44836391856371, endurance=193.96183675948697, efficiency=33.87080993129648)"
[132   4],250,132,4,250,38.016,3.744515743492414,4.509360168975846,1520.2680743503015,5824.014449802943,0.3812422272460999,11.088,5.912420264690909,463.08208469338445,"ScoreBreakdown(accel=100.0, skidpad=75.0, autocross=59.04915077300547, endurance=195.34244505014047, efficiency=33.690488870238454)"
[132   4],255,132,4,255,38.016,3.736249422103384,4.554058482861819,1530.908595161938,5838.33591858374,0.37963735408352056,11.088,5.926786011197437,454.9170886948585,"ScoreBreakdown(accel=100.0, skidpad=75.0, autocross=56.8536218192932, endurance=190.29711915218695, efficiency=32.76634772337831)"
[132   4],260,132,4,260,38.016,3.7685683556247653,4.5983204147764525,1537.4098353522804,5858.245037131245,0.3774440100763483,11.088,5.946552972831064,449.7998496746899,"ScoreBreakdown(accel=100.0, skidpad=75.0, autocross=55.5271347674154, endurance=187.2488516880647, efficiency=32.02386321920985)"
[132   4],265,132,4,265,38.016,3.800431217339053,4.642160207225828,1541.4035906391682,5876.293398271824,0.37558408558237827,11.088,5.963213008914764,446.58342442454114,"ScoreBreakdown(accel=100.0, skidpad=75.0, autocross=54.717813134542595, endurance=185.38903044216258, efficiency=31.476580847835972)"
[132   4],270,132,4,270,38.016,3.82946872142071,4.545210326813304,1553.7852071042894,5892.517865324834,0.37366763661628394,11.088,5.979702568922597,436.73226169477215,"ScoreBreakdown(accel=99.36641637168582, skidpad=75.0, autocross=52.235161872838866, endurance=179.6838974330615, efficiency=30.446786017185936)"
[132   4],275,132,4,275,38.016,3.8508227503561585,4.586949823898507,1549.3537199151363,5904.761341432772,0.37253916450440755,11.088,5.989863687263456,438.13682408961125,"ScoreBreakdown(accel=97.7811967647046, skidpad=75.0, autocross=53.1191647054212, endurance=181.7153360882206, efficiency=30.521126531264866)"
[132   4],280,132,4,280,38.016,3.8782795667071923,4.628315144971793,1554.624979253961,5917.020299983892,0.3712280547881757,11.088,6.001630144948742,432.13833815801735,"ScoreBreakdown(accel=95.76858873133177, skidpad=75.0, autocross=52.06821028124692, endurance=179.30024264803149, efficiency=30.00129649740718)"
[132   4],285,132,4,285,38.016,3.906724326227902,4.669313121469187,1558.79099067129,5927.555593348877,0.37016072404535144,11.088,6.010926921995284,426.9391736088154,"ScoreBreakdown(accel=93.71339838354871, skidpad=75.0, autocross=51.24264266812211, endurance=177.40308813682933, efficiency=29.580044420315268)"
[132   4],290,132,4,290,38.016,3.935079819301123,4.579187861615182,1570.3570972039463,5940.959411844732,0.3685285057276282,11.088,6.025099042893952,416.5304697707578,"ScoreBreakdown(accel=91.69422991893049, skidpad=75.0, autocross=48.973579430894596, endurance=172.18878044322236, efficiency=28.67387997771038)"
[132   4],295,132,4,295,38.016,3.9633417441227863,4.61836203910029,1565.7629764453159,5959.401498820314,0.3666484515905068,11.088,6.041987744812207,417.4900673757829,"ScoreBreakdown(accel=89.7104735538761, skidpad=75.0, autocross=49.87085054229377, endurance=174.25070960529223, efficiency=28.658033674320777)"
[132   4],300,132,4,300,38.016,3.9915058253446176,4.65720733660217,1571.0018588975684,5973.592830386876,0.36507831665719326,11.088,6.055974752083723,411.63525847651243,"ScoreBreakdown(accel=87.76153133710751, skidpad=75.0, autocross=48.84807188812587, endurance=171.90036408922774, efficiency=28.12529116205133)"
[136   4],200,136,4,200,39.168,3.6263688434969197,4.496213348185748,1474.830028560868,5779.7601877357965,0.40567957263779897,11.424,5.875353666373903,498.988683539195,"ScoreBreakdown(accel=100.0, skidpad=75.0, autocross=68.78117581924718, endurance=217.70664021245693, efficiency=37.50086750749088)"
[136   4],205,136,4,205,39.168,3.6441452916822072,4.376067036852291,1483.363448756188,5802.112457148211,0.40304466151234475,11.424,5.898462963945843,491.8309253342282,"ScoreBreakdown(accel=100.0, skidpad=75.0, autocross=66.90799670685789, endurance=213.4020743030599, efficiency=36.52085432431038)"
[136   4],210,136,4,210,39.168,3.6511095024580413,4.4288669578696584,1479.821821336477,5822.342392571485,0.40099529658884236,11.424,5.9172224338674235,494.2758696954192,"ScoreBreakdown(accel=100.0, skidpad=75.0, autocross=67.68280023714277, endurance=215.18257294351855, efficiency=36.41049651475788)"
[136   4],215,136,4,215,39.168,3.637075262504169,4.481046804910079,1484.8593885099071,5833.813758053503,0.3996320728727868,11.424,5.929349400925688,490.10338039746466,"ScoreBreakdown(accel=100.0, skidpad=75.0, autocross=66.58183954391261, endurance=212.6525650887868, efficiency=35.86897576476527)"
[136   4],220,136,4,220,39.168,3.6619219016776015,4.532621511412529,1493.0107539499095,5851.197734387458,0.3976945742776741,11.424,5.947645030226542,483.43317617487287,"ScoreBreakdown(accel=100.0, skidpad=75.0, autocross=64.8160952209133, endurance=208.5948843431379, efficiency=35.02219661082166)"
[136   4],225,136,4,225,39.168,3.6815379399303936,4.422192708426152,1500.7960737544593,5873.782580827264,0.39516551155468854,11.424,5.970015568017856,477.0309860275789,"ScoreBreakdown(accel=100.0, skidpad=75.0, autocross=63.14755163258888, endurance=204.76057090181257, efficiency=34.12286349317741)"
[136   4],230,136,4,230,39.168,3.692103880388501,4.470852429020283,1497.763372802578,5893.024829622872,0.39325908702818646,11.424,5.987397073053969,479.04445461538154,"ScoreBreakdown(accel=100.0, skidpad=75.0, autocross=63.79545526813055, endurance=206.24945356320936, efficiency=33.99954578404165)"
[136   4],235,136,4,235,39.168,3.680992183321891,4.518984356243578,1502.7393036319827,5912.81004771182,0.3911287923294088,11.424,6.006744887471216,474.8866185374091,"ScoreBreakdown(accel=100.0, skidpad=75.0, autocross=62.73377632612063, endurance=203.80971517926423, efficiency=33.34312703202428)"
[136   4],240,136,4,240,39.168,3.707720844568186,4.56660959939957,1511.6866987257224,5927.636700750921,0.3895143519255759,11.424,6.021548011324967,467.823962781631,"ScoreBreakdown(accel=100.0, skidpad=75.0, autocross=60.84231747323941, endurance=199.46314242320017, efficiency=32.51850288519142)"
[136   4],245,136,4,245,39.168,3.7300323602843406,4.464215027810155,1518.2961172091668,5943.6215141415605,0.38773521434139663,11.424,6.037061816893023,462.5791728590342,"ScoreBreakdown(accel=100.0, skidpad=75.0, autocross=59.45941772503971, endurance=196.28523857362055, efficiency=31.834516560373903)"
[136   4],250,136,4,250,39.168,3.744515743492414,4.509360168975846,1515.560013107206,5967.178807646683,0.38545259381178887,11.424,6.058157401279784,464.2547364042033,"ScoreBreakdown(accel=100.0, skidpad=75.0, autocross=60.03043430380057, endurance=197.59743476584657, efficiency=31.62686733455616)"
[136   4],255,136,4,255,39.168,3.736249422103384,4.554058482861819,1526.1775763891426,5982.247398160525,0.3838049599063124,11.424,6.07337688524991,456.0728893856722,"ScoreBreakdown(accel=100.0, skidpad=75.0, autocross=57.82602430807786, endurance=192.53170023188733, efficiency=30.715164845707037)"
[136   4],260,136,4,260,39.168,3.7685683556247653,4.5983204147764525,1532.5239517857142,6003.397468422481,0.3815789652713694,11.424,6.094094880999409,451.0450713602081,"ScoreBreakdown(accel=100.0, skidpad=75.0, autocross=56.522980134895704, endurance=189.53730450687644, efficiency=29.98478671843598)"
[136   4],265,136,4,265,39.168,3.800431217339053,4.642160207225828,1536.4713185277305,6021.457597790532,0.37975489909668525,11.424,6.110974264043141,447.86315134998415,"ScoreBreakdown(accel=100.0, skidpad=75.0, autocross=55.71793270233402, endurance=187.68730537399475, efficiency=29.457913273655354)"
[136   4],270,136,4,270,39.168,3.82946872142071,4.545210326813304,1548.788097693816,6038.345831548359,0.37779855184242306,11.424,6.128382281574998,438.02141301759815,"ScoreBreakdown(accel=99.36641637168582, skidpad=75.0, autocross=53.232360319918385, endurance=181.97545962901555, efficiency=28.447176696978392)"
[136   4],275,136,4,275,39.168,3.8508227503561585,4.586949823898507,1544.5225562669493,6051.558673588132,0.37655452770797887,11.424,6.139918708931756,439.31366730381785,"ScoreBreakdown(accel=97.7811967647046, skidpad=75.0, autocross=54.0886754678984, endurance=183.9432719803891, efficiency=28.50052309082575)"
[136   4],280,136,4,280,39.168,3.8782795667071923,4.628315144971793,1549.6744632572656,6063.808279435469,0.37522584209064996,11.424,6.1522084252998095,433.3941970045395,"ScoreBreakdown(accel=95.76858873133177, skidpad=75.0, autocross=53.05501239312633, endurance=181.56791406398, efficiency=28.00268181610138)"
[136   4],285,136,4,285,39.168,3.906724326227902,4.669313121469187,1553.788082560658,6074.108763062454,0.37418042133533025,11.424,6.161618111521816,428.2307551408559,"ScoreBreakdown(accel=93.71339838354871, skidpad=75.0, autocross=52.23458990747061, endurance=179.68258305655078, efficiency=27.600183793285755)"
[136   4],290,136,4,290,39.168,3.935079819301123,4.579187861615182,1565.3370295637958,6088.035793211419,0.3725483571432091,11.424,6.176264480765035,417.8000210017502,"ScoreBreakdown(accel=91.69422991893049, skidpad=75.0, autocross=49.954308409962955, endurance=174.44249579896882, efficiency=26.708986873887994)"
[136   4],295,136,4,295,39.168,3.9633417441227863,4.61836203910029,1560.8904088720171,6107.676910199629,0.3705848296107001,11.424,6.194480073409729,418.66419911329325,"ScoreBreakdown(accel=89.7104735538761, skidpad=75.0, autocross=50.82827641438135, endurance=176.45087441735117, efficiency=26.67457472768462)"
[136   4],300,136,4,300,39.168,3.9915058253446176,4.65720733660217,1565.9542781206815,6122.720365549213,0.3689956545836833,11.424,6.209095161277919,412.91446879110237,"ScoreBreakdown(accel=87.76153133710751, skidpad=75.0, autocross=49.83338263851344, endurance=174.16460835622175, efficiency=26.154946459259627)"
[140   4],200,140,4,200,40.32,3.6263688434969197,4.496213348185748,1470.6869719956653,5912.448473036405,0.4097557117778092,11.76,6.013317623888829,500.00045344445635,"ScoreBreakdown(accel=100.0, skidpad=75.0, autocross=69.69846097615532, endurance=219.81456165440923, efficiency=35.487430813891784)"
[140   4],205,140,4,205,40.32,3.6441452916822072,4.376067036852291,1479.2451497925585,5935.578420708143,0.4071823623367888,11.76,6.036703798511843,492.80161964251255,"ScoreBreakdown(accel=100.0, skidpad=75.0, autocross=67.80931018027064, endurance=215.47329281370418, efficiency=34.51901664853771)"
[140   4],210,140,4,210,40.32,3.6511095024580413,4.4288669578696584,1475.7706271918219,5955.973783800213,0.40513051846401416,11.76,6.056196909442097,495.21535399190594,"ScoreBreakdown(accel=100.0, skidpad=75.0, autocross=68.57364183267474, endurance=217.22972707706455, efficiency=34.41198508216662)"
[140   4],215,140,4,215,40.32,3.637075262504169,4.481046804910079,1480.673005264396,5968.831614993649,0.4037682083708147,11.76,6.068777196465652,491.1208084191988,"ScoreBreakdown(accel=100.0, skidpad=75.0, autocross=67.49624796242477, endurance=214.75387578543027, efficiency=33.870684671343795)"
[140   4],220,140,4,220,40.32,3.6619219016776015,4.532621511412529,1488.7003114714048,5986.802534774163,0.4019196915486148,11.76,6.086839984930075,484.52680656922143,"ScoreBreakdown(accel=100.0, skidpad=75.0, autocross=65.74741185283949, endurance=210.73505011699717, efficiency=33.044344599384765)"
[140   4],225,140,4,225,40.32,3.6815379399303936,4.422192708426152,1496.5329980477381,6010.197769949188,0.3993709462263977,11.76,6.110157692566781,478.0679636181933,"ScoreBreakdown(accel=100.0, skidpad=75.0, autocross=64.05906025892244, endurance=206.8552178755512, efficiency=32.153685483719656)"
[140   4],230,140,4,230,40.32,3.692103880388501,4.470852429020283,1493.6018910920454,6030.011675878067,0.39740428496202107,11.76,6.128730372609208,480.0159315300461,"ScoreBreakdown(accel=100.0, skidpad=75.0, autocross=64.68879294237497, endurance=208.30234368604826, efficiency=32.02479490162289)"
[140   4],235,140,4,235,40.32,3.680992183321891,4.518984356243578,1498.4556286238662,6050.386151023225,0.3952487962433203,11.76,6.148981132520325,475.94279486048566,"ScoreBreakdown(accel=100.0, skidpad=75.0, autocross=63.64733133229819, endurance=205.9090647342219, efficiency=31.386398793965604)"
[140   4],240,140,4,240,40.32,3.707720844568186,4.56660959939957,1507.399518450862,6064.683867998242,0.3936555209315083,11.76,6.164071050854381,468.8757658039661,"ScoreBreakdown(accel=100.0, skidpad=75.0, autocross=61.745815694693704, endurance=201.5393814852043, efficiency=30.590568624068133)"
[140   4],245,140,4,245,40.32,3.7300323602843406,4.464215027810155,1513.9418801884844,6080.356397450448,0.39187913681300884,11.76,6.180110030476143,463.67858219965655,"ScoreBreakdown(accel=100.0, skidpad=75.0, autocross=60.36910496208238, endurance=198.37569999446814, efficiency=29.933777243106)"
[140   4],250,140,4,250,40.32,3.744515743492414,4.509360168975846,1511.3111086782699,6105.578989756281,0.3895288251230015,11.76,6.2025802265857015,465.2725658925713,"ScoreBreakdown(accel=100.0, skidpad=75.0, autocross=60.92126601803325, endurance=199.64456619216526, efficiency=29.70673368237284)"
[140   4],255,140,4,255,40.32,3.736249422103384,4.554058482861819,1521.8968940573982,6121.804160124097,0.3878297370031083,11.76,6.2187359507605215,457.0776027134883,"ScoreBreakdown(accel=100.0, skidpad=75.0, autocross=58.711075560914466, endurance=194.5655481569637, efficiency=28.80097899561014)"
[140   4],260,140,4,260,40.32,3.7685683556247653,4.5983204147764525,1528.1584569615818,6143.109688638731,0.3856404007949545,11.76,6.239776208896797,452.106965141075,"ScoreBreakdown(accel=100.0, skidpad=75.0, autocross=57.41814605065724, endurance=191.59439592902356, efficiency=28.094423161394214)"
[140   4],265,140,4,265,40.32,3.800431217339053,4.642160207225828,1532.017248875254,6162.145947014589,0.3838340348498001,11.76,6.257056561158742,448.9764827751991,"ScoreBreakdown(accel=100.0, skidpad=75.0, autocross=56.626620323126, endurance=189.77546967653308, efficiency=27.574392775539998)"
[140   4],270,140,4,270,40.32,3.82946872142071,4.545210326813304,1544.2914295595397,6180.20923019988,0.38184624533263656,11.76,6.275314191967946,439.12456640443355,"ScoreBreakdown(accel=99.36641637168582, skidpad=75.0, autocross=54.13520967690831, endurance=184.05020760037354, efficiency=26.572732755465903)"
[140   4],275,140,4,275,40.32,3.8508227503561585,4.586949823898507,1540.1359283951228,6194.418872041551,0.38056008350160153,11.76,6.287621115826416,440.3428420038014,"ScoreBreakdown(accel=97.7811967647046, skidpad=75.0, autocross=54.97424610138985, endurance=185.9783134422961, efficiency=26.609085695410883)"
[140   4],280,140,4,280,40.32,3.8782795667071923,4.628315144971793,1545.168313839871,6208.107188597482,0.3791838389460144,11.76,6.30073689280136,434.4826718779816,"ScoreBreakdown(accel=95.76858873133177, skidpad=75.0, autocross=53.95873477472406, endurance=183.64466824603076, efficiency=26.110680125894994)"
[140   4],285,140,4,285,40.32,3.906724326227902,4.669313121469187,1549.2256190731455,6218.951284157593,0.37816720378463337,11.76,6.310189773258652,429.3470622564639,"ScoreBreakdown(accel=93.71339838354871, skidpad=75.0, autocross=53.144793752273465, endurance=181.77423164211652, efficiency=25.714638478525234)"
[140   4],290,140,4,290,40.32,3.935079819301123,4.579187861615182,1560.6997644768735,6234.09349457568,0.37647455388077294,11.76,6.325846609735497,418.92861451880026,"ScoreBreakdown(accel=91.69422991893049, skidpad=75.0, autocross=50.86585824968001, endurance=176.53723748106964, efficiency=24.831288869120183)"
[140   4],295,140,4,295,40.32,3.9633417441227863,4.61836203910029,1556.3284448642216,6255.314531436548,0.3744911940687657,11.76,6.344843892399958,419.7419887566102,"ScoreBreakdown(accel=89.7104735538761, skidpad=75.0, autocross=51.73010481370221, endurance=178.52327622781715, efficiency=24.778134161214783)"
[140   4],300,140,4,300,40.32,3.9915058253446176,4.65720733660217,1561.2535636219204,6270.690339500543,0.3729095398163941,11.76,6.359859892383406,414.081461433107,"ScoreBreakdown(accel=87.76153133710751, skidpad=75.0, autocross=50.75671291083125, endurance=176.2864214743832, efficiency=24.276795710785077)"
[144   4],200,144,4,200,41.471999999999994,3.6263688434969197,4.496213348185748,1466.8545101577413,6047.784911719728,0.41313203187411135,12.096,6.155200927584807,500.82672452166423,"ScoreBreakdown(accel=100.0, skidpad=75.0, autocross=70.5515930570087, endurance=221.77505931700048, efficiency=33.50007214765505)"
[144   4],205,144,4,205,41.471999999999994,3.6441452916822072,4.376067036852291,1475.438428672083,6070.368697559679,0.41057428377857247,12.096,6.17928498577809,493.60993021519516,"ScoreBreakdown(accel=100.0, skidpad=75.0, autocross=68.64690799774277, endurance=217.39809273648177, efficiency=32.56492948097061)"
[144   4],210,144,4,210,41.471999999999994,3.6511095024580413,4.4288669578696584,1471.990298729362,6091.121449968032,0.40859503925960633,12.096,6.1987961800989195,496.02005430752564,"ScoreBreakdown(accel=100.0, skidpad=75.0, autocross=69.40934384182854, endurance=219.1501704320139, efficiency=32.46054003368317)"
[144   4],215,144,4,215,41.471999999999994,3.637075262504169,4.481046804910079,1476.7961873114623,6104.410066357338,0.40719976604845,12.096,6.212187015651896,491.99127493550196,"ScoreBreakdown(accel=100.0, skidpad=75.0, autocross=68.34766317749511, endurance=216.710428090169, efficiency=31.93318366783783)"
[144   4],220,144,4,220,41.471999999999994,3.6619219016776015,4.532621511412529,1484.7368457874322,6122.204823826918,0.40540636210906045,12.096,6.2303291488054935,485.4589051859541,"ScoreBreakdown(accel=100.0, skidpad=75.0, autocross=66.60853260799772, endurance=212.71390575445946, efficiency=31.13646682349693)"
[144   4],225,144,4,225,41.471999999999994,3.6815379399303936,4.422192708426152,1492.5831584425239,6146.916206405283,0.4028635888372192,12.096,6.254380180237243,478.96369691898127,"ScoreBreakdown(accel=100.0, skidpad=75.0, autocross=64.9082414104405, endurance=208.80663630187806, efficiency=30.24881920666272)"
[144   4],230,144,4,230,41.471999999999994,3.692103880388501,4.470852429020283,1489.7185894242466,6167.829772028352,0.4009423571685289,12.096,6.273171555776826,480.86399993633773,"ScoreBreakdown(accel=100.0, skidpad=75.0, autocross=65.52691593960716, endurance=210.2283504720012, efficiency=30.108733524729338)"
[144   4],235,144,4,235,41.471999999999994,3.680992183321891,4.518984356243578,1494.469353180736,6188.793804121434,0.39891314498517033,12.096,6.292933005359288,476.862427448442,"ScoreBreakdown(accel=100.0, skidpad=75.0, autocross=64.50216599373542, endurance=207.8734749272761, efficiency=29.48678652743054)"
[144   4],240,144,4,240,41.471999999999994,3.707720844568186,4.56660959939957,1503.390143844369,6203.610314613488,0.39734303889046235,12.096,6.308309482785902,469.7909756768288,"ScoreBreakdown(accel=100.0, skidpad=75.0, autocross=62.595430916331914, endurance=203.49179740473895, efficiency=28.703747355757965)"
[144   4],245,144,4,245,41.471999999999994,3.7300323602843406,4.464215027810155,1509.8448273885951,6219.668219868174,0.3955663779214926,12.096,6.324883447471257,464.64742959193984,"ScoreBreakdown(accel=100.0, skidpad=75.0, autocross=61.2298524471055, endurance=200.3536978570985, efficiency=28.063879287735865)"
[144   4],250,144,4,250,41.471999999999994,3.744515743492414,4.509360168975846,1507.3352330089665,6245.317315106471,0.3931543918061614,12.096,6.348692419864633,466.16656296634557,"ScoreBreakdown(accel=100.0, skidpad=75.0, autocross=61.75940258692938, endurance=201.57060416580416, efficiency=27.836556213612024)"
[144   4],255,144,4,255,41.471999999999994,3.736249422103384,4.554058482861819,1517.9130005104023,6262.116101299014,0.3914003160899496,12.096,6.365873411761423,457.9525115913021,"ScoreBreakdown(accel=100.0, skidpad=75.0, autocross=59.53924906885708, endurance=196.46869101488736, efficiency=26.94457150755766)"
[144   4],260,144,4,260,41.471999999999994,3.7685683556247653,4.5983204147764525,1524.0634253861479,6283.821062720381,0.389223292003873,12.096,6.387435082227648,453.056246462447,"ScoreBreakdown(accel=100.0, skidpad=75.0, autocross=58.26251362045062, endurance=193.5347527437526, efficiency=26.258980098243775)"
[144   4],265,144,4,265,41.471999999999994,3.800431217339053,4.642160207225828,1527.8823710016106,6303.014210098063,0.38744377315585293,12.096,6.405010066138881,449.9548033926598,"ScoreBreakdown(accel=100.0, skidpad=75.0, autocross=57.47493080254959, endurance=191.72488729824326, efficiency=25.75498529186697)"
[144   4],270,144,4,270,41.471999999999994,3.82946872142071,4.545210326813304,1540.093163273614,6322.543160297839,0.385420623928147,12.096,6.4241770440740416,440.10744282021847,"ScoreBreakdown(accel=99.36641637168582, skidpad=75.0, autocross=54.9829043367095, endurance=185.9982100684896, efficiency=24.75991204333357)"
[144   4],275,144,4,275,41.471999999999994,3.8508227503561585,4.586949823898507,1536.0183311874634,6338.480019846194,0.3840610584430459,12.096,6.437576516995979,441.26214506140644,"ScoreBreakdown(accel=97.7811967647046, skidpad=75.0, autocross=55.81010723165048, endurance=187.89912245757526, efficiency=24.771718607476096)"
[144   4],280,144,4,280,41.471999999999994,3.8782795667071923,4.628315144971793,1540.9708252166074,6352.26837302167,0.3826984073318714,12.096,6.450956217507509,435.45422839573195,"ScoreBreakdown(accel=95.76858873133177, skidpad=75.0, autocross=54.80530899192295, endurance=185.59009593686187, efficiency=24.290234735615364)"
[144   4],285,144,4,285,41.471999999999994,3.906724326227902,4.669313121469187,1544.985335495773,6363.120914751996,0.3817156085837555,12.096,6.460396883592258,430.34553653067434,"ScoreBreakdown(accel=93.71339838354871, skidpad=75.0, autocross=53.995543032171355, endurance=183.72925362771903, efficiency=23.907341487235225)"
[144   4],290,144,4,290,41.471999999999994,3.935079819301123,4.579187861615182,1556.4044445410211,6379.297433721736,0.3799546257853943,12.096,6.477166228091041,419.9314839520035,"ScoreBreakdown(accel=91.69422991893049, skidpad=75.0, autocross=51.715037572244825, endurance=178.48865170446155, efficiency=23.033564756366623)"
[144   4],295,144,4,295,41.471999999999994,3.9633417441227863,4.61836203910029,1552.110549061017,6401.47187197009,0.37793255008057247,12.096,6.497142750519053,420.70080731589354,"ScoreBreakdown(accel=89.7104735538761, skidpad=75.0, autocross=52.56863299171776, endurance=180.4502141192771, efficiency=22.971486651022506)"
[144   4],300,144,4,300,41.471999999999994,3.9915058253446176,4.65720733660217,1556.9565649011963,6417.484858929285,0.37635319601073264,12.096,6.512593057983624,415.084536464839,"ScoreBreakdown(accel=87.76153133710751, skidpad=75.0, autocross=51.60562165049326, endurance=178.23721389821966, efficiency=22.480169579018554)"
[100   5],200,100,5,200,36.0,3.6263688434969197,4.496213348185748,1486.2868062435994,5388.76256531827,0.39573941551946623,10.5,5.474742365756277,497.28558164152554,"ScoreBreakdown(accel=100.0, skidpad=75.0, autocross=66.2712342481038, endurance=211.93879406775955, efficiency=44.07555332566223)"
[100   5],205,100,5,205,36.0,3.6441452916822072,4.376067036852291,1494.7235897884216,5406.108204208504,0.39352526142666827,10.5,5.492161852767783,490.3093587418141,"ScoreBreakdown(accel=100.0, skidpad=75.0, autocross=64.44751023809215, endurance=207.74787599178802, efficiency=43.1139725119339)"
[100   5],210,100,5,210,36.0,3.6511095024580413,4.4288669578696584,1491.4856480893227,5417.055055856212,0.39218040905916846,10.5,5.503478582367255,492.62538732792126,"ScoreBreakdown(accel=100.0, skidpad=75.0, autocross=65.14499508607187, endurance=209.3506962875498, efficiency=43.1296959542996)"
[100   5],215,100,5,215,36.0,3.637075262504169,4.481046804910079,1497.2681256393716,5424.728554016766,0.3910887658418991,10.5,5.512174159263565,487.95564761499077,"ScoreBreakdown(accel=100.0, skidpad=75.0, autocross=63.901508749987336, endurance=206.49316448201787, efficiency=42.56097438298559)"
[100   5],220,100,5,220,36.0,3.6619219016776015,4.532621511412529,1505.8261716221323,5438.296775418787,0.3895939828661348,10.5,5.525402073575894,481.06774561728673,"ScoreBreakdown(accel=100.0, skidpad=75.0, autocross=62.07867980827372, endurance=202.304303273143, efficiency=41.68476253587005)"
[100   5],225,100,5,225,36.0,3.6815379399303936,4.422192708426152,1513.5440572255854,5456.898098049085,0.3873334729681056,10.5,5.543456344321055,474.80071536628736,"ScoreBreakdown(accel=100.0, skidpad=75.0, autocross=60.45247908868215, endurance=198.56729375115344, efficiency=40.78094252645178)"
[100   5],230,100,5,230,36.0,3.692103880388501,4.470852429020283,1510.5792625591384,5469.7332320066635,0.38597860790186406,10.5,5.554806861845975,476.8134846466003,"ScoreBreakdown(accel=100.0, skidpad=75.0, autocross=61.07521190894767, endurance=199.99833387489173, efficiency=40.7399388627609)"
[100   5],235,100,5,235,36.0,3.680992183321891,4.518984356243578,1516.3915756271992,5484.754372200402,0.3842861270389892,10.5,5.568884118589352,472.10250226374296,"ScoreBreakdown(accel=100.0, skidpad=75.0, autocross=59.85667177613556, endurance=197.19812844859678, efficiency=40.04770203901065)"
[100   5],240,100,5,240,36.0,3.707720844568186,4.56660959939957,1525.2513347201314,5499.425321482108,0.38248892250229755,10.5,5.583673119912919,465.1488084382275,"ScoreBreakdown(accel=100.0, skidpad=75.0, autocross=58.01710796882101, endurance=192.97081051580918, efficiency=39.16088995359728)"
[100   5],245,100,5,245,36.0,3.7300323602843406,4.464215027810155,1531.8533637205796,5516.5930549788,0.38034263961693976,10.5,5.6006964267094785,459.90365411839815,"ScoreBreakdown(accel=100.0, skidpad=75.0, autocross=56.66015579995799, endurance=189.8525342078274, efficiency=38.39096411061272)"
[100   5],250,100,5,250,36.0,3.744515743492414,4.509360168975846,1529.1867235410407,5532.095369558284,0.37873742312037767,10.5,5.614486947005615,461.59691551562867,"ScoreBreakdown(accel=100.0, skidpad=75.0, autocross=57.20683484266569, endurance=191.10880273818682, efficiency=38.28127793477612)"
[100   5],255,100,5,255,36.0,3.736249422103384,4.554058482861819,1539.5271168621653,5552.04476429589,0.37629198610918946,10.5,5.634525789716073,453.58060618797816,"ScoreBreakdown(accel=100.0, skidpad=75.0, autocross=55.097551529624425, endurance=186.26166933672798, efficiency=37.22138532162576)"
[100   5],260,100,5,260,36.0,3.7685683556247653,4.5983204147764525,1546.237780917371,5571.165714273655,0.3740442377113248,10.5,5.653579117729268,448.324715720236,"ScoreBreakdown(accel=100.0, skidpad=75.0, autocross=53.74377308584817, endurance=183.15068624951917, efficiency=36.430256384868656)"
[100   5],265,100,5,265,36.0,3.800431217339053,4.642160207225828,1550.2587201071362,5586.768891353384,0.3723414112439878,10.5,5.668067707421902,445.123646399389,"ScoreBreakdown(accel=100.0, skidpad=75.0, autocross=52.93822260421079, endurance=181.29953110977863, efficiency=35.885892685399526)"
[100   5],270,100,5,270,36.0,3.82946872142071,4.545210326813304,1562.459571741426,5606.694059675364,0.3697887776508138,10.5,5.688499858966751,435.3715833358415,"ScoreBreakdown(accel=99.36641637168582, skidpad=75.0, autocross=50.519294868176814, endurance=175.74083477318277, efficiency=34.74503732279609)"
[100   5],275,100,5,275,36.0,3.8508227503561585,4.586949823898507,1558.010465132684,5618.750266001567,0.36851001597150074,10.5,5.699234990659119,436.751008218115,"ScoreBreakdown(accel=97.7811967647046, skidpad=75.0, autocross=51.39698127654714, endurance=177.7577582844601, efficiency=34.81507189240314)"
[100   5],280,100,5,280,36.0,3.8782795667071923,4.628315144971793,1563.3193776178098,5633.355777094921,0.3667845065552058,10.5,5.71350818515257,430.6908289530926,"ScoreBreakdown(accel=95.76858873133177, skidpad=75.0, autocross=50.3502548117219, endurance=175.352380695553, efficiency=34.21960471448598)"
[100   5],285,100,5,285,36.0,3.906724326227902,4.669313121469187,1567.3935875858103,5643.679084796318,0.36570162251800264,10.5,5.722409614766332,425.56437106005023,"ScoreBreakdown(accel=93.71339838354871, skidpad=75.0, autocross=49.55177608452843, endurance=173.51747644869124, efficiency=33.781720143281845)"
[100   5],290,100,5,290,36.0,3.935079819301123,4.579187861615182,1578.6051414397505,5664.594250347945,0.36292852587914487,10.5,5.744544024435142,415.30756670273115,"ScoreBreakdown(accel=91.69422991893049, skidpad=75.0, autocross=47.37577078458947, endurance=168.51701591033074, efficiency=32.720550088880465)"
[100   5],295,100,5,295,36.0,3.9633417441227863,4.61836203910029,1574.0918790761639,5680.272930533887,0.36126331049660526,10.5,5.758829281903919,416.21009739816594,"ScoreBreakdown(accel=89.7104735538761, skidpad=75.0, autocross=48.248004177396, endurance=170.52140839094272, efficiency=32.73021127595109)"
[100   5],300,100,5,300,36.0,3.9915058253446176,4.65720733660217,1579.448273691399,5694.917295114972,0.3595060608486561,10.5,5.773443606299911,410.2684721022218,"ScoreBreakdown(accel=87.76153133710751, skidpad=75.0, autocross=47.21337958052208, endurance=168.14384089658486, efficiency=32.149720288007344)"
[104   5],200,104,5,200,37.44,3.6263688434969197,4.496213348185748,1476.7625549516144,5618.04672507628,0.39400725476742793,10.92,5.7102759722173815,500.38938061966564,"ScoreBreakdown(accel=100.0, skidpad=75.0, autocross=68.35506897489539, endurance=216.727446613817, efficiency=40.306865030953276)"
[104   5],205,104,5,205,37.44,3.6441452916822072,4.376067036852291,1485.1961821505588,5637.526644168997,0.39152430302666946,10.92,5.730767583211259,493.3417473835807,"ScoreBreakdown(accel=100.0, skidpad=75.0, autocross=66.50849962099579, endurance=212.48402993382086, efficiency=39.34921782876406)"
[104   5],210,104,5,210,37.44,3.6511095024580413,4.4288669578696584,1482.1821987137903,5651.533313940476,0.38992256934797553,10.92,5.744767327542478,495.4633637882665,"ScoreBreakdown(accel=100.0, skidpad=75.0, autocross=67.16600780709084, endurance=213.99498385397436, efficiency=39.30237212720135)"
[104   5],215,104,5,215,37.44,3.637075262504169,4.481046804910079,1487.510316502634,5661.496857871661,0.3886579590369483,10.92,5.75530879804743,491.0806743405625,"ScoreBreakdown(accel=100.0, skidpad=75.0, autocross=66.00547356813333, endurance=211.3280759813296, efficiency=38.747124791099594)"
[104   5],220,104,5,220,37.44,3.6619219016776015,4.532621511412529,1495.8826226058466,5675.434629990683,0.3869772387776331,10.92,5.770543927395774,484.2894014430398,"ScoreBreakdown(accel=100.0, skidpad=75.0, autocross=64.1985769089111, endurance=207.17582716024918, efficiency=37.91499737387956)"
[104   5],225,104,5,225,37.44,3.6815379399303936,4.422192708426152,1503.5551706757578,5697.088235309968,0.3844132016703069,10.92,5.79188519990913,477.97435523010097,"ScoreBreakdown(accel=100.0, skidpad=75.0, autocross=62.560371134125994, endurance=203.4112300194438, efficiency=37.00275407653115)"
[104   5],230,104,5,230,37.44,3.692103880388501,4.470852429020283,1500.8421638824316,5712.464911230808,0.3827864429181947,10.92,5.806055574478732,479.7879991945283,"ScoreBreakdown(accel=100.0, skidpad=75.0, autocross=63.137725176288775, endurance=204.7379897036132, efficiency=36.912284314626326)"
[104   5],235,104,5,235,37.44,3.680992183321891,4.518984356243578,1506.2793144784046,5728.9605536495865,0.3809305613133299,10.92,5.822069966123663,475.3201317926947,"ScoreBreakdown(accel=100.0, skidpad=75.0, autocross=61.98273963360263, endurance=202.08383273591602, efficiency=36.253559423176085)"
[104   5],240,104,5,240,37.44,3.707720844568186,4.56660959939957,1515.1118386364801,5744.720054399374,0.3790836155450592,10.92,5.837949822588755,468.3261417876579,"ScoreBreakdown(accel=100.0, skidpad=75.0, autocross=60.124163524133756, endurance=197.8128245296402, efficiency=35.38915373388389)"
[104   5],245,104,5,245,37.44,3.7300323602843406,4.464215027810155,1521.6604291942929,5762.192288747053,0.3769564337026827,10.92,5.855462318274242,463.094094420317,"ScoreBreakdown(accel=100.0, skidpad=75.0, autocross=58.760110919934924, endurance=194.67823142008498, efficiency=34.655752080297106)"
[104   5],250,104,5,250,37.44,3.744515743492414,4.509360168975846,1519.1060021784604,5781.321337949708,0.37505903049419814,10.92,5.87226593407281,464.68194635417615,"ScoreBreakdown(accel=100.0, skidpad=75.0, autocross=59.290791740670386, endurance=195.897736033712, efficiency=34.493418579793776)"
[104   5],255,104,5,255,37.44,3.736249422103384,4.554058482861819,1529.4704363519859,5801.494869792778,0.3726761245144613,10.92,5.892626955074922,456.60150354434404,"ScoreBreakdown(accel=100.0, skidpad=75.0, autocross=57.148581203533354, endurance=190.97493586584716, efficiency=33.47798647496353)"
[104   5],260,104,5,260,37.44,3.7685683556247653,4.5983204147764525,1535.9936775848196,5821.37676170971,0.37040956684173454,10.92,5.912609382928522,451.4524316801225,"ScoreBreakdown(accel=100.0, skidpad=75.0, autocross=55.81512534290011, endurance=187.91065407805513, efficiency=32.72665225916728)"
[104   5],265,104,5,265,37.44,3.800431217339053,4.642160207225828,1539.9242917811812,5838.7099777627345,0.3686260803023831,10.92,5.928357660015612,448.28301505272447,"ScoreBreakdown(accel=100.0, skidpad=75.0, autocross=55.01709879269746, endurance=186.07678893399296, efficiency=32.18912732603403)"
[104   5],270,104,5,270,37.44,3.82946872142071,4.545210326813304,1552.087297273544,5859.256148743715,0.36613779380578504,10.92,5.9490840279396995,438.4925789033483,"ScoreBreakdown(accel=99.36641637168582, skidpad=75.0, autocross=52.57326813613089, endurance=180.46086568190356, efficiency=31.092028713628036)"
[104   5],275,104,5,275,37.44,3.8508227503561585,4.586949823898507,1547.886757992893,5872.24421394789,0.36480901044289993,10.92,5.960736997678839,439.7240471842564,"ScoreBreakdown(accel=97.7811967647046, skidpad=75.0, autocross=53.41291262333518, endurance=182.39036885206343, efficiency=31.13956894415323)"
[104   5],280,104,5,280,37.44,3.8782795667071923,4.628315144971793,1553.074290105319,5886.870238559629,0.3631466182562866,10.92,5.975087273906592,433.7359871857896,"ScoreBreakdown(accel=95.76858873133177, skidpad=75.0, autocross=52.37663742779986, endurance=180.00900828170919, efficiency=30.581752744948815)"
[104   5],285,104,5,285,37.44,3.906724326227902,4.669313121469187,1557.1074216090549,5897.816459718031,0.3620431097818395,10.92,5.984514271833264,428.6159711017191,"ScoreBreakdown(accel=93.71339838354871, skidpad=75.0, autocross=51.57573926429528, endurance=178.16854416980547, efficiency=30.158289284069586)"
[104   5],290,104,5,290,37.44,3.935079819301123,4.579187861615182,1568.3525750108797,5918.574959101386,0.35949059816958034,10.92,6.005793243951361,418.2927731012349,"ScoreBreakdown(accel=91.69422991893049, skidpad=75.0, autocross=49.36443334550285, endurance=173.08696280349398, efficiency=29.147147033307615)"
[104   5],295,104,5,295,37.44,3.9633417441227863,4.61836203910029,1564.0287844224322,5935.987116923756,0.3577192562141789,10.92,6.021553282959519,419.0841276295523,"ScoreBreakdown(accel=89.7104735538761, skidpad=75.0, autocross=50.21092353478573, endurance=175.03219739816026, efficiency=29.130533142730197)"
[104   5],300,104,5,300,37.44,3.9915058253446176,4.65720733660217,1569.2513238599909,5951.369993185401,0.3559923951927936,10.92,6.036522412431783,413.2107237111712,"ScoreBreakdown(accel=87.76153133710751, skidpad=75.0, autocross=49.189066349650304, endurance=172.6839694180844, efficiency=28.576156606329043)"
[108   5],200,108,5,200,38.879999999999995,3.6263688434969197,4.496213348185748,1468.7216617617037,5832.444938557547,0.39411845901246273,11.34,5.930975048941651,502.9526104667824,"ScoreBreakdown(accel=100.0, skidpad=75.0, autocross=70.13539623337797, endurance=220.81863894761318, efficiency=36.9985752857913)"
[108   5],205,108,5,205,38.879999999999995,3.6441452916822072,4.376067036852291,1477.190052213497,5854.4507980701965,0.3915324841111964,11.34,5.953286706692603,495.8070160922087,"ScoreBreakdown(accel=100.0, skidpad=75.0, autocross=68.26095979011285, endurance=216.51118369165613, efficiency=36.03487261043973)"
[108   5],210,108,5,210,38.879999999999995,3.6511095024580413,4.4288669578696584,1474.376805622096,5871.490189431371,0.3896840237024317,11.34,5.970103314041691,497.75204873748976,"ScoreBreakdown(accel=100.0, skidpad=75.0, autocross=68.88126961086286, endurance=217.93665576210782, efficiency=35.93412336451908)"
[108   5],215,108,5,215,38.879999999999995,3.637075262504169,4.481046804910079,1479.4375085822358,5882.8434895940545,0.3882663102062255,11.34,5.982449951229603,493.53938239176387,"ScoreBreakdown(accel=100.0, skidpad=75.0, autocross=67.76709963361245, endurance=215.37629297051774, efficiency=35.39598978763365)"
[108   5],220,108,5,220,38.879999999999995,3.6619219016776015,4.532621511412529,1487.4624121680613,5899.617361152281,0.3864516417608649,11.34,5.999416802976823,486.94021771703416,"ScoreBreakdown(accel=100.0, skidpad=75.0, autocross=66.01587072378062, endurance=211.351968646723, efficiency=34.57237834653058)"
[108   5],225,108,5,225,38.879999999999995,3.6815379399303936,4.422192708426152,1495.2160603768239,5922.437094421633,0.383784000469405,11.34,6.02258418467395,480.52287900966985,"ScoreBreakdown(accel=100.0, skidpad=75.0, autocross=64.34169184149451, endurance=207.50470529894386, efficiency=33.67648186923143)"
[108   5],230,108,5,230,38.879999999999995,3.692103880388501,4.470852429020283,1492.7763868853754,5940.0486058012175,0.3819832747511053,11.34,6.038933053592112,482.1225492647108,"ScoreBreakdown(accel=100.0, skidpad=75.0, autocross=64.86659443368333, endurance=208.71093154241706, efficiency=33.54502328861041)"
[108   5],235,108,5,235,38.879999999999995,3.680992183321891,4.518984356243578,1497.8651396198945,5957.919686790164,0.37996498400606066,11.34,6.05702460112065,477.8902145431476,"ScoreBreakdown(accel=100.0, skidpad=75.0, autocross=63.77367135014425, endurance=206.19939411608178, efficiency=32.91714907692161)"
[108   5],240,108,5,240,38.879999999999995,3.707720844568186,4.56660959939957,1506.7039247672897,5974.065878670579,0.3780737503079697,11.34,6.073961502945539,470.851917926444,"ScoreBreakdown(accel=100.0, skidpad=75.0, autocross=61.89289279467268, endurance=201.8773646852278, efficiency=32.08166044654352)"
[108   5],245,108,5,245,38.879999999999995,3.7300323602843406,4.464215027810155,1513.1061353471837,5992.277496916962,0.3759781026653586,11.34,6.091917461417054,465.7014224431454,"ScoreBreakdown(accel=100.0, skidpad=75.0, autocross=60.544307676062864, endurance=198.77831586010868, efficiency=31.37879890697389)"
[108   5],250,108,5,250,38.879999999999995,3.744515743492414,4.509360168975846,1510.8473631924205,6013.008543847054,0.37390519414877904,11.34,6.110974606404647,467.07806315073935,"ScoreBreakdown(accel=100.0, skidpad=75.0, autocross=61.01879887585004, endurance=199.86869671552367, efficiency=31.190567559365604)"
[108   5],255,108,5,255,38.879999999999995,3.736249422103384,4.554058482861819,1521.2658790870898,6033.354044087773,0.37159732071303775,11.34,6.131573376204206,458.9203363503177,"ScoreBreakdown(accel=100.0, skidpad=75.0, autocross=58.84196211305931, endurance=194.86632547539247, efficiency=30.212048761865972)"
[108   5],260,108,5,260,38.879999999999995,3.7685683556247653,4.5983204147764525,1527.5773267921816,6053.823061715108,0.36932969905669405,11.34,6.152354937681528,453.90664641990725,"ScoreBreakdown(accel=100.0, skidpad=75.0, autocross=57.537695491622145, endurance=191.86912056408983, efficiency=29.499830364195322)"
[108   5],265,108,5,265,38.879999999999995,3.800431217339053,4.642160207225828,1531.4173851809533,6071.459268228186,0.36753324005820587,11.34,6.168792960758085,450.79736102829514,"ScoreBreakdown(accel=100.0, skidpad=75.0, autocross=56.749404123045665, endurance=190.05762686901133, efficiency=28.99033003623815)"
[108   5],270,108,5,270,38.879999999999995,3.82946872142071,4.545210326813304,1543.5470016149325,6092.395904809255,0.36513148435124765,11.34,6.18966802529322,440.980370184734,"ScoreBreakdown(accel=99.36641637168582, skidpad=75.0, autocross=54.28518481408812, endurance=184.3948504903626, efficiency=27.933918508597433)"
[108   5],275,108,5,275,38.879999999999995,3.8508227503561585,4.586949823898507,1539.5972651404604,6107.304489297599,0.3637366673526947,11.34,6.202407842028272,442.0384080306046,"ScoreBreakdown(accel=97.7811967647046, skidpad=75.0, autocross=55.08333910211776, endurance=186.22900917597224, efficiency=27.94486298781007)"
[108   5],280,108,5,280,38.879999999999995,3.8782795667071923,4.628315144971793,1544.6418208140676,6122.303411062325,0.36216343759863995,11.34,6.2165865018429045,436.1370642882839,"ScoreBreakdown(accel=95.76858873133177, skidpad=75.0, autocross=54.06466862562006, endurance=183.88810425287178, efficiency=27.41570267846033)"
[108   5],285,108,5,285,38.879999999999995,3.906724326227902,4.669313121469187,1548.6179321299353,6133.10967901835,0.3610789563540558,11.34,6.226219785086945,431.05061030690905,"ScoreBreakdown(accel=93.71339838354871, skidpad=75.0, autocross=53.266431024193416, endurance=182.05375411306224, efficiency=27.01702678610468)"
[108   5],290,108,5,290,38.879999999999995,3.935079819301123,4.579187861615182,1559.8817212067668,6153.638202518602,0.3587113496998523,11.34,6.246820974892515,420.67981487930683,"ScoreBreakdown(accel=91.69422991893049, skidpad=75.0, autocross=51.02722385161621, endurance=176.9080556609487, efficiency=26.050305447811418)"
[108   5],295,108,5,295,38.879999999999995,3.9633417441227863,4.61836203910029,1555.791927322242,6172.284383146229,0.35684695167142155,11.34,6.264017899275597,421.328756993578,"ScoreBreakdown(accel=89.7104735538761, skidpad=75.0, autocross=51.83651345001929, endurance=178.76780329163418, efficiency=26.013966698048403)"
[108   5],300,108,5,300,38.879999999999995,3.9915058253446176,4.65720733660217,1560.8313673690955,6188.536163938619,0.3551331115857578,11.34,6.2794994854750215,415.56230960341765,"ScoreBreakdown(accel=87.76153133710751, skidpad=75.0, autocross=50.839914317239156, endurance=176.47761832003889, efficiency=25.483245629032062)"
[112   5],200,112,5,200,40.32,3.6263688434969197,4.496213348185748,1462.0377578604582,6028.018264084384,0.3961618119022278,11.76,6.134491263166387,505.0309203765422,"ScoreBreakdown(accel=100.0, skidpad=75.0, autocross=71.63017812624395, endurance=224.25364798409944, efficiency=34.14709426619882)"
[112   5],205,112,5,205,40.32,3.6441452916822072,4.376067036852291,1470.4546131701518,6053.502588718637,0.39340076440293514,11.76,6.159332809774443,497.85009808020135,"ScoreBreakdown(accel=100.0, skidpad=75.0, autocross=69.75005899457703, endurance=219.93313390925726, efficiency=33.16690517636702)"
[112   5],210,112,5,210,40.32,3.6511095024580413,4.4288669578696584,1467.724947620112,6073.717115159373,0.3913014144254325,11.76,6.17907092114913,499.70882069710467,"ScoreBreakdown(accel=100.0, skidpad=75.0, autocross=70.35743671660738, endurance=221.32888801471714, efficiency=33.02249596578022)"
[112   5],215,112,5,215,40.32,3.637075262504169,4.481046804910079,1472.590717047521,6087.597834604122,0.38971199066949247,11.76,6.193539134667583,495.5979699248013,"ScoreBreakdown(accel=100.0, skidpad=75.0, autocross=69.27632515763236, endurance=218.8444934737793, efficiency=32.477151293389596)"
[112   5],220,112,5,220,40.32,3.6619219016776015,4.532621511412529,1480.4380406664702,6104.482962004182,0.38780635713410777,11.76,6.211948123087994,489.1140459220914,"ScoreBreakdown(accel=100.0, skidpad=75.0, autocross=67.54772324715216, endurance=214.8721659982287, efficiency=31.69415667671051)"
[112   5],225,112,5,225,40.32,3.6815379399303936,4.422192708426152,1488.189113982783,6129.297527826121,0.3850645635609952,11.76,6.236753289377793,482.65118501798156,"ScoreBreakdown(accel=100.0, skidpad=75.0, autocross=65.85821932029606, endurance=210.98968569549868, efficiency=30.80328000218688)"
[112   5],230,112,5,230,40.32,3.692103880388501,4.470852429020283,1485.8904665816563,6149.256951001498,0.3830536938803442,11.76,6.255693522743631,484.1347064450053,"ScoreBreakdown(accel=100.0, skidpad=75.0, autocross=66.35741769026691, endurance=212.13684363207335, efficiency=30.640445122665042)"
[112   5],235,112,5,235,40.32,3.680992183321891,4.518984356243578,1490.7592078055152,6169.664576841182,0.38088296362047147,11.76,6.275873618945562,480.02745567454645,"ScoreBreakdown(accel=100.0, skidpad=75.0, autocross=65.30189368314385, endurance=209.71124928951386, efficiency=30.014312701888734)"
[112   5],240,112,5,240,40.32,3.707720844568186,4.56660959939957,1499.5542744192355,6187.45932387704,0.37900207254693574,11.76,6.2933921973146605,472.9694697966629,"ScoreBreakdown(accel=100.0, skidpad=75.0, autocross=63.41253173835326, endurance=205.369495228588, efficiency=29.18744282972164)"
[112   5],245,112,5,245,40.32,3.7300323602843406,4.464215027810155,1505.8257024234056,6205.899925996519,0.37697353978140025,11.76,6.311476028917043,467.9014515426507,"ScoreBreakdown(accel=100.0, skidpad=75.0, autocross=62.07877917774947, endurance=202.30453162421452, efficiency=28.5181407406867)"
[112   5],250,112,5,250,40.32,3.744515743492414,4.509360168975846,1503.7965309109768,6230.854482587242,0.3747071304061128,11.76,6.333058776663604,469.07244800406926,"ScoreBreakdown(accel=100.0, skidpad=75.0, autocross=62.509108255104, endurance=203.2934279149916, efficiency=28.269911833973627)"
[112   5],255,112,5,255,40.32,3.736249422103384,4.554058482861819,1514.2406642874762,6251.33752624163,0.3725076599503839,11.76,6.353579849161555,460.8638794815817,"ScoreBreakdown(accel=100.0, skidpad=75.0, autocross=60.30651580636929, endurance=198.23187010431073, efficiency=27.325493570901646)"
[112   5],260,112,5,260,40.32,3.7685683556247653,4.5983204147764525,1520.3752467378865,6273.278193076307,0.3702419671903635,11.76,6.375130490165214,455.9512937428991,"ScoreBreakdown(accel=100.0, skidpad=75.0, autocross=59.02688398058653, endurance=195.29127595748722, efficiency=26.63313380482531)"
[112   5],265,112,5,265,40.32,3.800431217339053,4.642160207225828,1524.0876935744502,6292.763625690719,0.3683972488383412,11.76,6.3926136375736755,452.90889958918854,"ScoreBreakdown(accel=100.0, skidpad=75.0, autocross=58.257496320344146, endurance=193.52322298728006, efficiency=26.128180281564287)"
[112   5],270,112,5,270,40.32,3.82946872142071,4.545210326813304,1536.1787834691409,6313.663821162764,0.36602307604756196,11.76,6.414104664136486,443.0822064263934,"ScoreBreakdown(accel=99.36641637168582, skidpad=75.0, autocross=55.777451948339724, endurance=187.82408061113807, efficiency=25.114257495229744)"
[112   5],275,112,5,275,40.32,3.8508227503561585,4.586949823898507,1532.5345513706154,6328.958234156236,0.36459327877692965,11.76,6.42772291427081,443.94459954467936,"ScoreBreakdown(accel=97.7811967647046, skidpad=75.0, autocross=56.520812844868885, endurance=189.5323240740371, efficiency=25.11026586106878)"
[112   5],280,112,5,280,40.32,3.8782795667071923,4.628315144971793,1537.4137635471996,6344.094390635071,0.36306239696563253,11.76,6.4421097228054105,438.1532284002899,"ScoreBreakdown(accel=95.76858873133177, skidpad=75.0, autocross=55.52633666554274, endurance=187.2470176498297, efficiency=24.611285353585707)"
[112   5],285,112,5,285,40.32,3.906724326227902,4.669313121469187,1541.3045343126373,6355.2179061556035,0.36197465288818675,11.76,6.452097555758683,433.1159077836868,"ScoreBreakdown(accel=93.71339838354871, skidpad=75.0, autocross=54.73783585646975, endurance=185.43504266045542, efficiency=24.229630883212916)"
[112   5],290,112,5,290,40.32,3.935079819301123,4.579187861615182,1552.5738371551345,6375.520907430461,0.35973852858577515,11.76,6.4723759343473395,422.7109087846506,"ScoreBreakdown(accel=91.69422991893049, skidpad=75.0, autocross=52.47630743278805, endurance=180.23804996962045, efficiency=23.302321463311603)"
[112   5],295,112,5,295,40.32,3.9633417441227863,4.61836203910029,1548.7033648140582,6395.910979844823,0.35776335354276034,11.76,6.491287727706544,423.2151998090632,"ScoreBreakdown(accel=89.7104735538761, skidpad=75.0, autocross=53.249324678448424, endurance=182.01444372771718, efficiency=23.240957849021544)"
[112   5],300,112,5,300,40.32,3.9915058253446176,4.65720733660217,1553.4978796999621,6412.648073258827,0.35605210498753376,11.76,6.507331107075796,417.60947864898895,"ScoreBreakdown(accel=87.76153133710751, skidpad=75.0, autocross=52.292325676953034, endurance=179.81525986434943, efficiency=22.740361770579007)"
[116   5],200,116,5,200,41.75999999999999,3.6263688434969197,4.496213348185748,1456.7509804495269,6205.258350653837,0.3998359095970071,12.18,6.3218298807263364,506.4857944785665,"ScoreBreakdown(accel=100.0, skidpad=75.0, autocross=72.82222364123227, endurance=226.99296877426303, efficiency=31.670602063071204)"
[116   5],205,116,5,205,41.75999999999999,3.6441452916822072,4.376067036852291,1465.0601257144206,6232.8318850844435,0.39692836331335757,12.18,6.349054987736083,499.3485359639215,"ScoreBreakdown(accel=100.0, skidpad=75.0, autocross=70.95256937776284, endurance=222.6965029682656, efficiency=30.699463617893034)"
[116   5],210,116,5,210,41.75999999999999,3.6511095024580413,4.4288669578696584,1462.2772580016915,6255.573567030793,0.3946756078461702,12.18,6.371043999804789,501.23983005106436,"ScoreBreakdown(accel=100.0, skidpad=75.0, autocross=71.57638049179806, endurance=224.1300210112647, efficiency=30.53342854800159)"
[116   5],215,116,5,215,41.75999999999999,3.637075262504169,4.481046804910079,1467.0042984605375,6271.383485366033,0.3930214344720953,12.18,6.386713070091693,497.20329458172023,"ScoreBreakdown(accel=100.0, skidpad=75.0, autocross=70.51816545728283, endurance=221.69824268731395, efficiency=29.986886437123445)"
[116   5],220,116,5,220,41.75999999999999,3.6619219016776015,4.532621511412529,1474.7038520594485,6290.589957548967,0.39104319672088067,12.18,6.406486122514131,490.78409244165323,"ScoreBreakdown(accel=100.0, skidpad=75.0, autocross=68.80903558208632, endurance=217.77066195205876, efficiency=29.20439490750811)"
[116   5],225,116,5,225,41.75999999999999,3.6815379399303936,4.422192708426152,1482.449659209664,6318.030921847975,0.388220129426095,12.18,6.433082041559341,484.27561092415795,"ScoreBreakdown(accel=100.0, skidpad=75.0, autocross=67.10755251729, endurance=213.86065358836524, efficiency=28.30740481850275)"
[116   5],230,116,5,230,41.75999999999999,3.692103880388501,4.470852429020283,1480.1724354968603,6340.4152525590425,0.38604452297370173,12.18,6.454310517952318,485.7333637121196,"ScoreBreakdown(accel=100.0, skidpad=75.0, autocross=67.60593084748646, endurance=215.0059270734029, efficiency=28.121505791230277)"
[116   5],235,116,5,235,41.75999999999999,3.680992183321891,4.518984356243578,1484.8175484043934,6364.206211814039,0.3837324984276679,12.18,6.476617853193245,481.74923573368505,"ScoreBreakdown(accel=100.0, skidpad=75.0, autocross=66.59095293631052, endurance=212.67350766602127, efficiency=27.484775131353278)"
[116   5],240,116,5,240,41.75999999999999,3.707720844568186,4.56660959939957,1493.6001389786761,6382.084628699625,0.38186755195856065,12.18,6.494667865648035,474.67781236002884,"ScoreBreakdown(accel=100.0, skidpad=75.0, autocross=64.68917011374853, endurance=208.30321042592703, efficiency=26.6854318203533)"
[116   5],245,116,5,245,41.75999999999999,3.7300323602843406,4.464215027810155,1499.8367494723961,6400.816338698423,0.37982841289228064,12.18,6.513587691147268,469.6217634712786,"ScoreBreakdown(accel=100.0, skidpad=75.0, autocross=63.35221752896182, endurance=205.2308931654531, efficiency=26.038652776863685)"
[116   5],250,116,5,250,41.75999999999999,3.744515743492414,4.509360168975846,1497.9347042139948,6426.617222947669,0.3773832750544718,12.18,6.537673409179072,470.7129039056187,"ScoreBreakdown(accel=100.0, skidpad=75.0, autocross=63.75878225245276, endurance=206.1651789671297, efficiency=25.788942686036226)"
[116   5],255,116,5,255,41.75999999999999,3.736249422103384,4.554058482861819,1508.3768913892961,6447.102418301335,0.37524076207126533,12.18,6.558492019455199,462.4807217222923,"ScoreBreakdown(accel=100.0, skidpad=75.0, autocross=61.539388083141965, endurance=201.06501079979213, efficiency=24.876322839358203)"
[116   5],260,116,5,260,41.75999999999999,3.7685683556247653,4.5983204147764525,1514.3335950529133,6470.132790672376,0.37294725280856217,12.18,6.581098247441757,457.68009465653756,"ScoreBreakdown(accel=100.0, skidpad=75.0, autocross=60.28705374792496, endurance=198.18714629079375, efficiency=24.205894617818846)"
[116   5],265,116,5,265,41.75999999999999,3.800431217339053,4.642160207225828,1518.0330385817172,6490.159932070052,0.3710541547051406,12.18,6.599695375685171,454.64063364381735,"ScoreBreakdown(accel=100.0, skidpad=75.0, autocross=59.51423198843575, endurance=196.41120175995056, efficiency=23.715199895431002)"
[116   5],270,116,5,270,41.75999999999999,3.82946872142071,4.545210326813304,1530.092360080912,6511.390716145519,0.3687431878745111,12.18,6.621455698409501,444.8006689182609,"ScoreBreakdown(accel=99.36641637168582, skidpad=75.0, autocross=57.02095962447136, endurance=190.68166145610175, efficiency=22.73163146600195)"
[116   5],275,116,5,275,41.75999999999999,3.8508227503561585,4.586949823898507,1526.5739836365917,6527.929756741391,0.36726990076889365,12.18,6.636038525724387,445.5805473816023,"ScoreBreakdown(accel=97.7811967647046, skidpad=75.0, autocross=57.74431634555274, endurance=192.34393532052061, efficiency=22.711098950824354)"
[116   5],280,116,5,280,41.75999999999999,3.8782795667071923,4.628315144971793,1531.350731442548,6543.584695969976,0.3657335176586544,12.18,6.651008042782484,439.85024460879805,"ScoreBreakdown(accel=95.76858873133177, skidpad=75.0, autocross=56.763053159364844, endurance=190.08899235672524, efficiency=22.229610361376178)"
[116   5],285,116,5,285,41.75999999999999,3.906724326227902,4.669313121469187,1535.2380130077188,6555.285591204822,0.36463282636396327,12.18,6.661502189820129,434.80115591042744,"ScoreBreakdown(accel=93.71339838354871, skidpad=75.0, autocross=55.96901507420243, endurance=188.2642927059838, efficiency=21.854449746692527)"
[116   5],290,116,5,290,41.75999999999999,3.935079819301123,4.579187861615182,1546.5138784761577,6574.744484726806,0.36258856782045984,12.18,6.680856635807855,424.3742292588064,"ScoreBreakdown(accel=91.69422991893049, skidpad=75.0, autocross=53.68832606911534, endurance=183.02326899591702, efficiency=20.968404274843607)"
[116   5],295,116,5,295,41.75999999999999,3.9633417441227863,4.61836203910029,1542.6876483103288,6596.945260040593,0.36054466585709416,12.18,6.7011084158904195,424.853888472859,"ScoreBreakdown(accel=89.7104735538761, skidpad=75.0, autocross=54.458493213222745, endurance=184.79311322017466, efficiency=20.89180848558551)"
[116   5],300,116,5,300,41.75999999999999,3.9915058253446176,4.65720733660217,1547.3521800500082,6614.022224826733,0.35882368853997687,12.18,6.717849853198506,419.33140667129527,"ScoreBreakdown(accel=87.76153133710751, skidpad=75.0, autocross=53.52009623808659, endurance=182.63667681645043, efficiency=20.413102279650786)"
[120   5],200,120,5,200,43.199999999999996,3.6263688434969197,4.496213348185748,1452.254718689279,6379.647650314286,0.4044875291456264,12.6,6.497006025584104,507.50616384903185,"ScoreBreakdown(accel=100.0, skidpad=75.0, autocross=73.84285566659476, endurance=229.3383813369784, efficiency=29.324926845458744)"
[120   5],205,120,5,205,43.199999999999996,3.6441452916822072,4.376067036852291,1460.5776926422363,6407.554936390688,0.40140005101806625,12.6,6.527264212890064,500.3480242661823,"ScoreBreakdown(accel=100.0, skidpad=75.0, autocross=71.9585263893682, endurance=225.00819234694558, efficiency=28.38130552986847)"
[120   5],210,120,5,210,43.199999999999996,3.6511095024580413,4.4288669578696584,1457.754241078991,6429.240226424972,0.39898322237206346,12.6,6.551829937437136,502.3138863237408,"ScoreBreakdown(accel=100.0, skidpad=75.0, autocross=72.59534696183272, endurance=226.47160612756184, efficiency=28.246933234346187)"
[120   5],215,120,5,215,43.199999999999996,3.637075262504169,4.481046804910079,1462.4393158761525,6445.8559798946635,0.39725440647646837,12.6,6.568896666543266,498.29634922400567,"ScoreBreakdown(accel=100.0, skidpad=75.0, autocross=71.53998829446238, endurance=224.0463917357815, efficiency=27.709969193761797)"
[120   5],220,120,5,220,43.199999999999996,3.6619219016776015,4.532621511412529,1470.0893990984391,6466.143230858035,0.3952251107771414,12.6,6.589946174146688,491.8908919657107,"ScoreBreakdown(accel=100.0, skidpad=75.0, autocross=69.83119205392634, endurance=220.11957769303112, efficiency=26.940122218753242)"
[120   5],225,120,5,225,43.199999999999996,3.6815379399303936,4.422192708426152,1477.8311073875866,6494.138649648402,0.39231489589350893,12.6,6.618486994926707,485.3735244854206,"ScoreBreakdown(accel=100.0, skidpad=75.0, autocross=68.11994003648064, endurance=216.18712027453722, efficiency=26.066464174402768)"
[120   5],230,120,5,230,43.199999999999996,3.692103880388501,4.470852429020283,1475.5036295218783,6517.137541787411,0.3900422854202824,12.6,6.641497721470998,486.88626174408444,"ScoreBreakdown(accel=100.0, skidpad=75.0, autocross=68.63252539108447, endurance=217.36504150400742, efficiency=25.888694848992568)"
[120   5],235,120,5,235,43.199999999999996,3.680992183321891,4.518984356243578,1480.047270052381,6540.671036409441,0.3876492652036226,12.6,6.665459809305256,482.98757007198265,"ScoreBreakdown(accel=100.0, skidpad=75.0, autocross=67.63336820406921, endurance=215.0689781233579, efficiency=25.28522374455552)"
[120   5],240,120,5,240,43.199999999999996,3.707720844568186,4.56660959939957,1488.8112476055255,6558.805640705856,0.38576711449906875,12.6,6.684403038124392,475.9108135565008,"ScoreBreakdown(accel=100.0, skidpad=75.0, autocross=65.7233753197529, endurance=210.67981415999756, efficiency=24.50762407675027)"
[120   5],245,120,5,245,43.199999999999996,3.7300323602843406,4.464215027810155,1495.0840111741275,6577.479168894945,0.3837442623462673,12.6,6.703958392532198,470.8206435375649,"ScoreBreakdown(accel=100.0, skidpad=75.0, autocross=64.37005874641984, endurance=207.56989245114357, efficiency=23.88069234000146)"
[120   5],250,120,5,250,43.199999999999996,3.744515743492414,4.509360168975846,1493.1148961736424,6606.708182536229,0.38122480178657203,12.6,6.729685256664428,471.94189128275264,"ScoreBreakdown(accel=100.0, skidpad=75.0, autocross=64.7936607205022, endurance=208.54332985749082, efficiency=23.604900704759633)"
[120   5],255,120,5,255,43.199999999999996,3.736249422103384,4.554058482861819,1503.5503593681904,6627.574250988427,0.3791533815909675,12.6,6.750622702118225,463.69025009925,"ScoreBreakdown(accel=100.0, skidpad=75.0, autocross=62.56139318259794, endurance=203.41357868700103, efficiency=22.715278229651016)"
[120   5],260,120,5,260,43.199999999999996,3.7685683556247653,4.5983204147764525,1509.3695185343508,6651.552883959141,0.3768781020736193,12.6,6.773862585013813,458.9777427816092,"ScoreBreakdown(accel=100.0, skidpad=75.0, autocross=61.330012312899925, endurance=200.58386524522314, efficiency=22.063865223486115)"
[120   5],265,120,5,265,43.199999999999996,3.800431217339053,4.642160207225828,1513.0619652771452,6672.836469949582,0.37494060813568036,12.6,6.793572107556934,455.92887902637085,"ScoreBreakdown(accel=100.0, skidpad=75.0, autocross=60.55357272465556, endurance=198.7996069433037, efficiency=21.57569935841159)"
[120   5],270,120,5,270,43.199999999999996,3.82946872142071,4.545210326813304,1525.0759759440666,6694.702889272197,0.3726585431287191,12.6,6.8158991536707205,446.0894859133079,"ScoreBreakdown(accel=99.36641637168582, skidpad=75.0, autocross=58.05331061636192, endurance=193.05400420583268, efficiency=20.615754719427475)"
[120   5],275,120,5,275,43.199999999999996,3.8508227503561585,4.586949823898507,1521.6413876267748,6712.154626907309,0.3711566393049205,12.6,6.831294223082514,446.8185439592164,"ScoreBreakdown(accel=97.7811967647046, skidpad=75.0, autocross=58.7640602038634, endurance=194.68730687520423, efficiency=20.58598011544413)"
[120   5],280,120,5,280,43.199999999999996,3.8782795667071923,4.628315144971793,1526.290358016212,6728.167642559482,0.36966714234298653,12.6,6.846370679872477,441.17312411748605,"ScoreBreakdown(accel=95.76858873133177, skidpad=75.0, autocross=57.80277329680004, endurance=192.47826940413387, efficiency=20.123492685220405)"
[120   5],285,120,5,285,43.199999999999996,3.906724326227902,4.669313121469187,1530.199075198317,6741.202397797297,0.3685808971821996,12.6,6.857144958795471,436.0867684537304,"ScoreBreakdown(accel=93.71339838354871, skidpad=75.0, autocross=56.99907162423406, endurance=190.63136282794426, efficiency=19.742935618003337)"
[120   5],290,120,5,290,43.199999999999996,3.935079819301123,4.579187861615182,1541.464243238952,6759.935957140335,0.3666120747198443,12.6,6.876539350255792,425.6535089193936,"ScoreBreakdown(accel=91.69422991893049, skidpad=75.0, autocross=54.70555440906016, endurance=185.36085988898088, efficiency=18.89286470242208)"
[120   5],295,120,5,295,43.199999999999996,3.9633417441227863,4.61836203910029,1537.6605448045864,6783.74710637341,0.36450418587751326,12.6,6.898132945917576,426.1239366335203,"ScoreBreakdown(accel=89.7104735538761, skidpad=75.0, autocross=55.47620563214934, endurance=187.1318165268187, efficiency=18.80544092067613)"
[120   5],300,120,5,300,43.199999999999996,3.9915058253446176,4.65720733660217,1542.2625466230327,6801.93047739821,0.3628279142106639,12.6,6.9150711464883265,420.62945105920306,"ScoreBreakdown(accel=87.76153133710751, skidpad=75.0, autocross=54.544296166161004, endurance=184.99028842018672, efficiency=18.33333513574785)"
[124   5],200,124,5,200,44.63999999999999,3.6263688434969197,4.496213348185748,1448.2687677227593,6538.985319804965,0.40960101332714144,13.02,6.664046506254282,508.4675822803802,"ScoreBreakdown(accel=100.0, skidpad=75.0, autocross=74.75294853369547, endurance=231.4297748957663, efficiency=27.28485885091846)"
[124   5],205,124,5,205,44.63999999999999,3.6441452916822072,4.376067036852291,1456.4885082391595,6572.681656212153,0.40646887805846704,13.02,6.695935219918473,501.30724119998024,"ScoreBreakdown(accel=100.0, skidpad=75.0, autocross=72.8816305107061, endurance=227.1294857701175, efficiency=26.29612491915668)"
[124   5],210,124,5,210,44.63999999999999,3.6511095024580413,4.4288669578696584,1453.571518204674,6600.510983647739,0.40395790918780566,13.02,6.722402067826314,503.2874416258186,"ScoreBreakdown(accel=100.0, skidpad=75.0, autocross=73.54329404202075, endurance=228.64998867427155, efficiency=26.0941589095263)"
[124   5],215,124,5,215,44.63999999999999,3.637075262504169,4.481046804910079,1458.221240517359,6618.738561359926,0.4021481035405593,13.02,6.741030135183641,499.2740351748331,"ScoreBreakdown(accel=100.0, skidpad=75.0, autocross=72.48984650387365, endurance=226.22916605776155, efficiency=25.555022613197934)"
[124   5],220,124,5,220,44.63999999999999,3.6619219016776015,4.532621511412529,1465.877820846367,6639.2327132485425,0.40003722857677176,13.02,6.763746009887565,492.85196785249553,"ScoreBreakdown(accel=100.0, skidpad=75.0, autocross=70.76972403202129, endurance=222.27632433357698, efficiency=24.80591948689729)"
[124   5],225,124,5,225,44.63999999999999,3.6815379399303936,4.422192708426152,1473.61246203672,6668.38158566399,0.3970077815169176,13.02,6.794617880288768,486.321410774202,"ScoreBreakdown(accel=100.0, skidpad=75.0, autocross=69.05021353189868, endurance=218.3248889205286, efficiency=23.946308321774676)"
[124   5],230,124,5,230,44.63999999999999,3.692103880388501,4.470852429020283,1471.2613427349002,6694.941351216716,0.39465730948693634,13.02,6.819304180954447,487.82818711243794,"ScoreBreakdown(accel=100.0, skidpad=75.0, autocross=69.57098511402707, endurance=219.5216221022012, efficiency=23.735579896209675)"
[124   5],235,124,5,235,44.63999999999999,3.680992183321891,4.518984356243578,1475.7806082327054,6720.711382113367,0.39219274154241696,13.02,6.8449510096191535,483.9223693537767,"ScoreBreakdown(accel=100.0, skidpad=75.0, autocross=68.57144103107541, endurance=217.224669634626, efficiency=23.126258688075268)"
[124   5],240,124,5,240,44.63999999999999,3.707720844568186,4.56660959939957,1484.5679004099127,6738.645924325198,0.39031227426339715,13.02,6.86466062556053,476.8173231675638,"ScoreBreakdown(accel=100.0, skidpad=75.0, autocross=66.64534063013798, endurance=212.79849059541223, efficiency=22.373491942013654)"
[124   5],245,124,5,245,44.63999999999999,3.7300323602843406,4.464215027810155,1490.8583382049487,6758.758446279095,0.38828677702806164,13.02,6.885051718075445,471.69011883036853,"ScoreBreakdown(accel=100.0, skidpad=75.0, autocross=65.28047421430001, endurance=209.66202734657588, efficiency=21.747617269492633)"
[124   5],250,124,5,250,44.63999999999999,3.744515743492414,4.509360168975846,1488.8644063648717,6789.353267336167,0.3856489466163629,13.02,6.912950839693212,472.8383128390098,"ScoreBreakdown(accel=100.0, skidpad=75.0, autocross=65.71185868037492, endurance=210.65334892080642, efficiency=21.473105237828438)"
[124   5],255,124,5,255,44.63999999999999,3.736249422103384,4.554058482861819,1499.2947884575985,6811.363728795237,0.3835714864495996,13.02,6.934738506310193,464.5612489710088,"ScoreBreakdown(accel=100.0, skidpad=75.0, autocross=63.467957333705215, endurance=205.49686325585373, efficiency=20.59642838144988)"
[124   5],260,124,5,260,44.63999999999999,3.7685683556247653,4.5983204147764525,1505.070193964884,6835.787853932559,0.38127881600941604,13.02,6.959032600039165,459.8763239794344,"ScoreBreakdown(accel=100.0, skidpad=75.0, autocross=62.23886526509158, endurance=202.67240947934533, efficiency=19.965049234997476)"
[124   5],265,124,5,265,44.63999999999999,3.800431217339053,4.642160207225828,1508.7863820509733,6858.511593275878,0.3792963774396122,13.02,6.979978424576029,456.79574727295994,"ScoreBreakdown(accel=100.0, skidpad=75.0, autocross=61.452980452543116, endurance=200.86644605041633, efficiency=19.476320770000488)"
[124   5],270,124,5,270,44.63999999999999,3.82946872142071,4.545210326813304,1520.7823427883532,6880.856136144477,0.3770174264126152,13.02,7.0031488200802,446.9461473949872,"ScoreBreakdown(accel=99.36641637168582, skidpad=75.0, autocross=58.94233181072619, endurance=195.0969750571947, efficiency=18.54042415538052)"
[124   5],275,124,5,275,44.63999999999999,3.8508227503561585,4.586949823898507,1517.376172490942,6899.166869070244,0.37550080320629364,13.02,7.019229034973654,447.6641104055776,"ScoreBreakdown(accel=97.7811967647046, skidpad=75.0, autocross=59.65117758724401, endurance=196.7259027686117, efficiency=18.50583328501735)"
[124   5],280,124,5,280,44.63999999999999,3.8782795667071923,4.628315144971793,1521.9678489260689,6915.016008712754,0.37401829776208906,13.02,7.034805427545419,442.0610285508307,"ScoreBreakdown(accel=95.76858873133177, skidpad=75.0, autocross=58.69636472973054, endurance=194.53174266447542, efficiency=18.06433242529299)"
[124   5],285,124,5,285,44.63999999999999,3.906724326227902,4.669313121469187,1525.909092812706,6927.639020251965,0.37289273366564357,13.02,7.046394463294267,436.9535743866321,"ScoreBreakdown(accel=93.71339838354871, skidpad=75.0, autocross=57.881388595568346, endurance=192.65892737367705, efficiency=17.699860033838007)"
[124   5],290,124,5,290,44.63999999999999,3.935079819301123,4.579187861615182,1537.1523688711677,6947.3936495026,0.3709347498827248,13.02,7.06638587026082,426.5066805226648,"ScoreBreakdown(accel=91.69422991893049, skidpad=75.0, autocross=55.57945381671022, endurance=187.36908087197838, efficiency=16.863915915045727)"
[124   5],295,124,5,295,44.63999999999999,3.9633417441227863,4.61836203910029,1533.3933601720412,6971.606796442649,0.36879807142105214,13.02,7.089058201859747,426.9646326709935,"ScoreBreakdown(accel=89.7104735538761, skidpad=75.0, autocross=56.34531234663346, endurance=189.12902390012968, efficiency=16.779822870354245)"
[124   5],300,124,5,300,44.63999999999999,3.9915058253446176,4.65720733660217,1537.9434233401585,6989.529544408637,0.36711982523645653,13.02,7.106646493400886,421.51019348223565,"ScoreBreakdown(accel=87.76153133710751, skidpad=75.0, autocross=55.418761604178634, endurance=186.99981014106208, efficiency=16.330090399887442)"
[128   5],200,128,5,200,46.08,3.6263688434969197,4.496213348185748,1445.327114378318,6672.701715003149,0.4155129978440664,13.44,6.819636314507458,509.0322957321773,"ScoreBreakdown(accel=100.0, skidpad=75.0, autocross=75.42782129109513, endurance=232.9806326036435, efficiency=25.623841837438725)"
[128   5],205,128,5,205,46.08,3.6441452916822072,4.376067036852291,1453.2589394921156,6715.784753705562,0.41200111557882424,13.44,6.856444301874034,501.9814494465718,"ScoreBreakdown(accel=100.0, skidpad=75.0, autocross=73.61435412500944, endurance=228.81328475670648, efficiency=24.55381056485591)"
[128   5],210,128,5,210,46.08,3.6511095024580413,4.4288669578696584,1450.091492943417,6749.771362813867,0.40924278159545385,13.44,6.886386642714348,504.10632266514136,"ScoreBreakdown(accel=100.0, skidpad=75.0, autocross=74.33615367507842, endurance=230.47198024188168, efficiency=24.29818874818126)"
[128   5],215,128,5,215,46.08,3.637075262504169,4.481046804910079,1454.594798787553,6770.694103809743,0.40737131369557084,13.44,6.906346008357006,500.174870036509,"ScoreBreakdown(accel=100.0, skidpad=75.0, autocross=73.31088018483389, endurance=228.11590159210124, efficiency=23.748088259573898)"
[128   5],220,128,5,220,46.08,3.6619219016776015,4.532621511412529,1462.2620560853466,6792.772100532969,0.4052468518265793,13.44,6.929974862892099,493.71546267591935,"ScoreBreakdown(accel=100.0, skidpad=75.0, autocross=71.57979469308692, endurance=224.1378668463897, efficiency=22.997801136442778)"
[128   5],225,128,5,225,46.08,3.6815379399303936,4.422192708426152,1470.0258921390794,6823.038595341123,0.40218392274016895,13.44,6.9624868762812,487.1443504195315,"ScoreBreakdown(accel=100.0, skidpad=75.0, autocross=69.84530437048407, endurance=220.15200779880993, efficiency=22.1470382502375)"
[128   5],230,128,5,230,46.08,3.692103880388501,4.470852429020283,1467.5921989158585,6851.113651023487,0.3997909799807429,13.44,6.988520362184555,488.7183492767159,"ScoreBreakdown(accel=100.0, skidpad=75.0, autocross=70.38703223421774, endurance=221.39689851906982, efficiency=21.934418523428356)"
[128   5],235,128,5,235,46.08,3.680992183321891,4.518984356243578,1472.038607746651,6878.437375679044,0.3972151453574176,13.44,7.01628030964999,484.85338025371453,"ScoreBreakdown(accel=100.0, skidpad=75.0, autocross=69.39863728627411, endurance=219.12556676558296, efficiency=21.32917620185746)"
[128   5],240,128,5,240,46.08,3.707720844568186,4.56660959939957,1480.8214132561636,6897.833227955383,0.3952916150327294,13.44,7.037153299445497,477.720825567284,"ScoreBreakdown(accel=100.0, skidpad=75.0, autocross=67.46374363651479, endurance=214.67918083912508, efficiency=20.577901091644165)"
[128   5],245,128,5,245,46.08,3.7300323602843406,4.464215027810155,1487.0858896680913,6919.044958185171,0.393142660860649,13.44,7.059605645847951,472.59528580121145,"ScoreBreakdown(accel=100.0, skidpad=75.0, autocross=66.09761448200561, endurance=211.53981581661404, efficiency=19.95785550259184)"
[128   5],250,128,5,250,46.08,3.744515743492414,4.509360168975846,1485.0104212330853,6952.476967508846,0.3904720969959411,13.44,7.08886392533898,473.7942185037762,"ScoreBreakdown(accel=100.0, skidpad=75.0, autocross=66.54894666075276, endurance=212.57697723785725, efficiency=19.66829460516618)"
[128   5],255,128,5,255,46.08,3.736249422103384,4.554058482861819,1495.4229084630033,6975.4926294822435,0.3884321910720956,13.44,7.111005448941346,465.50363173560976,"ScoreBreakdown(accel=100.0, skidpad=75.0, autocross=64.2972666565451, endurance=207.40261621659863, efficiency=18.803748862466037)"
[128   5],260,128,5,260,46.08,3.7685683556247653,4.5983204147764525,1501.1473963538288,7002.562614177781,0.386164629132251,13.44,7.135875913171375,460.82439274622453,"ScoreBreakdown(accel=100.0, skidpad=75.0, autocross=63.072664571845955, endurance=204.5884804238669, efficiency=18.163247750511637)"
[128   5],265,128,5,265,46.08,3.800431217339053,4.642160207225828,1504.890371842335,7027.578694881632,0.38415406879213065,13.44,7.1578442301660425,457.6995404176121,"ScoreBreakdown(accel=100.0, skidpad=75.0, autocross=62.276991789835044, endurance=202.76002423949785, efficiency=17.662524388279206)"
[128   5],270,128,5,270,46.08,3.82946872142071,4.545210326813304,1516.8592319216623,7051.121873848998,0.3818920847277369,13.44,7.181678293875024,447.83829012689756,"ScoreBreakdown(accel=99.36641637168582, skidpad=75.0, autocross=59.75903445345839, endurance=196.97375786497184, efficiency=16.739081436781536)"
[128   5],275,128,5,275,46.08,3.8508227503561585,4.586949823898507,1513.4214089828163,7070.259114358792,0.3803986186005916,13.44,7.198080189114476,448.5888835202818,"ScoreBreakdown(accel=97.7811967647046, skidpad=75.0, autocross=60.47819205079444, endurance=198.62638214233093, efficiency=16.703112562451874)"
[128   5],280,128,5,280,46.08,3.8782795667071923,4.628315144971793,1517.9764017325076,7087.865273342049,0.3789313287754103,13.44,7.2140279311713735,442.9898438735345,"ScoreBreakdown(accel=95.76858873133177, skidpad=75.0, autocross=59.52603515568819, endurance=196.43832544024457, efficiency=16.256894546269955)"
[128   5],285,128,5,285,46.08,3.906724326227902,4.669313121469187,1521.953291830705,7102.363417460491,0.3777920424582655,13.44,7.226170774589411,437.83168465867743,"ScoreBreakdown(accel=93.71339838354871, skidpad=75.0, autocross=58.699382690879276, endurance=194.53867793969312, efficiency=15.880225644556338)"
[128   5],290,128,5,290,46.08,3.935079819301123,4.579187861615182,1533.1979852611125,7120.734020771795,0.37591620621439786,13.44,7.246082726888013,427.3824202015207,"ScoreBreakdown(accel=91.69422991893049, skidpad=75.0, autocross=56.38522059761773, endurance=189.22073306747757, efficiency=15.082236617494923)"
[128   5],295,128,5,295,46.08,3.9633417441227863,4.61836203910029,1529.3961368270266,7146.976696401029,0.3737884772188925,13.44,7.269428826635658,427.87110557735497,"ScoreBreakdown(accel=89.7104735538761, skidpad=75.0, autocross=57.16383474480635, endurance=191.0099885062098, efficiency=14.986808772462641)"
[128   5],300,128,5,300,46.08,3.9915058253446176,4.65720733660217,1533.923223175753,7166.882400710217,0.3720813219163671,13.44,7.2879192241068145,422.4096704481027,"ScoreBreakdown(accel=87.76153133710751, skidpad=75.0, autocross=56.23713106650725, endurance=188.88042330054682, efficiency=14.530584743941096)"
[132   5],200,132,5,200,47.519999999999996,3.6263688434969197,4.496213348185748,1443.0037599575078,6801.83000523545,0.4205498853409792,13.86,6.980016030073076,509.2234227317184,"ScoreBreakdown(accel=100.0, skidpad=75.0, autocross=75.96278900488882, endurance=234.2099884982257, efficiency=24.050645228603926)"
[132   5],205,132,5,205,47.519999999999996,3.6441452916822072,4.376067036852291,1451.0985188000136,6836.442998174466,0.4175530051746659,13.86,7.013106420802951,502.1582130127461,"ScoreBreakdown(accel=100.0, skidpad=75.0, autocross=74.10633038464529, endurance=229.94384628253914, efficiency=23.10803634556169)"
[132   5],210,132,5,210,47.519999999999996,3.6511095024580413,4.4288669578696584,1447.8635832363518,6864.4751026224285,0.4149133522059423,13.86,7.043132652690177,504.43348508891756,"ScoreBreakdown(accel=100.0, skidpad=75.0, autocross=74.84574292321781, endurance=231.6430164182023, efficiency=22.944725747497444)"
[132   5],215,132,5,215,47.519999999999996,3.637075262504169,4.481046804910079,1452.2652257249222,6886.186114198777,0.4129563389301814,13.86,7.064874807553004,500.57654071465237,"ScoreBreakdown(accel=100.0, skidpad=75.0, autocross=73.84046324788038, endurance=229.332883558378, efficiency=22.403193908393984)"
[132   5],220,132,5,220,47.519999999999996,3.6619219016776015,4.532621511412529,1459.8685465025244,6912.088005183364,0.4107348777141845,13.86,7.090300983567894,494.11771417317556,"ScoreBreakdown(accel=100.0, skidpad=75.0, autocross=72.11824041201072, endurance=225.37521519733508, efficiency=21.624258563829745)"
[132   5],225,132,5,225,47.519999999999996,3.6815379399303936,4.422192708426152,1467.483963173306,6949.273925097177,0.407483365059385,13.86,7.126001276992268,487.5796022053052,"ScoreBreakdown(accel=100.0, skidpad=75.0, autocross=70.41116669846699, endurance=221.45235952189736, efficiency=20.716075984940833)"
[132   5],230,132,5,230,47.519999999999996,3.692103880388501,4.470852429020283,1464.9097922158946,6982.792538074996,0.4050343043111927,13.86,7.15353775393917,489.21525294089156,"ScoreBreakdown(accel=100.0, skidpad=75.0, autocross=70.98620776408795, endurance=222.77380398559205, efficiency=20.455241191211552)"
[132   5],235,132,5,235,47.519999999999996,3.680992183321891,4.518984356243578,1469.173010711487,7015.8681801494195,0.4023736623901366,13.86,7.183206720853624,485.4301106437307,"ScoreBreakdown(accel=100.0, skidpad=75.0, autocross=70.03494721095113, endurance=220.58780707749932, efficiency=19.807356355280252)"
[132   5],240,132,5,240,47.519999999999996,3.707720844568186,4.56660959939957,1477.9237188690968,7038.007505575077,0.4003770541043306,13.86,7.205531402173093,478.2820528475992,"ScoreBreakdown(accel=100.0, skidpad=75.0, autocross=68.0995774131029, endurance=216.14032696265477, efficiency=19.04214847184155)"
[132   5],245,132,5,245,47.519999999999996,3.7300323602843406,4.464215027810155,1484.1252703032164,7061.108621693083,0.3982477511665415,13.86,7.228610828773067,473.180924237768,"ScoreBreakdown(accel=100.0, skidpad=75.0, autocross=66.74181590943917, endurance=213.02019080316734, efficiency=18.4189175251615)"
[132   5],250,132,5,250,47.519999999999996,3.744515743492414,4.509360168975846,1481.9434467020162,7096.378105385724,0.3955256881992122,13.86,7.259392997899056,474.46049252289026,"ScoreBreakdown(accel=100.0, skidpad=75.0, autocross=67.21820648895213, endurance=214.11493643350568, efficiency=18.127349600432467)"
[132   5],255,132,5,255,47.519999999999996,3.736249422103384,4.554058482861819,1492.3243658804115,7119.48036404209,0.3934917251030075,13.86,7.282237412182019,466.1825170711048,"ScoreBreakdown(accel=100.0, skidpad=75.0, autocross=64.96403646972504, endurance=208.93485335732154, efficiency=17.283627244058245)"
[132   5],260,132,5,260,47.519999999999996,3.7685683556247653,4.5983204147764525,1497.9818383704512,7148.544853558796,0.3911997012074673,13.86,7.308149910291272,461.53211443836346,"ScoreBreakdown(accel=100.0, skidpad=75.0, autocross=63.748694787740156, endurance=206.14199797155538, efficiency=16.641421679067882)"
[132   5],265,132,5,265,47.519999999999996,3.800431217339053,4.642160207225828,1501.6848482692992,7175.410345784132,0.3891546430444037,13.86,7.331238043133992,458.42018409441494,"ScoreBreakdown(accel=100.0, skidpad=75.0, autocross=62.958170447767486, endurance=204.32537290783975, efficiency=16.136640738807703)"
[132   5],270,132,5,270,47.519999999999996,3.82946872142071,4.545210326813304,1513.610752461329,7200.269130907635,0.38689281504178524,13.86,7.355881997525423,448.5621816908271,"ScoreBreakdown(accel=99.36641637168582, skidpad=75.0, autocross=60.438498313226354, endurance=198.53516592684892, efficiency=15.222101079066043)"
[132   5],275,132,5,275,47.519999999999996,3.8508227503561585,4.586949823898507,1510.133446119495,7220.098740664632,0.3854414228626545,13.86,7.372361556721816,449.3503633636234,"ScoreBreakdown(accel=97.7811967647046, skidpad=75.0, autocross=61.169063784181894, endurance=200.21400549966808, efficiency=15.18609731506885)"
[132   5],280,132,5,280,47.519999999999996,3.8782795667071923,4.628315144971793,1514.673729196909,7237.995278303518,0.38399094001252415,13.86,7.38867401907122,443.75728050878087,"ScoreBreakdown(accel=95.76858873133177, skidpad=75.0, autocross=60.215841400787575, endurance=198.02350030531994, efficiency=14.749350071341553)"
[132   5],285,132,5,285,47.519999999999996,3.906724326227902,4.669313121469187,1518.658795610923,7253.733097906432,0.38287234085761435,13.86,7.40101559360732,438.57757632739936,"ScoreBreakdown(accel=93.71339838354871, skidpad=75.0, autocross=59.38388229221398, endurance=196.1116581365218, efficiency=14.368637515114898)"
[132   5],290,132,5,290,47.519999999999996,3.935079819301123,4.579187861615182,1529.9117704972628,7272.487711086045,0.38099649849640693,13.86,7.421668135430735,428.10304848776593,"ScoreBreakdown(accel=91.69422991893049, skidpad=75.0, autocross=57.05800673868066, endurance=190.76679573066843, efficiency=13.584016099486327)"
[132   5],295,132,5,295,47.519999999999996,3.9633417441227863,4.61836203910029,1526.0430266776625,7300.474408778492,0.3788872042431644,13.86,7.445571628358751,428.64122209331975,"ScoreBreakdown(accel=89.7104735538761, skidpad=75.0, autocross=57.85376751390167, endurance=192.59545412344886, efficiency=13.481526902093101)"
[132   5],300,132,5,300,47.519999999999996,3.9915058253446176,4.65720733660217,1530.522970531312,7321.903375198028,0.37719187968876405,13.86,7.464530157590602,423.19709360586864,"ScoreBreakdown(accel=87.76153133710751, skidpad=75.0, autocross=56.93265716769503, endurance=190.4787423958573, efficiency=13.024162705208816)"
[136   5],200,136,5,200,48.96,3.6263688434969197,4.496213348185748,1437.6260795437515,7061.740646144142,0.41097775612319154,14.28,7.290615898356965,510.3801473250077,"ScoreBreakdown(accel=100.0, skidpad=75.0, autocross=77.20766847274061, endurance=237.0707217207887, efficiency=21.101757131478454)"
[136   5],205,136,5,205,48.96,3.6441452916822072,4.376067036852291,1447.3812282048923,7035.6355708891715,0.41376699228781444,14.28,7.2644131182832075,502.69278704069245,"ScoreBreakdown(accel=100.0, skidpad=75.0, autocross=74.95627846709841, endurance=231.89702711628144, efficiency=20.839481457312594)"
[136   5],210,136,5,210,48.96,3.6511095024580413,4.4288669578696584,1445.0970341687687,7018.349279954435,0.4151983529125421,14.28,7.25287155914188,504.76888978137447,"ScoreBreakdown(accel=100.0, skidpad=75.0, autocross=75.48072204050747, endurance=233.10219853452307, efficiency=21.185969206343877)"
[136   5],215,136,5,215,48.96,3.637075262504169,4.481046804910079,1449.879721136739,7028.7651278967,0.4152496872343013,14.28,7.254349629826634,500.7431585682753,"ScoreBreakdown(accel=100.0, skidpad=75.0, autocross=74.38452483273932, endurance=230.58313717016898, efficiency=20.775496565367003)"
[136   5],220,136,5,220,48.96,3.6619219016776015,4.532621511412529,1457.6174587202145,7052.491775643479,0.4139844253976176,14.28,7.270473693340629,494.2040593401142,"ScoreBreakdown(accel=100.0, skidpad=75.0, autocross=72.62626044442705, endurance=226.54264531566537, efficiency=20.035153580021817)"
[136   5],225,136,5,225,48.96,3.6815379399303936,4.422192708426152,1465.2772586831609,7090.668072024429,0.41145342901024207,14.28,7.299668553414386,487.62655977293014,"ScoreBreakdown(accel=100.0, skidpad=75.0, autocross=70.90399623179673, endurance=222.58488187081952, efficiency=19.137681670313917)"
[136   5],230,136,5,230,48.96,3.692103880388501,4.470852429020283,1462.5821376604442,7127.5321095602185,0.4092383124327263,14.28,7.325733925195521,489.33816896356547,"ScoreBreakdown(accel=100.0, skidpad=75.0, autocross=71.5079224962408, endurance=223.97270452617664, efficiency=18.857541941148053)"
[136   5],235,136,5,235,48.96,3.680992183321891,4.518984356243578,1466.789910268726,7159.529028006165,0.4068157186552142,14.28,7.3539043827495485,485.619213151761,"ScoreBreakdown(accel=100.0, skidpad=75.0, autocross=70.56601163853968, endurance=221.80819321973817, efficiency=18.24500829348317)"
[136   5],240,136,5,240,48.96,3.707720844568186,4.56660959939957,1475.5508629162425,7182.671592516276,0.4049268247299619,14.28,7.375846288664369,478.4494836193719,"ScoreBreakdown(accel=100.0, skidpad=75.0, autocross=68.62210700589449, endurance=217.34110005312166, efficiency=17.48627656035574)"
[136   5],245,136,5,245,48.96,3.7300323602843406,4.464215027810155,1481.7157585373714,7206.728549533825,0.4027809122057501,14.28,7.399952275809461,473.3680062449792,"ScoreBreakdown(accel=100.0, skidpad=75.0, autocross=67.26800193718657, endurance=214.22936638176608, efficiency=16.870637926026493)"
[136   5],250,136,5,250,48.96,3.744515743492414,4.509360168975846,1479.475683338852,7240.260160129978,0.40013641408155404,14.28,7.431071974671483,474.7313640651638,"ScoreBreakdown(accel=100.0, skidpad=75.0, autocross=67.75872400252535, endurance=215.35704576889734, efficiency=16.61559429374106)"
[136   5],255,136,5,255,48.96,3.736249422103384,4.554058482861819,1489.8463786035181,7263.515345917585,0.3980943891140378,14.28,7.454778641949728,466.4544531679467,"ScoreBreakdown(accel=100.0, skidpad=75.0, autocross=65.49926600718723, endurance=210.1648109227374, efficiency=15.790376238022114)"
[136   5],260,136,5,260,48.96,3.7685683556247653,4.5983204147764525,1495.5024880961032,7292.198816993601,0.395814566541524,14.28,7.481467008998589,461.8135760784264,"ScoreBreakdown(accel=100.0, skidpad=75.0, autocross=64.28017845005415, endurance=207.36334751526246, efficiency=15.170050113109795)"
[136   5],265,136,5,265,48.96,3.800431217339053,4.642160207225828,1499.1841934572778,7319.8087638470015,0.39377923207266274,14.28,7.505287467241796,458.7157246514305,"ScoreBreakdown(accel=100.0, skidpad=75.0, autocross=63.491585998880986, endurance=205.55116193232698, efficiency=14.672976720222564)"
[136   5],270,136,5,270,48.96,3.82946872142071,4.545210326813304,1511.0975617933414,7345.462800046003,0.3914677960387545,14.28,7.531377415554511,448.85179268732287,"ScoreBreakdown(accel=99.36641637168582, skidpad=75.0, autocross=60.966170798888506, endurance=199.747757385981, efficiency=13.77144813076752)"
[136   5],275,136,5,275,48.96,3.8508227503561585,4.586949823898507,1507.5918039954602,7364.661999062371,0.39006919489888764,14.28,7.5478326426959965,449.6812474172427,"ScoreBreakdown(accel=97.7811967647046, skidpad=75.0, autocross=61.70518257039168, endurance=201.44600655885262, efficiency=13.748861523293783)"
[136   5],280,136,5,280,48.96,3.8782795667071923,4.628315144971793,1512.1301977967998,7383.398252089989,0.38862797845890773,14.28,7.564596121426826,444.08134337986917,"ScoreBreakdown(accel=95.76858873133177, skidpad=75.0, autocross=60.74914503594401, endurance=199.2490321469195, efficiency=13.314577465673878)"
[136   5],285,136,5,285,48.96,3.906724326227902,4.669313121469187,1516.1048903290307,7399.300319020705,0.38750311616241184,14.28,7.57745233789528,438.9082145202671,"ScoreBreakdown(accel=93.71339838354871, skidpad=75.0, autocross=59.91655573873007, endurance=197.33574180452152, efficiency=12.942518593466792)"
[136   5],290,136,5,290,48.96,3.935079819301123,4.579187861615182,1527.3404495772195,7420.123258920311,0.3855372846069002,14.28,7.599752325088232,428.4162620577435,"ScoreBreakdown(accel=91.69422991893049, skidpad=75.0, autocross=57.58645170297862, endurance=191.9811623458331, efficiency=12.154418090001284)"
[136   5],295,136,5,295,48.96,3.9633417441227863,4.61836203910029,1523.4428932910428,7447.917608409886,0.38344505637944865,14.28,7.624313030224463,428.9944471667749,"ScoreBreakdown(accel=89.7104735538761, skidpad=75.0, autocross=58.3908591507821, endurance=193.82969079363488, efficiency=12.063423668481814)"
[136   5],300,136,5,300,48.96,3.9915058253446176,4.65720733660217,1527.8933097596698,7469.382551222744,0.381780022563329,14.28,7.643586591787227,423.5734288594648,"ScoreBreakdown(accel=87.76153133710751, skidpad=75.0, autocross=57.472680552459934, endurance=191.71971622316573, efficiency=11.61950074673165)"
[140   5],200,140,5,200,50.4,3.6263688434969197,4.496213348185748,1437.6420307230892,7099.441488566007,0.4258657935560563,14.7,7.3419375316759385,509.9109915744071,"ScoreBreakdown(accel=100.0, skidpad=75.0, autocross=77.20396216212083, endurance=237.0622046183728, efficiency=20.644824793913482)"
[140   5],205,140,5,205,50.4,3.6441452916822072,4.376067036852291,1445.0223150488362,7170.996888333853,0.41784047155876086,14.7,7.4324504187336835,503.0002955574399,"ScoreBreakdown(accel=100.0, skidpad=75.0, autocross=75.49790531408067, endurance=233.14168570002983, efficiency=19.36070454332949)"
[140   5],210,140,5,210,50.4,3.6511095024580413,4.4288669578696584,1440.950177509743,7219.728806204514,0.4110444732344055,14.7,7.510232391812023,505.7659840739463,"ScoreBreakdown(accel=100.0, skidpad=75.0, autocross=76.43707623992637, endurance=235.29990064261244, efficiency=19.029007191407512)"
[140   5],215,140,5,215,50.4,3.637075262504169,4.481046804910079,1444.7656508289601,7276.721070174233,0.4058951849610093,14.7,7.568487338047598,501.98746842664406,"ScoreBreakdown(accel=100.0, skidpad=75.0, autocross=75.55694432712674, endurance=233.27735736175285, efficiency=18.153166737764465)"
[140   5],220,140,5,220,50.4,3.6619219016776015,4.532621511412529,1452.086113090263,7330.468854743079,0.4019663788438135,14.7,7.613920684764824,495.43811810725845,"ScoreBreakdown(accel=100.0, skidpad=75.0, autocross=73.88125136256893, endurance=229.4266146526635, efficiency=17.130252092026)"
[140   5],225,140,5,225,50.4,3.6815379399303936,4.422192708426152,1459.8511386498672,7378.188394541955,0.3991549985629557,14.7,7.647006753789419,488.6741905204485,"ScoreBreakdown(accel=100.0, skidpad=75.0, autocross=72.1221629629993, endurance=225.38422922015423, efficiency=16.167798337294965)"
[140   5],230,140,5,230,50.4,3.692103880388501,4.470852429020283,1457.7704117317214,7397.340727132304,0.39988655616376845,14.7,7.6421384670750445,490.1283774234577,"ScoreBreakdown(accel=100.0, skidpad=75.0, autocross=72.59169269861982, endurance=226.46320863009558, efficiency=16.073476094742333)"
[140   5],235,140,5,235,50.4,3.680992183321891,4.518984356243578,1463.2326925934467,7380.9941808086505,0.4027087154461939,14.7,7.614359761440251,485.9492498252562,"ScoreBreakdown(accel=100.0, skidpad=75.0, autocross=71.36194159739313, endurance=223.6372403965337, efficiency=15.950067831329278)"
[140   5],240,140,5,240,50.4,3.707720844568186,4.56660959939957,1472.4617899791115,7387.74219341384,0.4027388190178539,14.7,7.616098959793052,478.5858896927581,"ScoreBreakdown(accel=100.0, skidpad=75.0, autocross=69.30487894594485, endurance=218.91011008403348, efficiency=15.370900662779786)"
[140   5],245,140,5,245,50.4,3.7300323602843406,4.464215027810155,1478.8577645755188,7401.338224986982,0.40180559635558255,14.7,7.627882691228979,473.44081327905013,"ScoreBreakdown(accel=100.0, skidpad=75.0, autocross=67.89434997512475, endurance=215.6687142763128, efficiency=14.87774902761255)"
[140   5],250,140,5,250,50.4,3.744515743492414,4.509360168975846,1476.9168207500527,7418.334176303393,0.4010148760168302,14.7,7.639892933446918,474.7702021644552,"ScoreBreakdown(accel=100.0, skidpad=75.0, autocross=68.32110264191029, endurance=216.6493919750119, efficiency=14.79970754753307)"
[140   5],255,140,5,255,50.4,3.736249422103384,4.554058482861819,1487.3498767874105,7437.307290970188,0.3993383491037049,14.7,7.6604282013066705,466.4884509636471,"ScoreBreakdown(accel=100.0, skidpad=75.0, autocross=66.0402980348245, endurance=211.408102611533, efficiency=14.04005031728957)"
[140   5],260,140,5,260,50.4,3.7685683556247653,4.5983204147764525,1493.1667250640992,7457.407915628026,0.3977987671498466,14.7,7.679872800041967,461.82164509630064,"ScoreBreakdown(accel=100.0, skidpad=75.0, autocross=64.78249681632258, endurance=208.5176752038438, efficiency=13.521473076134258)"
[140   5],265,140,5,265,50.4,3.800431217339053,4.642160207225828,1496.8896546804217,7481.970318883333,0.3962263855668578,14.7,7.6995203742508735,458.73252346031666,"ScoreBreakdown(accel=100.0, skidpad=75.0, autocross=63.98260278579174, endurance=206.67951858967916, efficiency=13.070402084845748)"
[140   5],270,140,5,270,50.4,3.82946872142071,4.545210326813304,1508.8674436193267,7504.684861170007,0.39434148809090097,14.7,7.721812844687634,448.84826119443005,"ScoreBreakdown(accel=99.36641637168582, skidpad=75.0, autocross=61.43588101290048, endurance=200.82715153529568, efficiency=12.218812274548046)"
[140   5],275,140,5,275,50.4,3.8508227503561585,4.586949823898507,1505.3101307092802,7524.2315484879355,0.3927788492191894,14.7,7.740677536169246,449.725016693795,"ScoreBreakdown(accel=97.7811967647046, skidpad=75.0, autocross=62.18800721066332, endurance=202.55553766187626, efficiency=12.20027505655082)"
[140   5],280,140,5,280,50.4,3.8782795667071923,4.628315144971793,1509.8644680954376,7540.856487663193,0.3913780709620481,14.7,7.757582181945958,444.1374438089804,"ScoreBreakdown(accel=95.76858873133177, skidpad=75.0, autocross=61.22571499906211, endurance=200.344190000812, efficiency=11.798950077774549)"
[140   5],285,140,5,285,50.4,3.906724326227902,4.669313121469187,1513.8145280473022,7558.8953885649435,0.3903257390914538,14.7,7.770137413640635,438.9631422448042,"ScoreBreakdown(accel=93.71339838354871, skidpad=75.0, autocross=60.39579013979514, endurance=198.4370225372559, efficiency=11.416931184204461)"
[140   5],290,140,5,290,50.4,3.935079819301123,4.579187861615182,1525.033504214294,7581.390433676659,0.38819183447622363,14.7,7.794982537238545,428.46258588447233,"ScoreBreakdown(accel=91.69422991893049, skidpad=75.0, autocross=58.06208011579509, endurance=193.07415651697733, efficiency=10.63211933276944)"
[140   5],295,140,5,295,50.4,3.9633417441227863,4.61836203910029,1521.0582655293633,7608.0198002381085,0.38610022223531865,14.7,7.820385602992849,429.12543864192037,"ScoreBreakdown(accel=89.7104735538761, skidpad=75.0, autocross=58.88504952966868, endurance=194.96534036587153, efficiency=10.564575192504117)"
[140   5],300,140,5,300,50.4,3.9915058253446176,4.65720733660217,1525.5129228709557,7628.287850731616,0.3845484835431506,14.7,7.839054036681409,423.7164372394224,"ScoreBreakdown(accel=87.76153133710751, skidpad=75.0, autocross=57.96311881966884, endurance=192.84674344214787, efficiency=10.145043640498223)"
[144   5],200,144,5,200,51.83999999999999,3.6263688434969197,4.496213348185748,1438.8477682374112,7085.612988951197,0.4451251932131154,15.12,7.3329756447295145,509.0827935404016,"ScoreBreakdown(accel=100.0, skidpad=75.0, autocross=76.92404283552318, endurance=236.41894995965689, efficiency=20.739800745221533)"
[144   5],205,144,5,205,51.83999999999999,3.6441452916822072,4.376067036852291,1446.2199401548894,7160.278940290471,0.4371509942182952,15.12,7.426431928962322,502.14882146471496,"ScoreBreakdown(accel=100.0, skidpad=75.0, autocross=75.22269943157337, endurance=232.50926253661152, efficiency=19.41685949653006)"
[144   5],210,144,5,210,51.83999999999999,3.6511095024580413,4.4288669578696584,1441.9906182937152,7209.57192770668,0.4304309301649261,15.12,7.506334565047502,505.03043481993916,"ScoreBreakdown(accel=100.0, skidpad=75.0, autocross=76.19661134243529, endurance=234.74731226849468, efficiency=19.086511209009213)"
[144   5],215,144,5,215,51.83999999999999,3.637075262504169,4.481046804910079,1445.7539277366263,7269.653587977577,0.42513878726677756,15.12,7.568370560081809,501.26199739358464,"ScoreBreakdown(accel=100.0, skidpad=75.0, autocross=75.32973163937784, endurance=232.75522256780945, efficiency=18.177043186397388)"
[144   5],220,144,5,220,51.83999999999999,3.6619219016776015,4.532621511412529,1453.0799737461891,7327.224193692352,0.421040626369821,15.12,7.617327733331689,494.67234268348295,"ScoreBreakdown(accel=100.0, skidpad=75.0, autocross=73.6550530665297, endurance=228.9068109310363, efficiency=17.11047868591697)"
[144   5],225,144,5,225,51.83999999999999,3.6815379399303936,4.422192708426152,1460.1641549362746,7408.507557643023,0.41478902672113516,15.12,7.6902698946917605,488.0931278814494,"ScoreBreakdown(accel=100.0, skidpad=75.0, autocross=72.05164457128565, endurance=225.22217794435892, efficiency=15.819305365804858)"
[144   5],230,144,5,230,51.83999999999999,3.692103880388501,4.470852429020283,1456.8265969105335,7482.679077861379,0.41016129410890395,15.12,7.7450346457014865,489.96206982497586,"ScoreBreakdown(accel=100.0, skidpad=75.0, autocross=72.80511289749492, endurance=226.9536482823307, efficiency=15.203308645150255)"
[144   5],235,144,5,235,51.83999999999999,3.680992183321891,4.518984356243578,1460.3760389618926,7552.290723055008,0.4042217066784101,15.12,7.8143360537548165,486.39010038216014,"ScoreBreakdown(accel=100.0, skidpad=75.0, autocross=72.00392708536108, endurance=225.1125231538296, efficiency=14.273650142969393)"
[144   5],240,144,5,240,51.83999999999999,3.707720844568186,4.56660959939957,1468.9077649862377,7595.541486975195,0.4008347728633944,15.12,7.854280993768809,479.1845451487664,"ScoreBreakdown(accel=100.0, skidpad=75.0, autocross=70.09397094014676, endurance=220.72344361693146, efficiency=13.367130591688156)"
[144   5],245,144,5,245,51.83999999999999,3.7300323602843406,4.464215027810155,1474.7497408624697,7635.112835589584,0.39721438029383976,15.12,7.896519329639893,474.20056578981473,"ScoreBreakdown(accel=100.0, skidpad=75.0, autocross=68.79890278591856, endurance=217.74737678479318, efficiency=12.654286219103016)"
[144   5],250,144,5,250,51.83999999999999,3.744515743492414,4.509360168975846,1471.9660396220668,7691.173530883721,0.39232518251713894,15.12,7.954635765907294,475.81257217116706,"ScoreBreakdown(accel=100.0, skidpad=75.0, autocross=69.41472056649253, endurance=219.1625261461792, efficiency=12.235325458495387)"
[144   5],255,144,5,255,51.83999999999999,3.736249422103384,4.554058482861819,1482.1194876032723,7723.032403290045,0.3893335023209662,15.12,7.99046096060668,467.5985685829801,"ScoreBreakdown(accel=100.0, skidpad=75.0, autocross=67.17971679523924, endurance=214.0264871110016, efficiency=11.392364676739236)"
[144   5],260,144,5,260,51.83999999999999,3.7685683556247653,4.5983204147764525,1487.64162090743,7757.907303509256,0.3859326659816197,15.12,8.031154430761969,463.00815731355334,"ScoreBreakdown(accel=100.0, skidpad=75.0, autocross=65.97697869625718, endurance=211.262594761056, efficiency=10.768583856240197)"
[144   5],265,144,5,265,51.83999999999999,3.800431217339053,4.642160207225828,1491.0781425929802,7800.395833223489,0.382595921881677,15.12,8.071032730936874,459.9699214984524,"ScoreBreakdown(accel=100.0, skidpad=75.0, autocross=65.23299043305342, endurance=209.552909609435, efficiency=10.184021455963919)"
[144   5],270,144,5,270,51.83999999999999,3.82946872142071,4.545210326813304,1502.7627712733035,7837.083127999743,0.3791824808477091,15.12,8.110983121407363,450.1465873663358,"ScoreBreakdown(accel=99.36641637168582, skidpad=75.0, autocross=62.728785860259514, endurance=203.79824708789178, efficiency=9.253138046498647)"
[144   5],275,144,5,275,51.83999999999999,3.8508227503561585,4.586949823898507,1499.138618339901,7856.61184722276,0.37752057156489394,15.12,8.131531622784667,451.1037100113765,"ScoreBreakdown(accel=97.7811967647046, skidpad=75.0, autocross=63.50132415492516, endurance=205.57354021652367, efficiency=9.247648875223115)"
[144   5],280,144,5,280,51.83999999999999,3.8782795667071923,4.628315144971793,1503.654652997801,7874.058004509176,0.3756926891455133,15.12,8.153677310897178,445.5323686374899,"ScoreBreakdown(accel=95.76858873133177, skidpad=75.0, autocross=62.539239934017665, endurance=203.36267051810754, efficiency=8.861869454032945)"
[144   5],285,144,5,285,51.83999999999999,3.906724326227902,4.669313121469187,1507.6000981652871,7897.101343496566,0.3744604866102572,15.12,8.168549840962644,440.31371773958233,"ScoreBreakdown(accel=93.71339838354871, skidpad=75.0, autocross=61.703430107951185, endurance=201.4419793998752, efficiency=8.454909848207166)"
[144   5],290,144,5,290,51.83999999999999,3.935079819301123,4.579187861615182,1518.7037321505754,7922.3427581924825,0.3720870700965552,15.12,8.196834093960032,429.84691573369327,"ScoreBreakdown(accel=91.69422991893049, skidpad=75.0, autocross=59.37452582120005, endurance=196.09015696458758, efficiency=7.688003028975188)"
[144   5],295,144,5,295,51.83999999999999,3.9633417441227863,4.61836203910029,1514.653408104101,7948.917820689786,0.3698407355146458,15.12,8.224675784294064,430.6027182678387,"ScoreBreakdown(accel=89.7104735538761, skidpad=75.0, autocross=60.220095037738524, endurance=198.0332751637351, efficiency=7.638874512488921)"
[144   5],300,144,5,300,51.83999999999999,3.9915058253446176,4.65720733660217,1519.1338880619714,7967.636652621577,0.36831770122491,15.12,8.243460600560237,425.1866510075653,"ScoreBreakdown(accel=87.76153133710751, skidpad=75.0, autocross=59.284988828500374, endurance=195.8844009405877, efficiency=7.255729901369712)"
