pack_combo,mass,series,parallel,mass_kg,batt_mass,accel_time,skidpad_time,endur_time,energy_wh,final_soc,pack_energy_kwh,final_energy_kwh,total_points,score_breakdown
[100   2],200,100,2,200,14.399999999999999,3.6263688434969197,4.496213348185748,1624.3641836393742,3110.732621558181,0.040649821275576814,3.6,3.139909713253027,470.3834711258976,"ScoreBreakdown(accel=100.0, skidpad=75.0, autocross=38.80606863709853, endurance=148.82383896115903, efficiency=107.75356352764001)"
[100   2],205,100,2,205,14.399999999999999,3.6441452916822072,4.376067036852291,1631.9450407277677,3118.003804768382,0.03757428481509258,3.6,3.147078855729022,464.6523859103907,"ScoreBreakdown(accel=100.0, skidpad=75.0, autocross=37.43273804072223, endurance=145.66792502404894, efficiency=106.55172284561951)"
[100   2],210,100,2,210,14.399999999999999,3.6511095024580413,4.4288669578696584,1625.7526726981216,3119.8969276066546,0.036995746640073816,3.6,3.1484359916270948,468.8970886711346,"ScoreBreakdown(accel=100.0, skidpad=75.0, autocross=38.55357508019768, endurance=148.2436087257326, efficiency=107.09990486520431)"
[100   2],215,100,2,215,14.399999999999999,3.637075262504169,4.481046804910079,1633.567045610634,3124.817847885049,0.03493005502061285,3.6,3.153627596360115,463.14545634472415,"ScoreBreakdown(accel=100.0, skidpad=75.0, autocross=37.14055474410573, endurance=144.99648776020592, efficiency=106.00841384041252)"
[100   2],220,100,2,220,14.399999999999999,3.6619219016776015,4.532621511412529,1642.7595278727038,3133.7464546140895,0.03185933363657593,3.6,3.16253151012842,456.2807802611818,"ScoreBreakdown(accel=100.0, skidpad=75.0, autocross=35.49554845693298, endurance=141.21626304081147, efficiency=104.56896876343737)"
[100   2],225,100,2,225,14.399999999999999,3.6815379399303936,4.422192708426152,1649.6975182465026,3142.754799833351,0.028324119206517118,3.6,3.1712085178047404,451.0306592710914,"ScoreBreakdown(accel=100.0, skidpad=75.0, autocross=34.26612612622593, endurance=138.39105032195806, efficiency=103.37348282290739)"
[100   2],230,100,2,230,14.399999999999999,3.692103880388501,4.470852429020283,1644.003584589566,3145.1149639075124,0.027660077170684756,3.6,3.1727790540297836,454.8114637713524,"ScoreBreakdown(accel=100.0, skidpad=75.0, autocross=35.274336220942175, endurance=140.70791728599846, efficiency=103.82921026441176)"
[100   2],235,100,2,235,14.399999999999999,3.680992183321891,4.518984356243578,1651.4774716287357,3153.470475556311,0.02449779870972463,3.6,3.1812594630169597,449.2439810942953,"ScoreBreakdown(accel=100.0, skidpad=75.0, autocross=33.952380721682076, endurance=137.67006333053962, efficiency=102.62153704207363)"
[100   2],240,100,2,240,14.399999999999999,3.707720844568186,4.56660959939957,1660.6515808900842,3159.2842529588206,0.022252760481085376,3.6,3.1871865288347463,442.7149809579377,"ScoreBreakdown(accel=100.0, skidpad=75.0, autocross=32.34596313049165, endurance=133.9785154408808, efficiency=101.39050238656529)"
[100   2],245,100,2,245,14.399999999999999,3.7300323602843406,4.464215027810155,1667.5337325094804,3166.188792860716,0.019381088420481703,3.6,3.194120953164677,437.7322815484009,"ScoreBreakdown(accel=100.0, skidpad=75.0, autocross=31.15247857023677, endurance=131.235887724457, efficiency=100.34391525370708)"
[100   2],250,100,2,250,14.399999999999999,3.744515743492414,4.509360168975846,1662.7808229780283,3171.7347296000576,0.017791443210019107,3.6,3.1984708902014893,440.6295566736525,"ScoreBreakdown(accel=100.0, skidpad=75.0, autocross=31.975660129348093, endurance=133.12755908314261, efficiency=100.52633746116179)"
[100   2],255,100,2,255,14.399999999999999,3.736249422103384,4.554058482861819,1673.155123118728,3179.489405848582,0.014872636828822564,3.6,3.206338226596771,433.2981680873697,"ScoreBreakdown(accel=100.0, skidpad=75.0, autocross=30.18491691605272, endurance=129.0124308834678, efficiency=99.10082028784916)"
[100   2],260,100,2,260,14.399999999999999,3.7685683556247653,4.5983204147764525,1681.7377114503192,3189.3652867049927,0.011400092538119235,3.6,3.2161870621437676,427.12626287262475,"ScoreBreakdown(accel=100.0, skidpad=75.0, autocross=28.720146596179347, endurance=125.6463884466713, efficiency=97.75972782977412)"
[100   2],265,100,2,265,14.399999999999999,3.800431217339053,4.642160207225828,1685.5751220870472,3196.1287781360384,0.009161375886741327,3.6,3.2224518043150443,424.2690963884912,"ScoreBreakdown(accel=100.0, skidpad=75.0, autocross=28.07005040830997, endurance=124.15246729966367, efficiency=97.04657868051757)"
[100   2],270,100,2,270,14.399999999999999,3.82946872142071,4.545210326813304,1698.7535854942487,3205.6598645628424,0.005420474292635967,3.6,3.232009202265364,414.61361264922454,"ScoreBreakdown(accel=99.36641637168582, skidpad=75.0, autocross=25.859848264050964, endurance=119.0734224074121, efficiency=95.31392560607564)"
[100   2],275,100,2,275,14.399999999999999,3.8508227503561585,4.586949823898507,1691.82364726554,3206.622485817742,0.005340491779557973,3.6,3.2321290615355367,417.4547620156188,"ScoreBreakdown(accel=97.7811967647046, skidpad=75.0, autocross=27.01779772841347, endurance=121.73439046761078, efficiency=95.92137705488994)"
[100   2],280,100,2,280,14.399999999999999,3.8782795667071923,4.628315144971793,1698.9409249247549,3212.0501673539075,0.0033146006351546164,3.6,3.237671930059541,410.5768900652687,"ScoreBreakdown(accel=95.76858873133177, skidpad=75.0, autocross=25.82867615037033, endurance=119.00178888502975, efficiency=94.97783629853681)"
[100   2],285,100,2,285,14.399999999999999,3.906724326227902,4.669313121469187,1702.6131292463567,3215.5852981943785,0.002115955333486789,3.6,3.2407904545521062,405.99131306229884,"ScoreBreakdown(accel=93.71339838354871, skidpad=75.0, autocross=25.21902934632024, endurance=117.60082042871407, efficiency=94.45806490371582)"
[100   2],290,100,2,290,14.399999999999999,3.935079819301123,4.579187861615182,1715.2166292247389,3220.8333411193876,0.0,3.6,3.2460187889670236,395.7094141409001,"ScoreBreakdown(accel=91.69422991893049, skidpad=75.0, autocross=23.14649408379634, endurance=112.83813405340871, efficiency=93.03055608476457)"
[100   2],295,100,2,295,14.399999999999999,3.9633417441227863,4.61836203910029,1709.1743222699627,3220.918897067624,0.0,3.6,3.2458691321971163,397.5436206770539,"ScoreBreakdown(accel=89.7104735538761, skidpad=75.0, autocross=24.13628432131451, endurance=115.1126721825681, efficiency=93.5841906192952)"
[100   2],300,100,2,300,14.399999999999999,3.9915058253446176,4.65720733660217,1716.8612578244097,3220.7871598343463,0.0,3.6,3.2455382657997216,390.74329467959416,"ScoreBreakdown(accel=87.76153133710751, skidpad=75.0, autocross=22.878293709769334, endurance=112.22180954963393, efficiency=92.88166008308336)"
[104   2],200,104,2,200,14.975999999999999,3.6263688434969197,4.496213348185748,1614.8303850041698,3223.849179407116,0.046260778953813995,3.744,3.254510078557545,471.06945842482696,"ScoreBreakdown(accel=100.0, skidpad=75.0, autocross=40.55149438161786, endurance=152.834827610108, efficiency=102.68313643310111)"
[104   2],205,104,2,205,14.975999999999999,3.6441452916822072,4.376067036852291,1622.477113455249,3231.9088821632654,0.04307531114635818,3.744,3.262416142283435,465.2422760913981,"ScoreBreakdown(accel=100.0, skidpad=75.0, autocross=39.1499208221829, endurance=149.6140113392281, efficiency=101.47834392998703)"
[104   2],210,104,2,210,14.975999999999999,3.6511095024580413,4.4288669578696584,1616.382149919782,3234.303959513407,0.0423712529517334,3.744,3.264283736931821,469.42638746923336,"ScoreBreakdown(accel=100.0, skidpad=75.0, autocross=40.26599794619487, endurance=152.17875675439115, efficiency=101.98163276864734)"
[104   2],215,104,2,215,14.975999999999999,3.637075262504169,4.481046804910079,1624.055226710165,3240.0396271900413,0.04019444840346814,3.744,3.2701096014439153,463.71542228232835,"ScoreBreakdown(accel=100.0, skidpad=75.0, autocross=38.86231046944741, endurance=148.95308270117837, efficiency=100.90002911170258)"
[104   2],220,104,2,220,14.975999999999999,3.6619219016776015,4.532621511412529,1633.2092524751433,3249.4631233517634,0.03709372520169395,3.744,3.2794976470651775,456.84319241474645,"ScoreBreakdown(accel=100.0, skidpad=75.0, autocross=37.204956680972195, endurance=145.14448342175308, efficiency=99.49375231202114)"
[104   2],225,104,2,225,14.975999999999999,3.6815379399303936,4.422192708426152,1640.3031529562354,3258.837889553563,0.03350643241532964,3.744,3.288633502677135,451.4684583477812,"ScoreBreakdown(accel=100.0, skidpad=75.0, autocross=35.933314690141, endurance=142.22224991696692, efficiency=98.31289374067332)"
[104   2],230,104,2,230,14.975999999999999,3.692103880388501,4.470852429020283,1634.6759746296916,3261.3796538090105,0.03289289066451143,3.744,3.290220712245973,455.2260734784161,"ScoreBreakdown(accel=100.0, skidpad=75.0, autocross=36.94112918185749, endurance=144.53820778524866, efficiency=98.74673651130993)"
[104   2],235,104,2,235,14.975999999999999,3.680992183321891,4.518984356243578,1642.074525952064,3269.99719449921,0.02971868648393294,3.744,3.299215748520087,449.6950438396608,"ScoreBreakdown(accel=100.0, skidpad=75.0, autocross=35.61749532494663, endurance=141.4964969636314, efficiency=97.5810515510828)"
[104   2],240,104,2,240,14.975999999999999,3.707720844568186,4.56660959939957,1651.1075859619132,3276.2211233463936,0.02744554200680796,3.744,3.3055898463019853,443.2234318421046,"ScoreBreakdown(accel=100.0, skidpad=75.0, autocross=34.017523337863004, endurance=137.81976107327358, efficiency=96.38614743096804)"
[104   2],245,104,2,245,14.975999999999999,3.7300323602843406,4.464215027810155,1657.9747624032877,3284.135698817677,0.024411576822460073,3.744,3.31341426518571,438.19617962054195,"ScoreBreakdown(accel=100.0, skidpad=75.0, autocross=32.81284628476301, endurance=135.051413006445, efficiency=95.33192032933395)"
[104   2],250,104,2,250,14.975999999999999,3.744515743492414,4.509360168975846,1653.3317746445216,3290.276171857086,0.02276531788158634,3.744,3.3180562406892484,441.02875412810533,"ScoreBreakdown(accel=100.0, skidpad=75.0, autocross=33.626248462695095, endurance=136.92061134556684, efficiency=95.48189431984338)"
[104   2],255,104,2,255,14.975999999999999,3.736249422103384,4.554058482861819,1663.6062738139801,3298.666140236662,0.01977780924554447,3.744,3.326600689576955,433.7177545339147,"ScoreBreakdown(accel=100.0, skidpad=75.0, autocross=31.832358418578686, endurance=132.79825172814583, efficiency=94.08714438719016)"
[104   2],260,104,2,260,14.975999999999999,3.7685683556247653,4.5983204147764525,1672.0921187136967,3309.0964972357997,0.01619587246683231,3.744,3.3373177838252266,427.58193373747537,"ScoreBreakdown(accel=100.0, skidpad=75.0, autocross=30.36738393501936, endurance=129.43174012316535, efficiency=92.78280967929066)"
[104   2],265,104,2,265,14.975999999999999,3.800431217339053,4.642160207225828,1675.8890879777969,3316.4434029405884,0.01383745621083526,3.744,3.344308116137762,424.7307719647673,"ScoreBreakdown(accel=100.0, skidpad=75.0, autocross=29.716689146254293, endurance=127.93644339120057, efficiency=92.0776394273125)"
[104   2],270,104,2,270,14.975999999999999,3.82946872142071,4.545210326813304,1688.9307363521123,3326.591532256286,0.010010298945484353,3.744,3.354594071018924,415.113846929523,"ScoreBreakdown(accel=99.36641637168582, skidpad=75.0, autocross=27.503996491431426, endurance=122.85167530526212, efficiency=90.39175876114359)"
[104   2],275,104,2,275,14.975999999999999,3.8508227503561585,4.586949823898507,1682.0364288240237,3327.7575488512725,0.009903802102946961,3.744,3.3548519974405866,417.953606429669,"ScoreBreakdown(accel=97.7811967647046, skidpad=75.0, autocross=28.669434385602308, endurance=125.5298517783964, efficiency=90.97312350096568)"
[104   2],280,104,2,280,14.975999999999999,3.8782795667071923,4.628315144971793,1689.1227144061083,3334.0480831982372,0.007713020384004481,3.744,3.3612295195762574,411.044839409688,"ScoreBreakdown(accel=95.76858873133177, skidpad=75.0, autocross=27.47167999554118, endurance=122.77741199237332, efficiency=90.02715869044171)"
[104   2],285,104,2,285,14.975999999999999,3.906724326227902,4.669313121469187,1692.7520448124587,3338.0064457667754,0.006398385695862289,3.744,3.3649043925177007,406.46426861287586,"ScoreBreakdown(accel=93.71339838354871, skidpad=75.0, autocross=26.86211828642117, endurance=121.37663908422098, efficiency=89.51211285868497)"
[104   2],290,104,2,290,14.975999999999999,3.935079819301123,4.579187861615182,1705.061683952475,3346.5971841126575,0.0032096858186637855,3.744,3.3734725165735475,396.1833990118298,"ScoreBreakdown(accel=91.69422991893049, skidpad=75.0, autocross=24.813987906171196, endurance=116.6700351324086, efficiency=88.00514605431951)"
[104   2],295,104,2,295,14.975999999999999,3.9633417441227863,4.61836203910029,1698.6694953421872,3351.0248670995697,0.0017993406348592808,3.744,3.3775905553800847,398.06731175672456,"ScoreBreakdown(accel=89.7104735538761, skidpad=75.0, autocross=25.873842577066178, endurance=119.10558134103051, efficiency=88.37741428475177)"
[104   2],300,104,2,300,14.975999999999999,3.9915058253446176,4.65720733660217,1705.4748864016428,3356.387868212321,0.0,3.744,3.3827967437215944,391.5431138747475,"ScoreBreakdown(accel=87.76153133710751, skidpad=75.0, autocross=24.745750394223297, endurance=116.51322531869123, efficiency=87.52260682472546)"
[108   2],200,108,2,200,15.552,3.6263688434969197,4.496213348185748,1605.6123519635885,3335.486165140152,0.05177381792227317,3.888,3.3679872175268777,472.02499236196843,"ScoreBreakdown(accel=100.0, skidpad=75.0, autocross=42.25882004107205, endurance=156.75826225728946, efficiency=98.00791006360694)"
[108   2],205,108,2,205,15.552,3.6441452916822072,4.376067036852291,1613.290948951099,3344.3498407988022,0.04844163645348423,3.888,3.376742463926212,466.12602831945213,"ScoreBreakdown(accel=100.0, skidpad=75.0, autocross=40.83526522017505, endurance=153.48693304394249, efficiency=96.80383005533456)"
[108   2],210,108,2,210,15.552,3.6511095024580413,4.4288669578696584,1607.3371491830255,3347.1346991797895,0.04763285379459378,3.888,3.3790171457056037,470.2259695255741,"ScoreBreakdown(accel=100.0, skidpad=75.0, autocross=41.93787100137751, endurance=156.020721311106, efficiency=97.26737721309055)"
[108   2],215,108,2,215,15.552,3.637075262504169,4.481046804910079,1614.858624227474,3353.1267174792306,0.04541740019781687,3.888,3.3852182813319707,464.59365512562323,"ScoreBreakdown(accel=100.0, skidpad=75.0, autocross=40.54629397804622, endurance=152.82287708184214, efficiency=96.22448406573487)"
[108   2],220,108,2,220,15.552,3.6619219016776015,4.532621511412529,1623.9716243524895,3362.7914771340647,0.04229355812274549,3.888,3.395045750000173,457.7265909792654,"ScoreBreakdown(accel=100.0, skidpad=75.0, autocross=38.87753293553341, endurance=148.98806393075608, efficiency=94.86099411297592)"
[108   2],225,108,2,225,15.552,3.6815379399303936,4.422192708426152,1631.0493887330572,3373.110123301263,0.0386422182384306,3.888,3.404985916697519,452.3157097194988,"ScoreBreakdown(accel=100.0, skidpad=75.0, autocross=37.59432725783752, endurance=146.03925707164666, efficiency=93.6821253900146)"
[108   2],230,108,2,230,15.552,3.692103880388501,4.470852429020283,1625.5215900059368,3376.1239902013754,0.03794809270581943,3.888,3.406929047924723,456.0146911488388,"ScoreBreakdown(accel=100.0, skidpad=75.0, autocross=38.59556701832516, endurance=148.34010620647922, efficiency=94.07901792403439)"
[108   2],235,108,2,235,15.552,3.680992183321891,4.518984356243578,1632.8432888562481,3385.189967277598,0.03476887490938374,3.888,3.4163186232747695,450.5100477879509,"ScoreBreakdown(accel=100.0, skidpad=75.0, autocross=37.27085848394479, endurance=145.2959257758598, efficiency=92.9432635281463)"
[108   2],240,108,2,240,15.552,3.707720844568186,4.56660959939957,1641.8634243214606,3391.6936112106623,0.03250615520198361,3.888,3.422911923718327,444.0140971285053,"ScoreBreakdown(accel=100.0, skidpad=75.0, autocross=35.65509701939121, endurance=141.58290566367037, efficiency=91.77609444544369)"
[108   2],245,108,2,245,15.552,3.7300323602843406,4.464215027810155,1648.7794649130738,3400.0853881542575,0.02936919648448469,3.888,3.431452156942591,438.9264607019653,"ScoreBreakdown(accel=100.0, skidpad=75.0, autocross=34.42821258763772, endurance=138.7635250370311, efficiency=90.73472307729651)"
[108   2],250,108,2,250,15.552,3.744515743492414,4.509360168975846,1644.1205403168224,3406.7562717367186,0.02768355141971179,3.888,3.436569107146848,441.78373182807314,"ScoreBreakdown(accel=100.0, skidpad=75.0, autocross=35.25355692642442, endurance=140.6601664637675, efficiency=90.8700084378812)"
[108   2],255,108,2,255,15.552,3.736249422103384,4.554058482861819,1654.4784273499015,3415.687247047854,0.02460235289258514,3.888,3.4457013825165292,434.37421879610815,"ScoreBreakdown(accel=100.0, skidpad=75.0, autocross=33.42494256485798, endurance=136.4580103591159, efficiency=89.49126587213424)"
[108   2],260,108,2,260,15.552,3.7685683556247653,4.5983204147764525,1662.8452792065732,3426.9269384346135,0.020932724426176125,3.888,3.45710396090327,428.2780169881088,"ScoreBreakdown(accel=100.0, skidpad=75.0, autocross=31.96446513801527, endurance=133.1018329912124, efficiency=88.21171885888111)"
[108   2],265,108,2,265,15.552,3.800431217339053,4.642160207225828,1666.7067913186254,3434.7304231374897,0.018505748991755513,3.888,3.4646146665727673,425.3701490038372,"ScoreBreakdown(accel=100.0, skidpad=75.0, autocross=31.295363528458108, endurance=131.56423738202983, efficiency=87.51054809334924)"
[108   2],270,108,2,270,15.552,3.82946872142071,4.545210326813304,1679.6283793685757,3445.8207825699747,0.014587631993896068,3.888,3.4756990621471973,415.7683879329305,"ScoreBreakdown(accel=99.36641637168582, skidpad=75.0, autocross=29.0787539665164, endurance=126.47046824288587, efficiency=85.85274935184243)"
[108   2],275,108,2,275,15.552,3.8508227503561585,4.586949823898507,1672.9176089728187,3447.2564800419736,0.014414135632557126,3.888,3.4761986147066675,418.5068956528641,"ScoreBreakdown(accel=97.7811967647046, skidpad=75.0, autocross=30.225666618370777, endurance=129.10607370611962, efficiency=86.39395856366913)"
[108   2],280,108,2,280,15.552,3.8782795667071923,4.628315144971793,1679.8851537809076,3453.947904265888,0.012190880737183085,3.888,3.4829579048709913,411.6490599110579,"ScoreBreakdown(accel=95.76858873133177, skidpad=75.0, autocross=29.035051628871578, endurance=126.37004026376617, efficiency=85.4753792870884)"
[108   2],285,108,2,285,15.552,3.906724326227902,4.669313121469187,1683.585732061151,3458.6819732816252,0.01076105217660093,3.888,3.4871595843316068,406.98615489478055,"ScoreBreakdown(accel=93.71339838354871, skidpad=75.0, autocross=28.406703267244488, endurance=124.92609562505214, efficiency=84.93995761893522)"
[108   2],290,108,2,290,15.552,3.935079819301123,4.579187861615182,1695.795063543985,3467.42899173867,0.007627509479835838,3.888,3.496069461781327,396.74124022036034,"ScoreBreakdown(accel=91.69422991893049, skidpad=75.0, autocross=26.353041103755242, endurance=120.20677963444295, efficiency=83.48718956323165)"
[108   2],295,108,2,295,15.552,3.9633417441227863,4.61836203910029,1689.3921321736025,3472.5970602506977,0.006148620056155457,3.888,3.500655443890507,398.63763958016716,"ScoreBreakdown(accel=89.7104735538761, skidpad=75.0, autocross=27.426340124163985, endurance=122.67322096046608, efficiency=83.82760494166101)"
[108   2],300,108,2,300,15.552,3.9915058253446176,4.65720733660217,1696.1564970791126,3479.9240852220596,0.003785139943433719,3.888,3.5078131242206587,392.04573279758887,"ScoreBreakdown(accel=87.76153133710751, skidpad=75.0, autocross=26.29269699483071, endurance=120.06810886217596, efficiency=82.92339560347473)"
[112   2],200,112,2,200,16.128,3.6263688434969197,4.496213348185748,1596.8588178108228,3445.765038498629,0.05724699181897581,4.032,3.4801333632220017,473.0865094608722,"ScoreBreakdown(accel=100.0, skidpad=75.0, autocross=43.89835971119536, endurance=160.5259246898022, efficiency=93.66222505987471)"
[112   2],205,112,2,205,16.128,3.6441452916822072,4.376067036852291,1604.5627835867278,3455.328213094365,0.05383280902471005,4.032,3.48954082801231,467.1275106733864,"ScoreBreakdown(accel=100.0, skidpad=75.0, autocross=42.454460666144534, endurance=157.20784444599215, efficiency=92.46520556124975)"
[112   2],210,112,2,210,16.128,3.6511095024580413,4.4288669578696584,1598.7078152281588,3458.5744840398065,0.05290285218805879,4.032,3.492351115802658,471.17010721618846,"ScoreBreakdown(accel=100.0, skidpad=75.0, autocross=43.550546234302445, endurance=159.72664926250346, efficiency=92.89291171938254)"
[112   2],215,112,2,215,16.128,3.637075262504169,4.481046804910079,1606.0635042341944,3464.8499463931607,0.05067865076123814,4.032,3.498852397095138,465.62660509658144,"ScoreBreakdown(accel=100.0, skidpad=75.0, autocross=42.174803373138595, endurance=156.5651919405134, efficiency=91.88660978292943)"
[112   2],220,112,2,220,16.128,3.6619219016776015,4.532621511412529,1615.2009026897397,3475.0854952430927,0.047472107217594095,4.032,3.509278674461352,458.7029594011685,"ScoreBreakdown(accel=100.0, skidpad=75.0, autocross=40.48327603311081, endurance=152.67806183398085, efficiency=90.54162153407682)"
[112   2],225,112,2,225,16.128,3.6815379399303936,4.422192708426152,1622.3632021343753,3486.5432903707415,0.043828515081173636,4.032,3.519654337620991,453.1803283757122,"ScoreBreakdown(accel=100.0, skidpad=75.0, autocross=39.170702755225385, endurance=149.66176822478934, efficiency=89.3478573956975)"
[112   2],230,112,2,230,16.128,3.692103880388501,4.470852429020283,1616.9307204013835,3489.8726428807577,0.04303511355574995,4.032,3.522054507366205,456.8304488359398,"ScoreBreakdown(accel=100.0, skidpad=75.0, autocross=40.16520208574944, endurance=151.9471278504534, efficiency=89.71811889973695)"
[112   2],235,112,2,235,16.128,3.680992183321891,4.518984356243578,1624.1158085910265,3499.4071021231607,0.03972158597432352,4.032,3.532226524451406,451.3946630949488,"ScoreBreakdown(accel=100.0, skidpad=75.0, autocross=38.85128059204012, endurance=148.92773604107597, efficiency=88.61564646183265)"
[112   2],240,112,2,240,16.128,3.707720844568186,4.56660959939957,1633.1084475543155,3505.927571968321,0.03746964010360967,4.032,3.539057132097878,444.8966702722628,"ScoreBreakdown(accel=100.0, skidpad=75.0, autocross=37.22310642882856, endurance=145.18619154532234, efficiency=87.4873722981119)"
[112   2],245,112,2,245,16.128,3.7300323602843406,4.464215027810155,1640.0703266068722,3515.3502610494493,0.034210819893401245,4.032,3.548391584489744,439.7273469482095,"ScoreBreakdown(accel=100.0, skidpad=75.0, autocross=35.97487619440628, endurance=142.3177582606274, efficiency=86.43471249317588)"
[112   2],250,112,2,250,16.128,3.744515743492414,4.509360168975846,1635.5508737406403,3522.22697754567,0.032516100352085325,4.032,3.5537838408093103,442.517565686146,"ScoreBreakdown(accel=100.0, skidpad=75.0, autocross=36.78398150751694, endurance=144.17708240368037, efficiency=86.55650177494863)"
[112   2],255,112,2,255,16.128,3.736249422103384,4.554058482861819,1645.8845674814456,3531.7468405248674,0.029392537373897756,4.032,3.563459727334952,435.0823784855359,"ScoreBreakdown(accel=100.0, skidpad=75.0, autocross=34.94050386120429, endurance=139.9407704682293, efficiency=85.2011041561023)"
[112   2],260,112,2,260,16.128,3.7685683556247653,4.5983204147764525,1654.0070450387443,3543.2321277419137,0.025762249997276054,4.032,3.575246903112015,429.13670122361333,"ScoreBreakdown(accel=100.0, skidpad=75.0, autocross=33.50766447183881, endurance=136.64810531500933, efficiency=83.98093143676516)"
[112   2],265,112,2,265,16.128,3.800431217339053,4.642160207225828,1657.8820176987767,3551.763908376991,0.023256902738754064,4.032,3.5833324474516988,426.19449527590393,"ScoreBreakdown(accel=100.0, skidpad=75.0, autocross=32.82904957851653, endurance=135.08864817816453, efficiency=83.27679751922287)"
[112   2],270,112,2,270,16.128,3.82946872142071,4.545210326813304,1670.7499993783608,3563.582389764001,0.019303705654905964,4.032,3.5950229257456203,416.57582170949615,"ScoreBreakdown(accel=99.36641637168582, skidpad=75.0, autocross=30.598093278674448, endurance=129.961910232958, efficiency=81.64940182617791)"
[112   2],275,112,2,275,16.128,3.8508227503561585,4.586949823898507,1664.207344975028,3565.3306312926056,0.019032396356975925,4.032,3.5959104858069337,419.2208982076843,"ScoreBreakdown(accel=97.7811967647046, skidpad=75.0, autocross=31.728099401203302, endurance=132.55866448901156, efficiency=82.15293755276483)"
[112   2],280,112,2,280,16.128,3.8782795667071923,4.628315144971793,1670.9903850258465,3572.7760065781267,0.016700455215366627,4.032,3.603306114760326,412.4438563845823,"ScoreBreakdown(accel=95.76858873133177, skidpad=75.0, autocross=30.55674391472049, endurance=129.86688938776825, efficiency=81.2516343507618)"
[112   2],285,112,2,285,16.128,3.906724326227902,4.669313121469187,1674.7893619137596,3577.4706098602023,0.01523428107500202,4.032,3.6077776104093218,407.7163220329273,"ScoreBreakdown(accel=93.71339838354871, skidpad=75.0, autocross=29.90484804882296, endurance=128.36883258035465, efficiency=80.72924302020095)"
[112   2],290,112,2,290,16.128,3.935079819301123,4.579187861615182,1686.9525413257045,3586.680142096962,0.012051550990015198,4.032,3.617211898702796,397.45886095589157,"ScoreBreakdown(accel=91.69422991893049, skidpad=75.0, autocross=27.837422997454738, endurance=123.61788947112835, efficiency=79.309318568378)"
[112   2],295,112,2,295,16.128,3.9633417441227863,4.61836203910029,1680.6372362013751,3592.562493841169,0.010456734580080106,4.032,3.6224082976772207,399.30758110811814,"ScoreBreakdown(accel=89.7104735538761, skidpad=75.0, autocross=28.90712599312673, endurance=126.07606713171323, efficiency=79.61391442940206)"
[112   2],300,112,2,300,16.128,3.9915058253446176,4.65720733660217,1687.275055939815,3600.4313455729616,0.008020904606866481,4.032,3.6301298925804324,392.76900806950243,"ScoreBreakdown(accel=87.76153133710751, skidpad=75.0, autocross=27.78300953427731, endurance=123.49284732376685, efficiency=78.73161987435077)"
[116   2],200,116,2,200,16.703999999999997,3.6263688434969197,4.496213348185748,1588.8771542629581,3553.388012507823,0.06280862931762425,4.176,3.590363761410139,474.0422494335281,"ScoreBreakdown(accel=100.0, skidpad=75.0, autocross=45.4090738564778, endurance=163.99754604497082, efficiency=89.6356295320795)"
[116   2],205,116,2,205,16.703999999999997,3.6441452916822072,4.376067036852291,1596.6288196557223,3563.680640237255,0.05931532203618534,4.176,3.600471533991379,468.00939626117673,"ScoreBreakdown(accel=100.0, skidpad=75.0, autocross=43.94168082235719, endurance=160.62547661040125, efficiency=88.44223882841828)"
[116   2],210,116,2,210,16.703999999999997,3.6511095024580413,4.4288669578696584,1590.8463847833873,3567.766860014153,0.05828094455870216,4.176,3.6037995129625893,471.9957454944738,"ScoreBreakdown(accel=100.0, skidpad=75.0, autocross=45.03494284137841, endurance=163.1377929105305, efficiency=88.82300974256489)"
[116   2],215,116,2,215,16.703999999999997,3.637075262504169,4.481046804910079,1598.1103152246749,3574.2447606885216,0.05606105989587999,4.176,3.610533946078552,466.4953942114798,"ScoreBreakdown(accel=100.0, skidpad=75.0, autocross=43.66285348079124, endurance=159.98473133346846, efficiency=87.84780939722009)"
[116   2],220,116,2,220,16.703999999999997,3.6619219016776015,4.532621511412529,1607.1900922841212,3585.3070557498413,0.05277466827102824,4.176,3.6216573114574966,459.5661619757977,"ScoreBreakdown(accel=100.0, skidpad=75.0, autocross=41.965208381692584, endurance=156.08354261558148, efficiency=86.51741097852361)"
[116   2],225,116,2,225,16.703999999999997,3.6815379399303936,4.422192708426152,1614.2599483922045,3596.8719212476108,0.04904646193542273,4.176,3.6328101340847825,454.1034734775417,"ScoreBreakdown(accel=100.0, skidpad=75.0, autocross=40.65658228505031, endurance=153.0763196295382, efficiency=85.37057156295319)"
[116   2],230,116,2,230,16.703999999999997,3.692103880388501,4.470852429020283,1608.9421296011815,3600.5052009534934,0.04820870233246994,4.176,3.6354923413348037,457.69046169906306,"ScoreBreakdown(accel=100.0, skidpad=75.0, autocross=41.63983546383772, endurance=155.33583559665553, efficiency=85.71479063856982)"
[116   2],235,116,2,235,16.703999999999997,3.680992183321891,4.518984356243578,1616.0341147475337,3610.745956110861,0.044962567176736995,4.176,3.645923048264441,452.2852699785953,"ScoreBreakdown(accel=100.0, skidpad=75.0, autocross=40.32998237325189, endurance=152.3257929783273, efficiency=84.62949462701607)"
[116   2],240,116,2,240,16.703999999999997,3.707720844568186,4.56660959939957,1625.0519906320155,3617.9043865437343,0.04266317590182115,4.176,3.6531679655265714,445.72373975661196,"ScoreBreakdown(accel=100.0, skidpad=75.0, autocross=38.680938580246334, endurance=148.53629006986284, efficiency=83.50651110650277)"
[116   2],245,116,2,245,16.703999999999997,3.7300323602843406,4.464215027810155,1632.0701236722925,3627.796085395661,0.03936328588946799,4.176,3.6630725800587323,440.4926642492294,"ScoreBreakdown(accel=100.0, skidpad=75.0, autocross=37.41018529243816, endurance=145.61609880477022, efficiency=82.46638015202106)"
[116   2],250,116,2,250,16.703999999999997,3.744515743492414,4.509360168975846,1627.5712477849902,3635.1707488256625,0.0375898712163351,4.176,3.6689968495828107,443.28251015039876,"ScoreBreakdown(accel=100.0, skidpad=75.0, autocross=38.223523002072675, endurance=147.48514899573362, efficiency=82.57383815259247)"
[116   2],255,116,2,255,16.703999999999997,3.736249422103384,4.554058482861819,1637.9395130655832,3645.080306094142,0.034429355574650836,4.176,3.6791182879346276,435.79205525316195,"ScoreBreakdown(accel=100.0, skidpad=75.0, autocross=36.35579361711041, endurance=143.1931065608635, efficiency=81.24315507518804)"
[116   2],260,116,2,260,16.703999999999997,3.7685683556247653,4.5983204147764525,1645.914465250873,3657.029795128999,0.030844400050485592,4.176,3.6912282104099723,429.9247232829442,"ScoreBreakdown(accel=100.0, skidpad=75.0, autocross=34.935203836753715, endurance=139.92859101116724, efficiency=80.06092843502327)"
[116   2],265,116,2,265,16.703999999999997,3.800431217339053,4.642160207225828,1649.856497603217,3666.5406189452647,0.02829152887537846,4.176,3.6997627196560723,426.904788082073,"ScoreBreakdown(accel=100.0, skidpad=75.0, autocross=34.23807592618007, endurance=138.32659095762358, efficiency=79.34012119826942)"
[116   2],270,116,2,270,16.703999999999997,3.82946872142071,4.545210326813304,1662.6553257907883,3678.5373858265407,0.024208732700836094,4.176,3.7123269908504053,417.30600818005905,"ScoreBreakdown(accel=99.36641637168582, skidpad=75.0, autocross=31.997459425790904, endurance=133.17765386996564, efficiency=77.76447851261669)"
[116   2],275,116,2,275,16.703999999999997,3.8508227503561585,4.586949823898507,1656.2759599044539,3680.661468980586,0.023902028836257094,4.176,3.7134068716869577,419.8561153004462,"ScoreBreakdown(accel=97.7811967647046, skidpad=75.0, autocross=33.109929419231314, endurance=135.73411009848007, efficiency=78.23087901803024)"
[116   2],280,116,2,280,16.703999999999997,3.8782795667071923,4.628315144971793,1662.9004374926615,3688.2106478384785,0.021604818767680133,4.176,3.720989780705537,413.17300018581165,"ScoreBreakdown(accel=95.76858873133177, skidpad=75.0, autocross=31.95488573612773, endurance=133.07981952409384, efficiency=77.36970619425828)"
[116   2],285,116,2,285,16.703999999999997,3.906724326227902,4.669313121469187,1666.7617006551711,3693.614821967783,0.02007658412774393,4.176,3.725869395170676,408.37465178764626,"ScoreBreakdown(accel=93.71339838354871, skidpad=75.0, autocross=31.285871496346893, endurance=131.54242469067162, efficiency=76.8329572170791)"
[116   2],290,116,2,290,16.703999999999997,3.935079819301123,4.579187861615182,1678.8763242042241,3703.378047323225,0.01684212716057654,4.176,3.7358720577269886,398.1064433761184,"ScoreBreakdown(accel=91.69422991893049, skidpad=75.0, autocross=29.206828714313122, endurance=126.76478403445871, efficiency=75.44060070841607)"
[116   2],295,116,2,295,16.703999999999997,3.9633417441227863,4.61836203910029,1672.6520932896537,3709.7167877738034,0.015169754427378383,4.176,3.7415857801976196,399.9143664866873,"ScoreBreakdown(accel=89.7104735538761, skidpad=75.0, autocross=30.27123417350465, endurance=129.2107879553372, efficiency=75.72187080396934)"
[116   2],300,116,2,300,16.703999999999997,3.9915058253446176,4.65720733660217,1679.1578148150313,3718.041874761576,0.01270079583982058,4.176,3.7497225136215344,393.4392260390773,"ScoreBreakdown(accel=87.76153133710751, skidpad=75.0, autocross=29.158877521626092, endurance=126.6545921857506, efficiency=74.86422499459307)"
[120   2],200,120,2,200,17.279999999999998,3.6263688434969197,4.496213348185748,1581.5479746526905,3660.2993817407,0.0683187549170324,4.32,3.6993339392740756,474.84641945248575,"ScoreBreakdown(accel=100.0, skidpad=75.0, autocross=46.80971988406365, endurance=167.21623084750837, efficiency=85.82046872091372)"
[120   2],205,120,2,205,17.279999999999998,3.6441452916822072,4.376067036852291,1589.2803640696695,3671.3143735651865,0.06470070704696369,4.32,3.710280211453931,468.7919475571549,"ScoreBreakdown(accel=100.0, skidpad=75.0, autocross=45.33239317424064, endurance=163.8213338245354, efficiency=84.63822055837888)"
[120   2],210,120,2,210,17.279999999999998,3.6511095024580413,4.4288669578696584,1583.571420890533,3675.6064504129135,0.06361992749742452,4.32,3.7139488311369315,472.7481132248233,"ScoreBreakdown(accel=100.0, skidpad=75.0, autocross=46.42173271431906, endurance=166.32463626740665, efficiency=85.0017442430976)"
[120   2],215,120,2,215,17.279999999999998,3.637075262504169,4.481046804910079,1590.665284512979,3682.368372069532,0.061415954674113385,4.32,3.7209280220832612,467.3461266810478,"ScoreBreakdown(accel=100.0, skidpad=75.0, autocross=45.06931111921486, endurance=163.21677121867032, efficiency=84.06004434316257)"
[120   2],220,120,2,220,17.279999999999998,3.6619219016776015,4.532621511412529,1599.6971035695983,3693.9670056821988,0.05808658121783423,4.32,3.7326101361852517,460.41967787149764,"ScoreBreakdown(accel=100.0, skidpad=75.0, autocross=43.364782148495486, endurance=159.2997633626628, efficiency=82.75513236033937)"
[120   2],225,120,2,225,17.279999999999998,3.6815379399303936,4.422192708426152,1606.797701954824,3705.9671947455054,0.054364440283825484,4.32,3.74420038062261,454.9170601055947,"ScoreBreakdown(accel=100.0, skidpad=75.0, autocross=42.03817690662536, endurance=156.2512242979189, efficiency=81.62765890105051)"
[120   2],230,120,2,230,17.279999999999998,3.692103880388501,4.470852429020283,1601.5433771758273,3710.0935710175313,0.0534626946243171,4.32,3.7472524358629835,458.4677920226885,"ScoreBreakdown(accel=100.0, skidpad=75.0, autocross=43.0187110615973, endurance=158.5044919478596, efficiency=81.94458901323165)"
[120   2],235,120,2,235,17.279999999999998,3.680992183321891,4.518984356243578,1608.5484714668387,3721.000487970956,0.05017119369404376,4.32,3.7582375827754673,453.0940975871091,"ScoreBreakdown(accel=100.0, skidpad=75.0, autocross=41.712880443746165, endurance=155.50369297253957, efficiency=80.87752417082334)"
[120   2],240,120,2,240,17.279999999999998,3.707720844568186,4.56660959939957,1617.5419187026635,3728.6703825831682,0.047782004138512066,4.32,3.7660379136059916,446.512059539608,"ScoreBreakdown(accel=100.0, skidpad=75.0, autocross=40.05297933700211, endurance=151.68923995531236, efficiency=79.76984024729356)"
[120   2],245,120,2,245,17.279999999999998,3.7300323602843406,4.464215027810155,1624.5953580196815,3739.148536447699,0.04441857360289848,4.32,3.7765820676543056,441.2302182644631,"ScoreBreakdown(accel=100.0, skidpad=75.0, autocross=38.764000158195394, endurance=148.72716558969728, efficiency=78.73905251657044)"
[120   2],250,120,2,250,17.279999999999998,3.744515743492414,4.509360168975846,1620.1224958122712,3747.1779360123646,0.04256695991609233,4.32,3.7830596297674886,444.00952485795517,"ScoreBreakdown(accel=100.0, skidpad=75.0, autocross=39.580090389028605, endurance=150.6025410748295, efficiency=78.82689339409706)"
[120   2],255,120,2,255,17.279999999999998,3.736249422103384,4.554058482861819,1630.5224744383243,3757.394172270252,0.03941876847830732,4.32,3.7935333926787274,436.47046790333667,"ScoreBreakdown(accel=100.0, skidpad=75.0, autocross=37.68947353491278, endurance=146.25790323206724, efficiency=77.52309113635665)"
[120   2],260,120,2,260,17.279999999999998,3.7685683556247653,4.5983204147764525,1638.3643065845401,3769.987795792927,0.03578406238835606,4.32,3.8062447030751776,430.6672050552645,"ScoreBreakdown(accel=100.0, skidpad=75.0, autocross=36.27977582274282, endurance=143.0184176568617, efficiency=76.36901157566)"
[120   2],265,120,2,265,17.279999999999998,3.800431217339053,4.642160207225828,1642.337919686065,3779.352709005422,0.03324374223864415,4.32,3.815127737904692,427.6379775065228,"ScoreBreakdown(accel=100.0, skidpad=75.0, autocross=35.570592848392536, endurance=141.38871506476988, efficiency=75.6786695933604)"
[120   2],270,120,2,270,17.279999999999998,3.82946872142071,4.545210326813304,1655.0679397769256,3792.0317585168546,0.02924881346342675,4.32,3.8279364996009577,418.04087144320505,"ScoreBreakdown(accel=99.36641637168582, skidpad=75.0, autocross=33.32155656082985, endurance=136.2204293047978, efficiency=74.13246920589161)"
[120   2],275,120,2,275,17.279999999999998,3.8508227503561585,4.586949823898507,1648.827591138897,3794.477592729057,0.028896453777306715,4.32,3.8292688364962695,420.51318382556013,"ScoreBreakdown(accel=97.7811967647046, skidpad=75.0, autocross=34.4197112021636, endurance=138.74398885180858, efficiency=74.56828700688341)"
[120   2],280,120,2,280,17.279999999999998,3.8782795667071923,4.628315144971793,1655.3152642915093,3802.1633593224583,0.026647706688743177,4.32,3.837013373172037,413.9092505577561,"ScoreBreakdown(accel=95.76858873133177, skidpad=75.0, autocross=33.27820384195795, endurance=136.12080474967578, efficiency=73.74165323479058)"
[120   2],285,120,2,285,17.279999999999998,3.906724326227902,4.669313121469187,1659.2504978543866,3807.9472332565488,0.025102883474317807,4.32,3.842157433344123,409.0464803924889,"ScoreBreakdown(accel=93.71339838354871, skidpad=75.0, autocross=32.59014820506263, endurance=134.53965278254208, efficiency=73.20328102133544)"
[120   2],290,120,2,290,17.279999999999998,3.935079819301123,4.579187861615182,1671.3104745797386,3818.0356915649786,0.021866956882246984,4.32,3.852531909650687,398.78213447263244,"ScoreBreakdown(accel=91.69422991893049, skidpad=75.0, autocross=30.50170293758404, endurance=129.7404052132253, efficiency=71.84579640289265)"
[120   2],295,120,2,295,17.279999999999998,3.9633417441227863,4.61836203910029,1665.1649604356178,3824.8188722112955,0.02015807459105788,4.32,3.858632050556174,400.55674837053664,"ScoreBreakdown(accel=89.7104735538761, skidpad=75.0, autocross=31.562151344474863, endurance=132.17731582726364, efficiency=72.10680764492204)"
[120   2],300,120,2,300,17.279999999999998,3.9915058253446176,4.65720733660217,1671.5713663378883,3833.725691676022,0.017668907778433822,4.32,3.8671674597659242,394.1212040056166,"ScoreBreakdown(accel=87.76153133710751, skidpad=75.0, autocross=30.45685690570028, endurance=129.6373490245556, efficiency=71.26546673825325)"
[124   2],200,124,2,200,17.855999999999998,3.6263688434969197,4.496213348185748,1574.6053386771512,3765.605860600517,0.07384772042319711,4.464,3.806922105745307,475.6960011085118,"ScoreBreakdown(accel=100.0, skidpad=75.0, autocross=48.14852087324407, endurance=170.29279574158406, efficiency=82.25468449368368)"
[124   2],205,124,2,205,17.855999999999998,3.6441452916822072,4.376067036852291,1582.3642618182148,3777.4673170073465,0.07012966181837314,4.464,3.8186157316892215,469.58376376687653,"ScoreBreakdown(accel=100.0, skidpad=75.0, autocross=46.65308090198936, endurance=166.85627444085185, efficiency=81.07440842403531)"
[124   2],210,124,2,210,17.855999999999998,3.6511095024580413,4.4288669578696584,1576.6726788074375,3782.2105869879374,0.06900585729325405,4.464,3.8226383464216016,473.5397791242233,"ScoreBreakdown(accel=100.0, skidpad=75.0, autocross=47.7486273286389, endurance=169.37384031008793, efficiency=81.41731148549648)"
[124   2],215,124,2,215,17.855999999999998,3.637075262504169,4.481046804910079,1583.6813406141293,3789.2628563609164,0.06682646654416773,4.464,3.8298122979235734,468.1764695733041,"ScoreBreakdown(accel=100.0, skidpad=75.0, autocross=46.400684469205416, endurance=166.27626739666204, efficiency=80.49951770743662)"
[124   2],220,124,2,220,17.855999999999998,3.6619219016776015,4.532621511412529,1592.6759577105472,3801.637168236268,0.06340471704674745,4.464,3.842202133854278,461.2380689630641,"ScoreBreakdown(accel=100.0, skidpad=75.0, autocross=44.688174232871496, endurance=162.34091859095528, efficiency=79.20897613923735)"
[124   2],225,124,2,225,17.855999999999998,3.6815379399303936,4.422192708426152,1599.7939522764266,3814.405305680025,0.05961563108326333,4.464,3.854502142965925,455.69321535237395,"ScoreBreakdown(accel=100.0, skidpad=75.0, autocross=43.34660868357189, endurance=159.25800073726933, efficiency=78.08860593153268)"
[124   2],230,124,2,230,17.855999999999998,3.692103880388501,4.470852429020283,1594.600454650768,3818.728949274792,0.05864908657268473,4.464,3.8579134071790584,459.22054663906295,"ScoreBreakdown(accel=100.0, skidpad=75.0, autocross=44.32427290760255, endurance=161.50467328543348, efficiency=78.39160044602693)"
[124   2],235,124,2,235,17.855999999999998,3.680992183321891,4.518984356243578,1601.4975883712098,3829.984703996236,0.055360865751526794,4.464,3.869285112477415,453.90764672600363,"ScoreBreakdown(accel=100.0, skidpad=75.0, autocross=43.027284203870316, endurance=158.52419303021782, efficiency=77.35616949191551)"
[124   2],240,124,2,240,17.855999999999998,3.707720844568186,4.56660959939957,1610.4650383197463,3837.970279553953,0.052982202276861456,4.464,3.877337924445049,447.31556968327106,"ScoreBreakdown(accel=100.0, skidpad=75.0, autocross=41.35758941676235, endurance=154.6872341338979, efficiency=76.27074613261084)"
[124   2],245,124,2,245,17.855999999999998,3.7300323602843406,4.464215027810155,1617.5104863754825,3849.2113580700884,0.04955758108790635,4.464,3.8885346906354807,442.007599443446,"ScoreBreakdown(accel=100.0, skidpad=75.0, autocross=40.05874859030472, endurance=151.70249770035366, efficiency=75.24635315278759)"
[124   2],250,124,2,250,17.855999999999998,3.744515743492414,4.509360168975846,1613.09319998073,3857.6942244635243,0.047652127643628354,4.464,3.8954832784330677,444.7635848375839,"ScoreBreakdown(accel=100.0, skidpad=75.0, autocross=40.87175639060206, endurance=153.5707897596057, efficiency=75.32103868737612)"
[124   2],255,124,2,255,17.855999999999998,3.736249422103384,4.554058482861819,1623.4914308759064,3868.5303101435416,0.04446215360073771,4.464,3.9064697394421923,437.18798680143715,"ScoreBreakdown(accel=100.0, skidpad=75.0, autocross=38.96499778212053, endurance=149.18905816264729, efficiency=74.03393085666933)"
[124   2],260,124,2,260,17.855999999999998,3.7685683556247653,4.5983204147764525,1631.247482195599,3881.6628451937577,0.040770715441891196,4.464,3.9198103196193887,431.4223011119377,"ScoreBreakdown(accel=100.0, skidpad=75.0, autocross=37.55857290701637, endurance=145.95709356755907, efficiency=72.90663463736227)"
[124   2],265,124,2,265,17.855999999999998,3.800431217339053,4.642160207225828,1635.256232162538,3891.599441386405,0.03815306901876082,4.464,3.9292616280929953,428.3540214989982,"ScoreBreakdown(accel=100.0, skidpad=75.0, autocross=36.83688567464458, endurance=144.29865618847037, efficiency=72.21847963588324)"
[124   2],270,124,2,270,17.855999999999998,3.82946872142071,4.545210326813304,1647.9501680221476,3904.8727781131793,0.03413765819861145,4.464,3.942614479451418,418.74282077392604,"ScoreBreakdown(accel=99.36641637168582, skidpad=75.0, autocross=34.574783945901856, endurance=139.1003460425104, efficiency=70.70127441382795)"
[124   2],275,124,2,275,17.855999999999998,3.8508227503561585,4.586949823898507,1641.8458357810455,3907.4605826223547,0.0337635606051254,4.464,3.9440951800316677,421.14441682643917,"ScoreBreakdown(accel=97.7811967647046, skidpad=75.0, autocross=35.65823034924842, endurance=141.59010605619937, efficiency=71.11488365628676)"
[124   2],280,124,2,280,17.855999999999998,3.8782795667071923,4.628315144971793,1648.2065241618368,3915.5513325943493,0.0315032410016897,4.464,3.9521766304583856,414.60505536137407,"ScoreBreakdown(accel=95.76858873133177, skidpad=75.0, autocross=34.52945937102325, endurance=138.99619016195956, efficiency=70.3108170970595)"
[124   2],285,124,2,285,17.855999999999998,3.906724326227902,4.669313121469187,1652.1907415262592,3921.617789576603,0.029928667815826895,4.464,3.9576389204794977,409.6984639622117,"ScoreBreakdown(accel=93.71339838354871, skidpad=75.0, autocross=33.82684515774727, endurance=137.38158258390058, efficiency=69.77663783701514)"
[124   2],290,124,2,290,17.855999999999998,3.935079819301123,4.579187861615182,1664.1626624374553,3932.119109926167,0.02672085695461429,4.464,3.968360255360672,399.45857106221933,"ScoreBreakdown(accel=91.69422991893049, skidpad=75.0, autocross=31.73584723580579, endurance=132.5764690142067, efficiency=68.45202489327637)"
[124   2],295,124,2,295,17.855999999999998,3.9633417441227863,4.61836203910029,1658.1152814815039,3939.3434554213113,0.02499342186981048,4.464,3.974786091756827,401.1864671678567,"ScoreBreakdown(accel=89.7104735538761, skidpad=75.0, autocross=32.788299852664295, endurance=134.9950053014313, efficiency=68.69268845988492)"
[124   2],300,124,2,300,17.855999999999998,3.9915058253446176,4.65720733660217,1664.4313980945965,3948.333729091753,0.022512922549516493,4.464,3.983637345451714,394.80371131783994,"ScoreBreakdown(accel=87.76153133710751, skidpad=75.0, autocross=31.689255451692734, endurance=132.46940108662605, efficiency=67.88352344241368)"
[128   2],200,128,2,200,18.432,3.6263688434969197,4.496213348185748,1568.0331708146816,3870.9416138686547,0.07908449096525738,4.608,3.9140604068149423,476.5105441909686,"ScoreBreakdown(accel=100.0, skidpad=75.0, autocross=49.42680501809503, endurance=173.23029291740374, efficiency=78.8534462554698)"
[128   2],205,128,2,205,18.432,3.6441452916822072,4.376067036852291,1575.8167027856407,3882.8198738332408,0.07545718919838298,4.608,3.9259493464649933,470.3749934144784,"ScoreBreakdown(accel=100.0, skidpad=75.0, autocross=47.91407477854702, endurance=169.75403857728017, efficiency=77.70688005865122)"
[128   2],210,128,2,210,18.432,3.6511095024580413,4.4288669578696584,1570.1579858105674,3887.8957656907573,0.07429002624788907,4.608,3.9303260887083007,474.3239136475807,"ScoreBreakdown(accel=100.0, skidpad=75.0, autocross=49.012358739127, endurance=172.2778952999401, efficiency=78.03365960851359)"
[128   2],215,128,2,215,18.432,3.637075262504169,4.481046804910079,1577.094860461224,3895.17474440476,0.07210937539585044,4.608,3.937762050879014,468.99344737358905,"ScoreBreakdown(accel=100.0, skidpad=75.0, autocross=47.66709202021226, endurance=169.18647215786785, efficiency=77.13988319550897)"
[128   2],220,128,2,220,18.432,3.6619219016776015,4.532621511412529,1586.0448643769066,3907.6569551312887,0.06871128030290626,4.608,3.9505418851191747,462.0750467995711,"ScoreBreakdown(accel=100.0, skidpad=75.0, autocross=45.94880519210797, endurance=165.23784874331957, efficiency=75.88839286414355)"
[128   2],225,128,2,225,18.432,3.6815379399303936,4.422192708426152,1593.1198607758402,3920.982132256182,0.06495926103358199,4.608,3.9632237551106155,456.5398909679021,"ScoreBreakdown(accel=100.0, skidpad=75.0, autocross=44.60415900918631, endurance=162.14785159306183, efficiency=74.787880365654)"
[128   2],230,128,2,230,18.432,3.692103880388501,4.470852429020283,1587.9492959035504,3925.6214423440747,0.06397470520126053,4.608,3.9668893029882324,460.06588042920583,"ScoreBreakdown(accel=100.0, skidpad=75.0, autocross=45.585677822865165, endurance=164.40338198887343, efficiency=75.07682061746728)"
[128   2],235,128,2,235,18.432,3.680992183321891,4.518984356243578,1594.7871857970144,3937.263554818679,0.06072156326826851,4.608,3.9785996351684205,454.7781560776749,"ScoreBreakdown(accel=100.0, skidpad=75.0, autocross=44.28901083281601, endurance=161.42364103175467, efficiency=74.06550421310422)"
[128   2],240,128,2,240,18.432,3.707720844568186,4.56660959939957,1603.7438324728973,3945.8141674805784,0.05824090669198218,4.608,3.987222659162336,448.1573368515949,"ScoreBreakdown(accel=100.0, skidpad=75.0, autocross=42.60729185232825, endurance=157.5590505370638, efficiency=72.99099446220279)"
[128   2],245,128,2,245,18.432,3.7300323602843406,4.464215027810155,1610.8121693404973,3958.14481172254,0.05479451951979358,4.608,3.9989291192048126,442.79214625207163,"ScoreBreakdown(accel=100.0, skidpad=75.0, autocross=41.29332908811377, endurance=154.53956388805872, efficiency=71.95925327589914)"
[128   2],250,128,2,250,18.432,3.744515743492414,4.509360168975846,1606.4643315186668,3967.0620676440403,0.05272003322997885,4.608,4.006673655140747,445.5150758940334,"ScoreBreakdown(accel=100.0, skidpad=75.0, autocross=42.10019815650242, endurance=156.39374914037163, efficiency=72.02112859715936)"
[128   2],255,128,2,255,18.432,3.736249422103384,4.554058482861819,1616.8155590901467,3978.3821330564538,0.049481601832681604,4.608,4.018201981511733,437.94077366714345,"ScoreBreakdown(accel=100.0, skidpad=75.0, autocross=40.18635647196372, endurance=151.99574063346495, efficiency=70.75867656171476)"
[128   2],260,128,2,260,18.432,3.7685683556247653,4.5983204147764525,1624.468017799886,3991.8525594648213,0.04582153041733634,4.608,4.031903749213528,432.232679320052,"ScoreBreakdown(accel=100.0, skidpad=75.0, autocross=38.78717170051281, endurance=148.7804137977667, efficiency=69.66509382177246)"
[128   2],265,128,2,265,18.432,3.800431217339053,4.642160207225828,1628.5064679903303,4002.4646723597907,0.043142750245114776,4.608,4.041924727024497,429.12602648874383,"ScoreBreakdown(accel=100.0, skidpad=75.0, autocross=38.054077476867306, endurance=147.09576315084843, efficiency=68.97618586102811)"
[128   2],270,128,2,270,18.432,3.82946872142071,4.545210326813304,1641.1440502218613,4016.37776386,0.03909507667984353,4.608,4.055857775905381,419.5138462594201,"ScoreBreakdown(accel=99.36641637168582, skidpad=75.0, autocross=35.783305509803625, endurance=141.87752879579597, efficiency=67.48659558213467)"
[128   2],275,128,2,275,18.432,3.8508227503561585,4.586949823898507,1635.1410641480938,4019.174388232255,0.03870478137048347,4.608,4.0574620048401036,421.86471475291796,"ScoreBreakdown(accel=97.7811967647046, skidpad=75.0, autocross=36.85756977142752, endurance=144.34618824629098, efficiency=67.8797599704949)"
[128   2],280,128,2,280,18.432,3.8782795667071923,4.628315144971793,1641.3983744047457,4027.7785059185007,0.03639447966342898,4.608,4.0660045364218105,415.3717158741824,"ScoreBreakdown(accel=95.76858873133177, skidpad=75.0, autocross=35.737966432628504, endurance=141.77333958896548, efficiency=67.09182112125669)"
[128   2],285,128,2,285,18.432,3.906724326227902,4.669313121469187,1645.4389275347532,4034.0666639393826,0.03478659055790955,4.608,4.071778749402655,410.41829250793046,"ScoreBreakdown(accel=93.71339838354871, skidpad=75.0, autocross=35.01952598416355, endurance=140.1223633198305, efficiency=66.5630048203877)"
[128   2],290,128,2,290,18.432,3.935079819301123,4.579187861615182,1657.377265760108,4045.035042525865,0.031547637281409045,4.608,4.082994724143936,400.1663582207286,"ScoreBreakdown(accel=91.69422991893049, skidpad=75.0, autocross=32.91726585392629, endurance=135.29136919361434, efficiency=65.26349325425748)"
[128   2],295,128,2,295,18.432,3.9633417441227863,4.61836203910029,1651.429174642463,4052.5504874579715,0.0297929118027912,4.608,4.08976139768852,401.8507856082549,"ScoreBreakdown(accel=89.7104735538761, skidpad=75.0, autocross=33.96088491541657, endurance=137.68960596914488, efficiency=65.4898211698173)"
[128   2],300,128,2,300,18.432,3.9915058253446176,4.65720733660217,1657.6663177231744,4062.1138767114044,0.027288366422963718,4.608,4.099035474346385,395.49775830530285,"ScoreBreakdown(accel=87.76153133710751, skidpad=75.0, autocross=32.86674122264239, endurance=135.1752635825859, efficiency=64.69422216296704)"
[132   2],200,132,2,200,19.008,3.6263688434969197,4.496213348185748,1561.72655750174,3975.1761153278485,0.08421876926937437,4.752,4.020231446607547,477.3882379917234,"ScoreBreakdown(accel=100.0, skidpad=75.0, autocross=50.66355434304738, endurance=176.07234307024208, efficiency=75.65234057843391)"
[132   2],205,132,2,205,19.008,3.6441452916822072,4.376067036852291,1569.4848303641154,3987.564102477588,0.08058557135102914,4.752,4.032624094453055,471.2470394594072,"ScoreBreakdown(accel=100.0, skidpad=75.0, autocross=49.143536619543156, endurance=172.5793420907844, efficiency=74.52416074907963)"
[132   2],210,132,2,210,19.008,3.6511095024580413,4.4288669578696584,1563.9115719485246,3992.7801003691675,0.07943676620639768,4.752,4.037116466383715,475.1569461155664,"ScoreBreakdown(accel=100.0, skidpad=75.0, autocross=50.23393597205662, endurance=175.08507998280638, efficiency=74.83793016070341)"
[132   2],215,132,2,215,19.008,3.637075262504169,4.481046804910079,1570.7856149893128,4000.4813377105443,0.07720813982353734,4.752,4.0449966819785175,469.846656382431,"ScoreBreakdown(accel=100.0, skidpad=75.0, autocross=48.89015385088096, endurance=171.99706844658357, efficiency=73.95943408496647)"
[132   2],220,132,2,220,19.008,3.6619219016776015,4.532621511412529,1579.6960564203914,4013.774317538585,0.07378099908991109,4.752,4.0583099152999695,462.92004067650436,"ScoreBreakdown(accel=100.0, skidpad=75.0, autocross=47.165688428821866, endurance=168.03424662210736, efficiency=72.72010562557517)"
[132   2],225,132,2,225,19.008,3.6815379399303936,4.422192708426152,1586.8351314942045,4027.560299901104,0.06998627788052425,4.752,4.071608499783316,457.3224376546978,"ScoreBreakdown(accel=100.0, skidpad=75.0, autocross=45.798015256195434, endurance=164.89133344570797, efficiency=71.63308895279438)"
[132   2],230,132,2,230,19.008,3.692103880388501,4.470852429020283,1581.7183402334726,4032.455707998095,0.0689808516774125,4.752,4.075503593220343,460.8262962548378,"ScoreBreakdown(accel=100.0, skidpad=75.0, autocross=46.77701474067879, endurance=167.1410744226126, efficiency=71.90820709154646)"
[132   2],235,132,2,235,19.008,3.680992183321891,4.518984356243578,1588.470739641931,4044.5334976567483,0.06568236531289491,4.752,4.087792710672904,455.5824820680446,"ScoreBreakdown(accel=100.0, skidpad=75.0, autocross=45.486403410186874, endurance=164.1752493721557, efficiency=70.92082928570203)"
[132   2],240,132,2,240,19.008,3.707720844568186,4.56660959939957,1597.3594165602265,4053.469914548583,0.06322740886390348,4.752,4.096708230932422,448.98177925989665,"ScoreBreakdown(accel=100.0, skidpad=75.0, autocross=43.80411297631316, endurance=160.3093456774896, efficiency=69.86832060609392)"
[132   2],245,132,2,245,19.008,3.7300323602843406,4.464215027810155,1604.3804194706856,4065.3688583253293,0.05982760443503637,4.752,4.108729660442939,443.661313292082,"ScoreBreakdown(accel=100.0, skidpad=75.0, autocross=42.488479626568456, endurance=157.28602002266044, efficiency=68.88681364285313)"
[132   2],250,132,2,250,19.008,3.744515743492414,4.509360168975846,1600.0625263163859,4074.7683047434502,0.057881024499685386,4.752,4.116401636003932,446.37678768386115,"ScoreBreakdown(accel=100.0, skidpad=75.0, autocross=43.29622281525965, endurance=159.14221400357283, efficiency=68.93835086502868)"
[132   2],255,132,2,255,19.008,3.736249422103384,4.554058482861819,1610.3838548391916,4086.3192660089667,0.05467665405515651,4.752,4.1282194162095935,438.800296399836,"ScoreBreakdown(accel=100.0, skidpad=75.0, autocross=41.37262196748367, endurance=154.7217789379363, efficiency=67.70589549441598)"
[132   2],260,132,2,260,19.008,3.7685683556247653,4.5983204147764525,1617.9973766787261,4100.259167630344,0.05100823604205992,4.752,4.142386423312761,433.1009022324012,"ScoreBreakdown(accel=100.0, skidpad=75.0, autocross=39.96940736028665, endurance=151.49719153902845, efficiency=66.63430333308612)"
[132   2],265,132,2,265,19.008,3.800431217339053,4.642160207225828,1622.071687459338,4111.69344100529,0.048214526649692446,4.752,4.153108402950508,429.9476795214475,"ScoreBreakdown(accel=100.0, skidpad=75.0, autocross=39.223899861775756, endurance=149.78401518442115, efficiency=65.9397644752506)"
[132   2],270,132,2,270,19.008,3.82946872142071,4.545210326813304,1634.7127499627081,4126.4884076842545,0.044025523292922336,4.752,4.167904543152544,420.28799870991156,"ScoreBreakdown(accel=99.36641637168582, skidpad=75.0, autocross=36.93452028149194, endurance=144.52302053111808, efficiency=64.46404152561573)"
[132   2],275,132,2,275,19.008,3.8508227503561585,4.586949823898507,1628.7648939105027,4129.4768330813895,0.04357649757026864,4.752,4.169840020685124,422.61882240626585,"ScoreBreakdown(accel=97.7811967647046, skidpad=75.0, autocross=38.00728953910489, endurance=146.98824446214908, efficiency=64.84209164030733)"
[132   2],280,132,2,280,19.008,3.8782795667071923,4.628315144971793,1634.9544479203196,4138.507914508861,0.041258147209945875,4.752,4.178706095479772,416.1525761976856,"ScoreBreakdown(accel=95.76858873133177, skidpad=75.0, autocross=36.89109210505501, endurance=144.4232225744992, efficiency=64.06967278679969)"
[132   2],285,132,2,285,19.008,3.906724326227902,4.669313121469187,1639.044396244586,4145.213853742674,0.03961908638910784,4.752,4.1847865047343005,411.1507707900737,"ScoreBreakdown(accel=93.71339838354871, skidpad=75.0, autocross=36.158154227124214, endurance=142.73893121005915, efficiency=63.540286969341665)"
[132   2],290,132,2,290,19.008,3.935079819301123,4.579187861615182,1650.908890499016,4156.6159825029135,0.036349318006743445,4.752,4.196502714248312,400.9157396468368,"ScoreBreakdown(accel=91.69422991893049, skidpad=75.0, autocross=34.05252874968968, endurance=137.9002035154283, efficiency=62.26877746278835)"
[132   2],295,132,2,295,19.008,3.9633417441227863,4.61836203910029,1645.0305007007355,4164.530051082033,0.034589160893486286,4.752,4.20353164905646,402.5717901308446,"ScoreBreakdown(accel=89.7104735538761, skidpad=75.0, autocross=35.09198697457033, endurance=140.28887868774325, efficiency=62.4804509146549)"
[132   2],300,132,2,300,19.008,3.9915058253446176,4.65720733660217,1651.181942912555,4174.597322577926,0.032042512625785384,4.752,4.213296894663833,396.25630592882595,"ScoreBreakdown(accel=87.76153133710751, skidpad=75.0, autocross=34.00442557908088, endurance=137.78966242143088, efficiency=61.70068659120672)"
[136   2],200,136,2,200,19.584,3.6263688434969197,4.496213348185748,1555.7219187567925,4077.8970421262698,0.08936462445543733,4.896,4.125103228506679,478.2937252434573,"ScoreBreakdown(accel=100.0, skidpad=75.0, autocross=51.85040380722919, endurance=178.7997233347948, efficiency=72.64359810143335)"
[136   2],205,136,2,205,19.584,3.6441452916822072,4.376067036852291,1563.5225317368077,4090.928535671241,0.08567639587314384,4.896,4.1381134463304186,472.09352675068715,"ScoreBreakdown(accel=100.0, skidpad=75.0, autocross=50.31034134072707, endurance=175.26065953262008, efficiency=71.52252587734)"
[136   2],210,136,2,210,19.584,3.6511095024580413,4.4288669578696584,1557.9881989876562,4096.386116910923,0.08450618303765543,4.896,4.142856511185452,475.99369766799197,"ScoreBreakdown(accel=100.0, skidpad=75.0, autocross=51.4013863810861, endurance=177.76788121541765, efficiency=71.82443007148821)"
[136   2],215,136,2,215,19.584,3.637075262504169,4.481046804910079,1564.7823331494462,4104.278096587348,0.0822594095784265,4.896,4.151059439594675,470.7253411125607,"ScoreBreakdown(accel=100.0, skidpad=75.0, autocross=50.063060919009516, endurance=174.69240908270504, efficiency=70.96987111084613)"
[136   2],220,136,2,220,19.584,3.6619219016776015,4.532621511412529,1573.6362895612674,4118.173191690745,0.07878729132035708,4.896,4.165001091392989,463.81147538444054,"ScoreBreakdown(accel=100.0, skidpad=75.0, autocross=48.33632945273599, endurance=170.72437988825018, efficiency=69.7507660434544)"
[136   2],225,136,2,225,19.584,3.6815379399303936,4.422192708426152,1580.765705048789,4132.673301126289,0.07495638140463874,4.896,4.178923467874619,458.195766927646,"ScoreBreakdown(accel=100.0, skidpad=75.0, autocross=46.95998296872518, endurance=167.56153544085817, efficiency=68.67424851806268)"
[136   2],230,136,2,230,19.584,3.692103880388501,4.470852429020283,1575.705167888017,4138.019569664988,0.07391188815568794,4.896,4.183137288713949,461.6691015112746,"ScoreBreakdown(accel=100.0, skidpad=75.0, autocross=47.935646054479584, endurance=169.803609372933, efficiency=68.92984608386206)"
[136   2],235,136,2,235,19.584,3.680992183321891,4.518984356243578,1582.4253326853313,4150.621292714853,0.07058409551997141,4.896,4.195935133921296,456.4286195679052,"ScoreBreakdown(accel=100.0, skidpad=75.0, autocross=46.641368388234234, endurance=166.82935908230982, efficiency=67.95789209736114)"
[136   2],240,136,2,240,19.584,3.707720844568186,4.56660959939957,1591.3006942284399,4159.998967370295,0.0680371743189506,4.896,4.20548978266893,449.80862807401445,"ScoreBreakdown(accel=100.0, skidpad=75.0, autocross=44.94876075805166, endurance=162.9397464688232, efficiency=66.92012084713966)"
[136   2],245,136,2,245,19.584,3.7300323602843406,4.464215027810155,1598.3425561128927,4172.51641197917,0.0646197932853347,4.896,4.217998097928968,444.45022912134885,"ScoreBreakdown(accel=100.0, skidpad=75.0, autocross=43.61919106245362, endurance=159.88439508892313, efficiency=65.94664296997205)"
[136   2],250,136,2,250,19.584,3.744515743492414,4.509360168975846,1594.0165748186453,4182.351921668455,0.06267153203008731,4.896,4.226006066008249,447.18591132846166,"ScoreBreakdown(accel=100.0, skidpad=75.0, autocross=44.43458534434395, endurance=161.75817128326972, efficiency=65.99315470084801)"
[136   2],255,136,2,255,19.584,3.736249422103384,4.554058482861819,1604.294142300128,4194.339159266196,0.05946123641917574,4.896,4.238267881534122,439.6117647772089,"ScoreBreakdown(accel=100.0, skidpad=75.0, autocross=42.50457682372666, endurance=157.32301138438652, efficiency=64.78417656909575)"
[136   2],260,136,2,260,19.584,3.7685683556247653,4.5983204147764525,1611.8499329509632,4208.913167679346,0.05580973091959936,4.896,4.252833061697699,433.9302782458831,"ScoreBreakdown(accel=100.0, skidpad=75.0, autocross=41.1013850396972, endurance=154.0984764331213, efficiency=63.73041677306458)"
[136   2],265,136,2,265,19.584,3.800431217339053,4.642160207225828,1615.9235869160918,4220.553467093401,0.05306033071515224,4.896,4.263818336945054,430.7758009293573,"ScoreBreakdown(accel=100.0, skidpad=75.0, autocross=40.35030809727438, endurance=152.37250149548544, efficiency=63.05299133659748)"
[136   2],270,136,2,270,19.584,3.82946872142071,4.545210326813304,1628.4546104790354,4235.332206723521,0.049006782268685024,4.896,4.278723014995512,421.1740824072727,"ScoreBreakdown(accel=99.36641637168582, skidpad=75.0, autocross=38.06346805314645, endurance=147.11734269668756, efficiency=61.62685528575287)"
[136   2],275,136,2,275,19.584,3.8508227503561585,4.586949823898507,1622.573189594605,4238.562116757567,0.048547940560952504,4.896,4.280790791456037,423.47565841713856,"ScoreBreakdown(accel=97.7811967647046, skidpad=75.0, autocross=39.13239500050928, endurance=149.57373699812973, efficiency=61.988329653794956)"
[136   2],280,136,2,280,19.584,3.8782795667071923,4.628315144971793,1628.7019358409218,4247.854682081333,0.04622147913603793,4.896,4.2899853279530555,417.0368331307089,"ScoreBreakdown(accel=95.76858873133177, skidpad=75.0, autocross=38.01868671132009, endurance=147.01443516578053, efficiency=61.23512252227655)"
[136   2],285,136,2,285,19.584,3.906724326227902,4.669313121469187,1632.8271268378858,4254.901559563095,0.044553491141954345,4.896,4.296390661756963,411.99842785154374,"ScoreBreakdown(accel=93.71339838354871, skidpad=75.0, autocross=37.27376958045376, endurance=145.30261547611775, efficiency=60.7086444114235)"
[136   2],290,136,2,290,19.584,3.935079819301123,4.579187861615182,1644.6520907726533,4266.820338975652,0.041267093816552324,4.896,4.308552321368355,401.7551397821519,"ScoreBreakdown(accel=91.69422991893049, skidpad=75.0, autocross=35.15915463883372, endurance=140.44322999130503, efficiency=59.45852523308271)"
[136   2],295,136,2,295,19.584,3.9633417441227863,4.61836203910029,1638.83864332155,4275.212181798227,0.03945175846745904,4.896,4.315991884890644,403.38335255250826,"ScoreBreakdown(accel=89.7104735538761, skidpad=75.0, autocross=36.19493872402141, endurance=142.82346198999934, efficiency=59.654478284611336)"
[136   2],300,136,2,300,19.584,3.9915058253446176,4.65720733660217,1644.9751618327325,4285.6901471644915,0.03689845739299944,4.896,4.32609467646987,397.06206882565,"ScoreBreakdown(accel=87.76153133710751, skidpad=75.0, autocross=35.10180768016037, endurance=140.3114466708098, efficiency=58.88728313757229)"
[140   2],200,140,2,200,20.16,3.6263688434969197,4.496213348185748,1549.8643353722603,4179.824101449972,0.09453763680073567,5.04,4.2287885565124395,479.29721032461924,"ScoreBreakdown(accel=100.0, skidpad=75.0, autocross=53.01704832474148, endurance=181.48067262856662, efficiency=69.79948937131114)"
[140   2],205,140,2,205,20.16,3.6441452916822072,4.376067036852291,1557.7141686589775,4192.952293402911,0.09089426759376935,5.04,4.242064842991087,473.0502760419973,"ScoreBreakdown(accel=100.0, skidpad=75.0, autocross=51.45561048923955, endurance=177.89248822490276, efficiency=68.70217732785494)"
[140   2],210,140,2,210,20.16,3.6511095024580413,4.4288669578696584,1552.2296760886188,4198.6704301214095,0.08973020789888313,5.04,4.24696587749206,476.93188113864807,"ScoreBreakdown(accel=100.0, skidpad=75.0, autocross=52.54488770637093, endurance=180.3956474496316, efficiency=68.99134598264556)"
[140   2],215,140,2,215,20.16,3.637075262504169,4.481046804910079,1558.9818343419747,4207.044393268871,0.08744641440884485,5.04,4.25555495901484,471.6682999912975,"ScoreBreakdown(accel=100.0, skidpad=75.0, autocross=51.20492936780343, endurance=177.31642296647334, efficiency=68.14694765702069)"
[140   2],220,140,2,220,20.16,3.6619219016776015,4.532621511412529,1567.8413347592552,4221.558194847765,0.0839458680526361,5.04,4.270025925575202,464.7222088443585,"ScoreBreakdown(accel=100.0, skidpad=75.0, autocross=49.464278029919136, endurance=173.3164059047595, efficiency=66.94152490967981)"
[140   2],225,140,2,225,20.16,3.6815379399303936,4.422192708426152,1575.0353480093004,4236.975171698985,0.07987862764639468,5.04,4.28516193271995,459.02961565423766,"ScoreBreakdown(accel=100.0, skidpad=75.0, autocross=48.06525604772074, endurance=170.10145315879058, efficiency=65.86290644772632)"
[140   2],230,140,2,230,20.16,3.692103880388501,4.470852429020283,1570.027555723198,4242.560532081364,0.07881040678371358,5.04,4.289636757049011,462.4810883085976,"ScoreBreakdown(accel=100.0, skidpad=75.0, autocross=49.037766879381074, endurance=172.336283210437, efficiency=66.10703821877952)"
[140   2],235,140,2,235,20.16,3.680992183321891,4.518984356243578,1576.6625074623469,4255.641124346416,0.07541410409213996,5.04,4.303096015685395,457.2846800497137,"ScoreBreakdown(accel=100.0, skidpad=75.0, autocross=47.750592243904876, endurance=169.37835568569358, efficiency=65.15573212011525)"
[140   2],240,140,2,240,20.16,3.707720844568186,4.56660959939957,1585.4963973708973,4265.438025407155,0.07284302071665606,5.04,4.313046798370005,450.6672052260716,"ScoreBreakdown(accel=100.0, skidpad=75.0, autocross=46.05354589871919, endurance=165.4785429043972, efficiency=64.1351164229552)"
[140   2],245,140,2,245,20.16,3.7300323602843406,4.464215027810155,1592.5362484990249,4278.44107120851,0.06941366505277137,5.04,4.326043428161743,445.2916212346199,"ScoreBreakdown(accel=100.0, skidpad=75.0, autocross=44.71462595861329, endurance=162.401704661075, efficiency=63.175290614931676)"
[140   2],250,140,2,250,20.16,3.744515743492414,4.509360168975846,1588.2737556977536,4288.534332905184,0.0674598759211626,5.04,4.334350386404947,448.00203676230643,"ScoreBreakdown(accel=100.0, skidpad=75.0, autocross=45.523898290356435, endurance=164.2614126129731, efficiency=63.21672585897685)"
[140   2],255,140,2,255,20.16,3.736249422103384,4.554058482861819,1598.5092186311037,4301.130466497435,0.0642036134874775,5.04,4.347200399429399,440.42511707933534,"ScoreBreakdown(accel=100.0, skidpad=75.0, autocross=43.58786551629157, endurance=159.81240897867312, efficiency=62.02484258437063)"
[140   2],260,140,2,260,20.16,3.7685683556247653,4.5983204147764525,1606.011253703771,4316.020681333053,0.06056039402992525,5.04,4.362212796950394,434.76928016171684,"ScoreBreakdown(accel=100.0, skidpad=75.0, autocross=42.18453140817436, endurance=156.58754696663092, efficiency=60.99720178691153)"
[140   2],265,140,2,265,20.16,3.800431217339053,4.642160207225828,1610.1058171031855,4328.1004002917525,0.05782965756738104,5.04,4.373521954276156,431.5915074824785,"ScoreBreakdown(accel=100.0, skidpad=75.0, autocross=41.42411703556841, endurance=154.8401146128931, efficiency=60.327275834017)"
[140   2],270,140,2,270,20.16,3.82946872142071,4.545210326813304,1622.5916115904763,4343.65878504317,0.05377773009396314,5.04,4.388923816744926,421.9815491577729,"ScoreBreakdown(accel=99.36641637168582, skidpad=75.0, autocross=39.129034771486474, endurance=149.56601519128088, efficiency=58.9200828233197)"
[140   2],275,140,2,275,20.16,3.8508227503561585,4.586949823898507,1616.7535251803818,4347.10249631012,0.053302370242671024,5.04,4.391149317546774,424.2692520298239,"ScoreBreakdown(accel=97.7811967647046, skidpad=75.0, autocross=40.19775294789457, endurance=152.02192973703467, efficiency=59.268372580190096)"
[140   2],280,140,2,280,20.16,3.8782795667071923,4.628315144971793,1622.8552023835455,4356.685677426005,0.05094063877145779,5.04,4.4007494809889005,417.8353238278649,"ScoreBreakdown(accel=95.76858873133177, skidpad=75.0, autocross=39.08096335068882, endurance=149.4555470583549, efficiency=58.530224687489394)"
[140   2],285,140,2,285,20.16,3.906724326227902,4.669313121469187,1626.990072175844,4364.225377618588,0.04922119424358846,5.04,4.407578673645614,412.77408514696674,"ScoreBreakdown(accel=93.71339838354871, skidpad=75.0, autocross=38.32891998706114, endurance=147.7273512846304, efficiency=58.004415491726476)"
[140   2],290,140,2,290,20.16,3.935079819301123,4.579187861615182,1638.7246768195118,4376.590254482889,0.04590522176060486,5.04,4.420240513238156,402.5607617860955,"ScoreBreakdown(accel=91.69422991893049, skidpad=75.0, autocross=36.21531762453903, endurance=142.87029270675197, efficiency=56.78092153587401)"
[140   2],295,140,2,295,20.16,3.9633417441227863,4.61836203910029,1632.9318020210803,4384.912692133566,0.044174336329461654,5.04,4.42771055316699,404.2052810884692,"ScoreBreakdown(accel=89.7104735538761, skidpad=75.0, autocross=37.25491654884631, endurance=145.25929120637258, efficiency=56.98059977937419)"
[140   2],300,140,2,300,20.16,3.9915058253446176,4.65720733660217,1639.0074210355608,4395.833042256589,0.041548862656275845,5.04,4.4384303619413705,397.9083946726705,"ScoreBreakdown(accel=87.76153133710751, skidpad=75.0, autocross=36.164763972361584, endurance=142.75412040570546, efficiency=56.227978957495935)"
[144   2],200,144,2,200,20.735999999999997,3.6263688434969197,4.496213348185748,1544.063544835588,4282.253232602047,0.09928223894626459,5.184,4.333012450048608,480.4110115748391,"ScoreBreakdown(accel=100.0, skidpad=75.0, autocross=54.18110479619837, endurance=184.15567459207588, efficiency=67.07423218656483)"
[144   2],205,144,2,205,20.735999999999997,3.6441452916822072,4.376067036852291,1551.9032179044148,4296.05919819809,0.09562265810785195,5.184,4.346822002561605,474.1418578593282,"ScoreBreakdown(accel=100.0, skidpad=75.0, autocross=52.60996847372016, endurance=180.5452030637402, efficiency=65.9866863218679)"
[144   2],210,144,2,210,20.735999999999997,3.6511095024580413,4.4288669578696584,1546.4769828547335,4302.100664371678,0.09446532987129536,5.184,4.3518380535404075,477.997231721846,"ScoreBreakdown(accel=100.0, skidpad=75.0, autocross=53.69573444939928, endurance=183.04029345503204, efficiency=66.26120381741462)"
[144   2],215,144,2,215,20.735999999999997,3.637075262504169,4.481046804910079,1553.1596567909926,4310.620631727855,0.09219634242777243,5.184,4.360636098556302,472.76918420531587,"ScoreBreakdown(accel=100.0, skidpad=75.0, autocross=52.35964224622551, endurance=179.96995335164664, efficiency=65.4395886074437)"
[144   2],220,144,2,220,20.735999999999997,3.6619219016776015,4.532621511412529,1562.021873377135,4325.317540307932,0.08866511072900812,5.184,4.375660666478432,465.8051262947581,"ScoreBreakdown(accel=100.0, skidpad=75.0, autocross=50.6054189775233, endurance=175.93874799067385, efficiency=64.260959326561)"
[144   2],225,144,2,225,20.735999999999997,3.6815379399303936,4.422192708426152,1569.2885052381098,4340.533229383369,0.08486755997556797,5.184,4.39032273295302,460.06242247062744,"ScoreBreakdown(accel=100.0, skidpad=75.0, autocross=49.18181571694796, endurance=172.66730746293783, efficiency=63.21329929074163)"
[144   2],230,144,2,230,20.735999999999997,3.692103880388501,4.470852429020283,1564.3346582414054,4346.303363131722,0.08377128537702938,5.184,4.395058499227726,463.4932530192683,"ScoreBreakdown(accel=100.0, skidpad=75.0, autocross=50.15088727659299, endurance=174.89423406692563, efficiency=63.448131675749636)"
[144   2],235,144,2,235,20.735999999999997,3.680992183321891,4.518984356243578,1570.9929962383362,4359.667581398631,0.0804480458111636,5.184,4.4086402045960575,458.26749033045905,"ScoreBreakdown(accel=100.0, skidpad=75.0, autocross=48.84979637075221, endurance=171.90432695058766, efficiency=62.51336700911918)"
[144   2],240,144,2,240,20.735999999999997,3.707720844568186,4.56660959939957,1579.8020414528812,4369.96919176467,0.07785407255490938,5.184,4.419019641878973,451.63796527939303,"ScoreBreakdown(accel=100.0, skidpad=75.0, autocross=47.14529388231992, endurance=167.98737995088013, efficiency=61.50529144619301)"
[144   2],245,144,2,245,20.735999999999997,3.7300323602843406,4.464215027810155,1586.8458714907547,4383.976559966321,0.0743372627813558,5.184,4.432753077173714,446.22572902141144,"ScoreBreakdown(accel=100.0, skidpad=75.0, autocross=45.79596700456737, endurance=164.8866265631286, efficiency=60.54313545371543)"
[144   2],250,144,2,250,20.735999999999997,3.744515743492414,4.509360168975846,1582.6636694143651,4394.455114829077,0.07229768331042062,5.184,4.441571683162063,448.8946828841997,"ScoreBreakdown(accel=100.0, skidpad=75.0, autocross=46.595667479601175, endurance=166.72433838672902, efficiency=60.574677017869554)"
[144   2],255,144,2,255,20.735999999999997,3.736249422103384,4.554058482861819,1592.8417565658153,4408.015238952126,0.06886149575336395,5.184,4.455467312889467,441.316245552141,"ScoreBreakdown(accel=100.0, skidpad=75.0, autocross=44.656788867321474, endurance=162.2687950157418, efficiency=59.39066166907777)"
[144   2],260,144,2,260,20.735999999999997,3.7685683556247653,4.5983204147764525,1600.2645356541786,4423.533579701008,0.06516067148653133,5.184,4.471164156711869,435.6947238878903,"ScoreBreakdown(accel=100.0, skidpad=75.0, autocross=43.258335971216844, endurance=159.05515002970998, efficiency=58.38123788696348)"
[144   2],265,144,2,265,20.735999999999997,3.800431217339053,4.642160207225828,1604.3756964647785,4435.950357686477,0.062395248069002075,5.184,4.482951216396151,432.49926872452465,"ScoreBreakdown(accel=100.0, skidpad=75.0, autocross=42.489360778466875, endurance=157.28804490986846, efficiency=57.72186303618936)"
[144   2],270,144,2,270,20.735999999999997,3.82946872142071,4.545210326813304,1616.7885807001735,4451.911063042476,0.05834285575766692,5.184,4.498878693430403,422.91057305133467,"ScoreBreakdown(accel=99.36641637168582, skidpad=75.0, autocross=40.19131266296911, endurance=152.00712996121325, efficiency=56.345714055466466)"
[144   2],275,144,2,275,20.735999999999997,3.8508227503561585,4.586949823898507,1610.9726486252764,4455.596968981195,0.05783331479998996,5.184,4.501356363975259,425.19854075553087,"ScoreBreakdown(accel=97.7811967647046, skidpad=75.0, autocross=41.26363078529047, endurance=154.4713171832697, efficiency=56.68239602226609)"
[144   2],280,144,2,280,20.735999999999997,3.8782795667071923,4.628315144971793,1617.0396032795632,4465.508386475792,0.055481945605049876,5.184,4.511223704467543,418.773157817792,"ScoreBreakdown(accel=95.76858873133177, skidpad=75.0, autocross=40.14520377817181, endurance=151.90117173633985, efficiency=55.95819357194865)"
[144   2],285,144,2,285,20.735999999999997,3.906724326227902,4.669313121469187,1621.2115780448614,4473.544553757816,0.05372681154076568,5.184,4.518412496212793,413.6705496756093,"ScoreBreakdown(accel=93.71339838354871, skidpad=75.0, autocross=39.38096857319103, endurance=150.14495910917395, efficiency=55.43122360969561)"
[144   2],290,144,2,290,20.735999999999997,3.935079819301123,4.579187861615182,1632.9021904145895,4486.456413879159,0.05038274346157415,5.184,4.531608374809626,403.4532755928234,"ScoreBreakdown(accel=91.69422991893049, skidpad=75.0, autocross=37.26024964569693, endurance=145.2715466638154, efficiency=54.22724936438055)"
[144   2],295,144,2,295,20.735999999999997,3.9633417441227863,4.61836203910029,1627.1443991275692,4494.99917043327,0.04866047086269243,5.184,4.539291680842571,405.09578606487486,"ScoreBreakdown(accel=89.7104735538761, skidpad=75.0, autocross=38.300925243113575, endurance=147.6630193584191, efficiency=54.421367909466106)"
[144   2],300,144,2,300,20.735999999999997,3.9915058253446176,4.65720733660217,1633.2166446111853,4506.553027354492,0.046006786175345885,5.184,4.550442421746282,398.7803885503734,"ScoreBreakdown(accel=87.76153133710751, skidpad=75.0, autocross=37.203625828112884, endurance=145.14142512166285, efficiency=53.67380626349018)"
[100   3],200,100,3,200,21.599999999999998,3.6263688434969197,4.496213348185748,1525.7789346665536,4557.656920759381,0.0743598224860157,5.4,4.612220763165949,486.2209735974954,"ScoreBreakdown(accel=100.0, skidpad=75.0, autocross=57.90823565961046, endurance=192.72062193127636, efficiency=60.59211600660861)"
[100   3],205,100,3,205,21.599999999999998,3.6441452916822072,4.376067036852291,1533.9803372074607,4573.353918261257,0.07029560555272403,5.4,4.627975693218499,479.57305108479324,"ScoreBreakdown(accel=100.0, skidpad=75.0, autocross=56.22547464823593, endurance=188.8536368494358, efficiency=59.49393958712149)"
[100   3],210,100,3,210,21.599999999999998,3.6511095024580413,4.4288669578696584,1529.244893183233,4580.731556377304,0.06877308665491118,5.4,4.634529859615282,482.9542105744704,"ScoreBreakdown(accel=100.0, skidpad=75.0, autocross=57.1948893365546, endurance=191.08135196317224, efficiency=59.67796927474355)"
[100   3],215,100,3,215,21.599999999999998,3.637075262504169,4.481046804910079,1535.9579503337152,4588.5350540654135,0.06657633206361466,5.4,4.643192539817099,477.67313551893903,"ScoreBreakdown(accel=100.0, skidpad=75.0, autocross=55.822397722972845, endurance=187.9273660086623, efficiency=58.92337178730391)"
[100   3],220,100,3,220,21.599999999999998,3.6619219016776015,4.532621511412529,1544.8906756788363,4604.18051030406,0.06289313332910416,5.4,4.659232903050273,470.5779285861838,"ScoreBreakdown(accel=100.0, skidpad=75.0, autocross=54.01458839570328, endurance=183.7730198762584, efficiency=57.79032031422219)"
[100   3],225,100,3,225,21.599999999999998,3.6815379399303936,4.422192708426152,1552.459073201303,4620.317183220997,0.05903512552634949,5.4,4.674559623872308,464.5566773350381,"ScoreBreakdown(accel=100.0, skidpad=75.0, autocross=52.49917283255632, endurance=180.29059466206124, efficiency=56.76690984042056)"
[100   3],230,100,3,230,21.599999999999998,3.692103880388501,4.470852429020283,1548.1698991392939,4626.652220504791,0.057790201484310445,5.4,4.679925119819465,467.5528949639945,"ScoreBreakdown(accel=100.0, skidpad=75.0, autocross=53.35617241814478, endurance=182.25997985117226, efficiency=56.93674269467751)"
[100   3],235,100,3,235,21.599999999999998,3.680992183321891,4.518984356243578,1554.8763843420506,4640.178422973689,0.05441855258940677,5.4,4.693989787758406,462.2623210948259,"ScoreBreakdown(accel=100.0, skidpad=75.0, autocross=52.01826456172511, endurance=179.18546737632792, efficiency=56.058589156772875)"
[100   3],240,100,3,240,21.599999999999998,3.707720844568186,4.56660959939957,1563.7385501045796,4651.344837456107,0.05169511363644906,5.4,4.705342080191865,455.5165018286144,"ScoreBreakdown(accel=100.0, skidpad=75.0, autocross=50.26791182124623, endurance=175.16315648985105, efficiency=55.08543351751712)"
[100   3],245,100,3,245,21.599999999999998,3.7300323602843406,4.464215027810155,1570.936290255786,4664.851708626097,0.04831423341039022,5.4,4.719050406497111,449.9813860032821,"ScoreBreakdown(accel=100.0, skidpad=75.0, autocross=48.86083059430823, endurance=171.9296835981403, efficiency=54.19087181083359)"
[100   3],250,100,3,250,21.599999999999998,3.744515743492414,4.509360168975846,1567.3887128900526,4675.481363135625,0.0463534504014056,5.4,4.727663214046616,452.26145089774997,"ScoreBreakdown(accel=100.0, skidpad=75.0, autocross=49.55272896506201, endurance=173.51966616831479, efficiency=54.18905576437318)"
[100   3],255,100,3,255,21.599999999999998,3.736249422103384,4.554058482861819,1577.7406874957683,4688.364284462657,0.04318540434857265,5.4,4.741090566490067,444.5263375322156,"ScoreBreakdown(accel=100.0, skidpad=75.0, autocross=47.542448846411844, endurance=168.90004212390488, efficiency=53.08384656189887)"
[100   3],260,100,3,260,21.599999999999998,3.7685683556247653,4.5983204147764525,1585.1926483068569,4703.713648295809,0.03964398003553264,5.4,4.7566114951002225,438.8705808905893,"ScoreBreakdown(accel=100.0, skidpad=75.0, autocross=46.11158402183002, endurance=165.61191452088386, efficiency=52.147082347875454)"
[100   3],265,100,3,265,21.599999999999998,3.800431217339053,4.642160207225828,1589.4572661458824,4716.752997341152,0.036895614858679364,5.4,4.7687694908859095,435.55388258807096,"ScoreBreakdown(accel=100.0, skidpad=75.0, autocross=45.29876298768702, endurance=163.74405165028506, efficiency=51.51106795009887)"
[100   3],270,100,3,270,21.599999999999998,3.82946872142071,4.545210326813304,1602.0516651086853,4731.418236697583,0.03322191539521323,5.4,4.783701104902337,425.8152713668264,"ScoreBreakdown(accel=99.36641637168582, skidpad=75.0, autocross=42.923576067434446, endurance=158.28587171557345, efficiency=50.239407212132676)"
[100   3],275,100,3,275,21.599999999999998,3.8508227503561585,4.586949823898507,1596.6649111508802,4734.987154124704,0.03274415490249916,5.4,4.786148732978709,427.8663594994807,"ScoreBreakdown(accel=97.7811967647046, skidpad=75.0, autocross=43.9348820132325, endurance=160.6098529459107, efficiency=50.54042777563288)"
[100   3],280,100,3,280,21.599999999999998,3.8782795667071923,4.628315144971793,1602.6791147407093,4744.530994415801,0.030596204526270293,5.4,4.795551269935617,421.4676633269457,"ScoreBreakdown(accel=95.76858873133177, skidpad=75.0, autocross=42.80622109551879, endurance=158.01618997074445, efficiency=49.87666352935067)"
[100   3],285,100,3,285,21.599999999999998,3.906724326227902,4.669313121469187,1606.971634450988,4752.4079575147925,0.028965221790355444,5.4,4.802499130142995,416.2770420126991,"ScoreBreakdown(accel=93.71339838354871, skidpad=75.0, autocross=42.005828191381234, endurance=156.17688694494936, efficiency=49.38092849281979)"
[100   3],290,100,3,290,21.599999999999998,3.935079819301123,4.579187861615182,1618.7105282130333,4763.928852014267,0.026123405100903344,5.4,4.81432982652186,406.00867776036335,"ScoreBreakdown(accel=91.69422991893049, skidpad=75.0, autocross=39.83864566681329, endurance=151.19670114584747, efficiency=48.27910102877213)"
[100   3],295,100,3,295,21.599999999999998,3.9633417441227863,4.61836203910029,1613.406580716308,4772.853364004725,0.024404394197343717,5.4,4.8221730590435445,407.40096720677604,"ScoreBreakdown(accel=89.7104735538761, skidpad=75.0, autocross=40.81393151179092, endurance=153.43790817855512, efficiency=48.43865396255385)"
[100   3],300,100,3,300,21.599999999999998,3.9915058253446176,4.65720733660217,1619.4906429983075,4783.726979687366,0.02194246626177193,5.4,4.832848936903197,401.08259271357997,"ScoreBreakdown(accel=87.76153133710751, skidpad=75.0, autocross=39.69573764928626, endurance=150.86829849798644, efficiency=47.75702522919975)"
[104   3],200,104,3,200,22.464,3.6263688434969197,4.496213348185748,1517.098780229979,4705.3397738672165,0.08259731081464362,5.616,4.766072982498877,488.920290029861,"ScoreBreakdown(accel=100.0, skidpad=75.0, autocross=59.70904485019881, endurance=196.8588817484316, efficiency=57.35236343123063)"
[104   3],205,104,3,205,22.464,3.6441452916822072,4.376067036852291,1525.3296723591186,4721.70230082457,0.07869279346081405,5.616,4.782104744495182,482.2070933103081,"ScoreBreakdown(accel=100.0, skidpad=75.0, autocross=58.000937929876294, endurance=192.93365176364554, efficiency=56.272503616786246)"
[104   3],210,104,3,210,22.464,3.6511095024580413,4.4288669578696584,1520.7985246410053,4729.86350011714,0.07718768947297733,5.616,4.789023128893839,485.45188659722044,"ScoreBreakdown(accel=100.0, skidpad=75.0, autocross=58.93897184212965, endurance=195.08925384880527, efficiency=56.423660906285484)"
[104   3],215,104,3,215,22.464,3.637075262504169,4.481046804910079,1527.242369576292,4738.126969462831,0.07506149621035034,5.616,4.797844269272161,480.3360774259418,"ScoreBreakdown(accel=100.0, skidpad=75.0, autocross=57.606643843677546, endurance=192.0275638884917, efficiency=55.70186969377259)"
[104   3],220,104,3,220,22.464,3.6619219016776015,4.532621511412529,1536.1435866765426,4754.798386021529,0.0713773194819016,5.616,4.814619244548931,473.2090429423046,"ScoreBreakdown(accel=100.0, skidpad=75.0, autocross=55.78461462315019, endurance=187.8405404390347, efficiency=54.58388788011973)"
[104   3],225,104,3,225,22.464,3.6815379399303936,4.422192708426152,1543.575986820143,4772.014802594412,0.06743829744766776,5.616,4.831218875780232,467.24147512118685,"ScoreBreakdown(accel=100.0, skidpad=75.0, autocross=54.279342643589025, endurance=184.3814251815916, efficiency=53.58070729600619)"
[104   3],230,104,3,230,22.464,3.692103880388501,4.470852429020283,1539.4020559177175,4779.366426447266,0.06610578719916176,5.616,4.8372823809196905,470.16185246531467,"ScoreBreakdown(accel=100.0, skidpad=75.0, autocross=55.12289277878894, endurance=186.31990353149, efficiency=53.71905615503574)"
[104   3],235,104,3,235,22.464,3.680992183321891,4.518984356243578,1545.9376191734561,4793.698853295953,0.06278108948985234,5.616,4.851766898934796,464.95874286469325,"ScoreBreakdown(accel=100.0, skidpad=75.0, autocross=53.80407523822906, endurance=183.2892606056421, efficiency=52.86540702082207)"
[104   3],240,104,3,240,22.464,3.707720844568186,4.56660959939957,1554.7970045102218,4805.762134122946,0.059974371684252265,5.616,4.8639998508846265,458.15728630749965,"ScoreBreakdown(accel=100.0, skidpad=75.0, autocross=52.034032914654716, endurance=179.22170305396241, efficiency=51.901550338882465)"
[104   3],245,104,3,245,22.464,3.7300323602843406,4.464215027810155,1561.9884499443435,4820.324384496697,0.05659721286664284,5.616,4.878283961858632,452.5794512312256,"ScoreBreakdown(accel=100.0, skidpad=75.0, autocross=50.61199755272069, endurance=175.953865557563, efficiency=51.013588120941954)"
[104   3],250,104,3,250,22.464,3.744515743492414,4.509360168975846,1558.4080659552633,4831.968450225182,0.05455773806229961,5.616,4.887727922117766,454.8953272236315,"ScoreBreakdown(accel=100.0, skidpad=75.0, autocross=51.318341651079216, endurance=177.57704441215733, efficiency=50.999941160395004)"
[104   3],255,104,3,255,22.464,3.736249422103384,4.554058482861819,1568.7186771284848,4846.153635266884,0.05128475236265353,5.616,4.902144866796223,447.1181584514862,"ScoreBreakdown(accel=100.0, skidpad=75.0, autocross=49.292973973965175, endurance=172.92274915590755, efficiency=49.902435321613495)"
[104   3],260,104,3,260,22.464,3.7685683556247653,4.5983204147764525,1576.068683304612,4862.417245143626,0.04760286992874893,5.616,4.918889108116968,441.49336515167727,"ScoreBreakdown(accel=100.0, skidpad=75.0, autocross=47.86535202244846, endurance=169.6420736757252, efficiency=48.98593945350367)"
[104   3],265,104,3,265,22.464,3.800431217339053,4.642160207225828,1580.3404214878635,4876.614890875497,0.04467684271483412,5.616,4.932328636089501,438.1393320007709,"ScoreBreakdown(accel=100.0, skidpad=75.0, autocross=47.0417364324635, endurance=167.74940491402037, efficiency=48.34819065428704)"
[104   3],270,104,3,270,22.464,3.82946872142071,4.545210326813304,1592.8315610589143,4892.695233870965,0.040902600491101324,5.616,4.94837319651423,428.39067177098786,"ScoreBreakdown(accel=99.36641637168582, skidpad=75.0, autocross=44.65871866623847, endurance=162.27322969397147, efficiency=47.0923070390921)"
[104   3],275,104,3,275,22.464,3.8508227503561585,4.586949823898507,1587.5908701096355,4896.8523385613735,0.04031103322172159,5.616,4.9514605557203275,430.36170972979653,"ScoreBreakdown(accel=97.7811967647046, skidpad=75.0, autocross=45.653954087367204, endurance=164.56028085596657, efficiency=47.366278021758156)"
[104   3],280,104,3,280,22.464,3.8782795667071923,4.628315144971793,1593.5241476837589,4907.147746928383,0.03804612716497933,5.616,4.961744653368481,423.9827732162235,"ScoreBreakdown(accel=95.76858873133177, skidpad=75.0, autocross=44.527682457584014, endurance=161.972108464859, efficiency=46.71439356244872)"
[104   3],285,104,3,285,22.464,3.906724326227902,4.669313121469187,1597.795978838024,4916.013167491723,0.03623641157132093,5.616,4.9697830578888995,418.77179552410047,"ScoreBreakdown(accel=93.71339838354871, skidpad=75.0, autocross=43.721970468702345, endurance=160.12058218144423, efficiency=46.21584449040519)"
[104   3],290,104,3,290,22.464,3.935079819301123,4.579187861615182,1609.4930158724057,4928.4082950761995,0.03322333038462058,5.616,4.9827972749655345,408.4651782739113,"ScoreBreakdown(accel=91.69422991893049, skidpad=75.0, autocross=41.53767610719701, endurance=155.1010733782362, efficiency=45.13219886954759)"
[104   3],295,104,3,295,22.464,3.9633417441227863,4.61836203910029,1604.2813993917837,4937.835880029149,0.03147701462803987,5.616,4.991178229782285,409.82460685153967,"ScoreBreakdown(accel=89.7104735538761, skidpad=75.0, autocross=42.50695448362756, endurance=157.32847524723118, efficiency=45.27870356680477)"
[104   3],300,104,3,300,22.464,3.9915058253446176,4.65720733660217,1610.284838028123,4949.581477351345,0.02889372252480379,5.616,5.002838419994789,403.5246837793169,"ScoreBreakdown(accel=87.76153133710751, skidpad=75.0, autocross=41.39095872507977, endurance=154.76391680991816, efficiency=44.608276907211476)"
[108   3],200,108,3,200,23.328,3.6263688434969197,4.496213348185748,1509.421641030339,4852.264593383687,0.09050731190447489,5.832,4.9180545099354855,491.13464571272914,"ScoreBreakdown(accel=100.0, skidpad=75.0, autocross=61.319025675862044, endurance=200.55861795149713, efficiency=54.25700208536999)"
[108   3],205,108,3,205,23.328,3.6441452916822072,4.376067036852291,1517.6526302949615,4869.18686988874,0.08653214868337618,5.832,4.9351341476822075,484.38703231092165,"ScoreBreakdown(accel=100.0, skidpad=75.0, autocross=59.593526309771995, endurance=196.593420123467, efficiency=53.20008587768271)"
[108   3],210,108,3,210,23.328,3.6511095024580413,4.4288669578696584,1513.3927766670117,4878.7595934430465,0.08484219080626373,5.832,4.943262492277707,487.4243899160063,"ScoreBreakdown(accel=100.0, skidpad=75.0, autocross=60.484195359349435, endurance=198.64017774638106, efficiency=53.30001681027583)"
[108   3],215,108,3,215,23.328,3.637075262504169,4.481046804910079,1519.4677684549047,4887.567641976236,0.08266889817274947,5.832,4.952695340747672,482.55636729491374,"ScoreBreakdown(accel=100.0, skidpad=75.0, autocross=59.21552653926467, endurance=195.72477658846086, efficiency=52.616064167188206)"
[108   3],220,108,3,220,23.328,3.6619219016776015,4.532621511412529,1528.378243312967,4904.141075476992,0.07904649492333485,5.832,4.969841250172889,475.4008630722102,"ScoreBreakdown(accel=100.0, skidpad=75.0, autocross=57.37295554472495, endurance=191.49054813893338, efficiency=51.537359388551835)"
[108   3],225,108,3,225,23.328,3.6815379399303936,4.422192708426152,1535.858173921588,4921.713037966932,0.07505451205760733,5.832,4.9874609213851935,469.37448678205254,"ScoreBreakdown(accel=100.0, skidpad=75.0, autocross=55.84270927751966, endurance=187.9740419643628, efficiency=50.5577355401701)"
[108   3],230,108,3,230,23.328,3.692103880388501,4.470852429020283,1531.9004982707836,4930.011534120729,0.07353387561643347,5.832,4.994773151354607,472.1419307915308,"ScoreBreakdown(accel=100.0, skidpad=75.0, autocross=56.65051002034065, endurance=189.83036820467467, efficiency=50.66105256651549)"
[108   3],235,108,3,235,23.328,3.680992183321891,4.518984356243578,1538.1601744055836,4944.63978484689,0.07021906477807512,5.832,5.009907764381042,467.1246867586508,"ScoreBreakdown(accel=100.0, skidpad=75.0, autocross=55.374760351652995, endurance=186.8986952554967, efficiency=49.85123115150109)"
[108   3],240,108,3,240,23.328,3.707720844568186,4.56660959939957,1546.9521310671807,4957.811817709574,0.06727954961415432,5.832,5.0233108321786135,460.3185056171889,"ScoreBreakdown(accel=100.0, skidpad=75.0, autocross=53.60035507177878, endurance=182.82111162951995, efficiency=48.897038915890185)"
[108   3],245,108,3,245,23.328,3.7300323602843406,4.464215027810155,1554.0941515638062,4972.403308740131,0.06396974791155063,5.832,5.0379671794797085,454.7591135590396,"ScoreBreakdown(accel=100.0, skidpad=75.0, autocross=52.17372093690255, endurance=179.54270615214045, efficiency=48.04268646999656)"
[108   3],250,108,3,250,23.328,3.744515743492414,4.509360168975846,1550.505725105237,4984.637862442217,0.06200045456516961,5.832,5.0476041215868666,457.1012445061559,"ScoreBreakdown(accel=100.0, skidpad=75.0, autocross=52.88887411013748, endurance=181.1861282622543, efficiency=48.02624213376419)"
[108   3],255,108,3,255,23.328,3.736249422103384,4.554058482861819,1560.8068460766576,4998.882381020051,0.05880574670383423,5.832,5.062294980645627,449.29603015747637,"ScoreBreakdown(accel=100.0, skidpad=75.0, autocross=50.84474806441283, endurance=176.4887262718418, efficiency=46.96255582122171)"
[108   3],260,108,3,260,23.328,3.7685683556247653,4.5983204147764525,1568.0550523019197,5016.4581997836485,0.05511353432415416,5.832,5.079811189749182,443.699467560945,"ScoreBreakdown(accel=100.0, skidpad=75.0, autocross=49.42253129868766, endurance=173.22047190950042, efficiency=46.056464352756926)"
[108   3],265,108,3,265,23.328,3.800431217339053,4.642160207225828,1572.2786182873049,5031.85175329507,0.05217202586889011,5.832,5.0938577207337286,440.35043715495664,"ScoreBreakdown(accel=100.0, skidpad=75.0, autocross=48.59984514265917, endurance=171.32993898718095, efficiency=45.42065302511649)"
[108   3],270,108,3,270,23.328,3.82946872142071,4.545210326813304,1584.6855182848071,5049.046713057013,0.048331625766964814,5.832,5.11086537200877,430.5953271244802,"ScoreBreakdown(accel=99.36641637168582, skidpad=75.0, autocross=46.20853225594054, endurance=165.8347015788689, efficiency=44.18567691798496)"
[108   3],275,108,3,275,23.328,3.8508227503561585,4.586949823898507,1579.5672246388413,5053.81848438056,0.047686117130547684,5.832,5.114378669885911,432.49841134420564,"ScoreBreakdown(accel=97.7811967647046, skidpad=75.0, autocross=47.19048302759058, endurance=168.09122461416962, efficiency=44.43550693774086)"
[108   3],280,108,3,280,23.328,3.8782795667071923,4.628315144971793,1585.4310192928656,5064.998968390431,0.0453626290374331,5.832,5.1253283851283005,426.13333749520996,"ScoreBreakdown(accel=95.76858873133177, skidpad=75.0, autocross=46.06603597982916, endurance=165.50724511284912, efficiency=43.79146767119996)"
[108   3],285,108,3,285,23.328,3.906724326227902,4.669313121469187,1589.701246358204,5075.106615492267,0.04345042308382827,5.832,5.134159890877306,420.88753025254164,"ScoreBreakdown(accel=93.71339838354871, skidpad=75.0, autocross=45.25239310958663, endurance=163.63749366275832, efficiency=43.28424509664796)"
[108   3],290,108,3,290,23.328,3.935079819301123,4.579187861615182,1601.3464246786527,5088.415609403125,0.040245265973856054,5.832,5.148467523286926,410.55700986309586,"ScoreBreakdown(accel=91.69422991893049, skidpad=75.0, autocross=43.055590407637794, endurance=158.58924069114678, efficiency=42.21794884538081)"
[108   3],295,108,3,295,23.328,3.9633417441227863,4.61836203910029,1596.2464013833985,5098.58776603755,0.03846726593484067,5.832,5.157376050074461,411.86091449744225,"ScoreBreakdown(accel=89.7104735538761, skidpad=75.0, autocross=44.01373853297875, endurance=160.7910652413012, efficiency=42.345637169286206)"
[108   3],300,108,3,300,23.328,3.9915058253446176,4.65720733660217,1602.168388175476,5111.52952247844,0.035805809945129746,5.832,5.169852741898979,405.5785015951829,"ScoreBreakdown(accel=87.76153133710751, skidpad=75.0, autocross=42.901737822456454, endurance=158.23568742501007, efficiency=41.6795450106089)"
[112   3],200,112,3,200,24.192,3.6263688434969197,4.496213348185748,1502.252512591291,4999.375456958466,0.09838608271463035,6.048,5.067401866060383,493.19098460229486,"ScoreBreakdown(accel=100.0, skidpad=75.0, autocross=62.8373290940995, endurance=204.04767945716864, efficiency=51.305976051026725)"
[112   3],205,112,3,205,24.192,3.6441452916822072,4.376067036852291,1510.56212056757,5017.009800674076,0.09426176397030517,6.048,5.085951595015748,486.3471811183807,"ScoreBreakdown(accel=100.0, skidpad=75.0, autocross=61.078819563030805, endurance=200.0066242645702, efficiency=50.26173729077973)"
[112   3],210,112,3,210,24.192,3.6511095024580413,4.4288669578696584,1506.592892761587,5026.892988701871,0.09238630090027461,6.048,5.0953001543228105,489.18576289926347,"ScoreBreakdown(accel=100.0, skidpad=75.0, autocross=61.91638209448753, endurance=201.93134310007866, efficiency=50.33803770469727)"
[112   3],215,112,3,215,24.192,3.637075262504169,4.481046804910079,1512.2864924426037,5036.883764508284,0.09015452821500498,6.048,5.105421316227488,484.56716863587917,"ScoreBreakdown(accel=100.0, skidpad=75.0, autocross=60.71632292107475, endurance=199.1736069215332, efficiency=49.677238793271236)"
[112   3],220,112,3,220,24.192,3.6619219016776015,4.532621511412529,1521.1444066498373,5054.348131236047,0.08658426892058635,6.048,5.122986132820335,477.4091169345695,"ScoreBreakdown(accel=100.0, skidpad=75.0, autocross=58.867170664825146, endurance=194.92425473151042, efficiency=48.61769153823392)"
[112   3],225,112,3,225,24.192,3.6815379399303936,4.422192708426152,1528.7057972595398,5073.2461332718,0.08250185325446104,6.048,5.141693872216064,471.278075192863,"ScoreBreakdown(accel=100.0, skidpad=75.0, autocross=57.305630942342596, endurance=191.33583619154854, efficiency=47.63660805897187)"
[112   3],230,112,3,230,24.192,3.692103880388501,4.470852429020283,1525.012705668621,5083.39427962845,0.08075835159235228,6.048,5.150424248841473,473.8342744728523,"ScoreBreakdown(accel=100.0, skidpad=75.0, autocross=58.066374746662476, endurance=193.08402557941915, efficiency=47.683874146770755)"
[112   3],235,112,3,235,24.192,3.680992183321891,4.518984356243578,1530.9973163751931,5097.988051227108,0.07745598799853635,6.048,5.166043490215397,469.0144636267527,"ScoreBreakdown(accel=100.0, skidpad=75.0, autocross=56.8354436768851, endurance=190.2553457779333, efficiency=46.92367417193429)"
[112   3],240,112,3,240,24.192,3.707720844568186,4.56660959939957,1539.8165887574248,5112.3957261316655,0.07434879641565423,6.048,5.1808702851585045,462.1368508978028,"ScoreBreakdown(accel=100.0, skidpad=75.0, autocross=55.03891128305831, endurance=186.12691404044182, efficiency=45.971025574302615)"
[112   3],245,112,3,245,24.192,3.7300323602843406,4.464215027810155,1546.8919303553319,5127.104137260574,0.07105729427565266,6.048,5.196055442109162,456.6096205466226,"ScoreBreakdown(accel=100.0, skidpad=75.0, autocross=53.61243628356678, endurance=182.84887425620272, efficiency=45.148310006853066)"
[112   3],250,112,3,250,24.192,3.744515743492414,4.509360168975846,1543.4108029035926,5139.973549322988,0.06897168102722474,6.048,5.206707263850163,458.89097756124454,"ScoreBreakdown(accel=100.0, skidpad=75.0, autocross=54.31263955340049, endurance=184.45794148583326, efficiency=45.120396522010786)"
[112   3],255,112,3,255,24.192,3.736249422103384,4.554058482861819,1553.7429821887633,5154.960223328127,0.06576221612876826,6.048,5.222034626232361,451.01909890569493,"ScoreBreakdown(accel=100.0, skidpad=75.0, autocross=52.243561197084574, endurance=179.70319908156418, efficiency=44.07233862704616)"
[112   3],260,112,3,260,24.192,3.7685683556247653,4.5983204147764525,1560.8299398084932,5172.633310854599,0.062089320406884155,6.048,5.240169642991625,445.5264545193169,"ScoreBreakdown(accel=100.0, skidpad=75.0, autocross=50.84019572022576, endurance=176.47826498414867, efficiency=43.20799381494253)"
[112   3],265,112,3,265,24.192,3.800431217339053,4.642160207225828,1565.006411388703,5187.228078693642,0.059195228718892344,6.048,5.254579883307763,442.22742134908265,"ScoreBreakdown(accel=100.0, skidpad=75.0, autocross=50.01911937144913, endurance=174.59143139915963, efficiency=42.61687057847388)"
[112   3],270,112,3,270,24.192,3.82946872142071,4.545210326813304,1577.345533580708,5205.004758274946,0.055343464186639366,6.048,5.272345560561067,432.473369231022,"ScoreBreakdown(accel=99.36641637168582, skidpad=75.0, autocross=47.618700548665586, endurance=169.07526854826764, efficiency=41.41298376240294)"
[112   3],275,112,3,275,24.192,3.8508227503561585,4.586949823898507,1572.3940537518733,5210.633686809079,0.054660265162476296,6.048,5.276212790847332,434.2693052150304,"ScoreBreakdown(accel=97.7811967647046, skidpad=75.0, autocross=48.57742212422573, endurance=171.27841088712043, efficiency=41.63227543897958)"
[112   3],280,112,3,280,24.192,3.8782795667071923,4.628315144971793,1578.135811035049,5222.526701704136,0.05227192627115354,6.048,5.287907924291695,427.9635053093585,"ScoreBreakdown(accel=95.76858873133177, skidpad=75.0, autocross=47.466241187042264, endurance=168.72491691009736, efficiency=41.00375848088708)"
[112   3],285,112,3,285,24.192,3.906724326227902,4.669313121469187,1582.3649368057886,5232.291359860918,0.05034788135915982,6.048,5.297154087098691,422.74654142317365,"ScoreBreakdown(accel=93.71339838354871, skidpad=75.0, autocross=46.652951444142055, endurance=166.85597694669724, efficiency=40.524214648785716)"
[112   3],290,112,3,290,24.192,3.935079819301123,4.579187861615182,1593.9593744215458,5246.954079313782,0.04712622571828574,6.048,5.3121641678721865,412.38889510943403,"ScoreBreakdown(accel=91.69422991893049, skidpad=75.0, autocross=44.44539656378793, endurance=161.78301546733616, efficiency=39.46625315937944)"
[112   3],295,112,3,295,24.192,3.9633417441227863,4.61836203910029,1589.0119964859268,5257.948268844836,0.04531540073911162,6.048,5.321653877850435,413.6046597945874,"ScoreBreakdown(accel=89.7104735538761, skidpad=75.0, autocross=45.383425819741156, endurance=163.93860685231724, efficiency=39.57215356865291)"
[112   3],300,112,3,300,24.192,3.9915058253446176,4.65720733660217,1594.8420974343194,5271.477979144825,0.042613388971988644,6.048,5.334834335722075,407.36391942553877,"ScoreBreakdown(accel=87.76153133710751, skidpad=75.0, autocross=44.27864295942342, endurance=161.39981565698767, efficiency=38.923929472020156)"
[116   3],200,116,3,200,25.055999999999997,3.6263688434969197,4.496213348185748,1495.6913038927703,5145.633206487384,0.10592749211242933,6.264,5.215368605620702,495.011356184937,"ScoreBreakdown(accel=100.0, skidpad=75.0, autocross=64.23964113905281, endurance=207.2701927678915, efficiency=48.50152227799268)"
[116   3],205,116,3,205,25.055999999999997,3.6441452916822072,4.376067036852291,1504.077238141661,5164.933702284635,0.10160639681458464,6.264,5.23567251325309,488.05509142673776,"ScoreBreakdown(accel=100.0, skidpad=75.0, autocross=62.44950910012379, endurance=203.15646904701154, efficiency=47.44911327960241)"
[116   3],210,116,3,210,25.055999999999997,3.6511095024580413,4.4288669578696584,1500.3159230063918,5175.578945204031,0.09955678483932165,6.264,5.24630400140015,490.74490509545643,"ScoreBreakdown(accel=100.0, skidpad=75.0, autocross=63.249956105492046, endurance=204.99589639744352, efficiency=47.49905259252087)"
[116   3],215,116,3,215,25.055999999999997,3.637075262504169,4.481046804910079,1505.7414270159416,5185.877415851245,0.09726160725462503,6.264,5.257154252489931,486.31458288036936,"ScoreBreakdown(accel=100.0, skidpad=75.0, autocross=62.09662848955348, endurance=202.34554934568584, efficiency=46.87240504512998)"
[116   3],220,116,3,220,25.055999999999997,3.6619219016776015,4.532621511412529,1514.3483288295515,5203.8351325997555,0.09378369485082616,6.264,5.274901225324671,479.318877946214,"ScoreBreakdown(accel=100.0, skidpad=75.0, autocross=60.28396834091409, endurance=198.18005602497362, efficiency=45.854853580326264)"
[116   3],225,116,3,225,25.055999999999997,3.6815379399303936,4.422192708426152,1521.9716616731332,5223.5756875681745,0.0897990547527828,6.264,5.293971942528016,473.11032586029444,"ScoreBreakdown(accel=100.0, skidpad=75.0, autocross=58.695574284704314, endurance=194.52992622167466, efficiency=44.88482535391545)"
[116   3],230,116,3,230,25.055999999999997,3.692103880388501,4.470852429020283,1518.5651105435581,5234.846125888277,0.08792267372251683,6.264,5.303771739678468,475.4540769498166,"ScoreBreakdown(accel=100.0, skidpad=75.0, autocross=59.40339072879153, endurance=196.15648852699636, efficiency=44.89419769402871)"
[116   3],235,116,3,235,25.055999999999997,3.680992183321891,4.518984356243578,1524.2717092453477,5250.346144738827,0.08467687069933652,6.264,5.319783418614618,470.81639980706825,"ScoreBreakdown(accel=100.0, skidpad=75.0, autocross=58.21945739981533, endurance=193.43580954162732, efficiency=44.161132865625625)"
[116   3],240,116,3,240,25.055999999999997,3.707720844568186,4.56660959939957,1533.1690247916079,5265.569485763977,0.08154811217312224,6.264,5.335271878080374,463.8413898499687,"ScoreBreakdown(accel=100.0, skidpad=75.0, autocross=56.39113707273088, endurance=189.23432912826408, efficiency=43.21592364897371)"
[116   3],245,116,3,245,25.055999999999997,3.7300323602843406,4.464215027810155,1540.0622527092792,5280.832129731378,0.07838955569749624,6.264,5.350368767028324,458.4236754084212,"ScoreBreakdown(accel=100.0, skidpad=75.0, autocross=54.98916279532587, endurance=186.0125920074227, efficiency=42.421920605672646)"
[116   3],250,116,3,250,25.055999999999997,3.744515743492414,4.509360168975846,1536.84154690661,5295.254748354135,0.07604974873801085,6.264,5.362785183351942,460.5109108578286,"ScoreBreakdown(accel=100.0, skidpad=75.0, autocross=55.64263844133887, endurance=187.51427914980206, efficiency=42.35399326668768)"
[116   3],255,116,3,255,25.055999999999997,3.736249422103384,4.554058482861819,1547.2418663647818,5311.136765663719,0.07270709405954479,6.264,5.379261474050182,452.54554073557375,"ScoreBreakdown(accel=100.0, skidpad=75.0, autocross=53.54222350292024, endurance=182.68752527468965, efficiency=41.31579195796386)"
[116   3],260,116,3,260,25.055999999999997,3.7685683556247653,4.5983204147764525,1554.11260991235,5329.839279672704,0.06897319710692296,6.264,5.398339907709712,447.1805397135524,"ScoreBreakdown(accel=100.0, skidpad=75.0, autocross=52.17005082968262, endurance=179.53427224514334, efficiency=40.4762166387264)"
[116   3],265,116,3,265,25.055999999999997,3.800431217339053,4.642160207225828,1558.168699270684,5345.076586841848,0.06611898531771956,6.264,5.413051417782137,443.9545397577358,"ScoreBreakdown(accel=100.0, skidpad=75.0, autocross=51.365680071381924, endurance=177.68582810982497, efficiency=39.903031576528925)"
[116   3],270,116,3,270,25.055999999999997,3.82946872142071,4.545210326813304,1570.4607119516409,5363.43896699822,0.06224638299585396,6.264,5.431655648891394,434.19049341068535,"ScoreBreakdown(accel=99.36641637168582, skidpad=75.0, autocross=48.95340311838434, endurance=172.1424152737443, efficiency=38.72825864687095)"
[116   3],275,116,3,275,25.055999999999997,3.8508227503561585,4.586949823898507,1565.7727560468888,5369.2170878524885,0.06146446265690447,6.264,5.436165884395327,435.8228496565081,"ScoreBreakdown(accel=97.7811967647046, skidpad=75.0, autocross=49.8689349100875, endurance=174.2463074821662, efficiency=38.92641049954979)"
[116   3],280,116,3,280,25.055999999999997,3.8782795667071923,4.628315144971793,1571.360664004964,5381.562119494763,0.05903948542297824,6.264,5.448505455735627,429.6074851710256,"ScoreBreakdown(accel=95.76858873133177, skidpad=75.0, autocross=48.77827247673564, endurance=171.7399650303341, efficiency=38.32065893262406)"
[116   3],285,116,3,285,25.055999999999997,3.906724326227902,4.669313121469187,1575.4961076626787,5391.621760306692,0.057185679834837334,6.264,5.457773258064875,424.44427353195266,"ScoreBreakdown(accel=93.71339838354871, skidpad=75.0, autocross=47.97608732957829, endurance=169.8965434297838, efficiency=37.85824438904187)"
[116   3],290,116,3,290,25.055999999999997,3.935079819301123,4.579187861615182,1587.007018281935,5406.8027470734505,0.05393274749747589,6.264,5.4735284122885375,414.1033256247521,"ScoreBreakdown(accel=91.69422991893049, skidpad=75.0, autocross=45.76523762523584, endurance=164.81601044435357, efficiency=36.82784763623215)"
[116   3],295,116,3,295,25.055999999999997,3.9633417441227863,4.61836203910029,1582.3591804756438,5418.323657539087,0.0520206964362851,6.264,5.483911275187031,415.13264737106044,"ScoreBreakdown(accel=89.7104735538761, skidpad=75.0, autocross=46.65405547113613, endurance=166.85851400091187, efficiency=36.90960434513637)"
[116   3],300,116,3,300,25.055999999999997,3.9915058253446176,4.65720733660217,1588.008435129136,5432.2656753112315,0.04929255269465359,6.264,5.497739982401165,409.00133053263585,"ScoreBreakdown(accel=87.76153133710751, skidpad=75.0, autocross=45.574415397725225, endurance=164.37750093404344, efficiency=36.28788286375968)"
[120   3],200,120,3,200,25.919999999999995,3.6263688434969197,4.496213348185748,1489.6479042960755,5287.637122572328,0.11360644925389003,6.48,5.359991589230157,496.71255017811677,"ScoreBreakdown(accel=100.0, skidpad=75.0, autocross=65.54221222235378, endurance=210.2635013322774, efficiency=45.90683662348557)"
[120   3],205,120,3,205,25.919999999999995,3.6441452916822072,4.376067036852291,1497.996023518526,5309.776958464342,0.10902222246627853,6.48,5.382364684255419,489.7118727700987,"ScoreBreakdown(accel=100.0, skidpad=75.0, autocross=63.74565906303357, endurance=206.13502187567863, efficiency=44.831191831386484)"
[120   3],210,120,3,210,25.919999999999995,3.6511095024580413,4.4288669578696584,1494.4726181709532,5322.539235341236,0.10671444694608984,6.48,5.394757625935821,492.1994970768301,"ScoreBreakdown(accel=100.0, skidpad=75.0, autocross=64.50146396865387, endurance=207.8718616735228, efficiency=44.82617143465344)"
[120   3],215,120,3,215,25.919999999999995,3.637075262504169,4.481046804910079,1499.7209127294486,5333.670982018181,0.10426925317674841,6.48,5.406818756611795,487.8794061484631,"ScoreBreakdown(accel=100.0, skidpad=75.0, autocross=63.37694829789088, endurance=205.28772447653333, efficiency=44.21473337403896)"
[120   3],220,120,3,220,25.919999999999995,3.6619219016776015,4.532621511412529,1508.0743256072687,5351.770102275267,0.1008240169820271,6.48,5.424996316998103,481.0596270972898,"ScoreBreakdown(accel=100.0, skidpad=75.0, autocross=61.60326337747983, endurance=201.2117962367217, efficiency=43.24456748308825)"
[120   3],225,120,3,225,25.919999999999995,3.6815379399303936,4.422192708426152,1515.7536364018843,5372.049709037741,0.09683395980447536,6.48,5.444809401554011,474.78606333464603,"ScoreBreakdown(accel=100.0, skidpad=75.0, autocross=59.98995793271975, endurance=197.50442005842322, efficiency=42.29168534350306)"
[120   3],230,120,3,230,25.919999999999995,3.692103880388501,4.470852429020283,1512.6041194866316,5384.089965316232,0.09483598232953763,6.48,5.455650914607243,476.94470620874665,"ScoreBreakdown(accel=100.0, skidpad=75.0, autocross=60.64964165441099, endurance=199.0203733597358, efficiency=42.274691194599896)"
[120   3],235,120,3,235,25.919999999999995,3.680992183321891,4.518984356243578,1518.0309170482926,5400.787048303309,0.09158456783210733,6.48,5.472315635408329,472.4891887593416,"ScoreBreakdown(accel=100.0, skidpad=75.0, autocross=59.51467410191713, endurance=196.41221773680368, efficiency=41.56229692062072)"
[120   3],240,120,3,240,25.919999999999995,3.707720844568186,4.56660959939957,1526.9008654011488,5416.8995156410965,0.08850849465435248,6.48,5.488098857937669,465.49634725482935,"ScoreBreakdown(accel=100.0, skidpad=75.0, autocross=57.67697097982058, endurance=192.18917565895413, efficiency=40.63020061605464)"
[120   3],245,120,3,245,25.919999999999995,3.7300323602843406,4.464215027810155,1533.5942883708874,5432.178710315971,0.08547646688998782,6.48,5.503078621086103,460.21406163322916,"ScoreBreakdown(accel=100.0, skidpad=75.0, autocross=56.30428035944443, endurance=189.03473238679797, efficiency=39.875048886986825)"
[120   3],250,120,3,250,25.919999999999995,3.744515743492414,4.509360168975846,1530.7233393643826,5448.048340592008,0.08293893254283478,6.48,5.517058479405404,462.04187519455724,"ScoreBreakdown(accel=100.0, skidpad=75.0, autocross=56.89158578414899, endurance=190.3843603496906, efficiency=39.765929060717596)"
[120   3],255,120,3,255,25.919999999999995,3.736249422103384,4.554058482861819,1541.1334289497263,5464.698875345455,0.07959451956664823,6.48,5.534209800363202,454.0304615885005,"ScoreBreakdown(accel=100.0, skidpad=75.0, autocross=54.772428252543506, endurance=185.51453599234188, efficiency=38.743497343615104)"
[120   3],260,120,3,260,25.919999999999995,3.7685683556247653,4.5983204147764525,1547.8550009458074,5483.54318399119,0.07595983007635977,6.48,5.553515520397147,448.764123208407,"ScoreBreakdown(accel=100.0, skidpad=75.0, autocross=53.419277886641474, endurance=182.4049962281917, efficiency=37.93984909357381)"
[120   3],265,120,3,265,25.919999999999995,3.800431217339053,4.642160207225828,1551.8180306824925,5499.5867245733525,0.07317863709639079,6.48,5.56840475690482,445.58990972920566,"ScoreBreakdown(accel=100.0, skidpad=75.0, autocross=52.62695539789701, endurance=180.58423901830182, efficiency=37.37871531300682)"
[120   3],270,120,3,270,25.919999999999995,3.82946872142071,4.545210326813304,1564.0148146213237,5518.857030488988,0.06927349753374594,6.48,5.587888521438612,435.84686961674714,"ScoreBreakdown(accel=99.36641637168582, skidpad=75.0, autocross=50.213666058168435, endurance=175.03849971734627, efficiency=36.22828746954663)"
[120   3],275,120,3,275,25.919999999999995,3.8508227503561585,4.586949823898507,1559.6129861151921,5525.57821778053,0.06835513887576217,6.48,5.593310409634906,437.28156183832726,"ScoreBreakdown(accel=97.7811967647046, skidpad=75.0, autocross=51.080270944557746, endurance=177.02995788928268, efficiency=36.39013623978224)"
[120   3],280,120,3,280,25.919999999999995,3.8782795667071923,4.628315144971793,1564.9970637161305,5538.210820789906,0.0659423391524599,6.48,5.6060070876369394,431.1973770399355,"ScoreBreakdown(accel=95.76858873133177, skidpad=75.0, autocross=50.02095219038692, endurance=174.59564321738122, efficiency=35.81219290083557)"
[120   3],285,120,3,285,25.919999999999995,3.906724326227902,4.669313121469187,1569.0248222334956,5548.454382231459,0.06408994036885361,6.48,5.6155511602214165,426.1009284755256,"ScoreBreakdown(accel=93.71339838354871, skidpad=75.0, autocross=49.23324319777275, endurance=172.7854878223602, efficiency=35.368799071843995)"
[120   3],290,120,3,290,25.919999999999995,3.935079819301123,4.579187861615182,1580.4853411518943,5564.585543861009,0.060817070643055984,6.48,5.631956643576899,415.74801119330084,"ScoreBreakdown(accel=91.69422991893049, skidpad=75.0, autocross=47.013873173076526, endurance=167.685375139351, efficiency=34.354532961942795)"
[120   3],295,120,3,295,25.919999999999995,3.9633417441227863,4.61836203910029,1576.13139345563,5577.269673440426,0.05873522799650696,6.48,5.643624992747485,416.5802145749881,"ScoreBreakdown(accel=89.7104735538761, skidpad=75.0, autocross=47.85322885768383, endurance=169.61421464109534, efficiency=34.40229752233276)"
[120   3],300,120,3,300,25.919999999999995,3.9915058253446176,4.65720733660217,1581.5149649250966,5591.8369273647095,0.05600507684567527,6.48,5.657933885252918,410.6156513260129,"ScoreBreakdown(accel=87.76153133710751, skidpad=75.0, autocross=46.816057588539955, endurance=167.2307948934407, efficiency=33.80726750692472)"
[124   3],200,124,3,200,26.784,3.6263688434969197,4.496213348185748,1484.0351813367722,5426.31235288933,0.12100884353655965,6.696,5.503060473642148,498.3131665209456,"ScoreBreakdown(accel=100.0, skidpad=75.0, autocross=66.76145867204272, endurance=213.06532987487185, efficiency=43.48637797403096)"
[124   3],205,124,3,205,26.784,3.6441452916822072,4.376067036852291,1492.3934715258445,5450.21989949044,0.1164508327476293,6.696,5.52626323914633,491.25766753083434,"ScoreBreakdown(accel=100.0, skidpad=75.0, autocross=64.94913556365492, endurance=208.90061107271336, efficiency=42.40792089446602)"
[124   3],210,124,3,210,26.784,3.6511095024580413,4.4288669578696584,1489.051528607039,5464.8495124297815,0.11403724240510538,6.696,5.539767388515582,493.5924344425673,"ScoreBreakdown(accel=100.0, skidpad=75.0, autocross=65.67132591279073, endurance=210.560204614209, efficiency=42.360903915567604)"
[124   3],215,124,3,215,26.784,3.637075262504169,4.481046804910079,1494.1365191591433,5477.193424814453,0.11153201664896155,6.696,5.552703812125885,489.36743145788995,"ScoreBreakdown(accel=100.0, skidpad=75.0, autocross=64.5737467262523, endurance=208.03796746241264, efficiency=41.755717269225066)"
[124   3],220,124,3,220,26.784,3.6619219016776015,4.532621511412529,1502.255123654154,5495.7215114863075,0.1080956962667096,6.696,5.571466409357782,482.70604922478674,"ScoreBreakdown(accel=100.0, skidpad=75.0, autocross=62.8367734759612, endurance=204.04640264659508, efficiency=40.82287310223047)"
[124   3],225,124,3,225,26.784,3.6815379399303936,4.422192708426152,1509.9195862373551,5517.476246993789,0.10394922711350925,6.696,5.592826497442688,476.40431126345493,"ScoreBreakdown(accel=100.0, skidpad=75.0, autocross=61.214104563695926, endurance=200.31750921842436, efficiency=39.872697481334605)"
[124   3],230,124,3,230,26.784,3.692103880388501,4.470852429020283,1507.019670702975,5531.112888441272,0.1017535877119341,6.696,5.605092864170807,478.36559636138895,"ScoreBreakdown(accel=100.0, skidpad=75.0, autocross=61.82611429638716, endurance=201.72390768514742, efficiency=39.81557437985433)"
[124   3],235,124,3,235,26.784,3.680992183321891,4.518984356243578,1512.2213801662722,5548.670382838532,0.0984140368415464,6.696,5.622753504697579,474.0610823418724,"ScoreBreakdown(accel=100.0, skidpad=75.0, autocross=60.729995774294714, endurance=199.20502714048902, efficiency=39.12605942708866)"
[124   3],240,124,3,240,26.784,3.707720844568186,4.56660959939957,1521.0792134671863,5565.252278585523,0.09529166393734174,6.696,5.639250370630043,467.0493696528457,"ScoreBreakdown(accel=100.0, skidpad=75.0, autocross=58.880701531881876, endurance=194.95534866623976, efficiency=38.21331945472412)"
[124   3],245,124,3,245,26.784,3.7300323602843406,4.464215027810155,1527.6134166241525,5580.592547062042,0.09231946233098429,6.696,5.654439595082621,461.8733026283274,"ScoreBreakdown(accel=100.0, skidpad=75.0, autocross=57.53026848326823, endurance=191.85205329766697, efficiency=37.4909808473922)"
[124   3],250,124,3,250,26.784,3.744515743492414,4.509360168975846,1524.987146572649,5598.077191038217,0.08964138707121594,6.696,5.66969330972073,463.51495958806333,"ScoreBreakdown(accel=100.0, skidpad=75.0, autocross=58.07165253007101, endurance=193.09615392656306, efficiency=37.34715313142925)"
[124   3],255,124,3,255,26.784,3.736249422103384,4.554058482861819,1535.4474647029397,5615.625525881505,0.0862485613092233,6.696,5.687663098663431,455.4271775844046,"ScoreBreakdown(accel=100.0, skidpad=75.0, autocross=55.92634543968275, endurance=188.1662378788158, efficiency=36.33459426590603)"
[124   3],260,124,3,260,26.784,3.7685683556247653,4.5983204147764525,1542.047158840378,5635.162443428145,0.08264310814050342,6.696,5.70750241816648,450.2309210558981,"ScoreBreakdown(accel=100.0, skidpad=75.0, autocross=54.587788310225335, endurance=185.09023337442378, efficiency=35.55289937124894)"
[124   3],265,124,3,265,26.784,3.800431217339053,4.642160207225828,1545.8942532034189,5651.445455878395,0.0799200610120868,6.696,5.722594921417616,447.1370083440586,"ScoreBreakdown(accel=100.0, skidpad=75.0, autocross=53.81278934821729, endurance=183.3092856318332, efficiency=35.01493336400813)"
[124   3],270,124,3,270,26.784,3.82946872142071,4.545210326813304,1558.0344300225784,5671.526849782434,0.07603153949853529,6.696,5.742699207978772,437.392431829025,"ScoreBreakdown(accel=99.36641637168582, skidpad=75.0, autocross=51.39224023526495, endurance=177.7468633708113, efficiency=33.88691185126291)"
[124   3],275,124,3,275,26.784,3.8508227503561585,4.586949823898507,1553.846545667172,5679.810059980104,0.07491053816634198,6.696,5.749427611186171,438.66855613524837,"ScoreBreakdown(accel=97.7811967647046, skidpad=75.0, autocross=52.22296130040713, endurance=179.65586051559987, efficiency=34.00853755453677)"
[124   3],280,124,3,280,26.784,3.8782795667071923,4.628315144971793,1559.096043189779,5692.728636832196,0.07255902173404692,6.696,5.762257975118617,432.6680966739273,"ScoreBreakdown(accel=95.76858873133177, skidpad=75.0, autocross=51.1823645648098, endurance=177.26456904547013, efficiency=33.45257433231562)"
[124   3],285,124,3,285,26.784,3.906724326227902,4.669313121469187,1563.063426720435,5702.832504102892,0.07081033783923481,6.696,5.771587362761481,427.6116329383209,"ScoreBreakdown(accel=93.71339838354871, skidpad=75.0, autocross=50.40055597909646, endurance=175.4679727864808, efficiency=33.029705789194985)"
[124   3],290,124,3,290,26.784,3.935079819301123,4.579187861615182,1574.4722650351307,5719.2727292936,0.06757089678198841,6.696,5.788477259686838,417.2625574510056,"ScoreBreakdown(accel=91.69422991893049, skidpad=75.0, autocross=48.174297793543424, endurance=170.35203110868596, efficiency=32.04199862984569)"
[124   3],295,124,3,295,26.784,3.9633417441227863,4.61836203910029,1570.2775118483662,5732.938063784877,0.06543260415693156,6.696,5.800969485352888,417.9931819086136,"ScoreBreakdown(accel=89.7104735538761, skidpad=75.0, autocross=48.98907844409925, endurance=172.22439717812446, efficiency=32.06923273251379)"
[124   3],300,124,3,300,26.784,3.9915058253446176,4.65720733660217,1575.4041618410672,5747.588724847471,0.06278182278787009,6.696,5.815421395944903,412.2009228661218,"ScoreBreakdown(accel=87.76153133710751, skidpad=75.0, autocross=47.99387702018379, endurance=169.93742414173104, efficiency=31.508090367099516)"
[128   3],200,128,3,200,27.647999999999996,3.6263688434969197,4.496213348185748,1478.949450115619,5562.8459525980725,0.12810141195838173,6.912,5.644813165788952,499.6892650878855,"ScoreBreakdown(accel=100.0, skidpad=75.0, autocross=67.87421890639402, endurance=215.6224530770473, efficiency=41.192593104444114)"
[128   3],205,128,3,205,27.647999999999996,3.6441452916822072,4.376067036852291,1487.2879023704456,5587.700998087269,0.12353204124120701,6.912,5.6690008727146886,492.62264395664357,"ScoreBreakdown(accel=100.0, skidpad=75.0, autocross=66.05375199019218, endurance=211.43901980318822, efficiency=40.1298721632632)"
[128   3],210,128,3,210,27.647999999999996,3.6511095024580413,4.4288669578696584,1484.052860976595,5603.654373138306,0.12103072533756598,6.912,5.6835542549929094,494.8733218363981,"ScoreBreakdown(accel=100.0, skidpad=75.0, autocross=66.75760366153624, endurance=213.05647106009198, efficiency=40.05924711476985)"
[128   3],215,128,3,215,27.647999999999996,3.637075262504169,4.481046804910079,1488.9605988792898,5617.724491172619,0.11850335621077816,6.912,5.697163120944815,490.74854785336703,"ScoreBreakdown(accel=100.0, skidpad=75.0, autocross=65.69102103493512, endurance=210.6054640081469, efficiency=39.452062810284964)"
[128   3],220,128,3,220,27.647999999999996,3.6619219016776015,4.532621511412529,1496.8981779447079,5637.379090538638,0.1151000324212267,6.912,5.71642422882096,484.1941086049938,"ScoreBreakdown(accel=100.0, skidpad=75.0, autocross=63.980776075698074, endurance=206.67532080958267, efficiency=38.538011719713026)"
[128   3],225,128,3,225,27.647999999999996,3.6815379399303936,4.422192708426152,1504.5696542645926,5660.307178625214,0.11085728654420345,6.912,5.739167989049889,477.85633478208945,"ScoreBreakdown(accel=100.0, skidpad=75.0, autocross=62.34501409123935, endurance=202.91633949935044, efficiency=37.594981191499656)"
[128   3],230,128,3,230,27.647999999999996,3.692103880388501,4.470852429020283,1501.8258519023843,5674.541080577979,0.10858363955961427,6.912,5.752405251511901,479.70928619009715,"ScoreBreakdown(accel=100.0, skidpad=75.0, autocross=62.928145818876054, endurance=204.2563763056924, efficiency=37.52476406552864)"
[128   3],235,128,3,235,27.647999999999996,3.680992183321891,4.518984356243578,1506.84813189857,5692.662349745128,0.10516980671604541,6.912,5.771231156366556,475.52896735650404,"ScoreBreakdown(accel=100.0, skidpad=75.0, autocross=61.86239032148991, endurance=201.80726999682003, efficiency=36.859307038194146)"
[128   3],240,128,3,240,27.647999999999996,3.707720844568186,4.56660959939957,1515.6599994092296,5709.505888633663,0.10205032458255603,6.912,5.788307292639322,468.52935128746594,"ScoreBreakdown(accel=100.0, skidpad=75.0, autocross=60.00953117487743, endurance=197.54939937213166, efficiency=35.97042074045685)"
[128   3],245,128,3,245,27.647999999999996,3.7300323602843406,4.464215027810155,1522.0968747926888,5725.336390515118,0.09909538065701542,6.912,5.803886531263062,463.40695900816536,"ScoreBreakdown(accel=100.0, skidpad=75.0, autocross=58.669617750999365, endurance=194.47027810293707, efficiency=35.26706315422892)"
[128   3],250,128,3,250,27.647999999999996,3.744515743492414,4.509360168975846,1519.6669873990427,5744.164634063497,0.09631788217927487,6.912,5.820212009112032,464.9022615098758,"ScoreBreakdown(accel=100.0, skidpad=75.0, autocross=59.17409448824171, endurance=195.6295657283726, efficiency=35.09860129326154)"
[128   3],255,128,3,255,27.647999999999996,3.736249422103384,4.554058482861819,1530.1165107401325,5763.1599414538,0.09278730972500301,6.912,5.8394386077423,456.775995029344,"ScoreBreakdown(accel=100.0, skidpad=75.0, autocross=57.01600589184977, endurance=190.67027777771972, efficiency=34.08971135977452)"
[128   3],260,128,3,260,27.647999999999996,3.7685683556247653,4.5983204147764525,1536.596156793641,5783.548912948593,0.08911760236674329,6.912,5.860200807710298,451.64732125011557,"ScoreBreakdown(accel=100.0, skidpad=75.0, autocross=55.69253998096896, endurance=187.62895289610742, efficiency=33.32582837303922)"
[128   3],265,128,3,265,27.647999999999996,3.800431217339053,4.642160207225828,1540.3822817639577,5800.7059264212985,0.08640441069020123,6.912,5.8756899146418355,448.5834137437586,"ScoreBreakdown(accel=100.0, skidpad=75.0, autocross=54.92437870903441, endurance=185.86371816643384, efficiency=32.795316868290385)"
[128   3],270,128,3,270,27.647999999999996,3.82946872142071,4.545210326813304,1552.5168073870873,5821.073005737747,0.08251522344878776,6.912,5.896403329771807,438.81235055395763,"ScoreBreakdown(accel=99.36641637168582, skidpad=75.0, autocross=52.48766953655649, endurance=180.26416008595515, efficiency=31.694104559760152)"
[128   3],275,128,3,275,27.647999999999996,3.8508227503561585,4.586949823898507,1548.4763889994417,5830.405380682409,0.08129988482342104,6.912,5.903958399004679,439.9858602686037,"ScoreBreakdown(accel=97.7811967647046, skidpad=75.0, autocross=53.29477662359963, endurance=182.11889230517536, efficiency=31.790994575124124)"
[128   3],280,128,3,280,27.647999999999996,3.8782795667071923,4.628315144971793,1553.657081376005,5843.610835402219,0.07896554794727949,6.912,5.917131393402176,434.02326585590964,"ScoreBreakdown(accel=95.76858873133177, skidpad=75.0, autocross=52.260649882073814, endurance=179.7424688824896, efficiency=31.251558360014492)"
[128   3],285,128,3,285,27.647999999999996,3.906724326227902,4.669313121469187,1557.5594227950469,5854.476971055267,0.07727950788798962,6.912,5.9264388216535755,428.995745438292,"ScoreBreakdown(accel=93.71339838354871, skidpad=75.0, autocross=51.486239458031285, endurance=177.96287360024087, efficiency=30.833233996471133)"
[128   3],290,128,3,290,27.647999999999996,3.935079819301123,4.579187861615182,1568.926307261106,5871.175122782146,0.07404712669086283,6.912,5.943849806736921,418.6470501590296,"ScoreBreakdown(accel=91.69422991893049, skidpad=75.0, autocross=49.25246152574447, endurance=172.82965154321056, efficiency=29.870707171144087)"
[128   3],295,128,3,295,27.647999999999996,3.9633417441227863,4.61836203910029,1564.8220680055706,5886.012786717415,0.07184027520500287,6.912,5.957191384336173,419.31997507315464,"ScoreBreakdown(accel=89.7104735538761, skidpad=75.0, autocross=50.055268030399304, endurance=174.6745010233928, efficiency=29.879732465486402)"
[128   3],300,128,3,300,27.647999999999996,3.9915058253446176,4.65720733660217,1569.7592688105751,5901.274327809415,0.06924567424433249,6.912,5.971832889905965,413.64605180172447,"ScoreBreakdown(accel=87.76153133710751, skidpad=75.0, autocross=49.09004318363171, endurance=172.45641416623207, efficiency=29.338063114753183)"
[132   3],200,132,3,200,28.512,3.6263688434969197,4.496213348185748,1474.5106126188166,5693.491426687633,0.13453897711871884,7.128,5.787342689397081,500.7933460512797,"ScoreBreakdown(accel=100.0, skidpad=75.0, autocross=68.85171208008953, endurance=217.86873255151318, efficiency=39.07290141967695)"
[132   3],205,132,3,205,28.512,3.6441452916822072,4.376067036852291,1482.8302674717224,5720.056590009178,0.12989469007306975,7.128,5.8128537187192535,493.7047496498278,"ScoreBreakdown(accel=100.0, skidpad=75.0, autocross=67.02440437803375, endurance=213.66957915063247, efficiency=38.01076612116161)"
[132   3],210,132,3,210,28.512,3.6511095024580413,4.4288669578696584,1479.6037454219968,5737.2699567743475,0.1275001014688569,7.128,5.827403541339516,495.94897431161377,"ScoreBreakdown(accel=100.0, skidpad=75.0, autocross=67.73063003806817, endurance=215.2924858339382, efficiency=37.925858439607396)"
[132   3],215,132,3,215,28.512,3.637075262504169,4.481046804910079,1484.3869197511883,5750.499594311896,0.12487980694315916,7.128,5.842036135753987,491.93336964604237,"ScoreBreakdown(accel=100.0, skidpad=75.0, autocross=66.68478006652633, endurance=212.8891224267412, efficiency=37.35946715277481)"
[132   3],220,132,3,220,28.512,3.6619219016776015,4.532621511412529,1492.2122595887765,5770.256892455801,0.12128636319242898,7.128,5.863002903797051,485.4546995392018,"ScoreBreakdown(accel=100.0, skidpad=75.0, autocross=64.988212326447, endurance=208.99040948005822, efficiency=36.476077732696595)"
[132   3],225,132,3,225,28.512,3.6815379399303936,4.422192708426152,1499.8733153881035,5794.6486571600435,0.11689597333861326,7.128,5.887419997164713,479.0923448100191,"ScoreBreakdown(accel=100.0, skidpad=75.0, autocross=63.344411617793554, endurance=205.2129551803003, efficiency=35.53497801192522)"
[132   3],230,132,3,230,28.512,3.692103880388501,4.470852429020283,1497.1921113221024,5810.873528437128,0.11451542961501479,7.128,5.901813876316281,480.8824211350086,"ScoreBreakdown(accel=100.0, skidpad=75.0, autocross=63.91779285932844, endurance=206.530585367971, efficiency=35.43404290770912)"
[132   3],235,132,3,235,28.512,3.680992183321891,4.518984356243578,1501.9892119057836,5831.816763095598,0.11113029794082561,7.128,5.921264885373947,476.825164651293,"ScoreBreakdown(accel=100.0, skidpad=75.0, autocross=62.893367781918634, endurance=204.17645637102495, efficiency=34.75534049834939)"
[132   3],240,132,3,240,28.512,3.707720844568186,4.56660959939957,1510.7476133984842,5849.589342472135,0.10798242705441424,7.128,5.939138693908635,469.83447873389866,"ScoreBreakdown(accel=100.0, skidpad=75.0, autocross=61.03978562731592, endurance=199.91692427385578, efficiency=33.87776883272691)"
[132   3],245,132,3,245,28.512,3.7300323602843406,4.464215027810155,1517.1067514956435,5866.299796897272,0.10498716467079008,7.128,5.955523742386388,464.7469281886172,"ScoreBreakdown(accel=100.0, skidpad=75.0, autocross=59.70738165584011, endurance=196.855059727521, efficiency=33.18448680525606)"
[132   3],250,132,3,250,28.512,3.744515743492414,4.509360168975846,1514.809707117908,5887.201926189622,0.10218903627546655,7.128,5.972629423418848,466.1302067631083,"ScoreBreakdown(accel=100.0, skidpad=75.0, autocross=60.18738126653296, endurance=197.95809891210627, efficiency=32.98472658446909)"
[132   3],255,132,3,255,28.512,3.736249422103384,4.554058482861819,1525.2702950531746,5906.6644299963355,0.09874891717715926,7.128,5.992080410320991,457.9694775835622,"ScoreBreakdown(accel=100.0, skidpad=75.0, autocross=58.01319412532375, endurance=192.96181650280653, efficiency=31.994466955431907)"
[132   3],260,132,3,260,28.512,3.7685683556247653,4.5983204147764525,1531.5635431401465,5927.888387475707,0.09532247830441415,7.128,6.012218484566568,452.96020864159124,"ScoreBreakdown(accel=100.0, skidpad=75.0, autocross=56.71947874831989, endurance=189.98885835295292, efficiency=31.251871540318383)"
[132   3],265,132,3,265,28.512,3.800431217339053,4.642160207225828,1535.2866188019811,5945.6631881115945,0.09270721511386877,7.128,6.027650477673819,449.9333293909955,"ScoreBreakdown(accel=100.0, skidpad=75.0, autocross=55.95911203303389, endurance=188.24153551574423, efficiency=30.73268184221739)"
[132   3],270,132,3,270,28.512,3.82946872142071,4.545210326813304,1547.3671489795327,5967.168186816222,0.08882351836275533,7.128,6.049007220387021,440.15893267499064,"ScoreBreakdown(accel=99.36641637168582, skidpad=75.0, autocross=53.51709393923463, endurance=182.62977753319313, efficiency=29.645644830877)"
[132   3],275,132,3,275,28.512,3.8508227503561585,4.586949823898507,1543.473819047708,5977.262320452267,0.08755746275066098,7.128,6.0571271898225065,441.23383399323626,"ScoreBreakdown(accel=97.7811967647046, skidpad=75.0, autocross=54.29993624789158, endurance=184.42874928767745, efficiency=29.72395169296264)"
[132   3],280,132,3,280,28.512,3.8782795667071923,4.628315144971793,1548.5587543749823,5991.200502646007,0.08515175459059086,7.128,6.071050390011584,435.32243942923145,"ScoreBreakdown(accel=95.76858873133177, skidpad=75.0, autocross=53.278281403014574, endurance=182.08098628554873, efficiency=29.19458300933638)"
[132   3],285,132,3,285,28.512,3.906724326227902,4.669313121469187,1552.422594691773,6002.427883119099,0.0834763725865374,7.128,6.080538879341092,430.31255387087486,"ScoreBreakdown(accel=93.71339838354871, skidpad=75.0, autocross=52.506441464701126, endurance=180.30729797992947, efficiency=28.78541604269555)"
[132   3],290,132,3,290,28.512,3.935079819301123,4.579187861615182,1563.7645201440373,6019.802012427381,0.08016520547988233,7.128,6.098917153587173,419.9473362597256,"ScoreBreakdown(accel=91.69422991893049, skidpad=75.0, autocross=50.26281167262955, endurance=175.15143634748839, efficiency=27.838858320677193)"
[132   3],295,132,3,295,28.512,3.9633417441227863,4.61836203910029,1559.7246601821764,6035.696225885736,0.07788958199841516,7.128,6.113093074850245,420.58221497690226,"ScoreBreakdown(accel=89.7104735538761, skidpad=75.0, autocross=51.058224768493886, endurance=176.97929577304964, efficiency=27.834220881482626)"
[132   3],300,132,3,300,28.512,3.9915058253446176,4.65720733660217,1564.585466186003,6051.111085584926,0.07525831528558165,7.128,6.128390441916272,414.9557363271874,"ScoreBreakdown(accel=87.76153133710751, skidpad=75.0, autocross=50.101676745714975, endurance=174.7811482588469, efficiency=27.31137998551806)"
[136   3],200,136,3,200,29.375999999999998,3.6263688434969197,4.496213348185748,1470.505346074284,5829.259304580816,0.14104985930868122,7.344,5.926958455216808,501.57671789558333,"ScoreBreakdown(accel=100.0, skidpad=75.0, autocross=69.73879176322804, endurance=219.9072418097579, efficiency=36.93068432259738)"
[136   3],205,136,3,205,29.375999999999998,3.6441452916822072,4.376067036852291,1478.8319006364218,5853.792943534564,0.13608846008318495,7.344,5.955271209391915,494.51607157068185,"ScoreBreakdown(accel=100.0, skidpad=75.0, autocross=67.9000292798656, endurance=215.6817653195445, efficiency=35.93427697127175)"
[136   3],210,136,3,210,29.375999999999998,3.6511095024580413,4.4288669578696584,1475.6177181960902,5870.769218931885,0.13338879510810428,7.344,5.972133680267003,496.776374453915,"ScoreBreakdown(accel=100.0, skidpad=75.0, autocross=68.60736171361894, endurance=217.307215369039, efficiency=35.86179737125709)"
[136   3],215,136,3,215,29.375999999999998,3.637075262504169,4.481046804910079,1480.2680343251088,5887.649837034899,0.1308274780539617,7.344,5.986930411559143,492.80082855145486,"ScoreBreakdown(accel=100.0, skidpad=75.0, autocross=67.58497787628514, endurance=214.95777714212437, efficiency=35.25807353304538)"
[136   3],220,136,3,220,29.375999999999998,3.6619219016776015,4.532621511412529,1487.9613661913831,5909.873231040578,0.1273457074631834,7.344,6.0079842228187745,486.3775357131272,"ScoreBreakdown(accel=100.0, skidpad=75.0, autocross=65.90761058144719, endurance=211.1031868217748, efficiency=34.36673830990518)"
[136   3],225,136,3,225,29.375999999999998,3.6815379399303936,4.422192708426152,1495.6610628649346,5935.4805614240195,0.12282587393311624,7.344,6.034002798717649,479.9621725562132,"ScoreBreakdown(accel=100.0, skidpad=75.0, autocross=64.24613296865198, endurance=207.28511099338183, efficiency=33.43092859417937)"
[136   3],230,136,3,230,29.375999999999998,3.692103880388501,4.470852429020283,1493.0549757710266,5951.715946035977,0.12027260332039656,7.344,6.049941276956356,481.7135564350913,"ScoreBreakdown(accel=100.0, skidpad=75.0, autocross=64.80656849636344, endurance=208.57299192855018, efficiency=33.333996010177664)"
[136   3],235,136,3,235,29.375999999999998,3.680992183321891,4.518984356243578,1497.7420765839079,5971.722067237898,0.11667326267551165,7.344,6.071288275846739,477.75932999217946,"ScoreBreakdown(accel=100.0, skidpad=75.0, autocross=63.800014251216325, endurance=206.25993010709277, efficiency=32.699385633870364)"
[136   3],240,136,3,240,29.375999999999998,3.707720844568186,4.56660959939957,1506.4732220118933,5989.616478531954,0.1133918114416048,7.344,6.090561362652785,470.77624786418977,"ScoreBreakdown(accel=100.0, skidpad=75.0, autocross=61.941702834911375, endurance=201.98953016575118, efficiency=31.845014863527204)"
[136   3],245,136,3,245,29.375999999999998,3.7300323602843406,4.464215027810155,1512.7765403355017,6006.416079335893,0.11032975226922792,7.344,6.107939001935273,465.7240583954617,"ScoreBreakdown(accel=100.0, skidpad=75.0, autocross=60.61345608265624, endurance=198.9372189098717, efficiency=31.173383402933823)"
[136   3],250,136,3,250,29.375999999999998,3.744515743492414,4.509360168975846,1510.5455780920656,6026.774269644653,0.10749748439826017,7.344,6.125865105263837,467.08744936236405,"ScoreBreakdown(accel=100.0, skidpad=75.0, autocross=61.0823011223284, endurance=200.01462488841054, efficiency=30.99052335162517)"
[136   3],255,136,3,255,29.375999999999998,3.736249422103384,4.554058482861819,1520.968328299133,6046.473466783771,0.1039660702127849,7.344,6.146534795867835,458.936471880229,"ScoreBreakdown(accel=100.0, skidpad=75.0, autocross=58.903718450223614, endurance=195.0082415483875, efficiency=30.024511881617904)"
[136   3],260,136,3,260,29.375999999999998,3.7685683556247653,4.5983204147764525,1527.1121688121023,6067.202332028802,0.1004771815545225,7.344,6.167650397846143,454.0432336149055,"ScoreBreakdown(accel=100.0, skidpad=75.0, autocross=57.63345282742904, endurance=192.0891709375766, efficiency=29.32060984989983)"
[136   3],265,136,3,265,29.375999999999998,3.800431217339053,4.642160207225828,1530.805461838008,6084.81200063327,0.09781550068735802,7.344,6.18386535170391,451.0424259021753,"ScoreBreakdown(accel=100.0, skidpad=75.0, autocross=56.874755516007035, endurance=190.34568439072308, efficiency=28.821985995445196)"
[136   3],270,136,3,270,29.375999999999998,3.82946872142071,4.545210326813304,1542.8462204166867,6106.666821969035,0.09393764903010189,7.344,6.205866316420541,441.2717997349829,"ScoreBreakdown(accel=99.36641637168582, skidpad=75.0, autocross=54.42649896779873, endurance=184.7195904389104, efficiency=27.759293956587936)"
[136   3],275,136,3,275,29.375999999999998,3.8508227503561585,4.586949823898507,1539.0528062409041,6118.19163596093,0.09266507892880632,7.344,6.214363284348136,442.2700885979961,"ScoreBreakdown(accel=97.7811967647046, skidpad=75.0, autocross=55.19368346947073, endurance=186.48258055035924, efficiency=27.81262781346156)"
[136   3],280,136,3,280,29.375999999999998,3.8782795667071923,4.628315144971793,1544.008013326366,6132.520192812758,0.09034885106658987,7.344,6.228251339885154,436.442165851867,"ScoreBreakdown(accel=95.76858873133177, skidpad=75.0, autocross=54.19229068447752, endurance=184.1813797651873, efficiency=27.299906670870453)"
[136   3],285,136,3,285,29.375999999999998,3.906724326227902,4.669313121469187,1547.843714980967,6143.071057807204,0.0887066214055643,7.344,6.237872225089367,431.45916403603576,"ScoreBreakdown(accel=93.71339838354871, skidpad=75.0, autocross=53.42154006597396, endurance=182.410194716671, efficiency=26.914030869842122)"
[136   3],290,136,3,290,29.375999999999998,3.935079819301123,4.579187861615182,1559.1790988858909,6161.282944488774,0.08536663871080938,7.344,6.257007039363373,421.0655496863622,"ScoreBreakdown(accel=91.69422991893049, skidpad=75.0, autocross=51.16595691913235, endurance=177.22686427299553, efficiency=25.978498575303835)"
[136   3],295,136,3,295,29.375999999999998,3.9633417441227863,4.61836203910029,1555.1796244789075,6177.966106504523,0.08323815351592673,7.344,6.270876194883556,421.68178112985584,"ScoreBreakdown(accel=89.7104735538761, skidpad=75.0, autocross=51.958042450182504, endurance=179.04707695406475, efficiency=25.966188171732504)"
[136   3],300,136,3,300,29.375999999999998,3.9915058253446176,4.65720733660217,1559.9509288950385,6194.01797057441,0.08066433373272364,7.344,6.286353822725379,416.1060314168977,"ScoreBreakdown(accel=87.76153133710751, skidpad=75.0, autocross=51.01356552616627, endurance=176.87666882681066, efficiency=25.454265726813283)"
[140   3],200,140,3,200,30.240000000000002,3.6263688434969197,4.496213348185748,1466.934066766867,5962.342421371505,0.1475653615693704,7.56,6.064083557782081,502.1709311577962,"ScoreBreakdown(accel=100.0, skidpad=75.0, autocross=70.53383790685398, endurance=221.73425797901484, efficiency=34.902835271927366)"
[140   3],205,140,3,205,30.240000000000002,3.6441452916822072,4.376067036852291,1475.198908837236,5991.073392295581,0.14244959493429615,7.56,6.094252031172829,495.088442966916,"ScoreBreakdown(accel=100.0, skidpad=75.0, autocross=68.69975441267886, endurance=217.5195338067259, efficiency=33.86915474751126)"
[140   3],210,140,3,210,30.240000000000002,3.6511095024580413,4.4288669578696584,1471.971041541643,6008.790199751332,0.13948639853727807,7.56,6.113296784356564,497.3675803641436,"ScoreBreakdown(accel=100.0, skidpad=75.0, autocross=69.41361193970482, endurance=219.15997852163784, efficiency=33.79398990280097)"
[140   3],215,140,3,215,30.240000000000002,3.637075262504169,4.481046804910079,1476.5954986008642,6022.339094729892,0.13666332155654234,7.56,6.130192659715205,493.4681309467666,"ScoreBreakdown(accel=100.0, skidpad=75.0, autocross=68.39185954336683, endurance=216.81199134623586, efficiency=33.26428005716393)"
[140   3],220,140,3,220,30.240000000000002,3.6619219016776015,4.532621511412529,1484.2057695218118,6045.3970061317295,0.13300379847834734,7.56,6.1530375030341125,487.0937859442222,"ScoreBreakdown(accel=100.0, skidpad=75.0, autocross=66.72426608770564, endurance=212.97986130992757, efficiency=32.389658546588954)"
[140   3],225,140,3,225,30.240000000000002,3.6815379399303936,4.422192708426152,1491.9047974965936,6073.611362196421,0.12841806924349167,7.56,6.180322364026862,480.6366542900634,"ScoreBreakdown(accel=100.0, skidpad=75.0, autocross=65.0545355435209, endurance=209.1428202438394, efficiency=31.439298502703114)"
[140   3],230,140,3,230,30.240000000000002,3.692103880388501,4.470852429020283,1489.2941578899672,6092.002907731665,0.125858101032538,7.56,6.196838233329066,482.37524263590456,"ScoreBreakdown(accel=100.0, skidpad=75.0, autocross=65.61878486587985, endurance=210.43946527973682, efficiency=31.316992490287937)"
[140   3],235,140,3,235,30.240000000000002,3.680992183321891,4.518984356243578,1493.8708321516194,6114.708817420783,0.12223256875621266,7.56,6.219112038827948,478.4671806600888,"ScoreBreakdown(accel=100.0, skidpad=75.0, autocross=64.63090942295953, endurance=208.1693273488792, efficiency=30.666943888250046)"
[140   3],240,140,3,240,30.240000000000002,3.707720844568186,4.56660959939957,1502.5641823208946,6134.998297641699,0.11893096078298404,7.56,6.239126603174927,471.46735048594485,"ScoreBreakdown(accel=100.0, skidpad=75.0, autocross=62.77102133161372, endurance=203.89530420803376, efficiency=29.8010249462974)"
[140   3],245,140,3,245,30.240000000000002,3.7300323602843406,4.464215027810155,1508.8252775159317,6153.497957751651,0.11582851570656737,7.56,6.257328008094329,466.4178577387374,"ScoreBreakdown(accel=100.0, skidpad=75.0, autocross=61.44477546396745, endurance=200.8475909853156, efficiency=29.125491289454327)"
[140   3],250,140,3,250,30.240000000000002,3.744515743492414,4.509360168975846,1506.6569383117555,6175.5281120265745,0.11283650665945488,7.56,6.276854892729932,467.72823492108324,"ScoreBreakdown(accel=100.0, skidpad=75.0, autocross=61.90283255950619, endurance=201.90020626645537, efficiency=28.925196095121716)"
[140   3],255,140,3,255,30.240000000000002,3.736249422103384,4.554058482861819,1517.0584911430744,6196.533329523091,0.10923249352584793,7.56,6.298614014495162,459.5630571856873,"ScoreBreakdown(accel=100.0, skidpad=75.0, autocross=59.71745138393373, endurance=196.87819996434177, efficiency=27.967405837411754)"
[140   3],260,140,3,260,30.240000000000002,3.7685683556247653,4.5983204147764525,1523.059774675201,6218.288589776674,0.10577608121511667,7.56,6.3202548411650605,454.7609208633195,"ScoreBreakdown(accel=100.0, skidpad=75.0, autocross=58.470152333040836, endurance=194.01190653955123, efficiency=27.278861990727407)"
[140   3],265,140,3,265,30.240000000000002,3.800431217339053,4.642160207225828,1526.734166652455,6236.600924817552,0.1030669409273619,7.56,6.337310865011869,451.76712758296065,"ScoreBreakdown(accel=100.0, skidpad=75.0, autocross=57.71131125681532, endurance=192.26808962115524, efficiency=26.787726704990117)"
[140   3],270,140,3,270,30.240000000000002,3.82946872142071,4.545210326813304,1538.7552501106713,6258.683422410595,0.09916403569186849,7.56,6.360171259927703,441.99367478485516,"ScoreBreakdown(accel=99.36641637168582, skidpad=75.0, autocross=55.25402155874205, endurance=186.62123748946226, efficiency=25.751999364965023)"
[140   3],275,140,3,275,30.240000000000002,3.8508227503561585,4.586949823898507,1535.0502408501845,6270.171083027707,0.09779891844434585,7.56,6.369488778030775,442.94492989772647,"ScoreBreakdown(accel=97.7811967647046, skidpad=75.0, autocross=56.00727803803204, endurance=188.35222100317856, efficiency=25.804234091811274)"
[140   3],280,140,3,280,30.240000000000002,3.8782795667071923,4.628315144971793,1539.894022647013,6284.193151631917,0.09550983338090825,7.56,6.383642373007292,437.2005870726443,"ScoreBreakdown(accel=95.76858873133177, skidpad=75.0, autocross=55.02322872270021, endurance=186.09087551415084, efficiency=25.317894104461455)"
[140   3],285,140,3,285,30.240000000000002,3.906724326227902,4.669313121469187,1543.7207176610827,6296.227424908169,0.09385931653705204,7.56,6.393632651623707,432.2008076362871,"ScoreBreakdown(accel=93.71339838354871, skidpad=75.0, autocross=54.25017441470793, endurance=184.31439658680935, efficiency=24.922838251221158)"
[140   3],290,140,3,290,30.240000000000002,3.935079819301123,4.579187861615182,1555.0056400382439,6315.136764731364,0.09048558004826636,7.56,6.413527711829708,421.8186545404344,"ScoreBreakdown(accel=91.69422991893049, skidpad=75.0, autocross=51.992592096443644, endurance=179.12647204687454, efficiency=24.005360478185715)"
[140   3],295,140,3,295,30.240000000000002,3.9633417441227863,4.61836203910029,1551.0955755076602,6331.416319216431,0.08826600402353836,7.56,6.428393001588719,422.3973454292251,"ScoreBreakdown(accel=89.7104735538761, skidpad=75.0, autocross=52.77109299362559, endurance=180.91546723707282, efficiency=24.000311644650516)"
[140   3],300,140,3,300,30.240000000000002,3.9915058253446176,4.65720733660217,1555.7727960425973,6347.743806104467,0.085720149486204,7.56,6.444174397400926,416.88418568628356,"ScoreBreakdown(accel=87.76153133710751, skidpad=75.0, autocross=51.840309151532864, endurance=178.77652581433867, efficiency=23.505819383304516)"
[144   3],200,144,3,200,31.103999999999996,3.6263688434969197,4.496213348185748,1463.6550193557498,6091.596194723829,0.1541661359789069,7.776,6.1982677083682045,502.6934685496634,"ScoreBreakdown(accel=100.0, skidpad=75.0, autocross=71.26724329346786, endurance=223.41962367848572, efficiency=33.00660157770982)"
[144   3],205,144,3,205,31.103999999999996,3.6441452916822072,4.376067036852291,1471.901913580124,6122.608139126079,0.1488772399168833,7.776,6.230570479856814,495.59047200254275,"ScoreBreakdown(accel=100.0, skidpad=75.0, autocross=69.42893414702742, endurance=219.19518895659394, efficiency=31.96634889892139)"
[144   3],210,144,3,210,31.103999999999996,3.6511095024580413,4.4288669578696584,1468.6350035705725,6143.425951796547,0.14583373253257928,7.776,6.2507227762617665,497.87067134282603,"ScoreBreakdown(accel=100.0, skidpad=75.0, autocross=70.15468933111282, endurance=220.86297448939177, efficiency=31.853007522321445)"
[144   3],215,144,3,215,31.103999999999996,3.637075262504169,4.481046804910079,1473.2404475159851,6160.484885580533,0.14282543915853532,7.776,6.269351513032201,493.9307637628699,"ScoreBreakdown(accel=100.0, skidpad=75.0, autocross=69.1325038407935, endurance=218.51399206394902, efficiency=31.284267858127375)"
[144   3],220,144,3,220,31.103999999999996,3.6619219016776015,4.532621511412529,1480.82238647181,6182.469390253237,0.13903969198927235,7.776,6.293669974534986,487.5949148147508,"ScoreBreakdown(accel=100.0, skidpad=75.0, autocross=67.46353050427673, endurance=214.67869106120685, efficiency=30.45269324926723)"
[144   3],225,144,3,225,31.103999999999996,3.6815379399303936,4.422192708426152,1488.5020348082612,6211.07321992657,0.13429493621773853,7.776,6.3228329881987495,481.149370810996,"ScoreBreakdown(accel=100.0, skidpad=75.0, autocross=65.79038138345092, endurance=210.83379410543336, efficiency=29.52519532211175)"
[144   3],230,144,3,230,31.103999999999996,3.692103880388501,4.470852429020283,1485.8688959613792,6230.834171356147,0.13160103910024823,7.776,6.340731343342772,482.9024551384152,"ScoreBreakdown(accel=100.0, skidpad=75.0, autocross=66.36210950728147, endurance=212.14762542834688, efficiency=29.392720202786865)"
[144   3],235,144,3,235,31.103999999999996,3.680992183321891,4.518984356243578,1490.3634176996047,6255.124334806185,0.12782073797762974,7.776,6.364665698460839,479.0395154172379,"ScoreBreakdown(accel=100.0, skidpad=75.0, autocross=65.3874419018563, endurance=209.90783911023277, efficiency=28.744234405148877)"
[144   3],240,144,3,240,31.103999999999996,3.707720844568186,4.56660959939957,1499.0227816153713,6276.605422316921,0.12445755177588412,7.776,6.385625307189637,472.0423898381079,"ScoreBreakdown(accel=100.0, skidpad=75.0, autocross=63.52607795982524, endurance=205.63042446426897, efficiency=27.88588741401366)"
[144   3],245,144,3,245,31.103999999999996,3.7300323602843406,4.464215027810155,1505.2643999346976,6296.184329124132,0.12126170502596079,7.776,6.4049721230482834,466.9903028996336,"ScoreBreakdown(accel=100.0, skidpad=75.0, autocross=62.19769925746385, endurance=202.5778099870234, efficiency=27.214793655146373)"
[144   3],250,144,3,250,31.103999999999996,3.744515743492414,4.509360168975846,1503.0760666567332,6320.296639249474,0.11816896848175418,7.776,6.42577870784244,468.30464758501773,"ScoreBreakdown(accel=100.0, skidpad=75.0, autocross=62.66217756352504, endurance=203.64518121100375, efficiency=26.99728881048893)"
[144   3],255,144,3,255,31.103999999999996,3.736249422103384,4.554058482861819,1513.470652390405,6342.422381922707,0.11449098110904343,7.776,6.448644466426024,460.11967225102836,"ScoreBreakdown(accel=100.0, skidpad=75.0, autocross=60.4678677668367, endurance=198.6026569360922, efficiency=26.049147548099484)"
[144   3],260,144,3,260,31.103999999999996,3.7685683556247653,4.5983204147764525,1519.3799587727744,6365.31844673194,0.1109529128777668,7.776,6.4714441288952465,455.3711019945914,"ScoreBreakdown(accel=100.0, skidpad=75.0, autocross=59.2337919835091, endurance=195.76675058234872, efficiency=25.370559428733625)"
[144   3],265,144,3,265,31.103999999999996,3.800431217339053,4.642160207225828,1523.0510986319505,6383.767915253992,0.10816981961737022,7.776,6.489541217154196,452.3814130328205,"ScoreBreakdown(accel=100.0, skidpad=75.0, autocross=58.47194845575874, endurance=194.01603402985313, efficiency=24.893430547208652)"
[144   3],270,144,3,270,31.103999999999996,3.82946872142071,4.545210326813304,1535.0342564150153,6407.331768214017,0.10421790489345985,7.776,6.513454582943229,442.6030226949806,"ScoreBreakdown(accel=99.36641637168582, skidpad=75.0, autocross=56.01053567247885, endurance=188.35970704767507, efficiency=23.866363603140844)"
[144   3],275,144,3,275,31.103999999999996,3.8508227503561585,4.586949823898507,1531.3948098728808,6419.072515566523,0.10278972813383187,7.776,6.523487943400801,443.5179787360633,"ScoreBreakdown(accel=97.7811967647046, skidpad=75.0, autocross=56.75402685446581, endurance=190.06824990657773, efficiency=23.91450521031513)"
[144   3],280,144,3,280,31.103999999999996,3.8782795667071923,4.628315144971793,1536.1609441876728,6433.331375599825,0.10053177590772275,7.776,6.5378729706345435,437.8255218643349,"ScoreBreakdown(accel=95.76858873133177, skidpad=75.0, autocross=55.78108226572913, endurance=187.83242308109797, efficiency=23.443427786176088)"
[144   3],285,144,3,285,31.103999999999996,3.906724326227902,4.669313121469187,1540.0092459141829,6444.8436275245385,0.09882573101754621,7.776,6.548512244353342,432.8163862931332,"ScoreBreakdown(accel=93.71339838354871, skidpad=75.0, autocross=54.99989566021124, endurance=186.03725613270066, efficiency=23.06583611667256)"
[144   3],290,144,3,290,31.103999999999996,3.935079819301123,4.579187861615182,1551.2771003130301,6464.860579253082,0.09550947418608959,7.776,6.568691428868365,422.41920658690213,"ScoreBreakdown(accel=91.69422991893049, skidpad=75.0, autocross=52.73486420947133, endurance=180.83221348510756, efficiency=22.15789897339274)"
[144   3],295,144,3,295,31.103999999999996,3.9633417441227863,4.61836203910029,1547.369600113128,6481.817784927942,0.09326863042509355,7.776,6.5841620483460535,423.0051501448312,"ScoreBreakdown(accel=89.7104735538761, skidpad=75.0, autocross=53.516602324071364, endurance=182.62864780146683, efficiency=22.14942646541692)"
[144   3],300,144,3,300,31.103999999999996,3.9915058253446176,4.65720733660217,1551.9936250035612,6498.681657053937,0.09070794849468397,7.776,6.600488882495079,417.52286033761493,"ScoreBreakdown(accel=87.76153133710751, skidpad=75.0, autocross=52.591942709428416, endurance=180.50377985442285, efficiency=21.66560643665614)"
[100   4],200,100,4,200,28.799999999999997,3.6263688434969197,4.496213348185748,1464.4749520881612,5859.190115873294,0.11416869471575325,7.2,5.95585236333434,505.9088416139493,"ScoreBreakdown(accel=100.0, skidpad=75.0, autocross=71.0835457833699, endurance=222.99748676996546, efficiency=36.827809060613895)"
[100   4],205,100,4,205,28.799999999999997,3.6441452916822072,4.376067036852291,1472.7052326581213,5886.466778374385,0.10951526292218176,7.2,5.981323074832181,498.8291157329454,"ScoreBreakdown(accel=100.0, skidpad=75.0, autocross=69.25096730200956, endurance=218.7862211173732, efficiency=35.79192731356264)"
[100   4],210,100,4,210,28.799999999999997,3.6511095024580413,4.4288669578696584,1470.172375565419,5905.357130734597,0.10665418058557916,7.2,5.998289118604805,500.53291432538094,"ScoreBreakdown(accel=100.0, skidpad=75.0, autocross=69.81275512186666, endurance=220.07720962011538, efficiency=35.642949583398966)"
[100   4],215,100,4,215,28.799999999999997,3.637075262504169,4.481046804910079,1475.0019761926014,5918.996676980297,0.10413837475776286,7.2,6.0122313715471964,496.44619569378517,"ScoreBreakdown(accel=100.0, skidpad=75.0, autocross=68.74321746759038, endurance=217.61941191408525, efficiency=35.083566312109504)"
[100   4],220,100,4,220,28.799999999999997,3.6619219016776015,4.532621511412529,1482.7151066672757,5939.540448406434,0.10067089859480405,7.2,6.032397053752815,489.99753297854767,"ScoreBreakdown(accel=100.0, skidpad=75.0, autocross=67.04955804203391, endurance=213.72738227465604, efficiency=34.220592661857715)"
[100   4],225,100,4,225,28.799999999999997,3.6815379399303936,4.422192708426152,1490.4806231053208,5963.289915277382,0.09637234574522653,7.2,6.056212810649251,483.5244218772329,"ScoreBreakdown(accel=100.0, skidpad=75.0, autocross=65.36210375514966, endurance=209.84961204491947, efficiency=33.3127060771638)"
[100   4],230,100,4,230,28.799999999999997,3.692103880388501,4.470852429020283,1488.4221912332175,5979.847410897884,0.09365009929395972,7.2,6.072419174060685,484.85765553848364,"ScoreBreakdown(accel=100.0, skidpad=75.0, autocross=65.80768791847075, endurance=210.87356452576503, efficiency=33.17640309424784)"
[100   4],235,100,4,235,28.799999999999997,3.680992183321891,4.518984356243578,1493.2018890967684,6000.416914951109,0.09001935939351065,7.2,6.093128693079456,480.8034213487422,"ScoreBreakdown(accel=100.0, skidpad=75.0, autocross=64.77492295130082, endurance=208.5002704607738, efficiency=32.528227936667555)"
[100   4],240,100,4,240,28.799999999999997,3.707720844568186,4.56660959939957,1502.0245691732769,6017.50943199252,0.08683011326008322,7.2,6.111198061342001,473.7270120339564,"ScoreBreakdown(accel=100.0, skidpad=75.0, autocross=62.88584149857546, endurance=204.15916097066022, efficiency=31.682009564720698)"
[100   4],245,100,4,245,28.799999999999997,3.7300323602843406,4.464215027810155,1508.3285672590494,6034.065941879096,0.08382894433368285,7.2,6.127676496760456,468.65342517091426,"ScoreBreakdown(accel=100.0, skidpad=75.0, autocross=61.54958817163107, endurance=201.0884506048234, efficiency=31.01538639445982)"
[100   4],250,100,4,250,28.799999999999997,3.744515743492414,4.509360168975846,1506.6337028058902,6056.601610233683,0.08059283726545224,7.2,6.1471125804178,469.5855996208098,"ScoreBreakdown(accel=100.0, skidpad=75.0, autocross=61.90774815115814, endurance=201.91150229688296, efficiency=30.766349172768695)"
[100   4],255,100,4,255,28.799999999999997,3.736249422103384,4.554058482861819,1517.132009316837,6075.839748251583,0.07702783049013144,7.2,6.167529099136947,461.34996138423776,"ScoreBreakdown(accel=100.0, skidpad=75.0, autocross=59.7021117592652, endurance=196.84294950432204, efficiency=29.80490012065052)"
[100   4],260,100,4,260,28.799999999999997,3.7685683556247653,4.5983204147764525,1523.3027697894063,6096.69347549079,0.07351884222228816,7.2,6.188185137611372,456.4158229196569,"ScoreBreakdown(accel=100.0, skidpad=75.0, autocross=58.41985556471062, endurance=193.89632455762805, efficiency=29.099642797318236)"
[100   4],265,100,4,265,28.799999999999997,3.800431217339053,4.642160207225828,1527.0038535373035,6114.492656940244,0.07085103749104654,7.2,6.203952965768942,453.39575297326246,"ScoreBreakdown(accel=100.0, skidpad=75.0, autocross=57.65575896390611, endurance=192.14043044288215, efficiency=28.599563566474224)"
[100   4],270,100,4,270,28.799999999999997,3.82946872142071,4.545210326813304,1539.127736371151,6135.547869613016,0.06704102468604585,7.2,6.225063724287982,443.5388328813141,"ScoreBreakdown(accel=99.36641637168582, skidpad=75.0, autocross=55.17849290116564, endurance=186.44767262188734, efficiency=27.546250986575256)"
[100   4],275,100,4,275,28.799999999999997,3.8508227503561585,4.586949823898507,1535.6856412573347,6147.678946651924,0.0655004897125329,7.2,6.234861326549042,444.2843967639678,"ScoreBreakdown(accel=97.7811967647046, skidpad=75.0, autocross=55.87783810156448, endurance=188.05476800781503, efficiency=27.570593889883703)"
[100   4],280,100,4,280,28.799999999999997,3.8782795667071923,4.628315144971793,1540.696119409555,6161.058238627454,0.06326109696113781,7.2,6.247999900250417,438.41769672797795,"ScoreBreakdown(accel=95.76858873133177, skidpad=75.0, autocross=54.86087409893541, endurance=185.7177845619464, efficiency=27.070449335764348)"
[100   4],285,100,4,285,28.799999999999997,3.906724326227902,4.669313121469187,1544.5384425546545,6172.869216526328,0.06162341321978317,7.2,6.257273432892131,433.4015141561871,"ScoreBreakdown(accel=93.71339838354871, skidpad=75.0, autocross=54.08547749214745, endurance=183.9359230315858, efficiency=26.666715248905142)"
[100   4],290,100,4,290,28.799999999999997,3.935079819301123,4.579187861615182,1555.9757977123827,6188.726860079976,0.05862069709035319,7.2,6.274237703965159,422.9403331740695,"ScoreBreakdown(accel=91.69422991893049, skidpad=75.0, autocross=51.80003778938486, endurance=178.68398221747677, efficiency=25.762083248277428)"
[100   4],295,100,4,295,28.799999999999997,3.9633417441227863,4.61836203910029,1552.201103873688,6206.046336548355,0.0561147241325244,7.2,6.289776122237357,423.3987684487875,"ScoreBreakdown(accel=89.7104735538761, skidpad=75.0, autocross=52.550582600547024, endurance=180.40873431738785, efficiency=25.72897797697654)"
[100   4],300,100,4,300,28.799999999999997,3.9915058253446176,4.65720733660217,1557.1400863264364,6221.562012381201,0.05352254944255265,7.2,6.304922343393618,417.70146332039656,"ScoreBreakdown(accel=87.76153133710751, skidpad=75.0, autocross=51.569269650364795, endurance=178.15367699592534, efficiency=25.216985336998956)"
[104   4],200,104,4,200,29.951999999999998,3.6263688434969197,4.496213348185748,1459.2536147540238,6031.731314034323,0.12428617270947277,7.488,6.139639599950611,507.22543210631216,"ScoreBreakdown(accel=100.0, skidpad=75.0, autocross=72.25686111808267, endurance=225.6937656027647, efficiency=34.274805385464816)"
[104   4],205,104,4,205,29.951999999999998,3.6441452916822072,4.376067036852291,1467.42758573717,6056.714038160534,0.11910883832722331,7.488,6.169494146661357,500.22187653948646,"ScoreBreakdown(accel=100.0, skidpad=75.0, autocross=70.42373917978105, endurance=221.48125108603182, efficiency=33.31688627367357)"
[104   4],210,104,4,210,29.951999999999998,3.6511095024580413,4.4288669578696584,1464.843151181309,6076.345292313595,0.11609924222830599,7.488,6.1881419694851525,501.98169179662403,"ScoreBreakdown(accel=100.0, skidpad=75.0, autocross=71.00112146550269, endurance=222.80807567390426, efficiency=33.172494657217094)"
[104   4],215,104,4,215,29.951999999999998,3.637075262504169,4.481046804910079,1469.5734336823778,6092.084167334132,0.11359375064109584,7.488,6.202779163076777,497.93406974863024,"ScoreBreakdown(accel=100.0, skidpad=75.0, autocross=69.94588356500755, endurance=220.3831388044231, efficiency=32.60504737919963)"
[104   4],220,104,4,220,29.951999999999998,3.6619219016776015,4.532621511412529,1477.2018135763217,6113.010999586751,0.1099466899500473,7.488,6.225023356327869,491.5342229747805,"ScoreBreakdown(accel=100.0, skidpad=75.0, autocross=68.25837141532303, endurance=216.505235605962, efficiency=31.77061595349543)"
[104   4],225,104,4,225,29.951999999999998,3.6815379399303936,4.422192708426152,1484.9100747813916,6138.442065367538,0.10538914959985818,7.488,6.251539474539233,485.06962979629014,"ScoreBreakdown(accel=100.0, skidpad=75.0, autocross=66.57080001395518, endurance=212.62719624712287, efficiency=30.87163353521206)"
[104   4],230,104,4,230,29.951999999999998,3.692103880388501,4.470852429020283,1482.830529683021,6156.195233694949,0.10260557532908379,7.488,6.268907675795673,486.4233683662302,"ScoreBreakdown(accel=100.0, skidpad=75.0, autocross=67.02434710975103, endurance=213.66944754810942, efficiency=30.72957370836974)"
[104   4],235,104,4,235,29.951999999999998,3.680992183321891,4.518984356243578,1487.5285499020658,6175.623230308639,0.09885176006688277,7.488,6.291287112497754,482.44900745932716,"ScoreBreakdown(accel=100.0, skidpad=75.0, autocross=66.00151636750093, endurance=211.31898233362338, efficiency=30.1285087582029)"
[104   4],240,104,4,240,29.951999999999998,3.707720844568186,4.56660959939957,1496.2863992631303,6193.313278824077,0.09565497983365064,7.488,6.3102350371259615,475.3923294465973,"ScoreBreakdown(accel=100.0, skidpad=75.0, autocross=64.11194563854545, endurance=206.9767484866523, efficiency=29.303635321399494)"
[104   4],245,104,4,245,29.951999999999998,3.7300323602843406,4.464215027810155,1502.5605792999747,6209.938666711688,0.09261549537139385,7.488,6.327725869743017,470.3289011073838,"ScoreBreakdown(accel=100.0, skidpad=75.0, autocross=62.77178771746985, endurance=203.89706536285757, efficiency=28.660048027056327)"
[104   4],250,104,4,250,29.951999999999998,3.744515743492414,4.509360168975846,1500.8421619222136,6232.996592004376,0.08951637927659703,7.488,6.347278001086351,471.29672789163646,"ScoreBreakdown(accel=100.0, skidpad=75.0, autocross=63.13772559419616, endurance=204.73799066396452, efficiency=28.421011633475786)"
[104   4],255,104,4,255,29.951999999999998,3.736249422103384,4.554058482861819,1511.2794820498736,6254.365776066893,0.08601793511422579,7.488,6.368168563487683,463.0490209615105,"ScoreBreakdown(accel=100.0, skidpad=75.0, autocross=60.92791568591685, endurance=199.65984713005906, efficiency=27.461258145534575)"
[104   4],260,104,4,260,29.951999999999998,3.7685683556247653,4.5983204147764525,1517.2275534538571,6276.132500191012,0.08256380929682623,7.488,6.389302538516244,458.2604198270019,"ScoreBreakdown(accel=100.0, skidpad=75.0, autocross=59.6821786214384, endurance=196.79714315030654, efficiency=26.781098055256937)"
[104   4],265,104,4,265,29.951999999999998,3.800431217339053,4.642160207225828,1520.9000887250786,6295.221112171598,0.07978204415425665,7.488,6.406452228586537,455.24180409127877,"ScoreBreakdown(accel=100.0, skidpad=75.0, autocross=58.917884904737335, endurance=195.04079606319792, efficiency=26.283123123343522)"
[104   4],270,104,4,270,29.951999999999998,3.82946872142071,4.545210326813304,1532.9462225300745,6317.423666888075,0.07586634228913161,7.488,6.429041673533519,445.3922061624965,"ScoreBreakdown(accel=99.36641637168582, skidpad=75.0, autocross=56.436661905466956, endurance=189.33894520140439, efficiency=25.250182683939343)"
[104   4],275,104,4,275,29.951999999999998,3.8508227503561585,4.586949823898507,1529.6578224817779,6330.939308559606,0.0744260945295597,7.488,6.43872364539283,446.02897284767283,"ScoreBreakdown(accel=97.7811967647046, skidpad=75.0, autocross=57.110117793661445, endurance=190.88654694361415, efficiency=25.251111345692685)"
[104   4],280,104,4,280,29.951999999999998,3.8782795667071923,4.628315144971793,1534.4479571892919,6345.490152791305,0.07219383264983328,7.488,6.4523285722497175,440.29739307074504,"ScoreBreakdown(accel=95.76858873133177, skidpad=75.0, autocross=56.130070595322636, endurance=188.63439832009658, efficiency=24.764335423994044)"
[104   4],285,104,4,285,29.951999999999998,3.906724326227902,4.669313121469187,1538.2873213624857,6356.718304041736,0.07045071372055302,7.488,6.462703714471366,435.2848857795454,"ScoreBreakdown(accel=93.71339838354871, skidpad=75.0, autocross=55.34895482853582, endurance=186.8393941591149, efficiency=24.38313840834594)"
[104   4],290,104,4,290,29.951999999999998,3.935079819301123,4.579187861615182,1549.6628906530173,6373.65627841693,0.06717578852052268,7.488,6.48192488964289,424.81835107914486,"ScoreBreakdown(accel=91.69422991893049, skidpad=75.0, autocross=53.057326583656305, endurance=181.57323207419998, efficiency=23.493562502358063)"
[104   4],295,104,4,295,29.951999999999998,3.9633417441227863,4.61836203910029,1546.012102063325,6392.844219353005,0.06484889138138583,7.488,6.4971829548361315,425.1908998665215,"ScoreBreakdown(accel=89.7104735538761, skidpad=75.0, autocross=53.78910952621365, endurance=183.254869396961, efficiency=23.436447389470686)"
[104   4],300,104,4,300,29.951999999999998,3.9915058253446176,4.65720733660217,1550.7323531166105,6409.178190045554,0.062340035092378905,7.488,6.512498837319686,419.6311288804484,"ScoreBreakdown(accel=87.76153133710751, skidpad=75.0, autocross=52.84361051077423, endurance=181.0821125034477, efficiency=22.943874529118972)"
[108   4],200,108,4,200,31.104,3.6263688434969197,4.496213348185748,1454.4614486256933,6213.0257938226305,0.1347425821552437,7.776,6.315979407223879,508.22826142227285,"ScoreBreakdown(accel=100.0, skidpad=75.0, autocross=73.34114897219246, endurance=228.18545927044642, efficiency=31.701653179633954)"
[108   4],205,108,4,205,31.104,3.6441452916822072,4.376067036852291,1462.5948865462315,6241.063612729508,0.12923136825839224,7.776,6.349320954086168,501.20543296511914,"ScoreBreakdown(accel=100.0, skidpad=75.0, autocross=71.50506046984628, endurance=223.96612758904965, efficiency=30.734244906223214)"
[108   4],210,108,4,210,31.104,3.6511095024580413,4.4288669578696584,1460.0287813915381,6259.3126352493155,0.12580430909722132,7.776,6.371528287749382,502.9975669050797,"ScoreBreakdown(accel=100.0, skidpad=75.0, autocross=72.08213871348136, endurance=225.29225348815686, efficiency=30.623174703441443)"
[108   4],215,108,4,215,31.104,3.637075262504169,4.481046804910079,1464.731969775693,6274.964676460963,0.12285169989445183,7.776,6.389515142952209,498.970986865303,"ScoreBreakdown(accel=100.0, skidpad=75.0, autocross=71.02600594692727, endurance=222.8652602163246, efficiency=30.079720702051155)"
[108   4],220,108,4,220,31.104,3.6619219016776015,4.532621511412529,1472.2124141006566,6299.2841024872705,0.11912934359210167,7.776,6.413141593998749,492.63068986253717,"ScoreBreakdown(accel=100.0, skidpad=75.0, autocross=69.36012301426399, endurance=219.03706096214768, efficiency=29.233505886125492)"
[108   4],225,108,4,225,31.104,3.6815379399303936,4.422192708426152,1479.8653964212544,6329.520224474599,0.11446588705322594,7.776,6.4415646410364245,486.1345553288297,"ScoreBreakdown(accel=100.0, skidpad=75.0, autocross=67.67324476130949, endurance=215.1606144584768, efficiency=28.300696109043432)"
[108   4],230,108,4,230,31.104,3.692103880388501,4.470852429020283,1477.7990034314853,6350.110955663879,0.11157864380478708,7.776,6.460381216070745,487.45897690050555,"ScoreBreakdown(accel=100.0, skidpad=75.0, autocross=68.12699937648492, endurance=216.20334263903203, efficiency=28.12863488498859)"
[108   4],235,108,4,235,31.104,3.680992183321891,4.518984356243578,1482.3881725634667,6373.987740422562,0.1077618026917363,7.776,6.484173018602064,483.50667731970043,"ScoreBreakdown(accel=100.0, skidpad=75.0, autocross=67.12098897003965, endurance=213.89153055900124, efficiency=27.494157790659504)"
[108   4],240,108,4,240,31.104,3.707720844568186,4.56660959939957,1491.0797611039434,6393.678282597164,0.10453529956943015,7.776,6.50416173334981,476.4586506477439,"ScoreBreakdown(accel=100.0, skidpad=75.0, autocross=65.2326408421801, endurance=209.55210624955046, efficiency=26.673903556013407)"
[108   4],245,108,4,245,31.104,3.7300323602843406,4.464215027810155,1497.3231047983886,6412.505906447673,0.1015132741665346,7.776,6.522311229187364,471.38111664923406,"ScoreBreakdown(accel=100.0, skidpad=75.0, autocross=63.88973191182279, endurance=206.46610130597227, efficiency=26.025283431438986)"
[108   4],250,108,4,250,31.104,3.744515743492414,4.509360168975846,1495.6440677835974,6433.470811331809,0.09828173959031254,7.776,6.543580917349592,472.374290878598,"ScoreBreakdown(accel=100.0, skidpad=75.0, autocross=64.24978141132837, endurance=207.29349511525416, efficiency=25.831014352015494)"
[108   4],255,108,4,255,31.104,3.736249422103384,4.554058482861819,1506.0716488869232,6454.112342744868,0.094710608620077,7.776,6.565748486250966,464.12757353236356,"ScoreBreakdown(accel=100.0, skidpad=75.0, autocross=62.026699778802495, endurance=202.18485315683998, efficiency=24.916020596721104)"
[108   4],260,108,4,260,31.104,3.7685683556247653,4.5983204147764525,1511.9375314664496,6475.393849250332,0.09120639257539515,7.776,6.588100713162074,459.40613732983235,"ScoreBreakdown(accel=100.0, skidpad=75.0, autocross=60.789614598619465, endurance=199.3420312086261, efficiency=24.274491522586732)"
[108   4],265,108,4,265,31.104,3.800431217339053,4.642160207225828,1515.6259738375734,6494.199750021868,0.08832438737795995,7.776,6.606616814736295,456.38298233522266,"ScoreBreakdown(accel=100.0, skidpad=75.0, autocross=60.01664424879951, endurance=197.56574521717832, efficiency=23.800592869244866)"
[108   4],270,108,4,270,31.104,3.82946872142071,4.545210326813304,1527.629217596392,6516.690425640482,0.08438652385186622,7.776,6.63031117479797,446.53945321028453,"ScoreBreakdown(accel=99.36641637168582, skidpad=75.0, autocross=57.52701687581786, endurance=191.84458110320924, efficiency=22.801438859571626)"
[108   4],275,108,4,275,31.104,3.8508227503561585,4.586949823898507,1524.435727511264,6528.887593459759,0.08279454213695296,7.776,6.641296512877733,447.14561591273525,"ScoreBreakdown(accel=97.7811967647046, skidpad=75.0, autocross=58.1855599966807, endurance=193.3579133036301, efficiency=22.82094584771985)"
[108   4],280,108,4,280,31.104,3.8782795667071923,4.628315144971793,1529.1112854767264,6543.104097170605,0.080587286224241,7.776,6.655374130680024,441.49873858834604,"ScoreBreakdown(accel=95.76858873133177, skidpad=75.0, autocross=57.22232788272702, endurance=191.1444057468045, efficiency=22.3634162274828)"
[108   4],285,108,4,285,31.104,3.906724326227902,4.669313121469187,1532.9635396623369,6554.773945920651,0.078796083022296,7.776,6.666494160913767,436.4670729892655,"ScoreBreakdown(accel=93.71339838354871, skidpad=75.0, autocross=56.433123048996464, endurance=189.3308129086511, efficiency=21.989738648069164)"
[108   4],290,108,4,290,31.104,3.935079819301123,4.579187861615182,1544.2666436166169,6574.296450193,0.0755893749253282,7.776,6.686105103567531,425.99512317537216,"ScoreBreakdown(accel=91.69422991893049, skidpad=75.0, autocross=54.14020081531683, endurance=184.06167723725983, efficiency=21.099015203865026)"
[108   4],295,108,4,295,31.104,3.9633417441227863,4.61836203910029,1540.7282783555527,6591.710628612582,0.0731362574937581,7.776,6.702723381721467,426.33652347207976,"ScoreBreakdown(accel=89.7104735538761, skidpad=75.0, autocross=54.85436824237041, endurance=185.70283410248632, efficiency=21.068847573346915)"
[108   4],300,108,4,300,31.104,3.9915058253446176,4.65720733660217,1545.366701503166,6608.321338070008,0.07058723708754389,7.776,6.718971319919526,420.8294641979203,"ScoreBreakdown(accel=87.76153133710751, skidpad=75.0, autocross=53.918836599033696, endurance=183.55298223171002, efficiency=20.596114030069103)"
[112   4],200,112,4,200,32.256,3.6263688434969197,4.496213348185748,1450.0354256652615,6380.601211103017,0.14536368948079512,8.064,6.486106244933218,509.305213913775,"ScoreBreakdown(accel=100.0, skidpad=75.0, autocross=74.34895872205594, endurance=230.50140624194927, efficiency=29.454848949769797)"
[112   4],205,112,4,205,32.256,3.6441452916822072,4.376067036852291,1458.076878054798,6416.218717227267,0.1396574730960131,8.064,6.522144669358447,502.24162112254436,"ScoreBreakdown(accel=100.0, skidpad=75.0, autocross=72.52245240136457, endurance=226.30409441557654, efficiency=28.415074305603248)"
[112   4],210,112,4,210,32.256,3.6511095024580413,4.4288669578696584,1455.4445145578786,6440.533241829555,0.13606256815681178,8.064,6.5463595539187,504.0223013334492,"ScoreBreakdown(accel=100.0, skidpad=75.0, autocross=73.1181358088702, endurance=227.67297498432876, efficiency=28.231190540250235)"
[112   4],215,112,4,215,32.256,3.637075262504169,4.481046804910079,1460.134663354262,6457.0463878431665,0.13282919217392342,8.064,6.566967106459076,499.9911435437321,"ScoreBreakdown(accel=100.0, skidpad=75.0, autocross=72.0582873409849, endurance=225.23744303022403, efficiency=27.69541317252316)"
[112   4],220,112,4,220,32.256,3.6619219016776015,4.532621511412529,1467.6146109923993,6480.471210612074,0.12888219141890953,8.064,6.592994735634082,493.6591151155495,"ScoreBreakdown(accel=100.0, skidpad=75.0, autocross=70.38203522217938, endurance=221.385415384581, efficiency=26.891664508789198)"
[112   4],225,112,4,225,32.256,3.6815379399303936,4.422192708426152,1475.1960414120326,6512.979866476063,0.12400845134859304,8.064,6.624009927797638,487.18685396313765,"ScoreBreakdown(accel=100.0, skidpad=75.0, autocross=68.70038717046435, endurance=217.52098788422146, efficiency=25.96547890845182)"
[112   4],230,112,4,230,32.256,3.692103880388501,4.470852429020283,1473.114360707379,6535.371457181048,0.12106142129669363,8.064,6.643959930869681,488.5209011073153,"ScoreBreakdown(accel=100.0, skidpad=75.0, autocross=69.16040390966805, endurance=218.57810642682716, efficiency=25.7823907708201)"
[112   4],235,112,4,235,32.256,3.680992183321891,4.518984356243578,1477.639978090531,6561.217297376369,0.1171033398347471,8.064,6.669657486285819,484.5951618855654,"ScoreBreakdown(accel=100.0, skidpad=75.0, autocross=68.16197198718308, endurance=216.28370970418777, efficiency=25.149480194194545)"
[112   4],240,112,4,240,32.256,3.707720844568186,4.56660959939957,1486.2376208701558,6583.595156874171,0.11374316497404782,8.064,6.691271724937712,477.5707813884456,"ScoreBreakdown(accel=100.0, skidpad=75.0, autocross=66.28192703275315, endurance=211.96336608864854, efficiency=24.325488267043923)"
[112   4],245,112,4,245,32.256,3.7300323602843406,4.464215027810155,1492.4574242720714,6603.9540250853515,0.11054305769545959,8.064,6.711342079276374,472.4849724921341,"ScoreBreakdown(accel=100.0, skidpad=75.0, autocross=64.93534698098652, endurance=208.8689249074658, efficiency=23.68070060368174)"
[112   4],250,112,4,250,32.256,3.744515743492414,4.509360168975846,1490.7510459343177,6629.60448940482,0.10716807068731629,8.064,6.734505998501159,473.4583048147701,"ScoreBreakdown(accel=100.0, skidpad=75.0, autocross=65.30365737550432, endurance=209.71530225484918, efficiency=23.439345184416577)"
[112   4],255,112,4,255,32.256,3.736249422103384,4.554058482861819,1501.1380822375802,6652.532672153063,0.10357046751830273,8.064,6.757767559291472,465.1948193323845,"ScoreBreakdown(accel=100.0, skidpad=75.0, autocross=63.074649493611936, endurance=204.5930417744126, efficiency=22.52712806435995)"
[112   4],260,112,4,260,32.256,3.7685683556247653,4.5983204147764525,1506.9506932611148,6675.385268944731,0.10006641404406331,8.064,6.781010334608257,460.4908694196375,"ScoreBreakdown(accel=100.0, skidpad=75.0, autocross=61.840700250407075, endurance=201.7574262098922, efficiency=21.892742959338207)"
[112   4],265,112,4,265,32.256,3.800431217339053,4.642160207225828,1510.6527544969395,6695.967155160757,0.0972206492736713,8.064,6.800043387830336,457.4372036386241,"ScoreBreakdown(accel=100.0, skidpad=75.0, autocross=61.05974593573587, endurance=199.96279306589875, efficiency=21.414664636989453)"
[112   4],270,112,4,270,32.256,3.82946872142071,4.545210326813304,1522.6128189853357,6720.348722351495,0.09327469441127131,8.064,6.8247406473633925,447.58124920862264,"ScoreBreakdown(accel=99.36641637168582, skidpad=75.0, autocross=58.56270815891839, endurance=194.22459984269213, efficiency=20.427524835326324)"
[112   4],275,112,4,275,32.256,3.8508227503561585,4.586949823898507,1519.4516429788937,6733.802031972174,0.09165447426974442,8.064,6.836373626542609,448.1667689433042,"ScoreBreakdown(accel=97.7811967647046, skidpad=75.0, autocross=59.21888066924426, endurance=195.73248437970736, efficiency=20.434207129648023)"
[112   4],280,112,4,280,32.256,3.8782795667071923,4.628315144971793,1524.0952822058698,6749.122327649641,0.08936609717764481,8.064,6.851458086892671,442.5259461476615,"ScoreBreakdown(accel=95.76858873133177, skidpad=75.0, autocross=58.25592744981629, endurance=193.51961772254813, efficiency=19.98181224396527)"
[112   4],285,112,4,285,32.256,3.906724326227902,4.669313121469187,1527.9670285022273,6761.894744679952,0.08751141746523354,8.064,6.8634182940763235,437.46318497017705,"ScoreBreakdown(accel=93.71339838354871, skidpad=75.0, autocross=57.45751645291473, endurance=191.68486911990846, efficiency=19.607401013805127)"
[112   4],290,112,4,290,32.256,3.935079819301123,4.579187861615182,1539.2186182141866,6782.248230055873,0.08429834387797953,8.064,6.883771284255307,426.99893553607995,"ScoreBreakdown(accel=91.69422991893049, skidpad=75.0, autocross=55.160070430516214, endurance=186.4053377812947, efficiency=18.739297405338554)"
[112   4],295,112,4,295,32.256,3.9633417441227863,4.61836203910029,1535.7232968160574,6800.941781066789,0.08178854626948305,8.064,6.901431353394547,427.3170978454236,"ScoreBreakdown(accel=89.7104735538761, skidpad=75.0, autocross=55.87017050030868, endurance=188.03714785886388, efficiency=18.6993059323749)"
[112   4],300,112,4,300,32.256,3.9915058253446176,4.65720733660217,1540.307018500714,6818.517821899759,0.07918697645388728,8.064,6.918577553900466,421.8362930355181,"ScoreBreakdown(accel=87.76153133710751, skidpad=75.0, autocross=54.939611972577275, endurance=185.89872420856926, efficiency=18.236425517264067)"
[116   4],200,116,4,200,33.407999999999994,3.6263688434969197,4.496213348185748,1446.0033373688227,6540.0122092730035,0.15559609413196224,8.352,6.653361026008182,510.3106000650531,"ScoreBreakdown(accel=100.0, skidpad=75.0, autocross=75.27243947018073, endurance=232.62356515353977, efficiency=27.414595441332633)"
[116   4],205,116,4,205,33.407999999999994,3.6441452916822072,4.376067036852291,1453.955208016701,6579.844830832278,0.14986062550182372,8.352,6.691146659095399,503.2612270526899,"ScoreBreakdown(accel=100.0, skidpad=75.0, autocross=73.456109687677, endurance=228.44963901360168, efficiency=26.355478351411232)"
[116   4],210,116,4,210,33.407999999999994,3.6511095024580413,4.4288669578696584,1451.2369128545038,6608.121267867739,0.14617071069104312,8.352,6.717051680711609,505.0816110214677,"ScoreBreakdown(accel=100.0, skidpad=75.0, autocross=74.07477104278466, endurance=229.8713229097352, efficiency=26.135517068947895)"
[116   4],215,116,4,215,33.407999999999994,3.637075262504169,4.481046804910079,1455.833856292609,6629.918396421829,0.14288164224207353,8.352,6.738823016540935,501.0506751273737,"ScoreBreakdown(accel=100.0, skidpad=75.0, autocross=73.02989505473653, endurance=227.47019771676733, efficiency=25.550582355869853)"
[116   4],220,116,4,220,33.407999999999994,3.6619219016776015,4.532621511412529,1463.2949151007235,6655.046983060323,0.13889025979450262,8.352,6.766179364309863,494.70395900516473,"ScoreBreakdown(accel=100.0, skidpad=75.0, autocross=71.34798601491148, endurance=223.60517046568796, efficiency=24.750802524565277)"
[116   4],225,116,4,225,33.407999999999994,3.6815379399303936,4.422192708426152,1470.8199422676512,6687.814316402334,0.13378002344947248,8.352,6.799984124796748,488.2721447786901,"ScoreBreakdown(accel=100.0, skidpad=75.0, autocross=69.6689406927722, endurance=219.746724038323, efficiency=23.856480047594896)"
[116   4],230,116,4,230,33.407999999999994,3.692103880388501,4.470852429020283,1468.7153991512732,6710.704436749504,0.13069895728920403,8.352,6.821681160627985,489.6393811258886,"ScoreBreakdown(accel=100.0, skidpad=75.0, autocross=70.1367904298148, endurance=220.8218428112551, efficiency=23.68074788481869)"
[116   4],235,116,4,235,33.407999999999994,3.680992183321891,4.518984356243578,1473.169530494294,6739.004531724372,0.1266422434229172,8.352,6.849034690742132,485.741281220095,"ScoreBreakdown(accel=100.0, skidpad=75.0, autocross=69.14819553537919, endurance=218.5500515806965, efficiency=23.043034104019327)"
[116   4],240,116,4,240,33.407999999999994,3.707720844568186,4.56660959939957,1481.7699975944909,6761.806480616021,0.12300459228476769,8.352,6.873302061981468,478.69724081582433,"ScoreBreakdown(accel=100.0, skidpad=75.0, autocross=67.25613845576584, endurance=214.20210409950352, efficiency=22.238998260555007)"
[116   4],245,116,4,245,33.407999999999994,3.7300323602843406,4.464215027810155,1487.9840919035764,6783.432165062335,0.119532102748699,8.352,6.89599143886483,473.59398536670557,"ScoreBreakdown(accel=100.0, skidpad=75.0, autocross=65.9026814173221, endurance=211.09185960180204, efficiency=21.599444347581414)"
[116   4],250,116,4,250,33.407999999999994,3.744515743492414,4.509360168975846,1486.2314194159926,6811.499892387759,0.11603653139202226,8.352,6.920900762064103,474.5947358574262,"ScoreBreakdown(accel=100.0, skidpad=75.0, autocross=66.28327526456312, endurance=211.96646432557023, efficiency=21.344996267292853)"
[116   4],255,116,4,255,33.407999999999994,3.736249422103384,4.554058482861819,1496.5723591551064,6836.450541380862,0.11233099229503883,8.352,6.945769736841323,466.32434538790886,"ScoreBreakdown(accel=100.0, skidpad=75.0, autocross=64.05062052002134, endurance=206.8358233541637, efficiency=20.437901513723805)"
[116   4],260,116,4,260,33.407999999999994,3.7685683556247653,4.5983204147764525,1502.3205685301111,6861.108002521906,0.10871572323929546,8.352,6.970663842085176,461.6441175534294,"ScoreBreakdown(accel=100.0, skidpad=75.0, autocross=62.82284783923251, endurance=204.0144015310945, efficiency=19.80686818310241)"
[116   4],265,116,4,265,33.407999999999994,3.800431217339053,4.642160207225828,1506.0258467448045,6883.874284979869,0.10577935260372098,8.352,6.991018346778934,458.56332547008486,"ScoreBreakdown(accel=100.0, skidpad=75.0, autocross=62.036397137306764, endurance=202.2071376882831, efficiency=19.319790644494965)"
[116   4],270,116,4,270,33.407999999999994,3.82946872142071,4.545210326813304,1517.9010486614256,6909.713849909886,0.10184643297215534,8.352,7.0166572995962015,448.7325511417411,"ScoreBreakdown(accel=99.36641637168582, skidpad=75.0, autocross=59.54174016491936, endurance=196.47441555404956, efficiency=18.349979051086322)"
[116   4],275,116,4,275,33.407999999999994,3.8508227503561585,4.586949823898507,1514.7565763367272,6923.8526371027465,0.10033112357321614,8.352,7.028105238953206,449.315789892501,"ScoreBreakdown(accel=97.7811967647046, skidpad=75.0, autocross=60.1985009133992, endurance=197.98365186243987, efficiency=18.352440351957423)"
[116   4],280,116,4,280,33.407999999999994,3.8782795667071923,4.628315144971793,1519.34576117434,6939.670883077387,0.09807517432339592,8.352,7.043583034710695,443.7050941831968,"ScoreBreakdown(accel=95.76858873133177, skidpad=75.0, autocross=59.24090605649106, endurance=195.78309872323544, efficiency=17.912500672138542)"
[116   4],285,116,4,285,33.407999999999994,3.906724326227902,4.669313121469187,1523.243723059651,6953.725312643211,0.0962311128594435,8.352,7.055924127327777,438.6041380073454,"ScoreBreakdown(accel=93.71339838354871, skidpad=75.0, autocross=58.43207597932167, endurance=193.92440707242076, efficiency=17.534256572054307)"
[116   4],290,116,4,290,33.407999999999994,3.935079819301123,4.579187861615182,1534.4336162761765,6974.30006494873,0.09303488117715933,8.352,7.0769792477377855,428.1614171646475,"ScoreBreakdown(accel=91.69422991893049, skidpad=75.0, autocross=56.13299557098559, endurance=188.64111991465285, efficiency=16.69307176007856)"
[116   4],295,116,4,295,33.407999999999994,3.9633417441227863,4.61836203910029,1530.9304135378811,6994.202890207988,0.0906134811652336,8.352,7.094772857691536,428.493612747649,"ScoreBreakdown(accel=89.7104735538761, skidpad=75.0, autocross=56.84915124384742, endurance=190.28684576907472, efficiency=16.647142180850786)"
[116   4],300,116,4,300,33.407999999999994,3.9915058253446176,4.65720733660217,1535.498908518968,7012.784629755322,0.08800522673566952,8.352,7.112627504185693,423.00940388739144,"ScoreBreakdown(accel=87.76153133710751, skidpad=75.0, autocross=55.91586705295999, endurance=188.14215854439772, efficiency=16.18984695292624)"
[120   4],200,120,4,200,34.559999999999995,3.6263688434969197,4.496213348185748,1442.437381316101,6692.142359185018,0.16476387010901308,8.64,6.822163731281789,511.14555838713045,"ScoreBreakdown(accel=100.0, skidpad=75.0, autocross=76.09346269518335, endurance=234.51027666008738, efficiency=25.541819031859742)"
[120   4],205,120,4,205,34.559999999999995,3.6441452916822072,4.376067036852291,1450.2936680126581,6735.08745412733,0.15917547801911852,8.64,6.860703185176773,504.1358003815222,"ScoreBreakdown(accel=100.0, skidpad=75.0, autocross=74.28998770507995, endurance=230.36589083520656, efficiency=24.4799218412357)"
[120   4],210,120,4,210,34.559999999999995,3.6511095024580413,4.4288669578696584,1447.4165054594666,6766.520440024542,0.15561642760288436,8.64,6.886990611494518,506.06855943465047,"ScoreBreakdown(accel=100.0, skidpad=75.0, autocross=74.94819190282585, endurance=231.8784441902484, efficiency=24.24192334157625)"
[120   4],215,120,4,215,34.559999999999995,3.637075262504169,4.481046804910079,1451.9073655079742,6790.397683320344,0.15226642040867336,8.64,6.910184787041095,502.09675530928104,"ScoreBreakdown(accel=100.0, skidpad=75.0, autocross=73.9219663791371, endurance=229.5201777674562, efficiency=23.65461116268774)"
[120   4],220,120,4,220,34.559999999999995,3.6619219016776015,4.532621511412529,1459.426192401616,6816.418512146735,0.1481795333460724,8.64,6.939163912853172,495.68557761948006,"ScoreBreakdown(accel=100.0, skidpad=75.0, autocross=72.2179460897655, endurance=225.60433886126995, efficiency=22.863292668444533)"
[120   4],225,120,4,225,34.559999999999995,3.6815379399303936,4.422192708426152,1466.9324768660556,6851.182255764494,0.1427042473395183,8.64,6.976927848543727,489.2418071049459,"ScoreBreakdown(accel=100.0, skidpad=75.0, autocross=70.5341927161853, endurance=221.73507333091678, efficiency=21.97254105784382)"
[120   4],230,120,4,230,34.559999999999995,3.692103880388501,4.470852429020283,1464.7642610441471,6875.428981799858,0.13955028224647623,8.64,6.999980142331305,490.662024482619,"ScoreBreakdown(accel=100.0, skidpad=75.0, autocross=71.01877816685271, endurance=222.84865077652043, efficiency=21.794595539245865)"
[120   4],235,120,4,235,34.559999999999995,3.680992183321891,4.518984356243578,1469.1548688280004,6904.36241090518,0.13525986475878962,8.64,7.030032401935091,486.81032574781653,"ScoreBreakdown(accel=100.0, skidpad=75.0, autocross=70.03898354938411, endurance=220.59708258388451, efficiency=21.174259614547893)"
[120   4],240,120,4,240,34.559999999999995,3.707720844568186,4.56660959939957,1477.7638157440506,6928.1379642653455,0.13150665823450558,8.64,7.056084405194702,479.7362682291526,"ScoreBreakdown(accel=100.0, skidpad=75.0, autocross=68.13473715060977, endurance=216.22112404524788, efficiency=20.380407033294922)"
[120   4],245,120,4,245,34.559999999999995,3.7300323602843406,4.464215027810155,1483.9286965887045,6951.170435168361,0.12788095074383304,8.64,7.080750647517388,474.6490948500715,"ScoreBreakdown(accel=100.0, skidpad=75.0, autocross=66.78467940359263, endurance=213.1186911198057, efficiency=19.745724326673134)"
[120   4],250,120,4,250,34.559999999999995,3.744515743492414,4.509360168975846,1482.0723231707173,6982.393169860042,0.12446106672024726,8.64,7.106093810747307,475.71341494080406,"ScoreBreakdown(accel=100.0, skidpad=75.0, autocross=67.19002795982328, endurance=214.05018216891747, efficiency=19.47320481206335)"
[120   4],255,120,4,255,34.559999999999995,3.736249422103384,4.554058482861819,1492.362292716876,7008.727615386453,0.12065241730005496,8.64,7.1325474275160925,467.44996434467123,"ScoreBreakdown(accel=100.0, skidpad=75.0, autocross=64.95585832405703, endurance=208.91605997722692, efficiency=18.578046043387314)"
[120   4],260,120,4,260,34.559999999999995,3.7685683556247653,4.5983204147764525,1498.0469064929114,7035.632784774979,0.11703156329103617,8.64,7.158396160962002,462.7890524356538,"ScoreBreakdown(accel=100.0, skidpad=75.0, autocross=63.73477020996233, endurance=206.1099992895239, efficiency=17.944282936167575)"
[120   4],265,120,4,265,34.559999999999995,3.800431217339053,4.642160207225828,1501.7475570560994,7060.97025960247,0.11403810547082353,8.64,7.179921640748867,459.68391214784225,"ScoreBreakdown(accel=100.0, skidpad=75.0, autocross=62.94481684706612, endurance=204.29468633122443, efficiency=17.444408969551706)"
[120   4],270,120,4,270,34.559999999999995,3.82946872142071,4.545210326813304,1513.5443864312497,7088.72398597846,0.10999638801891981,8.64,7.207243724828292,449.8702629023656,"ScoreBreakdown(accel=99.36641637168582, skidpad=75.0, autocross=60.45241007697187, endurance=198.56713516223195, efficiency=16.48430129147592)"
[120   4],275,120,4,275,34.559999999999995,3.8508227503561585,4.586949823898507,1510.3892840413096,7103.570917929951,0.10848748328191855,8.64,7.219068229315215,450.47047389481486,"ScoreBreakdown(accel=97.7811967647046, skidpad=75.0, autocross=61.11519881488542, endurance=200.09022379133557, efficiency=16.48385452388925)"
[120   4],280,120,4,280,34.559999999999995,3.8782795667071923,4.628315144971793,1514.918959089663,7121.089909653564,0.1062188721155046,8.64,7.2352237007920355,444.880299179939,"ScoreBreakdown(accel=95.76858873133177, skidpad=75.0, autocross=60.16451856622189, endurance=197.9055604230184, efficiency=16.041631459366958)"
[120   4],285,120,4,285,34.559999999999995,3.906724326227902,4.669313121469187,1518.8445432122485,7136.693870803535,0.10434242852282995,8.64,7.248194857904768,439.7379579788304,"ScoreBreakdown(accel=93.71339838354871, skidpad=75.0, autocross=59.34521040208362, endurance=196.02279012662027, efficiency=15.656559066577897)"
[120   4],290,120,4,290,34.559999999999995,3.935079819301123,4.579187861615182,1529.9791524422803,7157.495428275745,0.101071097554973,8.64,7.270514995885924,429.3127000746323,"ScoreBreakdown(accel=91.69422991893049, skidpad=75.0, autocross=57.0441826228524, endurance=190.73502791021372, efficiency=14.839259622635709)"
[120   4],295,120,4,295,34.559999999999995,3.9633417441227863,4.61836203910029,1526.4488987730495,7178.535932851031,0.09873093413861561,8.64,7.288449945750894,429.6732416450966,"ScoreBreakdown(accel=89.7104735538761, skidpad=75.0, autocross=57.77009441281405, endurance=192.40317332334118, efficiency=14.789500355065206)"
[120   4],300,120,4,300,34.559999999999995,3.9915058253446176,4.65720733660217,1530.9763324652383,7198.029158418047,0.09622276544794107,8.64,7.306263647839489,424.20593458151734,"ScoreBreakdown(accel=87.76153133710751, skidpad=75.0, autocross=56.83974289251167, endurance=190.26522537615259, efficiency=14.339434975745588)"
[124   4],200,124,4,200,35.711999999999996,3.6263688434969197,4.496213348185748,1439.595674270599,6831.521958120379,0.1722089800200209,8.928,6.997737853650107,511.6451075172164,"ScoreBreakdown(accel=100.0, skidpad=75.0, autocross=76.75064751368457, endurance=236.02048748145685, efficiency=23.87397252207494)"
[124   4],205,124,4,205,35.711999999999996,3.6441452916822072,4.376067036852291,1447.388613592409,6874.130910700714,0.1664540401038117,8.928,7.039071335589488,504.6979880862172,"ScoreBreakdown(accel=100.0, skidpad=75.0, autocross=74.95458549063437, endurance=231.89313665608756, efficiency=22.850265939495298)"
[124   4],210,124,4,210,35.711999999999996,3.6511095024580413,4.4288669578696584,1444.3495736122889,6904.849988790639,0.16269190942696896,8.928,7.068079128571509,506.794097477057,"ScoreBreakdown(accel=100.0, skidpad=75.0, autocross=75.65269678491407, endurance=233.49739652555016, efficiency=22.644004166592776)"
[124   4],215,124,4,215,35.711999999999996,3.637075262504169,4.481046804910079,1448.7371749626832,6930.065287669444,0.159364716968615,8.928,7.092203623558028,502.89135314042414,"ScoreBreakdown(accel=100.0, skidpad=75.0, autocross=74.64573970536541, endurance=231.18340899057145, efficiency=22.062204444487307)"
[124   4],220,124,4,220,35.711999999999996,3.6619219016776015,4.532621511412529,1456.2402592089795,6958.946052526363,0.1554644029654644,8.928,7.121125650740447,496.4528396076438,"ScoreBreakdown(accel=100.0, skidpad=75.0, autocross=72.9378378703725, endurance=227.25865029190672, efficiency=21.256351445364523)"
[124   4],225,124,4,225,35.711999999999996,3.6815379399303936,4.422192708426152,1463.7119408029655,6997.889887703311,0.14998689482326025,8.928,7.160495641166171,489.9857638486163,"ScoreBreakdown(accel=100.0, skidpad=75.0, autocross=71.2544839798807, endurance=223.39030277375684, efficiency=20.34097709497871)"
[124   4],230,124,4,230,35.711999999999996,3.692103880388501,4.470852429020283,1461.3999247488944,7028.262913126208,0.1467880217833981,8.928,7.184924722903725,491.46387264787415,"ScoreBreakdown(accel=100.0, skidpad=75.0, autocross=71.77353717533212, endurance=224.5830871025622, efficiency=20.10724836997987)"
[124   4],235,124,4,235,35.711999999999996,3.680992183321891,4.518984356243578,1465.6910425367778,7060.891158218868,0.14252982995955693,8.928,7.216051744913035,487.65145684104357,"ScoreBreakdown(accel=100.0, skidpad=75.0, autocross=70.81147167425635, endurance=222.3722604223227, efficiency=19.467724744464455)"
[124   4],240,124,4,240,35.711999999999996,3.707720844568186,4.56660959939957,1474.3077705803385,7086.733313271612,0.13879031503906064,8.928,7.2430440449245275,480.5382835292091,"ScoreBreakdown(accel=100.0, skidpad=75.0, autocross=68.89652132537186, endurance=217.97170420456658, efficiency=18.67005799927066)"
[124   4],245,124,4,245,35.711999999999996,3.7300323602843406,4.464215027810155,1480.3969949865798,7111.7803647279825,0.13510440729705264,8.928,7.269177031713492,475.48378113126284,"ScoreBreakdown(accel=100.0, skidpad=75.0, autocross=67.55671707857442, endurance=214.89283382432126, efficiency=18.03423022836716)"
[124   4],250,124,4,250,35.711999999999996,3.744515743492414,4.509360168975846,1478.459624300582,7143.566732799111,0.13165645022754655,8.928,7.295767218297211,476.62528605418237,"ScoreBreakdown(accel=100.0, skidpad=75.0, autocross=67.98179718503638, endurance=215.86966797912086, efficiency=17.773820890025068)"
[124   4],255,124,4,255,35.711999999999996,3.736249422103384,4.554058482861819,1488.6975665311427,7171.160305712025,0.12777910376310722,8.928,7.323653528755233,468.375206076363,"ScoreBreakdown(accel=100.0, skidpad=75.0, autocross=65.74800664448495, endurance=210.7364169482967, efficiency=16.890782483581326)"
[124   4],260,124,4,260,35.711999999999996,3.7685683556247653,4.5983204147764525,1494.3263539347774,7200.0244163683465,0.12416070470706964,8.928,7.35041156865286,463.7341451217177,"ScoreBreakdown(accel=100.0, skidpad=75.0, autocross=64.53291612671845, endurance=207.94413873794565, efficiency=16.25709025705361)"
[124   4],265,124,4,265,35.711999999999996,3.800431217339053,4.642160207225828,1497.997466418734,7226.850148023276,0.12108863919755464,8.928,7.373291797328997,460.6381824539969,"ScoreBreakdown(accel=100.0, skidpad=75.0, autocross=63.74535027513161, endurance=206.1343122810289, efficiency=15.75851989783638)"
[124   4],270,124,4,270,35.711999999999996,3.82946872142071,4.545210326813304,1509.7395189820747,7256.2280165817165,0.11691727937099669,8.928,7.402440779220936,450.8319092987175,"ScoreBreakdown(accel=99.36641637168582, skidpad=75.0, autocross=61.2520382128262, endurance=200.4046807503857, efficiency=14.80877396381982)"
[124   4],275,124,4,275,35.711999999999996,3.8508227503561585,4.586949823898507,1506.5394478422047,7272.23110193752,0.11550778606531147,8.928,7.413976498534561,451.4685331877195,"ScoreBreakdown(accel=97.7811967647046, skidpad=75.0, autocross=61.927689832143294, endurance=201.95732828307771, efficiency=14.802318307793902)"
[124   4],280,124,4,280,35.711999999999996,3.8782795667071923,4.628315144971793,1511.033065168043,7291.058261836089,0.11317400193152437,8.928,7.431141505258702,445.8881013596802,"ScoreBreakdown(accel=95.76858873133177, skidpad=75.0, autocross=60.97973568771227, endurance=199.7789295027365, efficiency=14.360847437899704)"
[124   4],285,124,4,285,35.711999999999996,3.906724326227902,4.669313121469187,1514.9607372179244,7307.6823427801955,0.11122907410610364,8.928,7.445044226151499,440.7308199611199,"ScoreBreakdown(accel=93.71339838354871, skidpad=75.0, autocross=60.15577670473998, endurance=197.88547162389037, efficiency=13.976173248940873)"
[124   4],290,124,4,290,35.711999999999996,3.935079819301123,4.579187861615182,1526.0472858011394,7329.866647080243,0.10772059463225128,8.928,7.469802410353954,430.3081027843217,"ScoreBreakdown(accel=91.69422991893049, skidpad=75.0, autocross=57.85288923756549, endurance=192.59343584428322, efficiency=13.167547783542522)"
[124   4],295,124,4,295,35.711999999999996,3.9633417441227863,4.61836203910029,1522.4693491676205,7352.3036911033205,0.10549059974707467,8.928,7.4876274809130425,430.70811298242097,"ScoreBreakdown(accel=89.7104735538761, skidpad=75.0, autocross=58.592429488024834, endurance=194.29289946188342, efficiency=13.112310478636573)"
[124   4],300,124,4,300,35.711999999999996,3.9915058253446176,4.65720733660217,1526.9531993871763,7373.409287007531,0.10298897426261143,8.928,7.506000521665063,425.25349487759627,"ScoreBreakdown(accel=87.76153133710751, skidpad=75.0, autocross=57.66619162006153, endurance=192.16440468844897, efficiency=12.661367231978268)"
[128   4],200,128,4,200,36.864,3.6263688434969197,4.496213348185748,1437.1441814789575,7002.3007864887395,0.1806930671651619,9.216,7.162370314555489,511.5074786152928,"ScoreBreakdown(accel=100.0, skidpad=75.0, autocross=77.31967791090744, endurance=237.32811942818074, efficiency=21.85968127620461)"
[128   4],205,128,4,205,36.864,3.6441452916822072,4.376067036852291,1444.9689321579617,7039.240988791099,0.17434703112949096,9.216,7.209383536370475,504.61855687404596,"ScoreBreakdown(accel=100.0, skidpad=75.0, autocross=75.51018294984988, endurance=233.1698997090536, efficiency=20.938474215142516)"
[128   4],210,128,4,210,36.864,3.6511095024580413,4.4288669578696584,1441.8626719391407,7051.972740448601,0.1698085346143818,9.216,7.245237430657747,507.00943074529584,"ScoreBreakdown(accel=100.0, skidpad=75.0, autocross=76.22616337135919, endurance=234.81522283583854, efficiency=20.968044538098127)"
[128   4],215,128,4,215,36.864,3.637075262504169,4.481046804910079,1446.213164248473,7078.780183758135,0.16601361231183803,9.216,7.273843920440206,503.1235423191836,"ScoreBreakdown(accel=100.0, skidpad=75.0, autocross=75.22425520540988, endurance=232.5128377051447, efficiency=20.38644940862906)"
[128   4],220,128,4,220,36.864,3.6619219016776015,4.532621511412529,1453.6578933202738,7110.429244568426,0.16206942558448892,9.216,7.304175074589009,496.7018261537184,"ScoreBreakdown(accel=100.0, skidpad=75.0, autocross=73.52366334382681, endurance=228.60487732658223, efficiency=19.573285483309352)"
[128   4],225,128,4,225,36.864,3.6815379399303936,4.422192708426152,1461.1039696933003,7153.434664300547,0.15650544182284037,9.216,7.345664530756363,490.21518198226397,"ScoreBreakdown(accel=100.0, skidpad=75.0, autocross=71.84009839660537, endurance=224.73604480003257, efficiency=18.63903878562603)"
[128   4],230,128,4,230,36.864,3.692103880388501,4.470852429020283,1458.659873602674,7187.190185128532,0.15327773420237847,9.216,7.3712850668231935,491.77882542324664,"ScoreBreakdown(accel=100.0, skidpad=75.0, autocross=72.39081584905696, endurance=226.00159359665003, efficiency=18.386415977539606)"
[128   4],235,128,4,235,36.864,3.680992183321891,4.518984356243578,1462.8462228360904,7220.477446800218,0.14891530638424036,9.216,7.404421779201783,488.0513546029442,"ScoreBreakdown(accel=100.0, skidpad=75.0, autocross=71.44864759990243, endurance=223.83649080460896, efficiency=17.7662161984328)"
[128   4],240,128,4,240,36.864,3.707720844568186,4.56660959939957,1471.448252557275,7248.33585591675,0.14512431686326904,9.216,7.432760749181062,480.9242650264818,"ScoreBreakdown(accel=100.0, skidpad=75.0, autocross=69.52952380332351, endurance=219.42634400336237, efficiency=16.9683972197959)"
[128   4],245,128,4,245,36.864,3.7300323602843406,4.464215027810155,1477.4634603033428,7274.692656682609,0.1414191769448319,9.216,7.4600430291684185,475.91445446461205,"ScoreBreakdown(accel=100.0, skidpad=75.0, autocross=68.20080032621352, endurance=216.3729372336875, efficiency=16.340716904711005)"
[128   4],250,128,4,250,36.864,3.744515743492414,4.509360168975846,1475.4298903931226,7305.6039325586125,0.13785961149694673,9.216,7.488502433267776,477.16007237684016,"ScoreBreakdown(accel=100.0, skidpad=75.0, autocross=68.64879154443972, endurance=217.40242112710226, efficiency=16.108859705298176)"
[128   4],255,128,4,255,36.864,3.736249422103384,4.554058482861819,1485.62685362015,7335.521429619193,0.1338975423431793,9.216,7.518023550561103,468.90958444817454,"ScoreBreakdown(accel=100.0, skidpad=75.0, autocross=66.41476538211917, endurance=212.26862863741354, efficiency=15.226190428641837)"
[128   4],260,128,4,260,36.864,3.7685683556247653,4.5983204147764525,1491.2198236428853,7365.289264571022,0.13031774348847783,9.216,7.545507111481761,464.28907773763444,"ScoreBreakdown(accel=100.0, skidpad=75.0, autocross=65.20239085667522, endurance=209.48259177786798, efficiency=14.604095103091227)"
[128   4],265,128,4,265,36.864,3.800431217339053,4.642160207225828,1494.862600794572,7392.204190807132,0.12714955558867994,9.216,7.569938553575296,461.21926055150414,"ScoreBreakdown(accel=100.0, skidpad=75.0, autocross=64.4176335301606, endurance=207.6792193120308, efficiency=14.122407709312718)"
[128   4],270,128,4,270,36.864,3.82946872142071,4.545210326813304,1506.5627138848126,7422.910935397367,0.12287012747424537,9.216,7.6009412295089165,451.4211605776779,"ScoreBreakdown(accel=99.36641637168582, skidpad=75.0, autocross=61.922767164485094, endurance=201.94601599198668, efficiency=13.185961049520243)"
[128   4],275,128,4,275,36.864,3.8508227503561585,4.586949823898507,1503.3102278668675,7438.379838787995,0.12137885171051203,9.216,7.613480726250046,452.1165816063276,"ScoreBreakdown(accel=97.7811967647046, skidpad=75.0, autocross=62.612411750669345, endurance=203.53081936484853, efficiency=13.192153726105168)"
[128   4],280,128,4,280,36.864,3.8782795667071923,4.628315144971793,1507.7745575515096,7458.37469983286,0.11903544108246929,9.216,7.631299275726777,446.54540543393017,"ScoreBreakdown(accel=95.76858873133177, skidpad=75.0, autocross=61.66657331927481, endurance=201.35728249341454, efficiency=12.752960889909037)"
[128   4],285,128,4,285,36.864,3.906724326227902,4.669313121469187,1511.6913829353603,7475.301678794313,0.11702928971405097,9.216,7.646181897067648,441.3926477212596,"ScoreBreakdown(accel=93.71339838354871, skidpad=75.0, autocross=60.84133310608484, endurance=199.46088034731653, efficiency=12.377035884309517)"
[128   4],290,128,4,290,36.864,3.935079819301123,4.579187861615182,1522.7583513788427,7499.938660061151,0.11342411628906032,9.216,7.672516094508081,430.9469533551598,"ScoreBreakdown(accel=91.69422991893049, skidpad=75.0, autocross=58.532565266725804, endurance=194.15533147145902, efficiency=11.56482669804445)"
[128   4],295,128,4,295,36.864,3.9633417441227863,4.61836203910029,1519.1210391391057,7522.452011331849,0.11118416734730585,9.216,7.691068940353394,431.4072804095836,"ScoreBreakdown(accel=89.7104735538761, skidpad=75.0, autocross=59.287662598287795, endurance=195.89054526400045, efficiency=11.518598993419287)"
[128   4],300,128,4,300,36.864,3.9915058253446176,4.65720733660217,1523.5607401364011,7543.734509033822,0.10865363059900318,9.216,7.710315953753533,425.98339081890475,"ScoreBreakdown(accel=87.76153133710751, skidpad=75.0, autocross=58.366476679058906, endurance=193.77365986959128, efficiency=11.081722933147079)"
[132   4],200,132,4,200,38.016,3.6263688434969197,4.496213348185748,1436.0438452675637,7102.3665783587985,0.19809985772475283,9.504,7.2643280697919135,511.1968710364768,"ScoreBreakdown(accel=100.0, skidpad=75.0, autocross=77.57571512009858, endurance=237.91649297715495, efficiency=20.70466293922329)"
[132   4],205,132,4,205,38.016,3.6441452916822072,4.376067036852291,1443.6163752744737,7162.458762865241,0.18927249611095553,9.504,7.329610667070585,504.25002953737254,"ScoreBreakdown(accel=100.0, skidpad=75.0, autocross=75.82156311866092, endurance=233.88545138836784, efficiency=19.543015030343767)"
[132   4],210,132,4,210,38.016,3.6511095024580413,4.4288669578696584,1440.1232295353707,7186.032280144287,0.1815920206102361,9.504,7.387602651578171,506.8383888692597,"ScoreBreakdown(accel=100.0, skidpad=75.0, autocross=76.62844687020481, endurance=235.73967038257382, efficiency=19.47027161648104)"
[132   4],215,132,4,215,38.016,3.637075262504169,4.481046804910079,1444.229000278052,7230.602999733621,0.1754907626195161,9.504,7.432859921820157,502.9546780562745,"ScoreBreakdown(accel=100.0, skidpad=75.0, autocross=75.68045481305985, endurance=233.56118447880974, efficiency=18.713038764404946)"
[132   4],220,132,4,220,38.016,3.6619219016776015,4.532621511412529,1451.5848248138623,7270.615157902734,0.17052632558564976,9.504,7.471089819372265,496.5174735218963,"ScoreBreakdown(accel=100.0, skidpad=75.0, autocross=73.99545987543628, endurance=229.68906583408017, efficiency=17.83294781237989)"
[132   4],225,132,4,225,38.016,3.6815379399303936,4.422192708426152,1458.9732164309278,7321.338332088712,0.16416581600056068,9.504,7.519404831720688,490.00453276716786,"ScoreBreakdown(accel=100.0, skidpad=75.0, autocross=72.32010857021696, endurance=225.83910825820703, efficiency=16.84531593874385)"
[132   4],230,132,4,230,38.016,3.692103880388501,4.470852429020283,1456.396040983094,7360.107266899873,0.16055827222834848,9.504,7.548559862891518,491.6392487385474,"ScoreBreakdown(accel=100.0, skidpad=75.0, autocross=72.90256426576475, endurance=227.177591542697, efficiency=16.55909293008561)"
[132   4],235,132,4,235,38.016,3.680992183321891,4.518984356243578,1460.5334565532899,7397.62716614343,0.15589271985590952,9.504,7.585071741918669,487.91698320199674,"ScoreBreakdown(accel=100.0, skidpad=75.0, autocross=71.96848471376425, endurance=225.03107657805108, efficiency=15.917421910181398)"
[132   4],240,132,4,240,38.016,3.707720844568186,4.56660959939957,1469.0907094270178,7425.879738098252,0.15197359518806583,9.504,7.6153255583309685,480.82543051234984,"ScoreBreakdown(accel=100.0, skidpad=75.0, autocross=70.05325900012002, endurance=220.62988757203144, efficiency=15.142283940198336)"
[132   4],245,132,4,245,38.016,3.7300323602843406,4.464215027810155,1475.0619325619507,7454.028637653938,0.14805428269936158,9.504,7.645095003717429,475.8372624376561,"ScoreBreakdown(accel=100.0, skidpad=75.0, autocross=68.72998386193599, endurance=217.5890010861077, efficiency=14.518277489612451)"
[132   4],250,132,4,250,38.016,3.744515743492414,4.509360168975846,1472.9086032245318,7485.288304030071,0.14420205659116056,9.504,7.676797607139816,477.19130436279085,"ScoreBreakdown(accel=100.0, skidpad=75.0, autocross=69.20594349756392, endurance=218.6827564073271, efficiency=14.302604457899816)"
[132   4],255,132,4,255,38.016,3.736249422103384,4.554058482861819,1483.0914474859044,7514.705111153462,0.14013401193520827,9.504,7.708073043754363,468.9582315885369,"ScoreBreakdown(accel=100.0, skidpad=75.0, autocross=66.96737136859133, endurance=213.53851728552192, efficiency=13.452342934423585)"
[132   4],260,132,4,260,38.016,3.7685683556247653,4.5983204147764525,1488.6883364764785,7543.021143656722,0.13640539601846782,9.504,7.737601449233954,464.3567792565258,"ScoreBreakdown(accel=100.0, skidpad=75.0, autocross=65.7500066893088, endurance=210.74101305163177, efficiency=12.865759515585163)"
[132   4],265,132,4,265,38.016,3.800431217339053,4.642160207225828,1492.2778566058541,7571.972311135867,0.1331987768659095,9.504,7.763313566014443,461.31489092231885,"ScoreBreakdown(accel=100.0, skidpad=75.0, autocross=64.97406580987621, endurance=208.95790078264406, efficiency=12.382924329798596)"
[132   4],270,132,4,270,38.016,3.82946872142071,4.545210326813304,1503.9421209162983,7604.049226929465,0.12876153939431084,9.504,7.796700462771572,451.5286659719658,"ScoreBreakdown(accel=99.36641637168582, skidpad=75.0, autocross=62.47819412142586, endurance=203.22238723069736, efficiency=11.46166824815666)"
[132   4],275,132,4,275,38.016,3.8508227503561585,4.586949823898507,1500.644883983263,7619.989515847172,0.1271787366751478,9.504,7.8103095206792545,452.2649855363439,"ScoreBreakdown(accel=97.7811967647046, skidpad=75.0, autocross=63.17978966391894, endurance=204.83465390312915, efficiency=11.469345204591207)"
[132   4],280,132,4,280,38.016,3.8782795667071923,4.628315144971793,1505.1228017812355,7640.234637556105,0.12467676291615011,9.504,7.829877878748021,446.68421879977666,"ScoreBreakdown(accel=95.76858873133177, skidpad=75.0, autocross=62.22771289160627, endurance=202.6467813232357, efficiency=11.041135853602883)"
[132   4],285,132,4,285,38.016,3.906724326227902,4.669313121469187,1508.9852784347763,7659.544375710112,0.12267282478481267,9.504,7.845320735597086,441.5509467737463,"ScoreBreakdown(accel=93.71339838354871, skidpad=75.0, autocross=61.41102775908033, endurance=200.77003875391554, efficiency=10.656481877201733)"
[132   4],290,132,4,290,38.016,3.935079819301123,4.579187861615182,1520.0395151078944,7686.23330021375,0.11891490919248723,9.504,7.873617037064887,431.09048554403455,"ScoreBreakdown(accel=91.69422991893049, skidpad=75.0, autocross=59.096648131159235, endurance=195.45159398701622, efficiency=9.84801350692864)"
[132   4],295,132,4,295,38.016,3.9633417441227863,4.61836203910029,1516.3383571415193,7708.070620866477,0.11654625597530319,9.504,7.893779633242397,431.62016522847887,"ScoreBreakdown(accel=89.7104735538761, skidpad=75.0, autocross=59.86778655300749, endurance=197.2236702076827, efficiency=9.818234913912603)"
[132   4],300,132,4,300,38.016,3.9915058253446176,4.65720733660217,1520.753564479701,7729.923824654652,0.11397930034067046,9.504,7.9139148264397905,426.2120035613414,"ScoreBreakdown(accel=87.76153133710751, skidpad=75.0, autocross=58.948307459752215, endurance=195.11070709964253, efficiency=9.391457664839157)"
[136   4],200,136,4,200,39.168,3.6263688434969197,4.496213348185748,1435.8958075989544,7154.556418070257,0.22027818638869545,9.792,7.324120960074354,510.69585593468446,"ScoreBreakdown(accel=100.0, skidpad=75.0, autocross=77.61019195026469, endurance=237.99572073856652, efficiency=20.089943245853277)"
[136   4],205,136,4,205,39.168,3.6441452916822072,4.376067036852291,1443.4058753951356,7217.848597303656,0.21105139849153992,9.792,7.395261981967963,503.77524791404403,"ScoreBreakdown(accel=100.0, skidpad=75.0, autocross=75.87007602605453, endurance=233.9969340575642, efficiency=18.90823783042525)"
[136   4],210,136,4,210,39.168,3.6511095024580413,4.4288669578696584,1439.7325982231698,7243.2996034593425,0.20268942226323422,9.792,7.460843404136229,506.4934690676834,"ScoreBreakdown(accel=100.0, skidpad=75.0, autocross=76.71892242999319, endurance=235.94758323389846, efficiency=18.826963403791744)"
[136   4],215,136,4,215,39.168,3.637075262504169,4.481046804910079,1443.7276123935235,7295.75305587381,0.1956989508617595,9.792,7.514635074049424,502.6188112064482,"ScoreBreakdown(accel=100.0, skidpad=75.0, autocross=75.79593254125737, endurance=233.82655231726477, efficiency=17.996326347926022)"
[136   4],220,136,4,220,39.168,3.6619219016776015,4.532621511412529,1451.020018895896,7343.581679062737,0.19009361213430404,9.792,7.5588813374384305,496.1533048804368,"ScoreBreakdown(accel=100.0, skidpad=75.0, autocross=74.12423415684152, endurance=229.98498915400074, efficiency=17.044081569594546)"
[136   4],225,136,4,225,39.168,3.6815379399303936,4.422192708426152,1458.2472153453737,7410.775033490118,0.1822650601414959,9.792,7.6190613701752605,489.6002147793195,"ScoreBreakdown(accel=100.0, skidpad=75.0, autocross=72.48398048001474, endurance=226.2156859339656, efficiency=15.90054836533916)"
[136   4],230,136,4,230,39.168,3.692103880388501,4.470852429020283,1455.348462257632,7468.243127785513,0.17682752668283094,9.792,7.661644083348546,491.30219215846324,"ScoreBreakdown(accel=100.0, skidpad=75.0, autocross=73.13991244752607, endurance=227.72301770355344, efficiency=15.439262007383793)"
[136   4],235,136,4,235,39.168,3.680992183321891,4.518984356243578,1459.2331045060996,7527.88875593819,0.1699952261059177,9.792,7.714069223760876,487.5578447703544,"ScoreBreakdown(accel=100.0, skidpad=75.0, autocross=72.26148664463956, endurance=225.70439506355578, efficiency=14.591963062159072)"
[136   4],240,136,4,240,39.168,3.707720844568186,4.56660959939957,1467.6936330613182,7564.30462221403,0.16519553352384458,9.792,7.751357120101339,480.46402482526184,"ScoreBreakdown(accel=100.0, skidpad=75.0, autocross=70.36441762486695, endurance=221.34493014304954, efficiency=13.754677057345383)"
[136   4],245,136,4,245,39.168,3.7300323602843406,4.464215027810155,1473.5661322708588,7599.451999320423,0.16047842320844036,9.792,7.787621407439115,475.48894928751275,"ScoreBreakdown(accel=100.0, skidpad=75.0, autocross=69.06045949785404, endurance=218.34843415198497, efficiency=13.08005563767375)"
[136   4],250,136,4,250,39.168,3.744515743492414,4.509360168975846,1471.1110591307931,7648.0607084116855,0.15446714130069542,9.792,7.835138594864158,476.916961469098,"ScoreBreakdown(accel=100.0, skidpad=75.0, autocross=69.60432944725594, endurance=219.59824738546402, efficiency=12.714384636378039)"
[136   4],255,136,4,255,39.168,3.736249422103384,4.554058482861819,1481.2727310796506,7681.3575220642,0.1502804496707984,9.792,7.868238425306051,468.6663790211732,"ScoreBreakdown(accel=100.0, skidpad=75.0, autocross=67.36493600448975, endurance=214.4521208844255, efficiency=11.84932213225795)"
[136   4],260,136,4,260,39.168,3.7685683556247653,4.5983204147764525,1486.8140415061532,7716.05603874103,0.14585330412811956,9.792,7.903473140350899,464.0526999572609,"ScoreBreakdown(accel=100.0, skidpad=75.0, autocross=66.15665897724571, endurance=211.67550007641964, efficiency=11.220540903595571)"
[136   4],265,136,4,265,39.168,3.800431217339053,4.642160207225828,1490.296582588565,7751.8641036515255,0.1417037629077941,9.792,7.936446210354248,461.03573983269456,"ScoreBreakdown(accel=100.0, skidpad=75.0, autocross=65.4018924894398, endurance=209.9410465628845, efficiency=10.692800780370238)"
[136   4],270,136,4,270,39.168,3.82946872142071,4.545210326813304,1501.9142467053346,7788.504159777828,0.13676005120767457,9.792,7.974434266123652,451.24575665658233,"ScoreBreakdown(accel=99.36641637168582, skidpad=75.0, autocross=62.90932633367395, endurance=204.2131291255921, efficiency=9.756884825630413)"
[136   4],275,136,4,275,39.168,3.8508227503561585,4.586949823898507,1498.5479910638946,7808.6899806757365,0.13487188825287538,9.792,7.990605654238197,452.00365998021323,"ScoreBreakdown(accel=97.7811967647046, skidpad=75.0, autocross=63.6275786274486, endurance=205.8636730152179, efficiency=9.73121157284212)"
[136   4],280,136,4,280,39.168,3.8782795667071923,4.628315144971793,1503.0324795131353,7830.963002186266,0.13203116746713894,9.792,8.013267578507886,446.4041969191429,"ScoreBreakdown(accel=95.76858873133177, skidpad=75.0, autocross=62.67144276364692, endurance=203.6664726424128, efficiency=9.297692781751417)"
[136   4],285,136,4,285,39.168,3.906724326227902,4.669313121469187,1506.8447859193357,7850.781701680619,0.12957415393697813,9.792,8.032433975673198,441.3092163874065,"ScoreBreakdown(accel=93.71339838354871, skidpad=75.0, autocross=61.86309799177114, endurance=201.80889622324307, efficiency=8.923823788843526)"
[136   4],290,136,4,290,39.168,3.935079819301123,4.579187861615182,1517.9149816141335,7877.522850121712,0.12590282085275875,9.792,8.061254801066585,430.83890014621335,"ScoreBreakdown(accel=91.69422991893049, skidpad=75.0, autocross=59.538836155807914, endurance=196.4677421406321, efficiency=8.138091930842789)"
[136   4],295,136,4,295,39.168,3.9633417441227863,4.61836203910029,1514.1070075669695,7903.086289350445,0.12315333502982646,9.792,8.084715089884531,431.4262246724814,"ScoreBreakdown(accel=89.7104735538761, skidpad=75.0, autocross=60.33451110126338, endurance=198.29620329659716, efficiency=8.085036720744785)"
[136   4],300,136,4,300,39.168,3.9915058253446176,4.65720733660217,1518.5121655379064,7926.020010680471,0.12027311228786418,9.792,8.10770488936323,426.02129923067463,"ScoreBreakdown(accel=87.76153133710751, skidpad=75.0, autocross=59.41441675513678, endurance=196.1818263373572, efficiency=7.663524801073151)"
[140   4],200,140,4,200,40.32,3.6263688434969197,4.496213348185748,1436.198477849784,7188.9782811526875,0.24337714693911608,10.08,7.36455817109688,510.03931329859876,"ScoreBreakdown(accel=100.0, skidpad=75.0, autocross=77.53970997493387, endurance=237.83375314762483, efficiency=19.66585017603999)"
[140   4],205,140,4,205,40.32,3.6441452916822072,4.376067036852291,1443.6806266625824,7253.578909527572,0.23383932232731944,10.08,7.441222907636619,503.1384168882543,"ScoreBreakdown(accel=100.0, skidpad=75.0, autocross=75.80675822451504, endurance=233.85142973917738, efficiency=18.480228924561892)"
[140   4],210,140,4,210,40.32,3.6511095024580413,4.4288669578696584,1439.835767956204,7280.282936525221,0.2251301103589017,10.08,7.512335659142623,505.98404697034965,"ScoreBreakdown(accel=100.0, skidpad=75.0, autocross=76.69502213667782, endurance=235.89266035591558, efficiency=18.396364477756205)"
[140   4],215,140,4,215,40.32,3.637075262504169,4.481046804910079,1443.7511712302962,7337.904790466539,0.21783978968922318,10.08,7.570781661571601,502.12415684604775,"ScoreBreakdown(accel=100.0, skidpad=75.0, autocross=75.7905047648255, endurance=233.8140792861287, efficiency=17.519572795093545)"
[140   4],220,140,4,220,40.32,3.6619219016776015,4.532621511412529,1451.0285398359233,7389.231189041738,0.2122380689022621,10.08,7.616863139283075,495.6410161823529,"ScoreBreakdown(accel=100.0, skidpad=75.0, autocross=74.12229065986222, endurance=229.98052299762142, efficiency=16.538202524869266)"
[140   4],225,140,4,225,40.32,3.6815379399303936,4.422192708426152,1458.2230135078887,7461.282372155375,0.20442357412878173,10.08,7.679526744653383,489.07352651437503,"ScoreBreakdown(accel=100.0, skidpad=75.0, autocross=72.48944609400931, endurance=226.2282459158272, efficiency=15.355834504538544)"
[140   4],230,140,4,230,40.32,3.692103880388501,4.470852429020283,1455.1511631123135,7525.786516275818,0.19870862181326235,10.08,7.72611369338661,490.8472837743366,"ScoreBreakdown(accel=100.0, skidpad=75.0, autocross=73.18465243126168, endurance=227.8258301935614, efficiency=14.836801149513525)"
[140   4],235,140,4,235,40.32,3.680992183321891,4.518984356243578,1458.9490277712712,7591.859736085239,0.1915583241676613,10.08,7.78323354778472,487.11581977571234,"ScoreBreakdown(accel=100.0, skidpad=75.0, autocross=72.32556577292213, endurance=225.85164891092407, efficiency=13.938605091866169)"
[140   4],240,140,4,240,40.32,3.707720844568186,4.56660959939957,1467.414586786285,7630.841075159309,0.18674728978099864,10.08,7.822153263466722,479.99938676428525,"ScoreBreakdown(accel=100.0, skidpad=75.0, autocross=70.42663815506083, endurance=221.48791293170322, efficiency=13.084835677521177)"
[140   4],245,140,4,245,40.32,3.7300323602843406,4.464215027810155,1473.2569269003977,7669.109609565451,0.1818758195862649,10.08,7.861137937940982,475.0236617412834,"ScoreBreakdown(accel=100.0, skidpad=75.0, autocross=69.12885769039157, endurance=218.50561320972375, efficiency=12.389190841168105)"
[140   4],250,140,4,250,40.32,3.744515743492414,4.509360168975846,1470.6645878433394,7723.998978402144,0.17513230957561218,10.08,7.915930096708962,476.50535535494066,"ScoreBreakdown(accel=100.0, skidpad=75.0, autocross=69.7034309315643, endurance=219.82598261275902, efficiency=11.975941810617295)"
[140   4],255,140,4,255,40.32,3.736249422103384,4.554058482861819,1480.8083238858876,7759.497401619342,0.170730404839238,10.08,7.9518731163642515,468.2539660202823,"ScoreBreakdown(accel=100.0, skidpad=75.0, autocross=67.46661020908287, endurance=214.6857682233597, efficiency=11.10158758783974)"
[140   4],260,140,4,260,40.32,3.7685683556247653,4.5983204147764525,1486.3304937952075,7798.390627583289,0.1659524896457087,10.08,7.99094280726417,463.62146360722284,"ScoreBreakdown(accel=100.0, skidpad=75.0, autocross=66.26173727045979, endurance=211.91697001156658, efficiency=10.442756325196472)"
[140   4],265,140,4,265,40.32,3.800431217339053,4.642160207225828,1489.7599956317226,7839.258789601746,0.16116358281798696,10.08,8.029789225768456,460.6041686741348,"ScoreBreakdown(accel=100.0, skidpad=75.0, autocross=65.51795629818662, endurance=210.2077612145384, efficiency=9.87845116140975)"
[140   4],270,140,4,270,40.32,3.82946872142071,4.545210326813304,1501.33312415173,7881.0322919937025,0.1556178374080576,10.08,8.073481519347935,450.807505387284,"ScoreBreakdown(accel=99.36641637168582, skidpad=75.0, autocross=63.03308945319272, endurance=204.4975367946708, efficiency=8.910462767734643)"
[140   4],275,140,4,275,40.32,3.8508227503561585,4.586949823898507,1497.8692972438753,7903.995159507893,0.15340284522386702,10.08,8.092573079333507,451.617626383112,"ScoreBreakdown(accel=97.7811967647046, skidpad=75.0, autocross=63.77278144381298, endurance=206.19734911118562, efficiency=8.866299063408796)"
[140   4],280,140,4,280,40.32,3.8782795667071923,4.628315144971793,1502.326536704819,7929.41066002583,0.1502008956512253,10.08,8.118652316784281,446.0141908524398,"ScoreBreakdown(accel=95.76858873133177, skidpad=75.0, autocross=62.821577966212836, endurance=204.01148336268574, efficiency=8.412540792209455)"
[140   4],285,140,4,285,40.32,3.906724326227902,4.669313121469187,1506.0944801617686,7954.85513402322,0.14718913049455565,10.08,8.142445079232976,440.90499635313006,"ScoreBreakdown(accel=93.71339838354871, skidpad=75.0, autocross=62.02186609728446, endurance=202.17374535591378, efficiency=7.9959865163831525)"
[140   4],290,140,4,290,40.32,3.935079819301123,4.579187861615182,1517.1784169891732,7981.829229814121,0.14353912981033123,10.08,8.172194505792461,430.4276899080869,"ScoreBreakdown(accel=91.69422991893049, skidpad=75.0, autocross=59.692429527396996, endurance=196.82069973389116, efficiency=7.220330727868258)"
[140   4],295,140,4,295,40.32,3.9633417441227863,4.61836203910029,1513.221489954081,8013.826417965445,0.14015471609248062,10.08,8.200958205221818,431.07370005463525,"ScoreBreakdown(accel=89.7104735538761, skidpad=75.0, autocross=60.5201136150746, endurance=198.72271790396505, efficiency=7.1203949817194845)"
[140   4],300,140,4,300,40.32,3.9915058253446176,4.65720733660217,1517.564016431151,8042.173460854345,0.13673977624460765,10.08,8.228553328211738,425.67145417665273,"ScoreBreakdown(accel=87.76153133710751, skidpad=75.0, autocross=59.61200316237439, endurance=196.63587993379656, efficiency=6.6620397433743)"
[144   4],200,144,4,200,41.471999999999994,3.6263688434969197,4.496213348185748,1436.8239334041434,7209.724361983238,0.26678677481860175,10.368,7.389120607668124,509.2796789900008,"ScoreBreakdown(accel=100.0, skidpad=75.0, autocross=77.39415597050576, endurance=237.49927002142852, efficiency=19.386252998066507)"
[144   4],205,144,4,205,41.471999999999994,3.6441452916822072,4.376067036852291,1444.3058611745332,7275.228802180462,0.25713677245701244,10.368,7.470023361456063,502.379857008094,"ScoreBreakdown(accel=100.0, skidpad=75.0, autocross=75.66275959452177, endurance=233.52052086368906, efficiency=18.196576549883144)"
[144   4],210,144,4,210,41.471999999999994,3.6511095024580413,4.4288669578696584,1440.2863789336668,7303.776000256237,0.24820379660033706,10.368,7.5460146271592485,505.3464789900186,"ScoreBreakdown(accel=100.0, skidpad=75.0, autocross=76.59067376508446, endurance=235.65286778077362, efficiency=18.10293744416056)"
[144   4],215,144,4,215,41.471999999999994,3.637075262504169,4.481046804910079,1444.1410990283352,7364.964851096626,0.2407300106156691,10.368,7.608455671117813,501.5035000930741,"ScoreBreakdown(accel=100.0, skidpad=75.0, autocross=75.70069409407314, endurance=233.60769434991835, efficiency=17.195111649082634)"
[144   4],220,144,4,220,41.471999999999994,3.6619219016776015,4.532621511412529,1451.4171700114096,7419.986281287564,0.23525463417151857,10.368,7.655399813964324,494.990087812425,"ScoreBreakdown(accel=100.0, skidpad=75.0, autocross=74.03367427520855, endurance=229.77688253106328, efficiency=16.17953100615314)"
[144   4],225,144,4,225,41.471999999999994,3.6815379399303936,4.422192708426152,1458.5803985841874,7496.343113886807,0.2273942660648942,10.368,7.720952076507203,488.413139133776,"ScoreBreakdown(accel=100.0, skidpad=75.0, autocross=72.4087545896077, endurance=226.0428168253959, efficiency=14.961567718772358)"
[144   4],230,144,4,230,41.471999999999994,3.692103880388501,4.470852429020283,1455.362333191249,7566.756256990248,0.2215415528888089,10.368,7.770492938884536,490.2468744933994,"ScoreBreakdown(accel=100.0, skidpad=75.0, autocross=73.13676750081193, endurance=227.71579061548542, efficiency=14.394316377102044)"
[144   4],235,144,4,235,41.471999999999994,3.680992183321891,4.518984356243578,1459.0824368305684,7637.177826338727,0.2143127574003517,10.368,7.830665722814651,486.5423935104398,"ScoreBreakdown(accel=100.0, skidpad=75.0, autocross=72.29546961249925, endurance=225.78248792930546, efficiency=13.464435968635076)"
[144   4],240,144,4,240,41.471999999999994,3.707720844568186,4.56660959939957,1467.5653449117794,7677.175607824742,0.20963627736014534,10.368,7.870132580230125,479.4107146242608,"ScoreBreakdown(accel=100.0, skidpad=75.0, autocross=70.39301982247895, endurance=221.41065799788208, efficiency=12.607036803899748)"
[144   4],245,144,4,245,41.471999999999994,3.7300323602843406,4.464215027810155,1473.3998557205166,7716.659078997855,0.20479917272161705,10.368,7.9105678271078546,474.4365233691198,"ScoreBreakdown(accel=100.0, skidpad=75.0, autocross=69.0972373592333, endurance=218.43294968350386, efficiency=11.90633632638265)"
[144   4],250,144,4,250,41.471999999999994,3.744515743492414,4.509360168975846,1470.6947076385015,7774.232368383701,0.1979023385330795,10.368,7.969022328032861,475.98587730514873,"ScoreBreakdown(accel=100.0, skidpad=75.0, autocross=69.69674346583709, endurance=219.81061481541423, efficiency=11.478519023897462)"
[144   4],255,144,4,255,41.471999999999994,3.736249422103384,4.554058482861819,1480.8337562096171,7809.465243309268,0.19363435941053236,10.368,8.005531317652236,467.7488824475009,"ScoreBreakdown(accel=100.0, skidpad=75.0, autocross=67.46104057568203, endurance=214.6729692048855, efficiency=10.614872666933328)"
[144   4],260,144,4,260,41.471999999999994,3.7685683556247653,4.5983204147764525,1486.367094580129,7849.460320571484,0.18897729920835069,10.368,8.045308191121594,463.10407476628933,"ScoreBreakdown(accel=100.0, skidpad=75.0, autocross=66.25378127275806, endurance=211.89868712753503, efficiency=9.951606365996293)"
[144   4],265,144,4,265,41.471999999999994,3.800431217339053,4.642160207225828,1489.7760365004206,7892.272595224734,0.18412036473650956,10.368,8.0864455096636,460.0905323247807,"ScoreBreakdown(accel=100.0, skidpad=75.0, autocross=65.51448544445772, endurance=210.19978519209653, efficiency=9.376261688226473)"
[144   4],270,144,4,270,41.471999999999994,3.82946872142071,4.545210326813304,1501.3598560073815,7934.948870862317,0.1786494321691364,10.368,8.131509460669815,450.28681004428705,"ScoreBreakdown(accel=99.36641637168582, skidpad=75.0, autocross=63.027394200980204, endurance=204.48444910414662, efficiency=8.408550367474385)"
[144   4],275,144,4,275,41.471999999999994,3.8508227503561585,4.586949823898507,1497.8047892209715,7958.612831033851,0.17635191851685447,10.368,8.152026050646993,451.16100637450637,"ScoreBreakdown(accel=97.7811967647046, skidpad=75.0, autocross=63.786589429168565, endurance=206.22907986381153, efficiency=8.364140316821638)"
[144   4],280,144,4,280,41.471999999999994,3.8782795667071923,4.628315144971793,1502.2737673836318,7984.886368609554,0.1730773103746417,10.368,8.179740393430041,445.54536919283163,"ScoreBreakdown(accel=95.76858873133177, skidpad=75.0, autocross=62.83280626098156, endurance=204.0372859859172, efficiency=7.906688214601127)"
[144   4],285,144,4,285,41.471999999999994,3.906724326227902,4.669313121469187,1506.0403494051432,8011.763116858884,0.16987117359059437,10.368,8.206064615005392,440.4285666564827,"ScoreBreakdown(accel=93.71339838354871, skidpad=75.0, autocross=62.03332652940768, endurance=202.20008143082416, efficiency=7.481760312702187)"
[144   4],290,144,4,290,41.471999999999994,3.935079819301123,4.579187861615182,1517.1422886589585,8039.155115857084,0.16637120326650315,10.368,8.235808316085972,429.9409376397279,"ScoreBreakdown(accel=91.69422991893049, skidpad=75.0, autocross=59.69996708492719, endurance=196.8380210423392, efficiency=6.70871959353103)"
[144   4],295,144,4,295,41.471999999999994,3.9633417441227863,4.61836203910029,1513.0854976737585,8073.794552542788,0.16267774846994626,10.368,8.26799779608828,430.6402549869732,"ScoreBreakdown(accel=89.7104735538761, skidpad=75.0, autocross=60.54863653660491, endurance=198.7882635823487, efficiency=6.592881314143476)"
[144   4],300,144,4,300,41.471999999999994,3.9915058253446176,4.65720733660217,1517.4131174274648,8104.313906544434,0.1588897718582417,10.368,8.299476304913354,425.23461736673875,"ScoreBreakdown(accel=87.76153133710751, skidpad=75.0, autocross=59.643472038878734, endurance=196.7081954171967, efficiency=6.121418573555791)"
[100   5],200,100,5,200,36.0,3.6263688434969197,4.496213348185748,1432.9462977864848,6943.368762336738,0.16312100337718438,9.0,7.120040786155576,515.7270974255488,"ScoreBreakdown(accel=100.0, skidpad=75.0, autocross=78.2985949009298, endurance=239.57767083280044, efficiency=22.85083169181855)"
[100   5],205,100,5,205,36.0,3.6441452916822072,4.376067036852291,1440.5565001401212,6990.778015146215,0.1571708005889195,9.0,7.162887481993134,508.8342805303198,"ScoreBreakdown(accel=100.0, skidpad=75.0, autocross=76.52815286080231, endurance=235.5091947324155, efficiency=21.796932937101957)"
[100   5],210,100,5,210,36.0,3.6511095024580413,4.4288669578696584,1437.7624316218128,7026.028519941313,0.15317643624335409,9.0,7.1934901285370385,510.7039292775838,"ScoreBreakdown(accel=100.0, skidpad=75.0, autocross=77.1759892580441, endurance=236.99792288018816, efficiency=21.530017139351568)"
[100   5],215,100,5,215,36.0,3.637075262504169,4.481046804910079,1442.3010838289947,7051.936407314432,0.14978617581775824,9.0,7.217849309211678,506.6499258901688,"ScoreBreakdown(accel=100.0, skidpad=75.0, autocross=76.12492428541428, endurance=234.5825753996301, efficiency=20.94242620512444)"
[100   5],220,100,5,220,36.0,3.6619219016776015,4.532621511412529,1449.798906970047,7080.001860113576,0.14569595619254,9.0,7.248091631920682,500.18974278680787,"ScoreBreakdown(accel=100.0, skidpad=75.0, autocross=74.40298745888174, endurance=230.62556428809123, efficiency=20.16119103983489)"
[100   5],225,100,5,225,36.0,3.6815379399303936,4.422192708426152,1457.1659326684069,7118.842087573705,0.13979032908477237,9.0,7.290599101515701,493.77641169371697,"ScoreBreakdown(accel=100.0, skidpad=75.0, autocross=72.72834874217926, endurance=226.77724424074728, efficiency=19.270818710790444)"
[100   5],230,100,5,230,36.0,3.692103880388501,4.470852429020283,1455.1505963894795,7149.936476200486,0.1363201308536134,9.0,7.316843661298859,495.0321432109515,"ScoreBreakdown(accel=100.0, skidpad=75.0, autocross=73.18478096003984, endurance=227.8261255527147, efficiency=19.02123669819698)"
[100   5],235,100,5,235,36.0,3.680992183321891,4.518984356243578,1459.5290530277377,7183.290399483831,0.13172189400406337,9.0,7.350225250742674,491.1278178409531,"ScoreBreakdown(accel=100.0, skidpad=75.0, autocross=72.19475612958112, endurance=225.55104832893917, efficiency=18.382013382432834)"
[100   5],240,100,5,240,36.0,3.707720844568186,4.56660959939957,1468.1396067998237,7209.742064570158,0.1278522302383346,9.0,7.378167325861676,483.97264933094124,"ScoreBreakdown(accel=100.0, skidpad=75.0, autocross=70.26502543930798, endurance=221.11652688423283, efficiency=17.59109700740042)"
[100   5],245,100,5,245,36.0,3.7300323602843406,4.464215027810155,1474.0918170102234,7235.987159951172,0.12419448328108662,9.0,7.404156785717466,478.9866574769644,"ScoreBreakdown(accel=100.0, skidpad=75.0, autocross=68.94424055438793, endurance=218.0813630007205, efficiency=16.961053921855996)"
[100   5],250,100,5,250,36.0,3.744515743492414,4.509360168975846,1472.4223170600417,7269.602913237407,0.1204530682985256,9.0,7.432683325884733,479.91920157245556,"ScoreBreakdown(accel=100.0, skidpad=75.0, autocross=69.3136221082222, endurance=218.93020187238974, efficiency=16.675377591843567)"
[100   5],255,100,5,255,36.0,3.736249422103384,4.554058482861819,1482.6879096132318,7296.139250640287,0.11671186866557828,9.0,7.459755628500727,471.6139002924489,"ScoreBreakdown(accel=100.0, skidpad=75.0, autocross=67.05549904987755, endurance=213.741034711661, efficiency=15.817366530910384)"
[100   5],260,100,5,260,36.0,3.7685683556247653,4.5983204147764525,1488.3293859131752,7325.125653737595,0.11311931573597037,9.0,7.4863681021954696,466.94186110092005,"ScoreBreakdown(accel=100.0, skidpad=75.0, autocross=65.82780631666907, endurance=210.91979660814485, efficiency=15.194258176106105)"
[100   5],265,100,5,265,36.0,3.800431217339053,4.642160207225828,1491.9579048204107,7352.390194866135,0.10995235347458086,9.0,7.509962868214994,463.8635747840461,"ScoreBreakdown(accel=100.0, skidpad=75.0, autocross=65.0430777113462, endurance=209.11649014361086, efficiency=14.704006929089008)"
[100   5],270,100,5,270,36.0,3.82946872142071,4.545210326813304,1503.667638038624,7380.771550619386,0.10592524733931433,9.0,7.538318796921572,454.0411778294375,"ScoreBreakdown(accel=99.36641637168582, skidpad=75.0, autocross=62.53648196689989, endurance=203.3563327092159, efficiency=13.781946781635886)"
[100   5],275,100,5,275,36.0,3.8508227503561585,4.586949823898507,1500.7804705374947,7396.573845391719,0.10449043697664029,9.0,7.5500333295106286,454.4652114061529,"ScoreBreakdown(accel=97.7811967647046, skidpad=75.0, autocross=63.15087838908033, endurance=204.768215788779, efficiency=13.764920463588984)"
[100   5],280,100,5,280,36.0,3.8782795667071923,4.628315144971793,1505.2959031170228,7415.546229555497,0.10227399679496209,9.0,7.566461068088256,448.8511212934103,"ScoreBreakdown(accel=95.76858873133177, skidpad=75.0, autocross=62.19102250190618, endurance=202.56246680165006, efficiency=13.329043258522285)"
[100   5],285,100,5,285,36.0,3.906724326227902,4.669313121469187,1509.143447325656,7433.080029843734,0.10036718939316297,9.0,7.580150948617562,443.73066214457737,"ScoreBreakdown(accel=93.71339838354871, skidpad=75.0, autocross=61.37767350259005, endurance=200.69339066699652, efficiency=12.946199591442047)"
[100   5],290,100,5,290,36.0,3.935079819301123,4.579187861615182,1520.240381675783,7453.684449231064,0.09714140574609606,9.0,7.603272857156762,433.27050483023,"ScoreBreakdown(accel=91.69422991893049, skidpad=75.0, autocross=59.054904883292096, endurance=195.35566799652892, efficiency=12.165702031478451)"
[100   5],295,100,5,295,36.0,3.9633417441227863,4.61836203910029,1516.8977247554706,7476.533343281621,0.09478840425857735,9.0,7.622023459238204,433.5163735302245,"ScoreBreakdown(accel=89.7104735538761, skidpad=75.0, autocross=59.75100059778092, endurance=196.95529606329913, efficiency=12.099603315268299)"
[100   5],300,100,5,300,36.0,3.9915058253446176,4.65720733660217,1521.3725157020156,7497.562094847577,0.09230174432064771,9.0,7.640352558100909,428.05541889997363,"ScoreBreakdown(accel=87.76153133710751, skidpad=75.0, autocross=58.81983568144928, endurance=194.81547893190114, efficiency=11.658572949515772)"
[104   5],200,104,5,200,37.44,3.6263688434969197,4.496213348185748,1430.1147420013585,7135.851722619391,0.1753571958779033,9.36,7.317609840638744,515.7209156972883,"ScoreBreakdown(accel=100.0, skidpad=75.0, autocross=78.96213938606972, endurance=241.10249616915505, efficiency=20.65628014206355)"
[104   5],205,104,5,205,37.44,3.6441452916822072,4.376067036852291,1437.71092450694,7173.635090314752,0.16840282158068662,9.36,7.369608749540586,508.9707998495733,"ScoreBreakdown(accel=100.0, skidpad=75.0, autocross=77.18795540245748, endurance=237.0254210820247, efficiency=19.75742336509115)"
[104   5],210,104,5,210,37.44,3.6511095024580413,4.4288669578696584,1434.9098089163688,7188.741483197135,0.16332244921558622,9.36,7.409577175386891,511.108295365384,"ScoreBreakdown(accel=100.0, skidpad=75.0, autocross=77.84000491361599, endurance=238.52383096627324, efficiency=19.744459485494758)"
[104   5],215,104,5,215,37.44,3.637075262504169,4.481046804910079,1439.3977581495383,7216.193543891251,0.15927787445295857,9.36,7.44005429460914,507.082881895967,"ScoreBreakdown(accel=100.0, skidpad=75.0, autocross=76.7965150629172, endurance=236.1258911171627, efficiency=19.160475715887102)"
[104   5],220,104,5,220,37.44,3.6619219016776015,4.532621511412529,1446.7863312535062,7248.489081728753,0.1551149148280488,9.36,7.4723979354330625,500.6631035594381,"ScoreBreakdown(accel=100.0, skidpad=75.0, autocross=75.09270540471724, endurance=232.21053624144363, efficiency=18.359861913277232)"
[104   5],225,104,5,225,37.44,3.6815379399303936,4.422192708426152,1454.0963505113102,7293.897736059028,0.1491469380132028,9.36,7.517359903023616,494.2270990924972,"ScoreBreakdown(accel=100.0, skidpad=75.0, autocross=73.42404999925625, endurance=228.37596584432006, efficiency=17.42708324892088)"
[104   5],230,104,5,230,37.44,3.692103880388501,4.470852429020283,1451.9040782069812,7331.538532153951,0.14569750820278285,9.36,7.544753609042375,495.57318370122897,"ScoreBreakdown(accel=100.0, skidpad=75.0, autocross=73.92271525245552, endurance=229.5218986784656, efficiency=17.12856977030781)"
[104   5],235,104,5,235,37.44,3.680992183321891,4.518984356243578,1456.1708170604024,7368.831824249647,0.1412216402045637,9.36,7.578974168973682,491.72372361780754,"ScoreBreakdown(accel=100.0, skidpad=75.0, autocross=72.9535640601841, endurance=227.29478907868898, efficiency=16.47537047893444)"
[104   5],240,104,5,240,37.44,3.707720844568186,4.56660959939957,1464.7100209969146,7398.77589231791,0.13743915382435493,9.36,7.607616842188386,484.58233835021144,"ScoreBreakdown(accel=100.0, skidpad=75.0, autocross=71.03091894131188, endurance=222.87655027823132, efficiency=15.674869130668267)"
[104   5],245,104,5,245,37.44,3.7300323602843406,4.464215027810155,1470.5748458837709,7427.786006821211,0.13373917557595438,9.36,7.635239145551841,479.63628602549227,"ScoreBreakdown(accel=100.0, skidpad=75.0, autocross=69.72335786638055, endurance=219.87177471225527, efficiency=15.041153446856487)"
[104   5],250,104,5,250,37.44,3.744515743492414,4.509360168975846,1468.7720122221122,7460.566985490559,0.12989101039438278,9.36,7.666049103830913,480.7050902742346,"ScoreBreakdown(accel=100.0, skidpad=75.0, autocross=70.12418753254768, endurance=220.79288135125552, efficiency=14.788021390431371)"
[104   5],255,104,5,255,37.44,3.736249422103384,4.554058482861819,1478.9753783608678,7489.526394912975,0.12599501736282606,9.36,7.69544541258007,472.4116094039524,"ScoreBreakdown(accel=100.0, skidpad=75.0, autocross=67.86852638630752, endurance=215.6093716649493, efficiency=13.933711352695573)"
[104   5],260,104,5,260,37.44,3.7685683556247653,4.5983204147764525,1484.5819033574871,7519.375936856102,0.12243838188998862,9.36,7.723069368642119,467.75904760260613,"ScoreBreakdown(accel=100.0, skidpad=75.0, autocross=66.64228949843366, endurance=212.79147909425217, efficiency=13.325279009920273)"
[104   5],265,104,5,265,37.44,3.800431217339053,4.642160207225828,1488.1324489691813,7547.5263064249275,0.11919657395134829,9.36,7.748300381272274,464.73683172397443,"ScoreBreakdown(accel=100.0, skidpad=75.0, autocross=65.87050674890031, endurance=211.0179222084589, efficiency=12.848402766615235)"
[104   5],270,104,5,270,37.44,3.82946872142071,4.545210326813304,1499.77480478283,7578.155511885907,0.11496707278823937,9.36,7.779443986007495,454.9277950184308,"ScoreBreakdown(accel=99.36641637168582, skidpad=75.0, autocross=63.36544204406134, endurance=205.2612831033342, efficiency=11.934653499349407)"
[104   5],275,104,5,275,37.44,3.8508227503561585,4.586949823898507,1496.8388012190678,7593.780421106908,0.11348989442891817,9.36,7.791976260807043,455.406235604672,"ScoreBreakdown(accel=97.7811967647046, skidpad=75.0, autocross=63.99350215638251, endurance=206.7045653450955, efficiency=11.926971338489437)"
[104   5],280,104,5,280,37.44,3.8782795667071923,4.628315144971793,1501.3340469550444,7613.811708292392,0.11117783879632478,9.36,7.80986719059127,449.794745278925,"ScoreBreakdown(accel=95.76858873133177, skidpad=75.0, autocross=63.03289284551855, endurance=204.4970849902031, efficiency=11.49617871187159)"
[104   5],285,104,5,285,37.44,3.906724326227902,4.669313121469187,1505.1373449236407,7631.207852332522,0.10919003470681825,9.36,7.824822412326342,444.707796792573,"ScoreBreakdown(accel=93.71339838354871, skidpad=75.0, autocross=62.22463001664677, endurance=202.63969687607002, efficiency=11.130071516307531)"
[104   5],290,104,5,290,37.44,3.935079819301123,4.579187861615182,1516.1981503019422,7654.473353747234,0.1056554671605283,9.36,7.851100419347638,434.2296883763409,"ScoreBreakdown(accel=91.69422991893049, skidpad=75.0, autocross=59.89707274037085, endurance=197.29096987107678, efficiency=10.347415845962784)"
[104   5],295,104,5,295,37.44,3.9633417441227863,4.61836203910029,1512.8015047405663,7678.432696234809,0.1033354232611792,9.36,7.870403569227284,434.52503279618844,"ScoreBreakdown(accel=89.7104735538761, skidpad=75.0, autocross=60.60821754328904, endurance=198.92518074554124, efficiency=10.281160953482035)"
[104   5],300,104,5,300,37.44,3.9915058253446176,4.65720733660217,1517.2359514953307,7699.670753027296,0.10087559586016895,9.36,7.8892651085997985,429.0905042196845,"ScoreBreakdown(accel=87.76153133710751, skidpad=75.0, autocross=59.680426678773316, endurance=196.79311718577304, efficiency=9.855429018030623)"
[108   5],200,108,5,200,38.879999999999995,3.6263688434969197,4.496213348185748,1428.2086335188214,7284.353478990749,0.19288928461059518,9.72,7.47170018676328,515.5691938272096,"ScoreBreakdown(accel=100.0, skidpad=75.0, autocross=79.41029701789347, endurance=242.13236248104437, efficiency=19.026534328271744)"
[108   5],205,108,5,205,38.879999999999995,3.6441452916822072,4.376067036852291,1435.6260115240482,7345.547318216253,0.1837326641910095,9.72,7.541197765943012,508.7123759995106,"ScoreBreakdown(accel=100.0, skidpad=75.0, autocross=77.67304366072061, endurance=238.14015397956646, efficiency=17.89917835922353)"
[108   5],210,108,5,210,38.879999999999995,3.6511095024580413,4.4288669578696584,1432.6581464253675,7356.600283441622,0.1766774856474146,9.72,7.596724417803565,511.04453538716535,"ScoreBreakdown(accel=100.0, skidpad=75.0, autocross=78.36600017937364, endurance=239.732568173788, efficiency=17.945967034003697)"
[108   5],215,108,5,215,38.879999999999995,3.637075262504169,4.481046804910079,1437.0067951225794,7396.255078905973,0.17169394242108543,9.72,7.635415145776229,507.0067193341283,"ScoreBreakdown(accel=100.0, skidpad=75.0, autocross=77.3516249168948, endurance=237.40153365321171, efficiency=17.2535607640218)"
[108   5],220,108,5,220,38.879999999999995,3.6619219016776015,4.532621511412529,1444.336438455059,7437.266057403246,0.16692828860355788,9.72,7.6734097162354,500.5474302066656,"ScoreBreakdown(accel=100.0, skidpad=75.0, autocross=75.65572049612578, endurance=233.50434501441345, efficiency=16.38736469612639)"
[108   5],225,108,5,225,38.879999999999995,3.6815379399303936,4.422192708426152,1451.5734943802854,7492.4601388608735,0.16080852657198175,9.72,7.72126553126564,494.08097484944994,"ScoreBreakdown(accel=100.0, skidpad=75.0, autocross=73.99804219984581, endurance=229.69500001599948, efficiency=15.38793263360466)"
[108   5],230,108,5,230,38.879999999999995,3.692103880388501,4.470852429020283,1449.2927500563057,7539.902265896313,0.15687231486225928,9.72,7.753422451942828,495.4190153158943,"ScoreBreakdown(accel=100.0, skidpad=75.0, autocross=74.51866978313588, endurance=230.891402288318, efficiency=15.0089432444404)"
[108   5],235,108,5,235,38.879999999999995,3.680992183321891,4.518984356243578,1453.510468673876,7584.212726997698,0.15196235797658927,9.72,7.79224890033138,491.5517854852377,"ScoreBreakdown(accel=100.0, skidpad=75.0, autocross=73.55717033567161, endurance=228.68187639937113, efficiency=14.312738750194992)"
[108   5],240,108,5,240,38.879999999999995,3.707720844568186,4.56660959939957,1461.9501073344402,7617.082714910898,0.1479176774959572,9.72,7.824042017208795,484.46573619162484,"ScoreBreakdown(accel=100.0, skidpad=75.0, autocross=71.6498710004486, endurance=224.29890221227154, efficiency=13.516962978904681)"
[108   5],245,108,5,245,38.879999999999995,3.7300323602843406,4.464215027810155,1467.7753176462945,7646.59410339649,0.14397117824326053,9.72,7.8545767449864154,479.55465546725173,"ScoreBreakdown(accel=100.0, skidpad=75.0, autocross=70.3462084261082, endurance=221.30308540129693, efficiency=12.905361639846605)"
[108   5],250,108,5,250,38.879999999999995,3.744515743492414,4.509360168975846,1465.8567909810956,7678.963091963697,0.13952417006060502,9.72,7.891310833666697,480.7407361516134,"ScoreBreakdown(accel=100.0, skidpad=75.0, autocross=70.77442397829242, endurance=222.2871248108838, efficiency=12.679187362437233)"
[108   5],255,108,5,255,38.879999999999995,3.736249422103384,4.554058482861819,1476.0472869309185,7709.343459091914,0.13553958287598616,9.72,7.922621279401963,472.44366187098797,"ScoreBreakdown(accel=100.0, skidpad=75.0, autocross=68.51264987825243, endurance=217.08956755573672, efficiency=11.841444436998803)"
[108   5],260,108,5,260,38.879999999999995,3.7685683556247653,4.5983204147764525,1481.6595341463078,7737.004607821211,0.13171795408532327,9.72,7.9533691900452075,467.81636127844087,"ScoreBreakdown(accel=100.0, skidpad=75.0, autocross=67.28030057921504, endurance=214.25762866317703, efficiency=11.27843203604878)"
[108   5],265,108,5,265,38.879999999999995,3.800431217339053,4.642160207225828,1485.1520877330945,7765.076415715278,0.1282460263380622,9.72,7.981529008295813,464.84953643406277,"ScoreBreakdown(accel=100.0, skidpad=75.0, autocross=66.51809969487623, endurance=212.50609090518242, efficiency=10.825345834004132)"
[108   5],270,108,5,270,38.879999999999995,3.82946872142071,4.545210326813304,1496.7221982854956,7798.093574813362,0.12374980191410383,9.72,8.016012318346082,455.0703527620087,"ScoreBreakdown(accel=99.36641637168582, skidpad=75.0, autocross=64.01849634049339, endurance=206.76200198430706, efficiency=9.923438065522411)"
[108   5],275,108,5,275,38.879999999999995,3.8508227503561585,4.586949823898507,1493.7878087037252,7813.657020055548,0.1220388116080517,9.72,8.030784949208059,455.5614550158425,"ScoreBreakdown(accel=97.7811967647046, skidpad=75.0, autocross=64.64877613043475, endurance=208.210385045606, efficiency=9.921097075097174)"
[108   5],280,108,5,280,38.879999999999995,3.8782795667071923,4.628315144971793,1498.2801500168466,7833.941631657987,0.11944622591955861,9.72,8.051530602599229,449.9531328201204,"ScoreBreakdown(accel=95.76858873133177, skidpad=75.0, autocross=63.68486603541206, endurance=205.99531948817184, efficiency=9.504358565204745)"
[108   5],285,108,5,285,38.879999999999995,3.906724326227902,4.669313121469187,1502.0268640430302,7852.307862583018,0.11726834282184845,9.72,8.068658349474225,444.9026099295071,"ScoreBreakdown(accel=93.71339838354871, skidpad=75.0, autocross=62.88535301605796, endurance=204.1580384377545, efficiency=9.145820092145946)"
[108   5],290,108,5,290,38.879999999999995,3.935079819301123,4.579187861615182,1513.0366035459365,7878.351812001131,0.11358257111853273,9.72,8.0971049508903,434.43040684389234,"ScoreBreakdown(accel=91.69422991893049, skidpad=75.0, autocross=60.558892808374424, endurance=198.81183249656763, efficiency=8.365451620019819)"
[108   5],295,108,5,295,38.879999999999995,3.9633417441227863,4.61836203910029,1509.5875970014852,7901.487995915831,0.11112986222093352,9.72,8.118276641252208,434.790680927813,"ScoreBreakdown(accel=89.7104735538761, skidpad=75.0, autocross=61.2840497103622, endurance=200.47824317700633, efficiency=8.317914486568377)"
[108   5],300,108,5,300,38.879999999999995,3.9915058253446176,4.65720733660217,1513.9995165134033,7921.73723182719,0.10854282448439168,9.72,8.138960077993005,429.38519046433646,"ScoreBreakdown(accel=87.76153133710751, skidpad=75.0, autocross=60.35702940816097, endurance=198.3479503695639, efficiency=7.918679349504112)"
[112   5],200,112,5,200,40.32,3.6263688434969197,4.496213348185748,1427.5908062813544,7371.195189503029,0.21978637471346382,10.08,7.547946067419828,515.0977855391047,"ScoreBreakdown(accel=100.0, skidpad=75.0, autocross=79.55581523805971, endurance=242.46676337500102, efficiency=18.07520692604399)"
[112   5],205,112,5,205,40.32,3.6441452916822072,4.376067036852291,1434.9909769583667,7436.240312734001,0.20981075289996376,10.08,7.627311787720838,508.2285427005513,"ScoreBreakdown(accel=100.0, skidpad=75.0, autocross=77.8210746346034, endurance=238.48032918197822, efficiency=16.927138883969683)"
[112   5],210,112,5,210,40.32,3.6511095024580413,4.4288669578696584,1431.8306488140975,7448.647734563802,0.20090580226406735,10.08,7.699347872021247,510.7085343782534,"ScoreBreakdown(accel=100.0, skidpad=75.0, autocross=78.55972186567135, endurance=240.17774064086976, efficiency=16.971071871712283)"
[112   5],215,112,5,215,40.32,3.637075262504169,4.481046804910079,1435.972466496251,7503.737714631053,0.1941936975807022,10.08,7.752553218191465,506.6840026060901,"ScoreBreakdown(accel=100.0, skidpad=75.0, autocross=77.59233779744882, endurance=237.95469189244915, efficiency=16.136972916192132)"
[112   5],220,112,5,220,40.32,3.6619219016776015,4.532621511412529,1443.1388336668176,7559.093461439239,0.18834462921486655,10.08,7.799889032276641,500.21577267231214,"ScoreBreakdown(accel=100.0, skidpad=75.0, autocross=75.93164022998269, endurance=234.13840860835109, efficiency=15.145723833978378)"
[112   5],225,112,5,225,40.32,3.6815379399303936,4.422192708426152,1450.1723916962287,7633.454201958503,0.18079665164979725,10.08,7.859807202778402,493.7306855280479,"ScoreBreakdown(accel=100.0, skidpad=75.0, autocross=74.31767918292721, endurance=230.42952585586943, efficiency=13.98348048925125)"
[112   5],230,112,5,230,40.32,3.692103880388501,4.470852429020283,1447.6521957049606,7698.45464887911,0.17523153340680006,10.08,7.904662961239276,495.10300773161987,"ScoreBreakdown(accel=100.0, skidpad=75.0, autocross=74.89417501301949, endurance=231.75431336855925, efficiency=13.454519350041101)"
[112   5],235,112,5,235,40.32,3.680992183321891,4.518984356243578,1451.622910904709,7760.123075754709,0.1683975154221773,10.08,7.958632380254229,491.2765660502991,"ScoreBreakdown(accel=100.0, skidpad=75.0, autocross=73.98677995217369, endurance=229.66911936899044, efficiency=12.620666729134944)"
[112   5],240,112,5,240,40.32,3.707720844568186,4.56660959939957,1459.9454156330346,7799.920832362319,0.16343030005068276,10.08,7.998396007126329,484.223266864406,"ScoreBreakdown(accel=100.0, skidpad=75.0, autocross=72.10092043471357, endurance=225.33541388664818, efficiency=11.78693254304424)"
[112   5],245,112,5,245,40.32,3.7300323602843406,4.464215027810155,1465.7016770827086,7836.15125162861,0.15884031529279913,10.08,8.034604972644733,479.30963670016484,"ScoreBreakdown(accel=100.0, skidpad=75.0, autocross=70.80909441442071, endurance=222.36679747882823, efficiency=11.133744806915905)"
[112   5],250,112,5,250,40.32,3.744515743492414,4.509360168975846,1463.589466634696,7884.097955598865,0.15274389820547343,10.08,8.084480331397067,480.5163731902276,"ScoreBreakdown(accel=100.0, skidpad=75.0, autocross=71.28193859298146, endurance=223.4533934791931, efficiency=10.78104111805307)"
[112   5],255,112,5,255,40.32,3.736249422103384,4.554058482861819,1473.725780135427,7917.723431873362,0.14841441887857207,10.08,8.119717181115671,472.23527226370334,"ScoreBreakdown(accel=100.0, skidpad=75.0, autocross=69.02515561106398, endurance=218.2673058143153, efficiency=9.942810838324048)"
[112   5],260,112,5,260,40.32,3.7685683556247653,4.5983204147764525,1479.2456868705203,7952.638885451731,0.14403907540839508,10.08,8.155609504274048,467.6194754890577,"ScoreBreakdown(accel=100.0, skidpad=75.0, autocross=67.80919231045984, endurance=215.47302194885944, efficiency=9.337261229738443)"
[112   5],265,112,5,265,40.32,3.800431217339053,4.642160207225828,1482.6675936936194,7986.879440380306,0.1399369979121478,10.08,8.189395532778594,464.6604595853278,"ScoreBreakdown(accel=100.0, skidpad=75.0, autocross=67.05993706383968, endurance=213.75123326847847, efficiency=8.84928925300965)"
[112   5],270,112,5,270,40.32,3.82946872142071,4.545210326813304,1494.1935690402042,8023.136129571165,0.13508529297601798,10.08,8.227937781563314,454.889004719226,"ScoreBreakdown(accel=99.36641637168582, skidpad=75.0, autocross=64.56147506609432, endurance=208.00976718534432, efficiency=7.951346096101579)"
[112   5],275,112,5,275,40.32,3.8508227503561585,4.586949823898507,1491.250839747036,8041.303834353705,0.13310655408028316,10.08,8.245502064336778,455.3743170123268,"ScoreBreakdown(accel=97.7811967647046, skidpad=75.0, autocross=65.1956929267927, endurance=209.4671999338929, efficiency=7.930227386936558)"
[112   5],280,112,5,280,40.32,3.8782795667071923,4.628315144971793,1495.712355793257,8065.137850745539,0.1302477222484202,10.08,8.269165081822681,449.76272031882684,"ScoreBreakdown(accel=95.76858873133177, skidpad=75.0, autocross=64.23512209080042, endurance=207.2598079942617, efficiency=7.499201502432898)"
[112   5],285,112,5,285,40.32,3.906724326227902,4.669313121469187,1499.389256518337,8086.647043415006,0.12768867595682548,10.08,8.289883572871766,444.74191635955845,"ScoreBreakdown(accel=93.71339838354871, skidpad=75.0, autocross=63.44777695582811, endurance=205.45048874416185, efficiency=7.130252276019769)"
[112   5],290,112,5,290,40.32,3.935079819301123,4.579187861615182,1510.3626657272246,8115.2777267243855,0.12394484396438973,10.08,8.320025069313692,434.27423640035374,"ScoreBreakdown(accel=91.69422991893049, skidpad=75.0, autocross=61.12080227297105, endurance=200.10310053894116, efficiency=6.356103669511093)"
[112   5],295,112,5,295,40.32,3.9633417441227863,4.61836203910029,1506.8683446190412,8140.176813524086,0.12117473506763903,10.08,8.344428367353043,434.6690150364275,"ScoreBreakdown(accel=89.7104735538761, skidpad=75.0, autocross=61.85811542408396, endurance=201.79744628187555, efficiency=6.302979776591891)"
[112   5],300,112,5,300,40.32,3.9915058253446176,4.65720733660217,1511.2764054408256,8163.235854140926,0.11825577459680074,10.08,8.368455360056162,429.24695639782306,"ScoreBreakdown(accel=87.76153133710751, skidpad=75.0, autocross=60.928562574289046, endurance=199.66133367964505, efficiency=5.895528806781443)"
[116   5],200,116,5,200,41.75999999999999,3.6263688434969197,4.496213348185748,1427.5433645640985,7435.961112292436,0.24872448802447666,10.44,7.589575141767261,514.4158629530211,"ScoreBreakdown(accel=100.0, skidpad=75.0, autocross=79.56699449836847, endurance=242.4924533170354, efficiency=17.35641513761724)"
[116   5],205,116,5,205,41.75999999999999,3.6441452916822072,4.376067036852291,1434.932070627535,7505.333612512164,0.23866283426256585,10.44,7.673671073254519,507.5251276773777,"ScoreBreakdown(accel=100.0, skidpad=75.0, autocross=77.83481275062549, endurance=238.51189937486404, efficiency=16.178415551888214)"
[116   5],210,116,5,210,41.75999999999999,3.6511095024580413,4.4288669578696584,1431.673773870039,7513.615207277283,0.22923769181814824,10.44,7.753608969638882,510.1318774043832,"ScoreBreakdown(accel=100.0, skidpad=75.0, autocross=78.5964723934328, endurance=240.26219335973036, efficiency=16.27321165122005)"
[116   5],215,116,5,215,41.75999999999999,3.637075262504169,4.481046804910079,1435.7277191717876,7575.434214229764,0.22181407939420744,10.44,7.81541363016277,506.1199991133998,"ScoreBreakdown(accel=100.0, skidpad=75.0, autocross=77.64934706678883, endurance=238.0856992028005, efficiency=15.384952843810453)"
[116   5],220,116,5,220,41.75999999999999,3.6619219016776015,4.532621511412529,1442.8460129064072,7633.509763685093,0.21580839426668427,10.44,7.866452944787129,499.67554047771796,"ScoreBreakdown(accel=100.0, skidpad=75.0, autocross=75.99917376559583, endurance=234.2936006843348, efficiency=14.382766027787337)"
[116   5],225,116,5,225,41.75999999999999,3.6815379399303936,4.422192708426152,1449.8611154986186,7712.782472923929,0.20816831369926117,10.44,7.930201844604897,493.17194501395153,"ScoreBreakdown(accel=100.0, skidpad=75.0, autocross=74.38877525337762, endurance=230.59290463749727, efficiency=13.190265123076648)"
[116   5],230,116,5,230,41.75999999999999,3.692103880388501,4.470852429020283,1447.206797986329,7784.801520228056,0.20230269153031283,10.44,7.9797625671991135,494.5959330943645,"ScoreBreakdown(accel=100.0, skidpad=75.0, autocross=74.99626869833827, endurance=231.98892467427004, efficiency=12.610739721756204)"
[116   5],235,116,5,235,41.75999999999999,3.680992183321891,4.518984356243578,1451.1026328929365,7852.667425268209,0.19490740217288016,10.44,8.04095811779159,490.7831750355959,"ScoreBreakdown(accel=100.0, skidpad=75.0, autocross=74.10539212121878, endurance=229.94169015303038, efficiency=11.736092761346672)"
[116   5],240,116,5,240,41.75999999999999,3.707720844568186,4.56660959939957,1459.3615175021853,7896.586652126083,0.18981193282331343,10.44,8.083778346454867,483.75046080403865,"ScoreBreakdown(accel=100.0, skidpad=75.0, autocross=72.23252873988268, endurance=225.63784979364576, efficiency=10.880082270510247)"
[116   5],245,116,5,245,41.75999999999999,3.7300323602843406,4.464215027810155,1465.1013467738326,7935.146447462242,0.18504115168382684,10.44,8.123244007390735,478.8362401993887,"ScoreBreakdown(accel=100.0, skidpad=75.0, autocross=70.94334702451071, endurance=222.67530999897033, efficiency=10.217583175907636)"
[116   5],250,116,5,250,41.75999999999999,3.744515743492414,4.509360168975846,1462.8208427495335,7993.87259243479,0.1780512823967115,10.44,8.182340308781976,480.0866937006162,"ScoreBreakdown(accel=100.0, skidpad=75.0, autocross=71.45434332479756, endurance=223.84957958135794, efficiency=9.782770794460697)"
[116   5],255,116,5,255,41.75999999999999,3.736249422103384,4.554058482861819,1472.9546435656905,8030.108917923186,0.17353293283162502,10.44,8.220680929074312,471.7908954897139,"ScoreBreakdown(accel=100.0, skidpad=75.0, autocross=69.19575244409053, endurance=218.65933736476353, efficiency=8.935805680859808)"
[116   5],260,116,5,260,41.75999999999999,3.7685683556247653,4.5983204147764525,1478.4367563136555,8069.61533967106,0.16856729639802356,10.44,8.262687564253268,467.1710781041829,"ScoreBreakdown(accel=100.0, skidpad=75.0, autocross=67.98682132159578, endurance=215.88121344576356, efficiency=8.303043336823587)"
[116   5],265,116,5,265,41.75999999999999,3.800431217339053,4.642160207225828,1481.7589291458175,8112.637416615676,0.16361702734082945,10.44,8.304210092890147,464.2188325847813,"ScoreBreakdown(accel=100.0, skidpad=75.0, autocross=67.25855934057611, endurance=214.20766729319703, efficiency=7.752605951008149)"
[116   5],270,116,5,270,41.75999999999999,3.82946872142071,4.545210326813304,1493.222251971524,8155.568125760574,0.15798674717203803,10.44,8.350130658533782,454.44424486934753,"ScoreBreakdown(accel=99.36641637168582, skidpad=75.0, autocross=64.77053722195984, endurance=208.49019205402442, efficiency=6.817099221677432)"
[116   5],275,116,5,275,41.75999999999999,3.8508227503561585,4.586949823898507,1490.2166363198205,8177.857244153593,0.15555775024800908,10.44,8.371778760302448,454.9471281828769,"ScoreBreakdown(accel=97.7811967647046, skidpad=75.0, autocross=65.41917957598463, endurance=209.9807722906173, efficiency=6.765979551570382)"
[116   5],280,116,5,280,41.75999999999999,3.8782795667071923,4.628315144971793,1494.6335668374008,8206.329859236785,0.15205975991675777,10.44,8.40122935194135,449.33493852245573,"ScoreBreakdown(accel=95.76858873133177, skidpad=75.0, autocross=64.46686123507655, endurance=207.79234458605168, efficiency=6.307143969995726)"
[116   5],285,116,5,285,41.75999999999999,3.906724326227902,4.669313121469187,1498.2086615456296,8235.012235963597,0.14866064944594637,10.44,8.42894571792246,444.33462116113157,"ScoreBreakdown(accel=93.71339838354871, skidpad=75.0, autocross=63.70015987041527, endurance=206.03046472353319, efficiency=5.890598183634406)"
[116   5],290,116,5,290,41.75999999999999,3.935079819301123,4.579187861615182,1509.1858820443501,8264.938659466783,0.14495611942883713,10.44,8.46023475626692,433.8584915168189,"ScoreBreakdown(accel=91.69422991893049, skidpad=75.0, autocross=61.36872616567077, endurance=200.67282968527954, efficiency=5.122705746938092)"
[116   5],295,116,5,295,41.75999999999999,3.9633417441227863,4.61836203910029,1505.5538324021381,8295.748476426594,0.14132185045761872,10.44,8.491925071742376,434.3148329286554,"ScoreBreakdown(accel=89.7104735538761, skidpad=75.0, autocross=62.136367714900935, endurance=202.4368700920923, efficiency=5.031121567786062)"
[116   5],300,116,5,300,41.75999999999999,3.9915058253446176,4.65720733660217,1509.8984130082233,8324.827832467157,0.13773285826328105,10.44,8.521900329144007,428.8950439814558,"ScoreBreakdown(accel=87.76153133710751, skidpad=75.0, autocross=61.21856452684269, endurance=200.32775821447177, efficiency=4.587189903033792)"
[120   5],200,120,5,200,43.199999999999996,3.6263688434969197,4.496213348185748,1427.950668117924,7463.104541981996,0.2778430858550846,10.8,7.6087888507600905,513.7773934566201,"ScoreBreakdown(accel=100.0, skidpad=75.0, autocross=79.47104086909188, endurance=242.27195186112266, efficiency=17.03440072640547)"
[120   5],205,120,5,205,43.199999999999996,3.6441452916822072,4.376067036852291,1435.3396953589654,7540.984913712022,0.267966392983924,10.8,7.695597111331121,506.8061249745813,"ScoreBreakdown(accel=100.0, skidpad=75.0, autocross=77.73976973494987, endurance=238.29349050915687, efficiency=15.772864730474566)"
[120   5],210,120,5,210,43.199999999999996,3.6511095024580413,4.4288669578696584,1431.9368764813614,7550.494108146152,0.25842203300591776,10.8,7.780563084754243,509.5179859714835,"ScoreBreakdown(accel=100.0, skidpad=75.0, autocross=78.53484086535947, endurance=240.1205640980469, efficiency=15.862581008077116)"
[120   5],215,120,5,215,43.199999999999996,3.637075262504169,4.481046804910079,1435.9140843290559,7619.9947480379415,0.25069503942842675,10.8,7.848251978808877,505.497782224246,"ScoreBreakdown(accel=100.0, skidpad=75.0, autocross=77.6059350562677, endurance=237.98593839545887, efficiency=14.905908772519487)"
[120   5],220,120,5,220,43.199999999999996,3.6619219016776015,4.532621511412529,1443.0046798962044,7680.716783350608,0.24464967763816753,10.8,7.902197513136549,499.0597406988099,"ScoreBreakdown(accel=100.0, skidpad=75.0, autocross=75.96257684200724, endurance=234.20950094788896, efficiency=13.88766290891369)"
[120   5],225,120,5,225,43.199999999999996,3.6815379399303936,4.422192708426152,1449.9933090446586,7764.952420308025,0.2370200196768505,10.8,7.968983725439745,492.54154467764715,"ScoreBreakdown(accel=100.0, skidpad=75.0, autocross=74.3585782691655, endurance=230.52351196279446, efficiency=12.659454445687194)"
[120   5],230,120,5,230,43.199999999999996,3.692103880388501,4.470852429020283,1447.2125457999323,7842.914877626174,0.23106231574525068,10.8,8.021731704281237,494.0179558976946,"ScoreBreakdown(accel=100.0, skidpad=75.0, autocross=74.99495078915763, endurance=231.9858961187553, efficiency=12.037108989781728)"
[120   5],235,120,5,235,43.199999999999996,3.680992183321891,4.518984356243578,1451.071520057554,7916.958871019071,0.22355544412876546,10.8,8.086899338552422,490.18696214478086,"ScoreBreakdown(accel=100.0, skidpad=75.0, autocross=74.11248787214802, endurance=229.95799618983673, efficiency=11.116478082796089)"
[120   5],240,120,5,240,43.199999999999996,3.707720844568186,4.56660959939957,1459.2982719872725,7960.357085122913,0.21839163459668398,10.8,8.132492134813269,483.19475753973876,"ScoreBreakdown(accel=100.0, skidpad=75.0, autocross=72.24679034786689, endurance=225.67062297114688, efficiency=10.27734422072496)"
[120   5],245,120,5,245,43.199999999999996,3.7300323602843406,4.464215027810155,1465.0421523509335,8000.484418033639,0.21365482349058454,10.8,8.173707022284043,478.2705613190258,"ScoreBreakdown(accel=100.0, skidpad=75.0, autocross=70.95659070586305, endurance=222.7057439809037, efficiency=9.608226632259045)"
[120   5],250,120,5,250,43.199999999999996,3.744515743492414,4.509360168975846,1462.6464670385758,8063.798598344302,0.20640197145186043,10.8,8.238075772304347,479.5781367371686,"ScoreBreakdown(accel=100.0, skidpad=75.0, autocross=71.49348155697186, endurance=223.9395192453535, efficiency=9.145135934843271)"
[120   5],255,120,5,255,43.199999999999996,3.736249422103384,4.554058482861819,1472.789701464564,8100.5971295578065,0.2020230360415247,10.8,8.277258365611711,471.2781848344416,"ScoreBreakdown(accel=100.0, skidpad=75.0, autocross=69.23226541154477, endurance=218.74324416999897, efficiency=8.302675252897895)"
[120   5],260,120,5,260,43.199999999999996,3.7685683556247653,4.5983204147764525,1478.2686287246577,8140.91820612866,0.1970968738431891,10.8,8.321191993876441,466.6611832956706,"ScoreBreakdown(accel=100.0, skidpad=75.0, autocross=68.02376401820646, endurance=215.96610776867135, efficiency=7.671311508792789)"
[120   5],265,120,5,265,43.199999999999996,3.800431217339053,4.642160207225828,1481.5809349143706,8186.719931992658,0.19213407117935669,10.8,8.365122638653633,463.6996593325652,"ScoreBreakdown(accel=100.0, skidpad=75.0, autocross=67.2974951057411, endurance=214.2971416879715, efficiency=7.105022538852567)"
[120   5],270,120,5,270,43.199999999999996,3.82946872142071,4.545210326813304,1493.0407469205297,8230.723919659615,0.18660047465181417,10.8,8.412792319880191,453.92818553909865,"ScoreBreakdown(accel=99.36641637168582, skidpad=75.0, autocross=64.80963376171972, endurance=208.58003590884454, efficiency=6.172099496848558)"
[120   5],275,120,5,275,43.199999999999996,3.8508227503561585,4.586949823898507,1489.9795445705058,8255.93119890317,0.18418575097486709,10.8,8.435374754860714,454.45107353626094,"ScoreBreakdown(accel=97.7811967647046, skidpad=75.0, autocross=65.47045773767829, endurance=210.09860951465157, efficiency=6.100809519226522)"
[120   5],280,120,5,280,43.199999999999996,3.8782795667071923,4.628315144971793,1494.4056280241696,8284.867776301642,0.18064861303074153,10.8,8.46671710573051,448.8335640760778,"ScoreBreakdown(accel=95.76858873133177, skidpad=75.0, autocross=64.51586853514789, endurance=207.90496336970318, efficiency=5.644143439894958)"
[120   5],285,120,5,285,43.199999999999996,3.906724326227902,4.669313121469187,1497.9542537386824,8315.914471446653,0.17719806402239596,10.8,8.49637008111994,443.8386650474976,"ScoreBreakdown(accel=93.71339838354871, skidpad=75.0, autocross=63.75459826388124, endurance=206.15556416070189, efficiency=5.215104239365745)"
[120   5],290,120,5,290,43.199999999999996,3.935079819301123,4.579187861615182,1508.9511272509726,8346.01323379328,0.1736438852877506,10.8,8.528038057351921,433.35362588210376,"ScoreBreakdown(accel=91.69422991893049, skidpad=75.0, autocross=61.41823039240213, endurance=200.7865904064778, efficiency=4.454575164293325)"
[120   5],295,120,5,295,43.199999999999996,3.9633417441227863,4.61836203910029,1505.2346304928117,8380.820921310995,0.16982723074120074,10.8,8.562687988411636,433.8440775621124,"ScoreBreakdown(accel=89.7104735538761, skidpad=75.0, autocross=62.204008822492575, endurance=202.5923093685006, efficiency=4.33728581724312)"
[120   5],300,120,5,300,43.199999999999996,3.9915058253446176,4.65720733660217,1509.5843926858547,8412.253597568813,0.16600633944178206,10.8,8.596020081059871,428.40676671506543,"ScoreBreakdown(accel=87.76153133710751, skidpad=75.0, autocross=61.28472496144967, endurance=200.47979490411686, efficiency=3.880715512391411)"
[124   5],200,124,5,200,44.63999999999999,3.6263688434969197,4.496213348185748,1428.6816212515996,7468.20584234951,0.3062215839824046,11.16,7.612920088036007,513.1122343335026,"ScoreBreakdown(accel=100.0, skidpad=75.0, autocross=79.29897822578806, endurance=241.87655187841548, efficiency=16.936704229299092)"
[124   5],205,124,5,205,44.63999999999999,3.6441452916822072,4.376067036852291,1436.0576986664041,7552.558665224735,0.29648917580200196,11.16,7.702799918112875,506.0908099391473,"ScoreBreakdown(accel=100.0, skidpad=75.0, autocross=77.57248913417307, endurance=237.9090796609659, efficiency=15.609241144008292)"
[124   5],210,124,5,210,44.63999999999999,3.6511095024580413,4.4288669578696584,1432.5320276651714,7561.968728192483,0.28718710929633184,11.16,7.7897693495412,508.90268461032855,"ScoreBreakdown(accel=100.0, skidpad=75.0, autocross=78.39551081058103, endurance=239.80038360917266, efficiency=15.706790190574832)"
[124   5],215,124,5,215,44.63999999999999,3.637075262504169,4.481046804910079,1436.4342227270047,7635.7899779840545,0.2793755809649532,11.16,7.8616878146812486,504.90479443892764,"ScoreBreakdown(accel=100.0, skidpad=75.0, autocross=77.48483330129766, endurance=237.70764654255248, efficiency=14.712314595077487)"
[124   5],220,124,5,220,44.63999999999999,3.6619219016776015,4.532621511412529,1443.5106008519936,7700.086358794094,0.27340311188049427,11.16,7.917637336875159,498.4497213060148,"ScoreBreakdown(accel=100.0, skidpad=75.0, autocross=75.8459386788658, endurance=233.94146642974127, efficiency=13.662316197407673)"
[124   5],225,124,5,225,44.63999999999999,3.6815379399303936,4.422192708426152,1450.5029362345567,7788.852210587228,0.26591994185718365,11.16,7.986406666943497,491.8930885245765,"ScoreBreakdown(accel=100.0, skidpad=75.0, autocross=74.24221559315112, endurance=230.25611051411045, efficiency=12.394762417314942)"
[124   5],230,124,5,230,44.63999999999999,3.692103880388501,4.470852429020283,1447.5880965609879,7870.553190460326,0.25996265975584754,11.16,8.041691164843915,493.44448854804585,"ScoreBreakdown(accel=100.0, skidpad=75.0, autocross=74.90886389404008, endurance=231.78806841956865, efficiency=11.747556234437127)"
[124   5],235,124,5,235,44.63999999999999,3.680992183321891,4.518984356243578,1451.4093647318646,7950.5991996536395,0.2524754762488199,11.16,8.109934359810582,489.5942489860295,"ScoreBreakdown(accel=100.0, skidpad=75.0, autocross=74.03545358678622, endurance=229.78097138936238, efficiency=10.777824009880923)"
[124   5],240,124,5,240,44.63999999999999,3.707720844568186,4.56660959939957,1459.6203597776255,7996.268964321788,0.24745878046992187,11.16,8.15645978206409,482.60176348518945,"ScoreBreakdown(accel=100.0, skidpad=75.0, autocross=72.17417373274805, endurance=225.50374997762006, efficiency=9.923839774821401)"
[124   5],245,124,5,245,44.63999999999999,3.7300323602843406,4.464215027810155,1465.3675891684977,8038.241405350173,0.2427632015805512,11.16,8.199297935400637,477.66469388593003,"ScoreBreakdown(accel=100.0, skidpad=75.0, autocross=70.88379333372424, endurance=222.53845560771498, efficiency=9.242444944490847)"
[124   5],250,124,5,250,44.63999999999999,3.744515743492414,4.509360168975846,1462.8506796765191,8106.548603792628,0.23549838329159684,11.16,8.266837861104184,479.0269479916941,"ScoreBreakdown(accel=100.0, skidpad=75.0, autocross=71.44764742919124, endurance=223.83419241214966, efficiency=8.745108150353175)"
[124   5],255,124,5,255,44.63999999999999,3.736249422103384,4.554058482861819,1473.0012787826297,8144.125536550902,0.23125817855674657,11.16,8.30662517459273,470.722756264537,"ScoreBreakdown(accel=100.0, skidpad=75.0, autocross=69.18543036401996, endurance=218.63561722305778, efficiency=7.901708677459257)"
[124   5],260,124,5,260,44.63999999999999,3.7685683556247653,4.5983204147764525,1478.4728165001538,8186.923175143092,0.22644007014178708,11.16,8.351681977460233,466.0962292430585,"ScoreBreakdown(accel=100.0, skidpad=75.0, autocross=67.9788989065033, endurance=215.8630077345735, efficiency=7.254322601981699)"
[124   5],265,124,5,265,44.63999999999999,3.800431217339053,4.642160207225828,1481.7759293423464,8234.514497570535,0.22146389511549563,11.16,8.397883526410244,463.1324392748818,"ScoreBreakdown(accel=100.0, skidpad=75.0, autocross=67.25484108212714, endurance=214.19912273466753, efficiency=6.678475458087142)"
[124   5],270,124,5,270,44.63999999999999,3.82946872142071,4.545210326813304,1493.2384111421115,8279.064784181483,0.21605300025641855,11.16,8.446902812849236,453.36423730175153,"ScoreBreakdown(accel=99.36641637168582, skidpad=75.0, autocross=64.7670569660495, endurance=208.48219442536805, efficiency=5.7485695386481765)"
[124   5],275,124,5,275,44.63999999999999,3.8508227503561585,4.586949823898507,1490.0983423941382,8306.000594467821,0.2136668761597329,11.16,8.47025374133376,453.933529599762,"ScoreBreakdown(accel=97.7811967647046, skidpad=75.0, autocross=65.4447621256248, endurance=210.03956099391226, efficiency=5.6680097155203555)"
[124   5],280,124,5,280,44.63999999999999,3.8782795667071923,4.628315144971793,1494.5335782998945,8336.878319909973,0.21017625840195805,11.16,8.502773064291345,448.2975880066349,"ScoreBreakdown(accel=95.76858873133177, skidpad=75.0, autocross=64.4883571298639, endurance=207.84174215582055, efficiency=5.198899989618645)"
[124   5],285,124,5,285,44.63999999999999,3.906724326227902,4.669313121469187,1498.0891027925977,8367.787247280005,0.20668592212629397,11.16,8.534366982103414,443.30342135699436,"ScoreBreakdown(accel=93.71339838354871, skidpad=75.0, autocross=63.725740848663456, endurance=206.08924981576916, efficiency=4.775032309013018)"
[124   5],290,124,5,290,44.63999999999999,3.935079819301123,4.579187861615182,1509.1135586044695,8397.1038300478,0.2033901822882213,11.16,8.56541322634491,432.8120978862883,"ScoreBreakdown(accel=91.69422991893049, skidpad=75.0, autocross=61.38397582490878, endurance=200.70787340472486, efficiency=4.026018737724187)"
[124   5],295,124,5,295,44.63999999999999,3.9633417441227863,4.61836203910029,1505.3201692562366,8433.977491611624,0.19960953613340746,11.16,8.601492519002548,433.3448592020404,"ScoreBreakdown(accel=89.7104735538761, skidpad=75.0, autocross=62.1858797491621, endurance=202.55064875499534, efficiency=3.8978571440068994)"
[124   5],300,124,5,300,44.63999999999999,3.9915058253446176,4.65720733660217,1509.6845932525928,8466.264190503758,0.19581497988343782,11.16,8.63640039816117,427.8946816922113,"ScoreBreakdown(accel=87.76153133710751, skidpad=75.0, autocross=61.26361087584983, endurance=200.43127473192388, efficiency=3.4382647473301167)"
[128   5],200,128,5,200,46.08,3.6263688434969197,4.496213348185748,1429.6151242897297,7463.578850411374,0.3331703825709588,11.52,7.608674229332254,512.3856375471016,"ScoreBreakdown(accel=100.0, skidpad=75.0, autocross=79.0794922055838, endurance=241.37217296776495, efficiency=16.933972373752926)"
[128   5],205,128,5,205,46.08,3.6441452916822072,4.376067036852291,1436.9744395758953,7550.822182174912,0.3237102078065183,11.52,7.700472440599066,505.35441221645385,"ScoreBreakdown(accel=100.0, skidpad=75.0, autocross=77.35914957197564, endurance=237.41882531182927, efficiency=15.576437332648908)"
[128   5],210,128,5,210,46.08,3.6511095024580413,4.4288669578696584,1433.3535059589608,7561.51910702719,0.31477503217033986,11.52,7.788190452995709,508.22771864782214,"ScoreBreakdown(accel=100.0, skidpad=75.0, autocross=78.2033856873847, endurance=239.3588800443614, efficiency=15.665452916076077)"
[128   5],215,128,5,215,46.08,3.637075262504169,4.481046804910079,1437.1804825056504,7637.95690927502,0.3069532852203755,11.52,7.863823529445825,504.2684711460836,"ScoreBreakdown(accel=100.0, skidpad=75.0, autocross=77.3112377062649, endurance=237.3087238365192, efficiency=14.648509603299512)"
[128   5],220,128,5,220,46.08,3.6619219016776015,4.532621511412529,1444.2615249452185,7703.357085576265,0.3011416516531514,11.52,7.920897071976671,497.8052008305569,"ScoreBreakdown(accel=100.0, skidpad=75.0, autocross=75.67296662612071, endurance=233.54397662398793, efficiency=13.588257580448213)"
[128   5],225,128,5,225,46.08,3.6815379399303936,4.422192708426152,1451.256626865307,7793.373422069916,0.29394820193033366,11.52,7.990280603410643,491.2412201901898,"ScoreBreakdown(accel=100.0, skidpad=75.0, autocross=74.07027595499392, endurance=229.86099319725045, efficiency=12.309951037945432)"
[128   5],230,128,5,230,46.08,3.692103880388501,4.470852429020283,1448.2306504768983,7877.510026519362,0.2880750945022701,11.52,8.047403217105575,492.8575752555089,"ScoreBreakdown(accel=100.0, skidpad=75.0, autocross=74.7616758423089, endurance=231.4498302524001, efficiency=11.646069160799918)"
[128   5],235,128,5,235,46.08,3.680992183321891,4.518984356243578,1452.017503249069,7960.838019596546,0.2807047419330127,11.52,8.117881294978934,489.00846984712683,"ScoreBreakdown(accel=100.0, skidpad=75.0, autocross=73.89687808544649, endurance=229.46252486441486, efficiency=10.649066897265552)"
[128   5],240,128,5,240,46.08,3.707720844568186,4.56660959939957,1460.2344980844805,8007.895845401412,0.2758317787318905,11.52,8.165256293921576,482.00560258651706,"ScoreBreakdown(accel=100.0, skidpad=75.0, autocross=72.0358013592716, endurance=225.18577024053593, efficiency=9.784030986709503)"
[128   5],245,128,5,245,46.08,3.7300323602843406,4.464215027810155,1465.9817038228168,8051.372859470578,0.271237893439861,11.52,8.209186632123796,477.06027681209326,"ScoreBreakdown(accel=100.0, skidpad=75.0, autocross=70.74650929434445, endurance=222.22297686256468, efficiency=9.090790655184156)"
[128   5],250,128,5,250,46.08,3.744515743492414,4.509360168975846,1463.3612055763006,8123.715213599155,0.26413850319387566,11.52,8.27836595515386,478.46830605192895,"ScoreBreakdown(accel=100.0, skidpad=75.0, autocross=71.33311935338442, endurance=223.57100687504536, efficiency=8.564179823499224)"
[128   5],255,128,5,255,46.08,3.736249422103384,4.554058482861819,1473.5168977042015,8161.631177433598,0.2600553833668163,11.52,8.318526644019336,470.1652813807268,"ScoreBreakdown(accel=100.0, skidpad=75.0, autocross=69.07134857533347, endurance=218.37345725382966, efficiency=7.720475551563695)"
[128   5],260,128,5,260,46.08,3.7685683556247653,4.5983204147764525,1479.0017434972424,8206.022931189236,0.2554950683907024,11.52,8.363295864910837,465.5198089753673,"ScoreBreakdown(accel=100.0, skidpad=75.0, autocross=67.86273815187837, endurance=215.59607030127572, efficiency=7.06100052221319)"
[128   5],265,128,5,265,46.08,3.800431217339053,4.642160207225828,1482.2865334723363,8256.645664195852,0.25059768754645145,11.52,8.410939532647907,462.54821357695477,"ScoreBreakdown(accel=100.0, skidpad=75.0, autocross=67.143202234576, endurance=213.94257664457157, efficiency=6.46243469780715)"
[128   5],270,128,5,270,46.08,3.82946872142071,4.545210326813304,1493.7513418263231,8302.256176310268,0.24528526294772837,11.52,8.461387830755394,452.77891480220165,"ScoreBreakdown(accel=99.36641637168582, skidpad=75.0, autocross=64.65662445722425, endurance=208.22842050186318, efficiency=5.527453471428348)"
[128   5],275,128,5,275,46.08,3.8508227503561585,4.586949823898507,1490.5194797626739,8331.044750447869,0.24298674161557002,11.52,8.484931536341211,453.4016512380538,"ScoreBreakdown(accel=97.7811967647046, skidpad=75.0, autocross=65.35370437636286, endurance=209.8303102710812, efficiency=5.436439825905132)"
[128   5],280,128,5,280,46.08,3.8782795667071923,4.628315144971793,1494.9608507755302,8363.610646823461,0.2395569574492726,11.52,8.518373977438218,447.7511568830436,"ScoreBreakdown(accel=95.76858873133177, skidpad=75.0, autocross=64.3965206686694, endurance=207.63070195284, efficiency=4.955345530202486)"
[128   5],285,128,5,285,46.08,3.906724326227902,4.669313121469187,1498.520374435568,8396.187304875279,0.2361037237386336,11.52,8.551117209412785,442.74399649285476,"ScoreBreakdown(accel=93.71339838354871, skidpad=75.0, autocross=63.63348448635431, endurance=205.8772446799578, efficiency=4.519868942993914)"
[128   5],290,128,5,290,46.08,3.935079819301123,4.579187861615182,1509.5713667558416,8424.610925346193,0.2330295163142969,11.52,8.581517427397722,432.2484198632291,"ScoreBreakdown(accel=91.69422991893049, skidpad=75.0, autocross=61.28746996818111, endurance=200.48610293003858, efficiency=3.7806170460789024)"
[128   5],295,128,5,295,46.08,3.9633417441227863,4.61836203910029,1505.700780453143,8462.798969938825,0.2293684505196677,11.52,8.61809689516831,432.82776370365826,"ScoreBreakdown(accel=89.7104735538761, skidpad=75.0, autocross=62.10523803993025, endurance=202.3653340938724, efficiency=3.6467180159795083)"
[128   5],300,128,5,300,46.08,3.9915058253446176,4.65720733660217,1510.0729779365245,8496.741671900048,0.2256828423068935,11.52,8.653646452333012,427.3627417150838,"ScoreBreakdown(accel=87.76153133710751, skidpad=75.0, autocross=61.18179762381406, endurance=200.24326786524432, efficiency=3.176144888917913)"
[132   5],200,132,5,200,47.519999999999996,3.6263688434969197,4.496213348185748,1430.6829625864216,7453.297082598745,0.3585168813635078,11.88,7.59921127210696,511.610403549568,"ScoreBreakdown(accel=100.0, skidpad=75.0, autocross=78.82877238236595, endurance=240.79601877263465, efficiency=16.98561239456738)"
[132   5],205,132,5,205,47.519999999999996,3.6441452916822072,4.376067036852291,1438.0288149658068,7543.284006474586,0.3492823793294549,11.88,7.693160569491985,504.5676147920125,"ScoreBreakdown(accel=100.0, skidpad=75.0, autocross=77.1141167007274, endurance=236.85573973326373, efficiency=15.597758358021311)"
[132   5],210,132,5,210,47.519999999999996,3.6511095024580413,4.4288669578696584,1434.2974948673625,7554.68368953791,0.3407062522251042,11.88,7.781444446965979,507.52027962809007,"ScoreBreakdown(accel=100.0, skidpad=75.0, autocross=77.98287986638545, endurance=238.8521576313156, efficiency=15.685242130389016)"
[132   5],215,132,5,215,47.519999999999996,3.637075262504169,4.481046804910079,1438.0914151040608,7631.876143485204,0.3331102967050773,11.88,7.858519783774742,503.5833541399292,"ScoreBreakdown(accel=100.0, skidpad=75.0, autocross=77.09957996382592, endurance=236.822334309465, efficiency=14.661439866638295)"
[132   5],220,132,5,220,47.519999999999996,3.6619219016776015,4.532621511412529,1445.1909960756232,7697.825829701777,0.3274642623153372,11.88,7.916613631861847,497.10579303094056,"ScoreBreakdown(accel=100.0, skidpad=75.0, autocross=75.45911599507669, endurance=233.05254783855742, efficiency=13.594129197306447)"
[132   5],225,132,5,225,47.519999999999996,3.6815379399303936,4.422192708426152,1452.1986553957918,7788.784212937693,0.3205456796585801,11.88,7.986564793545815,490.5286762216729,"ScoreBreakdown(accel=100.0, skidpad=75.0, autocross=73.8556216860124, endurance=229.36771765170695, efficiency=12.305336883953547)"
[132   5],230,132,5,230,47.519999999999996,3.692103880388501,4.470852429020283,1449.0382561885438,7875.514332529917,0.3148299206556151,11.88,8.044838532992843,492.2248343410614,"ScoreBreakdown(accel=100.0, skidpad=75.0, autocross=74.57686497053258, endurance=231.02513483855938, efficiency=11.622834531969426)"
[132   5],235,132,5,235,47.519999999999996,3.680992183321891,4.518984356243578,1452.8062288704332,7959.03223817473,0.3077131953755745,11.88,8.116221336512663,488.392463717038,"ScoreBreakdown(accel=100.0, skidpad=75.0, autocross=73.71732530936282, endurance=229.04991255534364, efficiency=10.625225852331589)"
[132   5],240,132,5,240,47.519999999999996,3.707720844568186,4.56660959939957,1461.0496634010274,8006.541639844253,0.3030248688526613,11.88,8.16393488563889,481.3714733646133,"ScoreBreakdown(accel=100.0, skidpad=75.0, autocross=71.85231498026643, endurance=224.76411851130172, efficiency=9.755039873045103)"
[132   5],245,132,5,245,47.519999999999996,3.7300323602843406,4.464215027810155,1466.801983547362,8050.503393354312,0.2985767287931322,11.88,8.20849243717226,476.42277780653035,"ScoreBreakdown(accel=100.0, skidpad=75.0, autocross=70.56331680749817, endurance=221.80200049756004, efficiency=9.05746050147217)"
[132   5],250,132,5,250,47.519999999999996,3.744515743492414,4.509360168975846,1464.0974997260728,8124.661401077058,0.29169517685158547,11.88,8.27868456589975,477.87860871129664,"ScoreBreakdown(accel=100.0, skidpad=75.0, autocross=71.1680845525533, endurance=223.1917568755, efficiency=8.518767283243351)"
[132   5],255,132,5,255,47.519999999999996,3.736249422103384,4.554058482861819,1474.2462487470366,8162.759620322869,0.28779621340025324,11.88,8.31883594047266,469.587654921415,"ScoreBreakdown(accel=100.0, skidpad=75.0, autocross=68.91011437187738, endurance=218.0029410276794, efficiency=7.674599521858142)"
[132   5],260,132,5,260,47.519999999999996,3.7685683556247653,4.5983204147764525,1479.7523090863933,8207.308865060195,0.28339689942155244,11.88,8.364030891651852,464.9289698003625,"ScoreBreakdown(accel=100.0, skidpad=75.0, autocross=67.69804457668151, endurance=215.2176044382943, efficiency=7.013320785386642)"
[132   5],265,132,5,265,47.519999999999996,3.800431217339053,4.642160207225828,1483.0245863044308,8259.78466798115,0.2786069844580543,11.88,8.412797415524139,461.9539659914505,"ScoreBreakdown(accel=100.0, skidpad=75.0, autocross=66.98196970895489, endurance=213.57206427408636, efficiency=6.39993200840927)"
[132   5],270,132,5,270,47.519999999999996,3.82946872142071,4.545210326813304,1494.4996427494116,8306.399559030551,0.27342909124026527,11.88,8.4642784452654,452.1777912044207,"ScoreBreakdown(accel=99.36641637168582, skidpad=75.0, autocross=64.49565337011458, endurance=207.85850891712062, efficiency=5.45721254549974)"
[132   5],275,132,5,275,47.519999999999996,3.8508227503561585,4.586949823898507,1491.1674569495024,8336.76845830994,0.2712095253289578,11.88,8.488026843580311,452.86123514469324,"ScoreBreakdown(accel=97.7811967647046, skidpad=75.0, autocross=65.21370008016207, endurance=209.50858037530722, efficiency=5.357757924519386)"
[132   5],280,132,5,280,47.519999999999996,3.8782795667071923,4.628315144971793,1495.6166350814979,8370.30360093169,0.2679168704861908,11.88,8.521634125696252,447.200339427989,"ScoreBreakdown(accel=95.76858873133177, skidpad=75.0, autocross=64.25567073966918, endurance=207.3070287927532, efficiency=4.869051164234852)"
[132   5],285,132,5,285,47.519999999999996,3.906724326227902,4.669313121469187,1499.190581952214,8404.2760485698,0.264571690486377,11.88,8.554867289730828,442.1738866095357,"ScoreBreakdown(accel=93.71339838354871, skidpad=75.0, autocross=63.4902209995609, endurance=205.54802516366414, efficiency=4.422242062762019)"
[132   5],290,132,5,290,47.519999999999996,3.935079819301123,4.579187861615182,1510.2693045426602,8432.501565303493,0.26168297066337803,11.88,8.584787531527356,431.6677847663002,"ScoreBreakdown(accel=91.69422991893049, skidpad=75.0, autocross=61.140457426292414, endurance=200.14826808451735, efficiency=3.6848293365599427)"
[132   5],295,132,5,295,47.519999999999996,3.9633417441227863,4.61836203910029,1506.3181956029941,8471.66639282812,0.2581309808425679,11.88,8.621886787595908,432.29700514419443,"ScoreBreakdown(accel=89.7104735538761, skidpad=75.0, autocross=61.97451034480406, endurance=202.06492182889878, efficiency=3.547099416615477)"
[132   5],300,132,5,300,47.519999999999996,3.9915058253446176,4.65720733660217,1510.6929093697245,8507.082290819819,0.25458228236913694,11.88,8.657749758887109,426.82191740130565,"ScoreBreakdown(accel=87.76153133710751, skidpad=75.0, autocross=61.0512961998047, endurance=199.94337557133454, efficiency=3.0657142930589165)"
[136   5],200,136,5,200,48.96,3.6263688434969197,4.496213348185748,1431.8479945739032,7440.870220034409,0.3821830358772274,12.24,7.587238785635009,510.7795769652172,"ScoreBreakdown(accel=100.0, skidpad=75.0, autocross=78.55565883146807, endurance=240.16840378759983, efficiency=17.055514346149277)"
[136   5],205,136,5,205,48.96,3.6441452916822072,4.376067036852291,1439.188651072569,7532.123582167827,0.37322369521207355,12.24,7.6825984148049375,503.7342485134636,"ScoreBreakdown(accel=100.0, skidpad=75.0, autocross=76.84498984927403, endurance=236.23728618421032, efficiency=15.651972479979227)"
[136   5],210,136,5,210,48.96,3.6511095024580413,4.4288669578696584,1435.342962064678,7543.727769242586,0.3649818791384859,12.24,7.771397042587402,506.77414748218365,"ScoreBreakdown(accel=100.0, skidpad=75.0, autocross=77.73900827800472, endurance=238.2917406809714, efficiency=15.743398523207508)"
[136   5],215,136,5,215,48.96,3.637075262504169,4.481046804910079,1439.1058223024813,7621.8521129532455,0.35766438410098245,12.24,7.84913281267688,502.85545306111544,"ScoreBreakdown(accel=100.0, skidpad=75.0, autocross=76.86419494502567, endurance=236.28141949741703, efficiency=14.70983861867275)"
[136   5],220,136,5,220,48.96,3.6619219016776015,4.532621511412529,1446.2320628893365,7688.060054763207,0.3522384643624666,12.24,7.90755197499373,496.3599689282249,"ScoreBreakdown(accel=100.0, skidpad=75.0, autocross=75.2199160420952, endurance=232.5028663071315, efficiency=13.637186578998177)"
[136   5],225,136,5,225,48.96,3.6815379399303936,4.422192708426152,1453.264252426028,7779.130324052399,0.345617562744713,12.24,7.977598549766313,489.76805406993776,"ScoreBreakdown(accel=100.0, skidpad=75.0, autocross=73.61314605378497, endurance=228.81050860883317, efficiency=12.344399407319603)"
[136   5],230,136,5,230,48.96,3.692103880388501,4.470852429020283,1449.9935870862196,7866.941729531555,0.3400842824836993,12.24,8.036622876780319,491.53757185840686,"ScoreBreakdown(accel=100.0, skidpad=75.0, autocross=74.35851476190804, endurance=230.52336602310632, efficiency=11.655691073392527)"
[136   5],235,136,5,235,48.96,3.680992183321891,4.518984356243578,1453.7267282075054,7951.230475992107,0.33323592353049736,12.24,8.108584946258802,487.7283661840871,"ScoreBreakdown(accel=100.0, skidpad=75.0, autocross=73.50802072945422, endurance=228.56893059617263, efficiency=10.651414858460274)"
[136   5],240,136,5,240,48.96,3.707720844568186,4.56660959939957,1462.0018263613156,7998.854600273548,0.32870530770136713,12.24,8.156799476165661,480.68852488690374,"ScoreBreakdown(accel=100.0, skidpad=75.0, autocross=71.63825074706266, endurance=224.27219886807296, efficiency=9.778075271768078)"
[136   5],245,136,5,245,48.96,3.7300323602843406,4.464215027810155,1467.764563239291,8043.186096475001,0.32440139973764875,12.24,8.20193730049524,475.7333626833482,"ScoreBreakdown(accel=100.0, skidpad=75.0, autocross=70.34860569202087, endurance=221.30859431876002, efficiency=9.076162672567278)"
[136   5],250,136,5,250,48.96,3.744515743492414,4.509360168975846,1464.9800776002949,8117.729503918442,0.31781646081862924,12.24,8.272242567925549,477.2452996301376,"ScoreBreakdown(accel=100.0, skidpad=75.0, autocross=70.97047995808418, endurance=222.7376614847997, efficiency=8.537158187253757)"
[136   5],255,136,5,255,48.96,3.736249422103384,4.554058482861819,1475.1201147883478,8156.332726776236,0.3140815579282632,12.24,8.312461008641245,468.9653673237237,"ScoreBreakdown(accel=100.0, skidpad=75.0, autocross=68.71714287465792, endurance=217.55949249522342, efficiency=7.6887319538423835)"
[136   5],260,136,5,260,48.96,3.7685683556247653,4.5983204147764525,1480.6478272178988,8200.633977986792,0.30985090262096504,12.24,8.35791143371211,464.29660926006824,"ScoreBreakdown(accel=100.0, skidpad=75.0, autocross=67.50176310595054, endurance=214.76654958616274, efficiency=7.028296567954979)"
[136   5],265,136,5,265,48.96,3.800431217339053,4.642160207225828,1483.9218655868608,8254.166649990282,0.3052064921822251,12.24,8.407371974534927,461.3135920661047,"ScoreBreakdown(accel=100.0, skidpad=75.0, autocross=66.78616912841773, endurance=213.1221145076996, efficiency=6.405308429987453)"
[136   5],270,136,5,270,48.96,3.82946872142071,4.545210326813304,1495.4198843314912,8300.86955836009,0.300247863842357,12.24,8.45892758054963,451.5291935720441,"ScoreBreakdown(accel=99.36641637168582, skidpad=75.0, autocross=64.29791606690617, endurance=207.40410856171553, efficiency=5.46075257173655)"
[136   5],275,136,5,275,48.96,3.8508227503561585,4.586949823898507,1491.9862200421878,8331.253449416876,0.2981033481550075,12.24,8.482865498886555,452.2862881102762,"ScoreBreakdown(accel=97.7811967647046, skidpad=75.0, autocross=65.03696907452293, endurance=209.102452495183, efficiency=5.36566977586571)"
[136   5],280,136,5,280,48.96,3.8782795667071923,4.628315144971793,1496.443022027524,8365.590577982795,0.2949349347234209,12.24,8.516646392182125,446.6163047935498,"ScoreBreakdown(accel=95.76858873133177, skidpad=75.0, autocross=64.07835442520033, endurance=206.89955587284192, efficiency=4.869805764175727)"
[136   5],285,136,5,285,48.96,3.906724326227902,4.669313121469187,1500.0470410111377,8399.59656608974,0.2917259564585324,12.24,8.549997596163715,441.56973444124395,"ScoreBreakdown(accel=93.71339838354871, skidpad=75.0, autocross=63.30733072852635, endurance=205.1277432906449, efficiency=4.4212620385240085)"
[136   5],290,136,5,290,48.96,3.935079819301123,4.579187861615182,1511.1427593221556,8427.40005208021,0.28899035998568556,12.24,8.579606921408423,431.06348659455125,"ScoreBreakdown(accel=91.69422991893049, skidpad=75.0, autocross=60.95666557368288, endurance=199.7259143768899, efficiency=3.6866767250479584)"
[136   5],295,136,5,295,48.96,3.9633417441227863,4.61836203910029,1507.1121893072102,8467.796979969093,0.2855920488899421,12.24,8.616702578241846,431.73829018850273,"ScoreBreakdown(accel=89.7104735538761, skidpad=75.0, autocross=61.80655242997127, endurance=201.6789545128954, efficiency=3.5423096917599777)"
[136   5],300,136,5,300,48.96,3.9915058253446176,4.65720733660217,1511.4818190943097,8503.55813766129,0.28211406937979594,12.24,8.65340732108526,426.2674120583402,"ScoreBreakdown(accel=87.76153133710751, skidpad=75.0, autocross=60.88537804427896, endurance=199.56209562255518, efficiency=3.0584070543985677)"
[140   5],200,140,5,200,50.4,3.6263688434969197,4.496213348185748,1433.0754983603435,7426.743451768701,0.4042378179361599,12.6,7.574063485413103,509.91755119918093,"ScoreBreakdown(accel=100.0, skidpad=75.0, autocross=78.26838069554026, endurance=239.50823858382907, efficiency=17.140931919811575)"
[140   5],205,140,5,205,50.4,3.6441452916822072,4.376067036852291,1440.437226462117,7518.657273881886,0.3955829752769489,12.6,7.670229511437741,502.8545569160677,"ScoreBreakdown(accel=100.0, skidpad=75.0, autocross=76.55575645909376, endurance=235.57262780584458, efficiency=15.726172651129394)"
[140   5],210,140,5,210,50.4,3.6511095024580413,4.4288669578696584,1436.4689846534195,7530.352227506636,0.38770573195646973,12.6,7.758903987551225,505.98897525197225,"ScoreBreakdown(accel=100.0, skidpad=75.0, autocross=77.47674294666281, endurance=237.68905490626668, efficiency=15.823177399042772)"
[140   5],215,140,5,215,50.4,3.637075262504169,4.481046804910079,1440.1989853939506,7609.448752668779,0.38062429672565135,12.6,7.83747599740019,502.0892282536811,"ScoreBreakdown(accel=100.0, skidpad=75.0, autocross=76.61090645827633, endurance=235.69936251306737, efficiency=14.778959282337393)"
[140   5],220,140,5,220,50.4,3.6619219016776015,4.532621511412529,1447.3517313609136,7675.591318821657,0.3754090791372352,12.6,7.896118106839977,495.5794037653791,"ScoreBreakdown(accel=100.0, skidpad=75.0, autocross=74.96304029713671, endurance=231.91256580282518, efficiency=13.703797665417149)"
[140   5],225,140,5,225,50.4,3.6815379399303936,4.422192708426152,1454.4208132735937,7766.105212045185,0.36907830832458965,12.6,7.966042468360316,488.96933616357325,"ScoreBreakdown(accel=100.0, skidpad=75.0, autocross=73.35037378266017, endurance=228.20665788642373, efficiency=12.412304494489309)"
[140   5],230,140,5,230,50.4,3.692103880388501,4.470852429020283,1451.035225043229,7855.283583304607,0.3637407016376336,12.6,8.025522536504283,490.81195221153894,"ScoreBreakdown(accel=100.0, skidpad=75.0, autocross=74.12076588160922, endurance=229.97701905694456, efficiency=11.714167272985161)"
[140   5],235,140,5,235,50.4,3.680992183321891,4.518984356243578,1454.7395043121253,7939.75918478524,0.3571717543266862,12.6,8.097699569594855,487.0262708365391,"ScoreBreakdown(accel=100.0, skidpad=75.0, autocross=73.27804015302058, endurance=228.04043519357478, efficiency=10.70779548994367)"
[140   5],240,140,5,240,50.4,3.707720844568186,4.56660959939957,1463.0575266218375,7986.892645951848,0.3528686277519785,12.6,8.14552542900737,479.96462128881103,"ScoreBreakdown(accel=100.0, skidpad=75.0, autocross=71.40123509280576, endurance=223.72753685547656, efficiency=9.83584934052876)"
[140   5],245,140,5,245,50.4,3.7300323602843406,4.464215027810155,1468.830069576881,8031.643982289861,0.3486503569436889,12.6,8.191726536682859,475.0030833608249,"ScoreBreakdown(accel=100.0, skidpad=75.0, autocross=70.11126412556115, endurance=220.76318335986758, efficiency=9.128635875396204)"
[140   5],250,140,5,250,50.4,3.744515743492414,4.509360168975846,1465.973793107528,8106.963570839627,0.34234790827874945,12.6,8.26205007316974,476.5600640969393,"ScoreBreakdown(accel=100.0, skidpad=75.0, autocross=70.74827698683775, endurance=222.22703902020592, efficiency=8.584748089895575)"
[140   5],255,140,5,255,50.4,3.736249422103384,4.554058482861819,1476.0978815888682,8145.226638889135,0.33875311441341954,12.6,8.302442554490108,468.3049038930687,"ScoreBreakdown(accel=100.0, skidpad=75.0, autocross=68.50149833543054, endurance=217.06394130849165, efficiency=7.739464249146467)"
[140   5],260,140,5,260,50.4,3.7685683556247653,4.5983204147764525,1481.6460454528592,8189.480442981941,0.33475075158466555,12.6,8.347399946721278,463.62530006519574,"ScoreBreakdown(accel=100.0, skidpad=75.0, autocross=67.28325126333004, endurance=214.2644093357602, efficiency=7.07763946610551)"
[140   5],265,140,5,265,50.4,3.800431217339053,4.642160207225828,1484.9270577075588,8243.393594633462,0.33024783789483636,12.6,8.397504663546108,460.6358762010132,"ScoreBreakdown(accel=100.0, skidpad=75.0, autocross=66.56710128108458, endurance=212.6186965583757, efficiency=6.450078361552936)"
[140   5],270,140,5,270,50.4,3.82946872142071,4.545210326813304,1496.454722475712,8290.137038956138,0.3255284361981578,12.6,8.448795144605082,450.8390932380423,"ScoreBreakdown(accel=99.36641637168582, skidpad=75.0, autocross=64.0758452877576, endurance=206.8937898745843, efficiency=5.503041704014597)"
[140   5],275,140,5,275,50.4,3.8508227503561585,4.586949823898507,1492.9242887303576,8320.625496978046,0.32347596883210966,12.6,8.47269155706658,451.6647395394422,"ScoreBreakdown(accel=97.7811967647046, skidpad=75.0, autocross=64.83472408820998, endurance=208.6376934832598, efficiency=5.4111252032678685)"
[140   5],280,140,5,280,50.4,3.8782795667071923,4.628315144971793,1497.3864353819479,8355.526089574787,0.3204358864213844,12.6,8.506544731118742,445.98944288916294,"ScoreBreakdown(accel=95.76858873133177, skidpad=75.0, autocross=63.87616722444291, endurance=206.43492965213474, efficiency=4.909757281253554)"
[140   5],285,140,5,285,50.4,3.906724326227902,4.669313121469187,1501.0285072260224,8388.992805805683,0.3173750125362342,12.6,8.539796707132668,440.9215271270431,"ScoreBreakdown(accel=93.71339838354871, skidpad=75.0, autocross=63.098002761552486, endurance=204.646707587994, efficiency=4.463418393947892)"
[140   5],290,140,5,290,50.4,3.935079819301123,4.579187861615182,1512.1380055229965,8416.819647196671,0.31476260320737165,12.6,8.56928053951494,430.4146135222565,"ScoreBreakdown(accel=91.69422991893049, skidpad=75.0, autocross=60.74750524048432, endurance=199.24526389668233, efficiency=3.7276144661593613)"
[140   5],295,140,5,295,50.4,3.9633417441227863,4.61836203910029,1508.013893021513,8457.830093793546,0.311434180417087,12.6,8.607147624068139,431.1495317357874,"ScoreBreakdown(accel=89.7104735538761, skidpad=75.0, autocross=61.61602449793602, endurance=201.24112129363598, efficiency=3.5819123903392365)"
[140   5],300,140,5,300,50.4,3.9915058253446176,4.65720733660217,1512.3812108490356,8493.734626211708,0.308095475774998,12.6,8.64393779586689,425.68233993042367,"ScoreBreakdown(accel=87.76153133710751, skidpad=75.0, autocross=60.69643521208476, endurance=199.12790496299206, efficiency=3.096468418239323)"
[144   5],200,144,5,200,51.83999999999999,3.6263688434969197,4.496213348185748,1434.3594768204525,7412.206816699703,0.4247948939924868,12.96,7.560537931337117,509.01542234553636,"ScoreBreakdown(accel=100.0, skidpad=75.0, autocross=77.96841169215458, endurance=238.8189097645455, efficiency=17.228100888836323)"
[144   5],205,144,5,205,51.83999999999999,3.6441452916822072,4.376067036852291,1441.7826259776102,7503.98583893969,0.4165163490370969,12.96,7.656287708610412,501.91065729449684,"ScoreBreakdown(accel=100.0, skidpad=75.0, autocross=76.244654416528, endurance=234.85771526068805, efficiency=15.808287617280794)"
[144   5],210,144,5,210,51.83999999999999,3.6511095024580413,4.4288669578696584,1437.6380559276495,7516.247206967774,0.40888553911562525,12.96,7.745785842359398,505.1779654092922,"ScoreBreakdown(accel=100.0, skidpad=75.0, autocross=77.20488571162853, endurance=237.0643269352939, efficiency=15.908752762369717)"
[144   5],215,144,5,215,51.83999999999999,3.637075262504169,4.481046804910079,1441.3572435346493,7595.731759408454,0.4020742217934175,12.96,7.8245449218697924,501.28513323420304,"ScoreBreakdown(accel=100.0, skidpad=75.0, autocross=76.34295449359841, endurance=235.08360885401828, efficiency=14.858569886586316)"
[144   5],220,144,5,220,51.83999999999999,3.6619219016776015,4.532621511412529,1448.5424570194286,7661.347078794315,0.3970888955357867,12.96,7.8829991136931845,494.76116938133646,"ScoreBreakdown(accel=100.0, skidpad=75.0, autocross=74.6902982359223, endurance=231.2858045011445, efficiency=13.785066644269715)"
[144   5],225,144,5,225,51.83999999999999,3.6815379399303936,4.422192708426152,1455.646945597745,7751.672523455827,0.39100900429266766,12.96,7.952979293282221,488.13065135239293,"ScoreBreakdown(accel=100.0, skidpad=75.0, autocross=73.07225076840366, endurance=227.56753115376412, efficiency=12.490869430225155)"
[144   5],230,144,5,230,51.83999999999999,3.692103880388501,4.470852429020283,1452.1492927729528,7841.269373629851,0.38586225176435585,12.96,8.012784695683719,490.0524870987184,"ScoreBreakdown(accel=100.0, skidpad=75.0, autocross=73.86686273005995, endurance=229.39354957278323, efficiency=11.792074795875255)"
[144   5],235,144,5,235,51.83999999999999,3.680992183321891,4.518984356243578,1455.823735401576,7926.180388890223,0.3795378296414403,12.96,8.08527329739659,486.28844274895766,"ScoreBreakdown(accel=100.0, skidpad=75.0, autocross=73.03218826490279, endurance=227.4754675141078, efficiency=10.780786969947044)"
[144   5],240,144,5,240,51.83999999999999,3.707720844568186,4.56660959939957,1464.186928441713,7973.0400751321995,0.3754579409153081,12.96,8.13254707884818,479.20159014311224,"ScoreBreakdown(accel=100.0, skidpad=75.0, autocross=71.14805108212678, endurance=223.145719957154, efficiency=9.907819103831459)"
[144   5],245,144,5,245,51.83999999999999,3.7300323602843406,4.464215027810155,1469.9705300672263,8018.166776680986,0.3713958962446418,12.96,8.178950092326597,474.23330128599304,"ScoreBreakdown(accel=100.0, skidpad=75.0, autocross=69.85760775061553, endurance=220.1802809683824, efficiency=9.19541256699513)"
[144   5],250,144,5,250,51.83999999999999,3.744515743492414,4.509360168975846,1467.029742977933,8093.317423999353,0.3653033803017248,12.96,8.249836996733858,475.8532207667918,"ScoreBreakdown(accel=100.0, skidpad=75.0, autocross=70.51248779400072, endurance=221.68519541615478, efficiency=8.655537556636332)"
[144   5],255,144,5,255,51.83999999999999,3.736249422103384,4.554058482861819,1477.1388869366765,8132.047431080593,0.3619014281373889,12.96,8.289707766867501,467.61506952254354,"ScoreBreakdown(accel=100.0, skidpad=75.0, autocross=68.27222043706186, endurance=216.5370606602032, efficiency=7.805788425278491)"
[144   5],260,144,5,260,51.83999999999999,3.7685683556247653,4.5983204147764525,1482.7166600323671,8175.859557873811,0.35805321237982873,12.96,8.334747462641403,462.92118807085217,"ScoreBreakdown(accel=100.0, skidpad=75.0, autocross=67.04921872678187, endurance=213.7266025281509, efficiency=7.14536681591937)"
[144   5],265,144,5,265,51.83999999999999,3.800431217339053,4.642160207225828,1486.0117571024414,8229.880811550434,0.3537352516003296,12.96,8.38487490063325,459.922201570138,"ScoreBreakdown(accel=100.0, skidpad=75.0, autocross=66.33103837373918, endurance=212.07622395833914, efficiency=6.514939238059702)"
[144   5],270,144,5,270,51.83999999999999,3.82946872142071,4.545210326813304,1497.560091631687,8276.817072176833,0.34922189543838494,12.96,8.436054086818741,450.11903818151535,"ScoreBreakdown(accel=99.36641637168582, skidpad=75.0, autocross=63.838977926040904, endurance=206.34946863826974, efficiency=5.564175245518854)"
[144   5],275,144,5,275,51.83999999999999,3.8508227503561585,4.586949823898507,1493.9342082591356,8307.254703591652,0.34724315548815643,12.96,8.460019267170901,451.0130171528363,"ScoreBreakdown(accel=97.7811967647046, skidpad=75.0, autocross=64.61727217421122, endurance=208.13798894900518, efficiency=5.476559264915326)"
[144   5],280,144,5,280,51.83999999999999,3.8782795667071923,4.628315144971793,1498.4176577553155,8341.983259708653,0.3443528788279664,12.96,8.49357260011284,445.3266106963108,"ScoreBreakdown(accel=95.76858873133177, skidpad=75.0, autocross=63.65545251875648, endurance=205.92772722204333, efficiency=4.974842224179298)"
[144   5],285,144,5,285,51.83999999999999,3.906724326227902,4.669313121469187,1502.0914761052522,8375.21509753517,0.3414505619057661,12.96,8.526492543640014,440.2396657889967,"ScoreBreakdown(accel=93.71339838354871, skidpad=75.0, autocross=62.871600402462434, endurance=204.1264349294424, efficiency=4.5282320735431885)"
[144   5],290,144,5,290,51.83999999999999,3.935079819301123,4.579187861615182,1513.208700099595,8403.052551673607,0.33891120215183645,12.96,8.556311582034745,429.7371939534403,"ScoreBreakdown(accel=91.69422991893049, skidpad=75.0, autocross=60.52279593140471, endurance=198.72888186733425, efficiency=3.7912862357707997)"
[144   5],295,144,5,295,51.83999999999999,3.9633417441227863,4.61836203910029,1508.986557517385,8444.863504928957,0.3356732600131594,12.96,8.59469143657734,430.5333823601741,"ScoreBreakdown(accel=89.7104735538761, skidpad=75.0, autocross=61.41075800132432, endurance=200.76941885054768, efficiency=3.6427319544259493)"
[144   5],300,144,5,300,51.83999999999999,3.9915058253446176,4.65720733660217,1513.3576261613252,8480.94493748229,0.3325118723367272,12.96,8.631046495187219,425.0651681365021,"ScoreBreakdown(accel=87.76153133710751, skidpad=75.0, autocross=60.491565640771306, endurance=198.65711465430473, efficiency=3.154956504318614)"
