pack_combo,mass,series,parallel,mass_kg,batt_mass,accel_time,skidpad_time,endur_time,energy_wh,final_soc,pack_energy_kwh,final_energy_kwh,total_points,score_breakdown
[100   2],200,100,2,200,14.399999999999999,3.6253038322989397,4.411893476136811,1722.5492958028044,3161.980897580004,0.0,3.6,3.1954255230053725,402.3372556079329,"ScoreBreakdown(accel=100.0, skidpad=75.0, autocross=21.95465665537761, endurance=110.09929144621627, efficiency=95.28330750633901)"
[100   2],205,100,2,205,14.399999999999999,3.63304424605127,4.42563881461237,1725.0205457465381,3160.6920068988175,0.0,3.6,3.1939227689395433,400.8559582028788,"ScoreBreakdown(accel=100.0, skidpad=75.0, autocross=21.555267322727655, endurance=109.18149469387633, efficiency=95.11919618627485)"
[100   2],210,100,2,210,14.399999999999999,3.6413066374271352,4.43876149137175,1727.6371601691792,3159.445774716512,0.0,3.6,3.192673057307057,399.2862155451403,"ScoreBreakdown(accel=100.0, skidpad=75.0, autocross=21.13363039318616, endurance=108.21257296020822, efficiency=94.94001219174591)"
[100   2],215,100,2,215,14.399999999999999,3.6502306563926226,4.451909490984619,1730.6862677779104,3158.8072899057756,0.0,3.6,3.1917364395181185,397.4219775565464,"ScoreBreakdown(accel=100.0, skidpad=75.0, autocross=20.64391067918929, endurance=107.08719697662633, efficiency=94.6908699007308)"
[100   2],220,100,2,220,14.399999999999999,3.659836849872832,4.464692498941417,1734.2009986802668,3158.1951618678577,0.0,3.6,3.1908165576783847,395.2749627445432,"ScoreBreakdown(accel=100.0, skidpad=75.0, autocross=20.0815434305407, endurance=105.79487694642569, efficiency=94.39854236757681)"
[100   2],225,100,2,225,14.399999999999999,3.6701055085420506,4.476935933773376,1738.6509378440066,3157.9431531784057,0.0,3.6,3.1903258492469537,392.54283597585294,"ScoreBreakdown(accel=100.0, skidpad=75.0, autocross=19.372801768650906, endurance=104.16618849044106, efficiency=94.00384571676096)"
[100   2],230,100,2,230,14.399999999999999,3.6811818926376247,4.4886810058795845,1746.362505047384,3157.7686796073144,0.0,3.6,3.1897897585126147,387.82801667892556,"ScoreBreakdown(accel=100.0, skidpad=75.0, autocross=18.1531339352727, endurance=101.36339160805898, efficiency=93.31149113559388)"
[100   2],235,100,2,235,14.399999999999999,3.69325466831323,4.500279849860846,1748.838422695723,3157.7492324303403,0.0,3.6,3.1894880468934943,386.3212413723162,"ScoreBreakdown(accel=100.0, skidpad=75.0, autocross=17.76382189904966, endurance=100.46875248457134, efficiency=93.08866698869518)"
[100   2],240,100,2,240,14.399999999999999,3.706403470020561,4.511733862737842,1754.2505322985392,3157.6082526735267,0.0,3.6,3.188961362389621,383.0472980949831,"ScoreBreakdown(accel=100.0, skidpad=75.0, autocross=16.916651056928327, endurance=98.52195374956993, efficiency=92.60869328848486)"
[100   2],245,100,2,245,14.399999999999999,3.72069539565949,4.522747919369422,1760.547786633556,3157.93773618003,0.0,3.6,3.188606024601734,379.2387343709454,"ScoreBreakdown(accel=100.0, skidpad=75.0, autocross=15.937482363524914, endurance=96.2718239305389, efficiency=92.02942807688159)"
[100   2],250,100,2,250,14.399999999999999,3.736347465548562,4.533349610791845,1762.899966814623,3158.3540325576732,0.0,3.6,3.1885535700266465,377.80858529726055,"ScoreBreakdown(accel=100.0, skidpad=75.0, autocross=15.573533121518281, endurance=95.435468512346, efficiency=91.79958366339626)"
[100   2],255,100,2,255,14.399999999999999,3.753710765628057,4.543751833798964,1763.0295603232732,3158.558351092473,0.0,3.6,3.1886389212912984,377.7209121254391,"ScoreBreakdown(accel=100.0, skidpad=75.0, autocross=15.553509542561445, endurance=95.38945432459877, efficiency=91.77794825827891)"
[100   2],260,100,2,260,14.399999999999999,3.7731330596000134,4.554205599096264,1765.871264578416,3159.188053051544,0.0,3.6,3.188994465217273,375.9922172848402,"ScoreBreakdown(accel=100.0, skidpad=75.0, autocross=15.115174729615676, endurance=94.38216085211207, efficiency=91.4948817031125)"
[100   2],265,100,2,265,14.399999999999999,3.7952596185436107,4.564290460655897,1779.6046797005624,3159.6890221465665,0.0,3.6,3.189124488248554,367.84038577723896,"ScoreBreakdown(accel=100.0, skidpad=75.0, autocross=13.016516642413293, endurance=89.55944422138434, efficiency=90.26442491344129)"
[100   2],270,100,2,270,14.399999999999999,3.821174457418792,4.5740298978115845,1781.546231097467,3160.074219666223,0.0,3.6,3.188781123408209,366.66958131573386,"ScoreBreakdown(accel=99.98691971511879, skidpad=75.0, autocross=12.722430895981578, endurance=88.88363512755205, efficiency=90.07659557708145)"
[100   2],275,100,2,275,14.399999999999999,3.849749874109179,4.583512153122953,1782.8568907920621,3160.3108944673163,0.0,3.6,3.1886207138502245,363.76412464336727,"ScoreBreakdown(accel=97.86042231271307, skidpad=75.0, autocross=12.524268117215723, endurance=88.42825702924586, efficiency=89.95117718419257)"
[100   2],280,100,2,280,14.399999999999999,3.8782795667071923,4.593257496777142,1782.5069918584136,3160.5583045544813,0.0,3.6,3.1886282902752754,361.8649253839764,"ScoreBreakdown(accel=95.76858873133177, skidpad=75.0, autocross=12.577141928060865, endurance=88.54976105529363, efficiency=89.96943366929013)"
[100   2],285,100,2,285,14.399999999999999,3.906724326227902,4.602689228761392,1786.584841965861,3160.7421534075556,0.0,3.6,3.188492733591704,357.41955477838576,"ScoreBreakdown(accel=93.71339838354871, skidpad=75.0, autocross=11.962217011154468, endurance=87.13666349476313, efficiency=89.60727588891942)"
[100   2],290,100,2,290,14.399999999999999,3.935079819301123,4.6118214268334015,1778.267557407334,3161.1032760751636,0.0,3.6,3.18846186871599,360.2509608537707,"ScoreBreakdown(accel=91.69422991893049, skidpad=75.0, autocross=13.219423257182164, endurance=90.02572365560857, efficiency=90.31158402204949)"
[100   2],295,100,2,295,14.399999999999999,3.9633417441227863,4.620667299055384,1783.233448538464,3161.492303632911,0.0,3.6,3.188590835679088,355.33611484430935,"ScoreBreakdown(accel=89.7104735538761, skidpad=75.0, autocross=12.467389029701117, endurance=88.29754887675054, efficiency=89.86070338398157)"
[100   2],300,100,2,300,14.399999999999999,3.9915058253446176,4.62980857849513,1788.5213130084503,3162.0981251095045,0.0,3.6,3.1887349544125176,350.27460007363584,"ScoreBreakdown(accel=87.76153133710751, skidpad=75.0, autocross=11.671186204961032, endurance=86.46787465410247, efficiency=89.37400787746478)"
[104   2],200,104,2,200,14.975999999999999,3.6253038322989397,4.411893476136811,1678.3722055017233,3295.329685651867,0.0,3.744,3.330769114994456,424.1039841333634,"ScoreBreakdown(accel=100.0, skidpad=75.0, autocross=29.292744219158802, endurance=126.96221787877245, efficiency=92.84902203543214)"
[104   2],205,104,2,205,14.975999999999999,3.63304424605127,4.42563881461237,1676.8018065237661,3294.7039205036067,0.0,3.744,3.3299287024013084,425.1653241779044,"ScoreBreakdown(accel=100.0, skidpad=75.0, autocross=29.560713932697453, endurance=127.57801232470678, efficiency=93.02659792050012)"
[104   2],210,104,2,210,14.975999999999999,3.6413066374271352,4.43876149137175,1681.6685853439653,3294.1017300816907,0.0,3.744,3.3292032934070646,422.0039558516788,"ScoreBreakdown(accel=100.0, skidpad=75.0, autocross=28.731884462008193, endurance=125.67336206428303, efficiency=92.59870932538766)"
[104   2],215,104,2,215,14.975999999999999,3.6502306563926226,4.451909490984619,1687.1128847007874,3293.2630563685407,0.0,3.744,3.3282372923352126,418.49692900983484,"ScoreBreakdown(accel=100.0, skidpad=75.0, autocross=27.810367860675562, endurance=123.55571676234497, efficiency=92.1308443868143)"
[104   2],220,104,2,220,14.975999999999999,3.659836849872832,4.464692498941417,1691.9720335235277,3292.257808870176,0.0,3.744,3.327141610672394,415.39811539300035,"ScoreBreakdown(accel=100.0, skidpad=75.0, autocross=26.99290393210407, endurance=121.67718451958353, efficiency=91.72802694131275)"
[104   2],225,104,2,225,14.975999999999999,3.6701055085420506,4.476935933773376,1697.2537027015326,3291.573240735073,0.0,3.744,3.3262552087300064,412.03065869533015,"ScoreBreakdown(accel=100.0, skidpad=75.0, autocross=26.10966750911798, endurance=119.64750707380313, efficiency=91.27348411240907)"
[104   2],230,104,2,230,14.975999999999999,3.6811818926376247,4.4886810058795845,1702.5397540732627,3291.0688483588124,0.0,3.744,3.32541140431544,408.67279605036344,"ScoreBreakdown(accel=100.0, skidpad=75.0, autocross=25.231185092395346, endurance=117.62875433520065, efficiency=90.81285662276744)"
[104   2],235,104,2,235,14.975999999999999,3.69325466831323,4.500279849860846,1708.067817787081,3291.03909811919,0.0,3.744,3.3249209583576107,405.1599830535173,"ScoreBreakdown(accel=100.0, skidpad=75.0, autocross=24.318299425311515, endurance=115.53094292159071, efficiency=90.31074070661508)"
[104   2],240,104,2,240,14.975999999999999,3.706403470020561,4.511733862737842,1701.1330372204727,3290.8420720443405,0.0,3.744,3.3244845158486953,409.58142766029016,"ScoreBreakdown(accel=100.0, skidpad=75.0, autocross=25.464432523937717, endurance=118.16475697137722, efficiency=90.95223816497526)"
[104   2],245,104,2,245,14.975999999999999,3.72069539565949,4.522747919369422,1698.1231333747164,3291.19762504159,0.0,3.744,3.324164073732554,411.4908008510647,"ScoreBreakdown(accel=100.0, skidpad=75.0, autocross=25.964802087488444, endurance=119.31460631099182, efficiency=91.21139245258442)"
[104   2],250,104,2,250,14.975999999999999,3.736347465548562,4.533349610791845,1700.8903377741012,3291.4984233363075,0.0,3.744,3.3240305870942004,409.7054378587751,"ScoreBreakdown(accel=100.0, skidpad=75.0, autocross=25.5047134932418, endurance=118.25732264548544, efficiency=90.94340172004785)"
[104   2],255,104,2,255,14.975999999999999,3.753710765628057,4.543751833798964,1707.173213913115,3291.8532049486553,0.0,3.744,3.324244645774702,405.68877221569426,"ScoreBreakdown(accel=100.0, skidpad=75.0, autocross=24.465630309950473, endurance=115.86950931880476, efficiency=90.35363258693899)"
[104   2],260,104,2,260,14.975999999999999,3.7731330596000134,4.554205599096264,1714.1811758072563,3292.412362329465,0.0,3.744,3.3244897711101484,401.23563052192645,"ScoreBreakdown(accel=100.0, skidpad=75.0, autocross=23.315616270655497, endurance=113.22677686672073, efficiency=89.69323738455024)"
[104   2],265,104,2,265,14.975999999999999,3.7952596185436107,4.564290460655897,1720.5982020579127,3293.207276237539,0.0,3.744,3.3247707100773396,397.17659943978623,"ScoreBreakdown(accel=100.0, skidpad=75.0, autocross=22.270791766275273, endurance=110.82576998323013, efficiency=89.08003769028083)"
[104   2],270,104,2,270,14.975999999999999,3.821174457418792,4.5740298978115845,1726.4588132704787,3292.4510670816885,0.00045724185422460473,3.744,3.3230809779740147,393.5518291675867,"ScoreBreakdown(accel=99.98691971511879, skidpad=75.0, autocross=21.32334908623033, endurance=108.64854654813267, efficiency=88.59301381810485)"
[104   2],275,104,2,275,14.975999999999999,3.849749874109179,4.583512153122953,1732.631693066939,3290.650916394486,0.0012413881487124715,3.744,3.3207008375523666,387.6942582116878,"ScoreBreakdown(accel=97.86042231271307, skidpad=75.0, autocross=20.332354997856648, endurance=106.37124196950859, efficiency=88.1302389316095)"
[104   2],280,104,2,280,14.975999999999999,3.8782795667071923,4.593257496777142,1738.6885345647484,3288.2899268946385,0.00215259990976954,3.744,3.3180705359818625,381.9948964150576,"ScoreBreakdown(accel=95.76858873133177, skidpad=75.0, autocross=19.366829195230125, endurance=104.15246351573442, efficiency=87.70701497276126)"
[104   2],285,104,2,285,14.975999999999999,3.906724326227902,4.602689228761392,1744.7399243924208,3285.37479205066,0.0032467015153676525,3.744,3.3148233091768233,376.3863395534501,"ScoreBreakdown(accel=93.71339838354871, skidpad=75.0, autocross=18.408867019572988, endurance=101.95106627798414, efficiency=87.31300787234424)"
[104   2],290,104,2,290,14.975999999999999,3.935079819301123,4.6118214268334015,1751.1457613071113,3282.150056083453,0.004545316003853071,3.744,3.311111163989695,370.6391083946377,"ScoreBreakdown(accel=91.69422991893049, skidpad=75.0, autocross=17.40200814667982, endurance=99.6373044219162, efficiency=86.90556590711114)"
[104   2],295,104,2,295,14.975999999999999,3.9633417441227863,4.620667299055384,1757.73689384177,3279.625208573583,0.005559770816257622,3.744,3.30834056818575,364.81153848976544,"ScoreBreakdown(accel=89.7104735538761, skidpad=75.0, autocross=16.373685029770314, endurance=97.27421772955644, efficiency=86.45316217656256)"
[104   2],300,104,2,300,14.975999999999999,3.9915058253446176,4.62980857849513,1764.936780783315,3275.979847127288,0.006984132613879356,3.744,3.3043153149588513,358.73760837583234,"ScoreBreakdown(accel=87.76153133710751, skidpad=75.0, autocross=15.25916372494606, endurance=94.7130475871435, efficiency=86.00386572663525)"
[108   2],200,108,2,200,15.552,3.6253038322989397,4.411893476136811,1697.2711792956757,3427.555166684927,0.0,3.888,3.464870927496698,405.8289815465261,"ScoreBreakdown(accel=100.0, skidpad=75.0, autocross=26.10675407957782, endurance=119.6408120122391, efficiency=85.0814154547092)"
[108   2],205,108,2,205,15.552,3.63304424605127,4.42563881461237,1664.7655344000962,3427.2347958653286,0.0,3.888,3.464164048897716,426.9892105737933,"ScoreBreakdown(accel=100.0, skidpad=75.0, autocross=31.631345872308888, endurance=132.33632486364525, efficiency=88.02153983783914)"
[108   2],210,108,2,210,15.552,3.6413066374271352,4.43876149137175,1669.6627343693876,3426.8014608913845,0.0,3.888,3.4636986905973437,423.7699713429179,"ScoreBreakdown(accel=100.0, skidpad=75.0, autocross=30.785265290243927, endurance=130.3920315464332, efficiency=87.59267450624084)"
[108   2],215,108,2,215,15.552,3.6502306563926226,4.451909490984619,1657.1122434111705,3426.45324902353,0.0,3.888,3.463205894200633,432.1236496394656,"ScoreBreakdown(accel=100.0, skidpad=75.0, autocross=32.96360573507073, endurance=135.39785824813157, efficiency=88.76218565626334)"
[108   2],220,108,2,220,15.552,3.659836849872832,4.464692498941417,1654.9969136360037,3426.217650875055,0.0,3.888,3.462722202159373,433.552039775303,"ScoreBreakdown(accel=100.0, skidpad=75.0, autocross=33.334008899519404, endurance=136.24904478116144, efficiency=88.96898609462217)"
[108   2],225,108,2,225,15.552,3.6701055085420506,4.476935933773376,1657.1217544509818,3425.8385576290175,0.0,3.888,3.4623160510957995,432.14482980952516,"ScoreBreakdown(accel=100.0, skidpad=75.0, autocross=32.96194244737492, endurance=135.39403601273202, efficiency=88.78885134941824)"
[108   2],230,108,2,230,15.552,3.6811818926376247,4.4886810058795845,1662.5604435783594,3425.591115501848,0.0,3.888,3.4617886274757965,428.52706733626144,"ScoreBreakdown(accel=100.0, skidpad=75.0, autocross=32.013942979661344, endurance=133.21553307948022, efficiency=88.29759127711984)"
[108   2],235,108,2,235,15.552,3.69325466831323,4.500279849860846,1668.9370510547672,3425.6837955716605,0.0,3.888,3.4613628922417883,424.2984021394348,"ScoreBreakdown(accel=100.0, skidpad=75.0, autocross=30.910326938233396, endurance=130.6794232341517, efficiency=87.7086519670497)"
[108   2],240,108,2,240,15.552,3.706403470020561,4.511733862737842,1675.390566277964,3424.9800536377975,7.237659238933286e-05,3.888,3.460438770238888,420.08687638108637,"ScoreBreakdown(accel=100.0, skidpad=75.0, autocross=29.80195368526326, endurance=128.13238131591424, efficiency=87.15254137990887)"
[108   2],245,108,2,245,15.552,3.72069539565949,4.522747919369422,1683.3232184452509,3421.5414158732706,0.001140640508003153,3.888,3.4564479366466414,415.06809318763214,"ScoreBreakdown(accel=100.0, skidpad=75.0, autocross=28.451186342501234, endurance=125.02831773933303, efficiency=86.58858910579782)"
[108   2],250,108,2,250,15.552,3.736347465548562,4.533349610791845,1692.190613071758,3416.290026865793,0.002985485819281809,3.888,3.450572985183175,409.57608312819764,"ScoreBreakdown(accel=100.0, skidpad=75.0, autocross=26.95624221666953, endurance=121.59293589146488, efficiency=86.02690502006324)"
[108   2],255,108,2,255,15.552,3.753710765628057,4.543751833798964,1701.5362602111957,3409.6767964814817,0.005218254202274949,3.888,3.4438448313587364,403.89810768249487,"ScoreBreakdown(accel=100.0, skidpad=75.0, autocross=25.397534772720075, endurance=118.01102592803923, efficiency=85.48954698173561)"
[108   2],260,108,2,260,15.552,3.7731330596000134,4.554205599096264,1710.7112393052917,3404.803392390368,0.0070128527740167534,3.888,3.4385278188762,398.3140631238873,"ScoreBreakdown(accel=100.0, skidpad=75.0, autocross=23.88385890791827, endurance=114.53259854092629, efficiency=84.8976056750428)"
[108   2],265,108,2,265,15.552,3.7952596185436107,4.564290460655897,1718.5812058840283,3401.6835644837583,0.00824520240501884,3.888,3.4349431137906903,393.52576494745995,"ScoreBreakdown(accel=100.0, skidpad=75.0, autocross=22.59835961731068, endurance=111.5785209589672, efficiency=84.3488843711821)"
[108   2],270,108,2,270,15.552,3.821174457418792,4.5740298978115845,1725.1372132648114,3399.104820206798,0.009251893238691909,3.888,3.4315713839149105,389.55649730778356,"ScoreBreakdown(accel=99.98691971511879, skidpad=75.0, autocross=21.536440468316037, endurance=109.13823057933159, efficiency=83.89490654501714)"
[108   2],275,108,2,275,15.552,3.849749874109179,4.583512153122953,1732.1040351901765,3395.8312649999652,0.010480453048550133,3.888,3.4277714683073666,383.2821852969827,"ScoreBreakdown(accel=97.86042231271307, skidpad=75.0, autocross=20.41678910553444, endurance=106.565271562886, efficiency=83.43970231584913)"
[108   2],280,108,2,280,15.552,3.8782795667071923,4.593257496777142,1738.675011407696,3391.7311762674367,0.011984434059963819,3.888,3.423268510808757,377.353039269754,"ScoreBreakdown(accel=95.76858873133177, skidpad=75.0, autocross=19.368977439238527, endurance=104.15740018082016, efficiency=83.05807291836351)"
[108   2],285,108,2,285,15.552,3.906724326227902,4.602689228761392,1745.4230980962204,3387.0613981373713,0.013649792589684124,3.888,3.418214446703705,371.40761421099484,"ScoreBreakdown(accel=93.71339838354871, skidpad=75.0, autocross=18.30113484067484, endurance=101.70349771309735, efficiency=82.68958327367393)"
[108   2],290,108,2,290,15.552,3.935079819301123,4.6118214268334015,1752.749887069886,3381.9385701042975,0.015556861587233675,3.888,3.412569430864547,365.2014291026183,"ScoreBreakdown(accel=91.69422991893049, skidpad=75.0, autocross=17.15102654367045, endurance=99.06054865678162, efficiency=82.29562398323577)"
[108   2],295,108,2,295,15.552,3.9633417441227863,4.620667299055384,1760.4531400641338,3377.288368507271,0.017300570060897566,3.888,3.4075478310452536,358.82187553992435,"ScoreBreakdown(accel=89.7104735538761, skidpad=75.0, autocross=15.95214723665138, endurance=96.30552381140367, efficiency=81.8537309379932)"
[108   2],300,108,2,300,15.552,3.9915058253446176,4.62980857849513,1768.5634407401797,3372.080359352543,0.01925410943432321,3.888,3.401804525723282,352.30036453387606,"ScoreBreakdown(accel=87.76153133710751, skidpad=75.0, autocross=14.701204117214072, endurance=93.43085631649667, efficiency=81.40677276305782)"
[112   2],200,112,2,200,16.128,3.6253038322989397,4.411893476136811,1747.967395056553,3559.789667424259,0.0,4.032,3.598583351296823,369.0144389497549,"ScoreBreakdown(accel=100.0, skidpad=75.0, autocross=17.900656094310612, endurance=100.78319748786225, efficiency=75.33058536758196)"
[112   2],205,112,2,205,16.128,3.63304424605127,4.42563881461237,1687.8214986792127,3559.307992492518,0.0,4.032,3.5978864817791174,406.3145037453366,"ScoreBreakdown(accel=100.0, skidpad=75.0, autocross=27.690863217741114, endurance=123.28109507316003, efficiency=80.34254545443544)"
[112   2],210,112,2,210,16.128,3.6413066374271352,4.43876149137175,1658.2945298359855,3558.9933363900677,0.0,4.032,3.5974089639897824,425.6193861942107,"ScoreBreakdown(accel=100.0, skidpad=75.0, autocross=32.75699407420521, endurance=134.9230646173661, efficiency=82.93932750263942)"
[112   2],215,112,2,215,16.128,3.6502306563926226,4.451909490984619,1663.077800035718,3558.8202773525068,0.0,4.032,3.5970905507193067,422.4548017601528,"ScoreBreakdown(accel=100.0, skidpad=75.0, autocross=31.924087289453844, endurance=133.00904468855475, efficiency=82.52166978214424)"
[112   2],220,112,2,220,16.128,3.659836849872832,4.464692498941417,1643.3536025151698,3558.874274634028,0.0,4.032,3.596734503013713,435.6504864320875,"ScoreBreakdown(accel=100.0, skidpad=75.0, autocross=35.38987115433285, endurance=140.97341658199662, efficiency=84.28719869575806)"
[112   2],225,112,2,225,16.128,3.6701055085420506,4.476935933773376,1644.8092122590615,3559.134828240964,0.0,4.032,3.596693970126101,434.6547842682813,"ScoreBreakdown(accel=100.0, skidpad=75.0, autocross=35.131261863557185, endurance=140.37913238911662, efficiency=84.14439001560748)"
[112   2],230,112,2,230,16.128,3.6811818926376247,4.4886810058795845,1650.878416687071,3559.5305936152777,0.0,4.032,3.5966682918614525,430.55089377599256,"ScoreBreakdown(accel=100.0, skidpad=75.0, autocross=34.05789825538373, endurance=137.91254264039935, efficiency=83.58045288020944)"
[112   2],235,112,2,235,16.128,3.69325466831323,4.500279849860846,1658.7055583073623,3554.7419908743273,0.0014426490862593654,4.032,3.5919099398407486,425.52272321108376,"ScoreBreakdown(accel=100.0, skidpad=75.0, autocross=32.68523337562698, endurance=134.75815852019073, efficiency=83.079331315266)"
[112   2],240,112,2,240,16.128,3.706403470020561,4.511733862737842,1666.281742532262,3549.248051072425,0.0031648844026341025,4.032,3.586172987372526,420.73692776254654,"ScoreBreakdown(accel=100.0, skidpad=75.0, autocross=31.368861754953432, endurance=131.73313631864522, efficiency=82.63492968894788)"
[112   2],245,112,2,245,16.128,3.72069539565949,4.522747919369422,1674.947007868192,3543.3791259716836,0.005163088996623245,4.032,3.579725614294192,415.29991520223984,"ScoreBreakdown(accel=100.0, skidpad=75.0, autocross=29.877860261111547, endurance=128.30681463974003, efficiency=82.11524030138824)"
[112   2],250,112,2,250,16.128,3.736347465548562,4.533349610791845,1684.3565751611316,3535.911113467178,0.007702236783222319,4.032,3.5718219109578446,409.5054670615994,"ScoreBreakdown(accel=100.0, skidpad=75.0, autocross=28.276163619467873, endurance=124.62611549291888, efficiency=81.60318794921268)"
[112   2],255,112,2,255,16.128,3.753710765628057,4.543751833798964,1694.2536534397775,3527.664260497847,0.010306138028768935,4.032,3.563667781254078,403.49786202957085,"ScoreBreakdown(accel=100.0, skidpad=75.0, autocross=26.610680411803877, endurance=120.79883480685639, efficiency=81.0883468109106)"
[112   2],260,112,2,260,16.128,3.7731330596000134,4.554205599096264,1704.7104251180494,3520.791473452163,0.012647704909579808,4.032,3.556155699850563,397.1520638390127,"ScoreBreakdown(accel=100.0, skidpad=75.0, autocross=24.872021873887945, endurance=116.8033971997988, efficiency=80.47664476532603)"
[112   2],265,112,2,265,16.128,3.7952596185436107,4.564290460655897,1714.214301394684,3514.7404876942237,0.014725953809059424,4.032,3.549475308046076,391.4446043905091,"ScoreBreakdown(accel=100.0, skidpad=75.0, autocross=23.3102026543326, endurance=113.21433637551736, efficiency=79.92006536065912)"
[112   2],270,112,2,270,16.128,3.821174457418792,4.5740298978115845,1721.7567534122804,3510.025463371159,0.016375510842381053,4.032,3.5438613229244535,386.9438496938534,"ScoreBreakdown(accel=99.98691971511879, skidpad=75.0, autocross=22.082985642382965, endurance=110.39419147953248, efficiency=79.47975285681912)"
[112   2],275,112,2,275,16.128,3.849749874109179,4.583512153122953,1730.0696730736868,3503.9422267750574,0.018397083606323767,4.032,3.53735092121443,379.9535626647047,"ScoreBreakdown(accel=97.86042231271307, skidpad=75.0, autocross=20.74280322777476, endurance=107.31445206959572, efficiency=79.0358850546211)"
[112   2],280,112,2,280,16.128,3.8782795667071923,4.593257496777142,1738.2234184774527,3497.3681462082623,0.020659635394806614,4.032,3.530263484170311,373.1619987986311,"ScoreBreakdown(accel=95.76858873133177, skidpad=75.0, autocross=19.44073519462014, endurance=104.32229951452918, efficiency=78.63037535815002)"
[112   2],285,112,2,285,16.128,3.906724326227902,4.602689228761392,1745.7194818537475,3490.833669581154,0.022828588630473972,4.032,3.5234589023308938,366.8458856321688,"ScoreBreakdown(accel=93.71339838354871, skidpad=75.0, autocross=18.254423219277314, endurance=101.59615439941722, efficiency=78.28190962992556)"
[112   2],290,112,2,290,16.128,3.935079819301123,4.6118214268334015,1753.9200603065299,3483.8073373309085,0.025230673964247677,4.032,3.516006177774558,360.20318499315044,"ScoreBreakdown(accel=91.69422991893049, skidpad=75.0, autocross=16.96823077524125, endurance=98.64048395076503, efficiency=77.90024034821369)"
[112   2],295,112,2,295,16.128,3.9633417441227863,4.620667299055384,1762.4830367662212,3476.8601265658194,0.027585520973829967,4.032,3.5088284168994637,353.4227831682958,"ScoreBreakdown(accel=89.7104735538761, skidpad=75.0, autocross=15.637973235633861, endurance=95.58355190521806, efficiency=77.49078447356777)"
[112   2],300,112,2,300,16.128,3.9915058253446176,4.62980857849513,1770.8888638273218,3469.7494137123213,0.03005160561940787,4.032,3.5012461138589837,346.8233396551361,"ScoreBreakdown(accel=87.76153133710751, skidpad=75.0, autocross=14.344641548414973, endurance=92.6114754745537, efficiency=77.10569129505997)"
[116   2],200,116,2,200,16.703999999999997,3.6253038322989397,4.411893476136811,1797.248383128278,3690.5747498777414,0.0,4.176,3.7317739123085962,335.49975110056516,"ScoreBreakdown(accel=100.0, skidpad=75.0, autocross=10.367383240663644, endurance=83.47173522698355, efficiency=66.66063263291798)"
[116   2],205,116,2,205,16.703999999999997,3.63304424605127,4.42563881461237,1794.2883924820992,3690.262087301986,0.0,4.176,3.7311576256606696,337.1814523440268,"ScoreBreakdown(accel=100.0, skidpad=75.0, autocross=10.808177276352195, endurance=84.48467999373912, efficiency=66.88859507393552)"
[116   2],210,116,2,210,16.703999999999997,3.6413066374271352,4.43876149137175,1689.009827511999,3690.1241191105814,0.0,4.176,3.7308549149542114,400.41173342295514,"ScoreBreakdown(accel=100.0, skidpad=75.0, autocross=27.490681844678846, endurance=122.82107824482745, efficiency=75.09997333344887)"
[116   2],215,116,2,215,16.703999999999997,3.6502306563926226,4.451909490984619,1671.5644997093739,3690.0138917662425,0.0,4.176,3.7305615605491536,411.66199412386715,"ScoreBreakdown(accel=100.0, skidpad=75.0, autocross=30.458037066569105, endurance=129.64006103442682, efficiency=76.56389602287122)"
[116   2],220,116,2,220,16.703999999999997,3.659836849872832,4.464692498941417,1657.2358252101947,3689.837439286812,0.0,4.176,3.7302750836203047,421.0828506146589,"ScoreBreakdown(accel=100.0, skidpad=75.0, autocross=32.941995275933294, endurance=135.3481974094674, efficiency=77.79265792925824)"
[116   2],225,116,2,225,16.703999999999997,3.6701055085420506,4.476935933773376,1636.435535741037,3690.051189618625,0.0,4.176,3.7302824591004553,435.0338737722781,"ScoreBreakdown(accel=100.0, skidpad=75.0, autocross=36.625251099000955, endurance=143.8123198987158, efficiency=79.59630277456138)"
[116   2],230,116,2,230,16.703999999999997,3.6811818926376247,4.4886810058795845,1640.334016080668,3690.569727106164,0.0,4.176,3.730346138518299,432.37037174141045,"ScoreBreakdown(accel=100.0, skidpad=75.0, autocross=35.92780624283754, endurance=142.20959150415453, efficiency=79.2329739944184)"
[116   2],235,116,2,235,16.703999999999997,3.69325466831323,4.500279849860846,1648.5653302349601,3685.264970395823,0.001752300303350282,4.176,3.7247130575743825,427.03674283313916,"ScoreBreakdown(accel=100.0, skidpad=75.0, autocross=34.46604499636232, endurance=138.85046391852364, efficiency=78.72023391825319)"
[116   2],240,116,2,240,16.703999999999997,3.706403470020561,4.511733862737842,1656.6642899655385,3677.9328946165742,0.0041234201327564135,4.176,3.7168989446392837,421.92331436633003,"ScoreBreakdown(accel=100.0, skidpad=75.0, autocross=33.04196532679708, endurance=135.57792860285014, efficiency=78.30342043668284)"
[116   2],245,116,2,245,16.703999999999997,3.72069539565949,4.522747919369422,1665.9167557410333,3669.9825364659405,0.006818285638116793,4.176,3.7082534462558687,416.1272750728627,"ScoreBreakdown(accel=100.0, skidpad=75.0, autocross=31.432004162308303, endurance=131.87823758116696, efficiency=77.8170333293874)"
[116   2],250,116,2,250,16.703999999999997,3.736347465548562,4.533349610791845,1676.0837424438917,3659.9824862772707,0.010149257605615762,4.176,3.6978316011438084,409.88273129532126,"ScoreBreakdown(accel=100.0, skidpad=75.0, autocross=29.683410235289003, endurance=127.85996844831027, efficiency=77.33935261172203)"
[116   2],255,116,2,255,16.703999999999997,3.753710765628057,4.543751833798964,1686.5420832528803,3649.5478230182443,0.013570654728467142,4.176,3.6871856996120647,403.5457386170372,"ScoreBreakdown(accel=100.0, skidpad=75.0, autocross=27.906704049610656, endurance=123.77709734041588, efficiency=76.8619372270107)"
[116   2],260,116,2,260,16.703999999999997,3.7731330596000134,4.554205599096264,1697.2720028968238,3639.5663423613437,0.016957075336176654,4.176,3.6767351678353273,397.09966096438137,"ScoreBreakdown(accel=100.0, skidpad=75.0, autocross=26.10661678291563, endurance=119.64049650448669, efficiency=76.35254767697906)"
[116   2],265,116,2,265,16.703999999999997,3.7952596185436107,4.564290460655897,1706.8257393786214,3631.667832597408,0.019634222515919238,4.176,3.668337672954389,391.39186515223207,"ScoreBreakdown(accel=100.0, skidpad=75.0, autocross=24.522896979997945, endurance=116.00110813602429, efficiency=75.86786003620986)"
[116   2],270,116,2,270,16.703999999999997,3.821174457418792,4.5740298978115845,1714.2588716331118,3626.2531722296426,0.02149497517500501,4.176,3.662049245610712,386.9545855798472,"ScoreBreakdown(accel=99.98691971511879, skidpad=75.0, autocross=23.30291900283774, endurance=113.19759854318019, efficiency=75.4671483187105)"
[116   2],275,116,2,275,16.703999999999997,3.849749874109179,4.583512153122953,1722.2097025438268,3620.0338920798945,0.02364238211268688,4.176,3.6550866645344477,380.1552266106477,"ScoreBreakdown(accel=97.86042231271307, skidpad=75.0, autocross=22.009629358146768, endurance=110.22561872625185, efficiency=75.05955621353598)"
[116   2],280,116,2,280,16.703999999999997,3.8782795667071923,4.593257496777142,1729.8668431073104,3613.3335722835095,0.025784799604889944,4.176,3.648083907602435,373.6319481373421,"ScoreBreakdown(accel=95.76858873133177, skidpad=75.0, autocross=20.775349523849496, endurance=107.38924346334639, efficiency=74.69876641881447)"
[116   2],285,116,2,285,16.703999999999997,3.906724326227902,4.602689228761392,1737.3226630327201,3606.9021287387077,0.027742412856368814,4.176,3.641485640042902,367.29670126772413,"ScoreBreakdown(accel=93.71339838354871, skidpad=75.0, autocross=19.583975927478946, endurance=104.6514667422774, efficiency=74.3478602144191)"
[116   2],290,116,2,290,16.703999999999997,3.935079819301123,4.6118214268334015,1745.5521077349406,3599.7444562182955,0.0299709261614753,4.176,3.634099056483988,360.5991152068344,"ScoreBreakdown(accel=91.69422991893049, skidpad=75.0, autocross=18.280800301143547, endurance=101.6567689378988, efficiency=73.96731604886155)"
[116   2],295,116,2,295,16.703999999999997,3.9633417441227863,4.620667299055384,1754.0373271206254,3592.259603253848,0.03239352341274925,4.176,3.626385492247173,353.84267748791785,"ScoreBreakdown(accel=89.7104735538761, skidpad=75.0, autocross=16.949925670429096, endurance=98.59841881688577, efficiency=73.58385944672689)"
[116   2],300,116,2,300,16.703999999999997,3.9915058253446176,4.62980857849513,1762.438929039061,3585.0385059221408,0.03480273546582336,4.176,3.618642466143349,347.20723078183227,"ScoreBreakdown(accel=87.76153133710751, skidpad=75.0, autocross=15.644792246409866, endurance=95.59922199310658, efficiency=73.20168520520832)"
[120   2],200,120,2,200,17.279999999999998,3.6253038322989397,4.411893476136811,1908.5861192926577,3820.875279689288,0.0,4.32,3.8648242960465287,283.92579966195683,"ScoreBreakdown(accel=100.0, skidpad=75.0, autocross=6.5, endurance=47.652335825602805, efficiency=54.77346383635403)"
[120   2],205,120,2,205,17.279999999999998,3.63304424605127,4.42563881461237,1782.90254921492,3820.253720121814,0.0,4.32,3.864194015303229,339.1507561526008,"ScoreBreakdown(accel=100.0, skidpad=75.0, autocross=12.517370127601826, endurance=88.4124054479748, efficiency=63.220980577024214)"
[120   2],210,120,2,210,17.279999999999998,3.6413066374271352,4.43876149137175,1780.848631963966,3819.8727491764344,0.0,4.32,3.863814367358945,340.33567597280125,"ScoreBreakdown(accel=100.0, skidpad=75.0, autocross=12.828022053018374, endurance=89.12628362384814, efficiency=63.38137029593475)"
[120   2],215,120,2,215,17.279999999999998,3.6502306563926226,4.451909490984619,1762.0318110905962,3819.933165085707,0.0,4.32,3.863516949807603,351.1994431076056,"ScoreBreakdown(accel=100.0, skidpad=75.0, autocross=15.70774839441426, endurance=95.74389523161022, efficiency=64.74779948158104)"
[120   2],220,120,2,220,17.279999999999998,3.659836849872832,4.464692498941417,1675.308606992217,3819.9748661325434,0.0,4.32,3.8632174642241126,404.43117333316803,"ScoreBreakdown(accel=100.0, skidpad=75.0, autocross=29.81597642907053, endurance=128.16460558349746, efficiency=71.45059132060003)"
[120   2],225,120,2,225,17.279999999999998,3.6701055085420506,4.476935933773376,1652.282804635498,3820.217988760227,0.0,4.32,3.863340884262695,419.49507951881503,"ScoreBreakdown(accel=100.0, skidpad=75.0, autocross=33.8106499400226, endurance=137.34436597089672, efficiency=73.34006360789576)"
[120   2],230,120,2,230,17.279999999999998,3.6811818926376247,4.4886810058795845,1633.66508002957,3820.881793872173,0.0,4.32,3.8633906227431725,431.9685413216727,"ScoreBreakdown(accel=100.0, skidpad=75.0, autocross=37.12291369903943, endurance=144.9559486357323, efficiency=74.88967898690095)"
[120   2],235,120,2,235,17.279999999999998,3.69325466831323,4.500279849860846,1637.2623317275459,3820.194462795743,0.0003532843535387059,4.32,3.862395147812557,429.55674529769027,"ScoreBreakdown(accel=100.0, skidpad=75.0, autocross=36.477058365855264, endurance=143.47177297349114, efficiency=74.6079139583439)"
[120   2],240,120,2,240,17.279999999999998,3.706403470020561,4.511733862737842,1645.934886814947,3810.9580409430177,0.0032641179323031773,4.32,3.8526274624545676,424.0614155032114,"ScoreBreakdown(accel=100.0, skidpad=75.0, autocross=34.931583784755134, endurance=139.920272131077, efficiency=74.20955958737918)"
[120   2],245,120,2,245,17.279999999999998,3.72069539565949,4.522747919369422,1655.7111870505046,3801.0777263777104,0.0065722573737395755,4.32,3.8418018376608876,417.9182986437954,"ScoreBreakdown(accel=100.0, skidpad=75.0, autocross=33.2088307767077, endurance=135.9613854342823, efficiency=73.74808243280542)"
[120   2],250,120,2,250,17.279999999999998,3.736347465548562,4.533349610791845,1666.6956747053678,3788.6144442845675,0.010685595845195035,4.32,3.8286834464852015,411.153800128182,"ScoreBreakdown(accel=100.0, skidpad=75.0, autocross=31.297285304184825, endurance=131.56865362296685, efficiency=73.28786120103035)"
[120   2],255,120,2,255,17.279999999999998,3.753710765628057,4.543751833798964,1677.8753304338422,3775.5490013946405,0.014867668743523204,4.32,3.8154422999231232,404.37697942743864,"ScoreBreakdown(accel=100.0, skidpad=75.0, autocross=29.377475731463555, endurance=127.15693090803168, efficiency=72.84257278794334)"
[120   2],260,120,2,260,17.279999999999998,3.7731330596000134,4.554205599096264,1689.0320899448668,3763.425361986581,0.01894416893591868,4.32,3.8026514328680703,397.6733853564175,"ScoreBreakdown(accel=100.0, skidpad=75.0, autocross=27.486934287519713, endurance=122.81246635785749, efficiency=72.37398471104028)"
[120   2],265,120,2,265,17.279999999999998,3.7952596185436107,4.564290460655897,1698.9936488135968,3753.4867865504248,0.022325537064201022,4.32,3.791998781965604,391.7324379001026,"ScoreBreakdown(accel=100.0, skidpad=75.0, autocross=25.819904463449493, endurance=118.98163154703815, efficiency=71.9309018896149)"
[120   2],270,120,2,270,17.279999999999998,3.821174457418792,4.5740298978115845,1706.4123860577126,3746.8223765960506,0.024573974170561105,4.32,3.784468659174465,387.3143882832194,"ScoreBreakdown(accel=99.98691971511879, skidpad=75.0, autocross=24.59105139162122, endurance=116.15772698518192, efficiency=71.5786901912974)"
[120   2],275,120,2,275,17.279999999999998,3.849749874109179,4.583512153122953,1714.4979581932625,3739.201839148713,0.027051278100552266,4.32,3.7763384536056157,380.4443574531972,"ScoreBreakdown(accel=97.86042231271307, skidpad=75.0, autocross=23.263854031879657, endurance=113.1078272334716, efficiency=71.21225387513287)"
[120   2],280,120,2,280,17.279999999999998,3.8782795667071923,4.593257496777142,1722.1745756715527,3731.4468292431056,0.02956300452422848,4.32,3.768135053512006,373.91006815219407,"ScoreBreakdown(accel=95.76858873133177, skidpad=75.0, autocross=22.015316865832315, endurance=110.23868861985184, efficiency=70.88747393517818)"
[120   2],285,120,2,285,17.279999999999998,3.906724326227902,4.602689228761392,1729.5660183608998,3723.814196976934,0.03199283393650716,4.32,3.7601218477426075,367.621843052308,"ScoreBreakdown(accel=93.71339838354871, skidpad=75.0, autocross=20.82363421534741, endurance=107.50020169237705, efficiency=70.58460876103483)"
[120   2],290,120,2,290,17.279999999999998,3.935079819301123,4.6118214268334015,1737.5356168253336,3715.9285448317964,0.034497526031452334,4.32,3.7519284382159097,361.0676521677864,"ScoreBreakdown(accel=91.69422991893049, skidpad=75.0, autocross=19.550097994974386, endurance=104.57361524779107, efficiency=70.24970900609043)"
[120   2],295,120,2,295,17.279999999999998,3.9633417441227863,4.620667299055384,1745.3121356444067,3708.706760586589,0.03680032704060549,4.32,3.744555456548379,354.6826621000246,"ScoreBreakdown(accel=89.7104735538761, skidpad=75.0, autocross=18.318627181754465, endurance=101.74369511578506, efficiency=69.90986624860894)"
[120   2],300,120,2,300,17.279999999999998,3.9915058253446176,4.62980857849513,1752.7568089225397,3702.2370630478777,0.0388853300273507,4.32,3.7377022763814343,348.54173219956135,"ScoreBreakdown(accel=87.76153133710751, skidpad=75.0, autocross=17.14994454566658, endurance=99.05806222519026, efficiency=69.57219409159697)"
[124   2],200,124,2,200,17.855999999999998,3.6253038322989397,4.411893476136811,2142.693308428177,3951.3397661176723,0.0,4.464,3.9975455934634403,206.5,"ScoreBreakdown(accel=100.0, skidpad=75.0, autocross=6.5, endurance=25.0, efficiency=0.0)"
[124   2],205,124,2,205,17.855999999999998,3.63304424605127,4.42563881461237,2044.9189520050718,3950.97193910309,0.0,4.464,3.9970112334745647,206.5,"ScoreBreakdown(accel=100.0, skidpad=75.0, autocross=6.5, endurance=25.0, efficiency=0.0)"
[124   2],210,124,2,210,17.855999999999998,3.6413066374271352,4.43876149137175,1791.2255994778156,3950.688486878539,0.0,4.464,3.9967118935750765,330.222527601519,"ScoreBreakdown(accel=100.0, skidpad=75.0, autocross=11.26581396186527, endurance=85.53632917257086, efficiency=58.4203844670829)"
[124   2],215,124,2,215,17.855999999999998,3.6502306563926226,4.451909490984619,1768.7348456664365,3950.276548065522,0.0,4.464,3.996379002672995,343.0450585668011,"ScoreBreakdown(accel=100.0, skidpad=75.0, autocross=14.674890191482415, endurance=93.3703869108227, efficiency=59.99978146449598)"
[124   2],220,124,2,220,17.855999999999998,3.659836849872832,4.464692498941417,1768.1660439246698,3950.046619084765,0.0,4.464,3.9959367227670146,343.38051126671536,"ScoreBreakdown(accel=100.0, skidpad=75.0, autocross=14.762231734419277, endurance=93.57109779090537, efficiency=60.04718174139071)"
[124   2],225,124,2,225,17.855999999999998,3.6701055085420506,4.476935933773376,1697.9235245341624,3949.728971883151,0.0,4.464,3.995960656464844,385.61011187522047,"ScoreBreakdown(accel=100.0, skidpad=75.0, autocross=25.998047994684253, endurance=119.39100541121417, efficiency=65.22105846932206)"
[124   2],230,124,2,230,17.855999999999998,3.6811818926376247,4.4886810058795845,1664.2395911443245,3950.0919002615137,0.0,4.464,3.9959099073055,407.1080876940739,"ScoreBreakdown(accel=100.0, skidpad=75.0, autocross=31.722508258640637, endurance=132.54581604248003, efficiency=67.83976339295324)"
[124   2],235,124,2,235,17.855999999999998,3.69325466831323,4.500279849860846,1631.1048494661684,3950.573341452279,0.0,4.464,3.996216358712909,429.11760804424557,"ScoreBreakdown(accel=100.0, skidpad=75.0, autocross=37.58431614548636, endurance=146.0162515338114, efficiency=70.51704036494777)"
[124   2],240,124,2,240,17.855999999999998,3.706403470020561,4.511733862737842,1634.1644201420197,3949.086925890346,0.0005369343146766839,4.464,3.9943884398808627,427.09721155492036,"ScoreBreakdown(accel=100.0, skidpad=75.0, autocross=37.03309155896639, endurance=144.7495373430212, efficiency=70.3145826529328)"
[124   2],245,124,2,245,17.855999999999998,3.72069539565949,4.522747919369422,1644.8463374122696,3936.3132827776903,0.00445159882075321,4.464,3.981056453387549,420.36151164469254,"ScoreBreakdown(accel=100.0, skidpad=75.0, autocross=35.12467205022242, endurance=140.3639889969857, efficiency=69.87285059748446)"
[124   2],250,124,2,250,17.855999999999998,3.736347465548562,4.533349610791845,1656.9303017845575,3920.563845704551,0.009462203077076738,4.464,3.964494930462656,412.89426573354336,"ScoreBreakdown(accel=100.0, skidpad=75.0, autocross=32.99542730681985, endurance=135.47098422526255, efficiency=69.42785420146095)"
[124   2],255,124,2,255,17.855999999999998,3.753710765628057,4.543751833798964,1669.1546930443724,3904.375245708725,0.014552534576340977,4.464,3.9478830822757094,405.46340425523795,"ScoreBreakdown(accel=100.0, skidpad=75.0, autocross=30.87280788563823, endurance=130.5932044450963, efficiency=68.9973919245034)"
[124   2],260,124,2,260,17.855999999999998,3.7731330596000134,4.554205599096264,1681.1435750958142,3889.107459251875,0.019504660982898464,4.464,3.931890479322419,398.2642217098654,"ScoreBreakdown(accel=100.0, skidpad=75.0, autocross=28.82106462965068, endurance=125.87829810424259, efficiency=68.56485897597213)"
[124   2],265,124,2,265,17.855999999999998,3.7952596185436107,4.564290460655897,1691.6917154874932,3876.6755929394967,0.023592071736978876,4.464,3.9187011734667765,391.9836105940397,"ScoreBreakdown(accel=100.0, skidpad=75.0, autocross=27.03993473131938, endurance=121.78526130394168, efficiency=68.15841455877866)"
[124   2],270,124,2,270,17.855999999999998,3.821174457418792,4.5740298978115845,1699.2289219090746,3869.0893213236955,0.026171108403191867,4.464,3.909964791258964,387.48766973346096,"ScoreBreakdown(accel=99.98691971511879, skidpad=75.0, autocross=25.780768652290813, endurance=118.89169744653685, efficiency=67.82828391951452)"
[124   2],275,124,2,275,17.855999999999998,3.849749874109179,4.583512153122953,1707.3562330199745,3860.391582416618,0.028979601928013514,4.464,3.9006694440911147,380.5905529666943,"ScoreBreakdown(accel=97.86042231271307, skidpad=75.0, autocross=24.435476623162216, endurance=115.8002161415891, efficiency=67.49443788922991)"
[124   2],280,124,2,280,17.855999999999998,3.8782795667071923,4.593257496777142,1715.0389809035069,3851.491184852558,0.03183824474287631,4.464,3.891227968425104,374.0550957598214,"ScoreBreakdown(accel=95.76858873133177, skidpad=75.0, autocross=23.1754951425905, endurance=112.90477849130366, efficiency=67.20623339459549)"
[124   2],285,124,2,285,17.855999999999998,3.906724326227902,4.602689228761392,1722.3496808625891,3842.8577403963673,0.03453321813303753,4.464,3.8823003888956706,367.81520573600847,"ScoreBreakdown(accel=93.71339838354871, skidpad=75.0, autocross=21.98696731132206, endurance=110.17354133890875, efficiency=66.94129870222896)"
[124   2],290,124,2,290,17.855999999999998,3.935079819301123,4.6118214268334015,1730.2657117494514,3834.302778102484,0.03725346573271423,4.464,3.873307708558107,361.27901767230696,"ScoreBreakdown(accel=91.69422991893049, skidpad=75.0, autocross=20.71135392038467, endurance=107.24218155602334, efficiency=66.63125227696844)"
[124   2],295,124,2,295,17.855999999999998,3.9633417441227863,4.620667299055384,1737.473419849767,3826.8386090439976,0.03970053311103014,4.464,3.865497748843056,355.20820984512625,"ScoreBreakdown(accel=89.7104735538761, skidpad=75.0, autocross=19.559991794401114, endurance=104.59635120050652, efficiency=66.3413932963425)"
[124   2],300,124,2,300,17.855999999999998,3.9915058253446176,4.62980857849513,1744.0642080054622,3820.4505430503314,0.04185574422734771,4.464,3.858592059684049,349.53749688745074,"ScoreBreakdown(accel=87.76153133710751, skidpad=75.0, autocross=18.515506250116943, endurance=102.19612324737257, efficiency=66.0643360528537)"
[128   2],200,128,2,200,18.432,3.6253038322989397,4.411893476136811,2166.4819689794176,4081.956720276547,0.0,4.608,4.130000728458925,206.5,"ScoreBreakdown(accel=100.0, skidpad=75.0, autocross=6.5, endurance=25.0, efficiency=0.0)"
[128   2],205,128,2,205,18.432,3.63304424605127,4.42563881461237,2129.8880203331964,4081.3436685534457,0.0,4.608,4.129421009672211,206.5,"ScoreBreakdown(accel=100.0, skidpad=75.0, autocross=6.5, endurance=25.0, efficiency=0.0)"
[128   2],210,128,2,210,18.432,3.6413066374271352,4.43876149137175,2014.249208846939,4080.9483575280933,0.0,4.608,4.129104796180329,206.5,"ScoreBreakdown(accel=100.0, skidpad=75.0, autocross=6.5, endurance=25.0, efficiency=0.0)"
[128   2],215,128,2,215,18.432,3.6502306563926226,4.451909490984619,1979.3893066486835,4080.619432563513,0.0,4.608,4.128945217897505,251.6304720656932,"ScoreBreakdown(accel=100.0, skidpad=75.0, autocross=6.5, endurance=26.969713399240977, efficiency=43.16075866645221)"
[128   2],220,128,2,220,18.432,3.659836849872832,4.464692498941417,1759.265085634522,4080.2863472667236,0.0,4.608,4.128707111028044,344.5398196619741,"ScoreBreakdown(accel=100.0, skidpad=75.0, autocross=16.13636279414255, endurance=96.72885119291902, efficiency=56.6746056749125)"
[128   2],225,128,2,225,18.432,3.6701055085420506,4.476935933773376,1757.5834083679827,4080.2392343301963,0.0,4.608,4.128562292372081,345.518791913224,"ScoreBreakdown(accel=100.0, skidpad=75.0, autocross=16.397543532562207, endurance=97.32904457290955, efficiency=56.79220380775224)"
[128   2],230,128,2,230,18.432,3.6811818926376247,4.4886810058795845,1758.436163791963,4080.43850798223,0.0,4.608,4.128340298011095,345.01691239462883,"ScoreBreakdown(accel=100.0, skidpad=75.0, autocross=16.26503993815033, endurance=97.0245512910842, efficiency=56.72732116539429)"
[128   2],235,128,2,235,18.432,3.69325466831323,4.500279849860846,1667.496423811464,4080.7687486206,0.0,4.608,4.128599425306459,400.752341011155,"ScoreBreakdown(accel=100.0, skidpad=75.0, autocross=31.15892198776731, endurance=131.25069469900558, efficiency=63.34272432438212)"
[128   2],240,128,2,240,18.432,3.706403470020561,4.511733862737842,1649.288038352879,4081.2559912064203,0.0,4.608,4.128751842269741,412.6371195646154,"ScoreBreakdown(accel=100.0, skidpad=75.0, autocross=34.33839935741512, endurance=138.55713421915783, efficiency=64.74158598804247)"
[128   2],245,128,2,245,18.432,3.72069539565949,4.522747919369422,1631.7984660825373,4080.209640687855,0.0005484011391765083,4.608,4.127157988932729,424.35103407340716,"ScoreBreakdown(accel=100.0, skidpad=75.0, autocross=37.459170192676986, endurance=145.728666113603, efficiency=66.16319776712712)"
[128   2],250,128,2,250,18.432,3.736347465548562,4.533349610791845,1645.0605510620514,4061.115016442322,0.006282655428937679,4.608,4.107418467646293,416.0816035346494,"ScoreBreakdown(accel=100.0, skidpad=75.0, autocross=35.086654367605234, endurance=140.27662435605757, efficiency=65.7183248109866)"
[128   2],255,128,2,255,18.432,3.753710765628057,4.543751833798964,1658.3165994135068,4041.5057486337973,0.012104817640087591,4.608,4.087586606454926,407.97067293400244,"ScoreBreakdown(accel=100.0, skidpad=75.0, autocross=32.75314008385002, endurance=134.91420814689366, efficiency=65.30332470325881)"
[128   2],260,128,2,260,18.432,3.7731330596000134,4.554205599096264,1672.3017294312851,4021.7618951838676,0.018132176025298367,4.608,4.067235312309056,399.52918965381184,"ScoreBreakdown(accel=100.0, skidpad=75.0, autocross=30.33138543822958, endurance=129.34901557160168, efficiency=64.8487886439806)"
[128   2],265,128,2,265,18.432,3.7952596185436107,4.564290460655897,1683.721063507351,4005.9963328017557,0.023047176931193507,4.608,4.050720256988753,392.733544280139,"ScoreBreakdown(accel=100.0, skidpad=75.0, autocross=28.383776698524798, endurance=124.87341036635087, efficiency=64.47635721526332)"
[128   2],270,128,2,270,18.432,3.821174457418792,4.5740298978115845,1691.8197946921823,3996.528223244458,0.02611599238027474,4.608,4.0400958483611475,387.90363797779105,"ScoreBreakdown(accel=99.98691971511879, skidpad=75.0, autocross=27.01844410771965, endurance=121.73587584736305, efficiency=64.16239830758958)"
[128   2],275,128,2,275,18.432,3.849749874109179,4.583512153122953,1700.473959968857,3985.8652688538364,0.029420668312735758,4.608,4.028877286191364,380.699863360887,"ScoreBreakdown(accel=97.86042231271307, skidpad=75.0, autocross=25.573846746112494, endurance=118.4161908719913, efficiency=63.84940343007006)"
[128   2],280,128,2,280,18.432,3.8782795667071923,4.593257496777142,1708.425138056428,3975.1897714242323,0.03273993543672322,4.608,4.017805270340781,374.01850807701175,"ScoreBreakdown(accel=95.76858873133177, skidpad=75.0, autocross=24.259496042648255, endurance=115.39581273852639, efficiency=63.59461056450532)"
[128   2],285,128,2,285,18.432,3.906724326227902,4.602689228761392,1715.6094898816061,3965.331936005449,0.03578298163213769,4.608,4.007618633533191,367.8614353621724,"ScoreBreakdown(accel=93.71339838354871, skidpad=75.0, autocross=23.082380974398575, endurance=112.69080211743213, efficiency=63.374853886792984)"
[128   2],290,128,2,290,18.432,3.935079819301123,4.6118214268334015,1723.342693273047,3955.725911665241,0.038799672552777185,4.608,3.9975350208462075,361.4345078691682,"ScoreBreakdown(accel=91.69422991893049, skidpad=75.0, autocross=21.8263074379791, endurance=109.80434492345331, efficiency=63.10962558880531)"
[128   2],295,128,2,295,18.432,3.9633417441227863,4.620667299055384,1730.6192277837338,3946.895144508904,0.04164050973606261,4.608,3.988316679077361,355.3339005483356,"ScoreBreakdown(accel=89.7104735538761, skidpad=75.0, autocross=20.654659475067696, endurance=107.11189771132875, efficiency=62.85686980806305)"
[128   2],300,128,2,300,18.432,3.9915058253446176,4.62980857849513,1736.4161384768888,3939.9989039063025,0.04403790894394378,4.608,3.9808757360769604,350.12634838998366,"ScoreBreakdown(accel=87.76153133710751, skidpad=75.0, autocross=19.72828412235755, endurance=104.98308699792334, efficiency=62.65344593259527)"
[132   2],200,132,2,200,19.008,3.6253038322989397,4.411893476136811,2157.191341407125,4212.337619245871,0.0,4.752,4.262565856401967,206.5,"ScoreBreakdown(accel=100.0, skidpad=75.0, autocross=6.5, endurance=25.0, efficiency=0.0)"
[132   2],205,132,2,205,19.008,3.63304424605127,4.42563881461237,2119.888230318552,4211.95053306462,0.0,4.752,4.2618313370877035,206.5,"ScoreBreakdown(accel=100.0, skidpad=75.0, autocross=6.5, endurance=25.0, efficiency=0.0)"
[132   2],210,132,2,210,19.008,3.6413066374271352,4.43876149137175,2087.908878773329,4211.233296338902,0.0,4.752,4.261516698495441,206.5,"ScoreBreakdown(accel=100.0, skidpad=75.0, autocross=6.5, endurance=25.0, efficiency=0.0)"
[132   2],215,132,2,215,19.008,3.6502306563926226,4.451909490984619,2041.5234636871621,4210.867099264979,0.0,4.752,4.261273436801309,206.5,"ScoreBreakdown(accel=100.0, skidpad=75.0, autocross=6.5, endurance=25.0, efficiency=0.0)"
[132   2],220,132,2,220,19.008,3.659836849872832,4.464692498941417,1971.7316167798194,4210.431023617784,0.0,4.752,4.260924178111195,250.87454211127405,"ScoreBreakdown(accel=100.0, skidpad=75.0, autocross=6.5, endurance=29.134995716254963, efficiency=40.2395463950191)"
[132   2],225,132,2,225,19.008,3.6701055085420506,4.476935933773376,1907.421545189618,4210.515017357044,0.0,4.752,4.260910859981101,273.2830327068849,"ScoreBreakdown(accel=100.0, skidpad=75.0, autocross=6.5, endurance=48.00536001062047, efficiency=43.77767269626446)"
[132   2],230,132,2,230,19.008,3.6811818926376247,4.4886810058795845,1749.618479533243,4210.71399327699,0.0,4.752,4.260857742536466,346.39063174085743,"ScoreBreakdown(accel=100.0, skidpad=75.0, autocross=17.641394414996324, endurance=100.18741410601271, efficiency=53.56182321984842)"
[132   2],235,132,2,235,19.008,3.69325466831323,4.500279849860846,1749.2680212490031,4211.07059274488,0.0,4.752,4.260952919742025,346.58567232952777,"ScoreBreakdown(accel=100.0, skidpad=75.0, autocross=17.69638423987471, endurance=100.3137807326581, efficiency=53.57550735699493)"
[132   2],240,132,2,240,19.008,3.706403470020561,4.511733862737842,1732.4889153218967,4211.55601936506,0.0,4.752,4.260993571120474,356.48678560686864,"ScoreBreakdown(accel=100.0, skidpad=75.0, autocross=20.355196755534372, endurance=106.42373233242148, efficiency=54.7078565189128)"
[132   2],245,132,2,245,19.008,3.72069539565949,4.522747919369422,1646.2121126283707,4212.523639295488,0.0,4.752,4.261352437657141,410.6302574930137,"ScoreBreakdown(accel=100.0, skidpad=75.0, autocross=34.882449918070485, endurance=139.8073624973272, efficiency=60.94044507761598)"
[132   2],250,132,2,250,19.008,3.736347465548562,4.533349610791845,1630.5957616129604,4209.814477619762,0.001102981909733907,4.752,4.258247749730161,421.1297237509038,"ScoreBreakdown(accel=100.0, skidpad=75.0, autocross=37.67623619866464, endurance=146.22748383118443, efficiency=62.22600372105472)"
[132   2],255,132,2,255,19.008,3.753710765628057,4.543751833798964,1645.5258114177336,4186.354521527974,0.007765851280732821,4.752,4.234532345756174,411.8700575138427,"ScoreBreakdown(accel=100.0, skidpad=75.0, autocross=35.00411613188385, endurance=140.0869514767487, efficiency=61.77898990521015)"
[132   2],260,132,2,260,19.008,3.7731330596000134,4.554205599096264,1661.3337214245896,4162.369841979486,0.014756730746281935,4.752,4.209864681764328,402.2300281593589,"ScoreBreakdown(accel=100.0, skidpad=75.0, autocross=32.227226649486184, endurance=133.7056589879354, efficiency=61.29714252193729)"
[132   2],265,132,2,265,19.008,3.7952596185436107,4.564290460655897,1674.5370806219303,4142.359639594173,0.0206476926021903,4.752,4.189158024568805,394.323480639897,"ScoreBreakdown(accel=100.0, skidpad=75.0, autocross=29.948047258713807, endurance=128.46810437181296, efficiency=60.90732900937022)"
[132   2],270,132,2,270,19.008,3.821174457418792,4.5740298978115845,1683.7924254581,4129.602497587797,0.02448372248100429,4.752,4.175291601367166,388.80687632884474,"ScoreBreakdown(accel=99.98691971511879, skidpad=75.0, autocross=28.371688718408485, endurance=124.84563218604872, efficiency=60.60263570926873)"
[132   2],275,132,2,275,19.008,3.849749874109179,4.583512153122953,1693.541877037722,4115.911980851642,0.02852657025128599,4.752,4.161073127052387,380.9583400324073,"ScoreBreakdown(accel=97.86042231271307, skidpad=75.0, autocross=26.729808709145207, endurance=121.07259165380609, efficiency=60.29551735674293)"
[132   2],280,132,2,280,19.008,3.8782795667071923,4.593257496777142,1702.0567303883956,4102.961621830471,0.03243686341583388,4.752,4.147589347588268,373.9551607689594,"ScoreBreakdown(accel=95.76858873133177, skidpad=75.0, autocross=25.311231685806554, endurance=117.81270142006947, efficiency=60.06263893175164)"
[132   2],285,132,2,285,19.008,3.906724326227902,4.602689228761392,1709.5835487950358,4091.260151866146,0.03594525113260008,4.752,4.135596212831155,367.60905133577273,"ScoreBreakdown(accel=93.71339838354871, skidpad=75.0, autocross=24.06902804690494, endurance=114.95811725287568, efficiency=59.86850765244339)"
[132   2],290,132,2,290,19.008,3.935079819301123,4.6118214268334015,1717.317421357322,4080.0223138861006,0.039364416553761244,4.752,4.123899019267076,361.1982617134996,"ScoreBreakdown(accel=91.69422991893049, skidpad=75.0, autocross=22.803995130833442, endurance=112.05107140297807, efficiency=59.6489652607576)"
[132   2],295,132,2,295,19.008,3.9633417441227863,4.620667299055384,1724.7465482813882,4069.022692258379,0.04281792283333843,4.752,4.112508900915481,355.0410341750073,"ScoreBreakdown(accel=89.7104735538761, skidpad=75.0, autocross=21.5994928183417, endurance=109.28312489009586, efficiency=59.44794291269362)"
[132   2],300,132,2,300,19.008,3.9915058253446176,4.62980857849513,1730.8951247101593,4060.3818103767385,0.04567642279928204,4.752,4.103311588489152,349.65232256872105,"ScoreBreakdown(accel=87.76153133710751, skidpad=75.0, autocross=20.610429132487795, endurance=107.01025637678094, efficiency=59.270105722344795)"
[136   2],200,136,2,200,19.584,3.6253038322989397,4.411893476136811,2136.0146959309423,4342.121692852098,0.0,4.896,4.394634553943444,206.5,"ScoreBreakdown(accel=100.0, skidpad=75.0, autocross=6.5, endurance=25.0, efficiency=0.0)"
[136   2],205,136,2,205,19.584,3.63304424605127,4.42563881461237,2110.939593692073,4342.320046043835,0.0,4.896,4.394614943937671,206.5,"ScoreBreakdown(accel=100.0, skidpad=75.0, autocross=6.5, endurance=25.0, efficiency=0.0)"
[136   2],210,136,2,210,19.584,3.6413066374271352,4.43876149137175,2078.6529147966166,4341.851800479213,0.0,4.896,4.394304767505698,206.5,"ScoreBreakdown(accel=100.0, skidpad=75.0, autocross=6.5, endurance=25.0, efficiency=0.0)"
[136   2],215,136,2,215,19.584,3.6502306563926226,4.451909490984619,2050.9158990195056,4341.406128517325,0.0,4.896,4.3938765929365315,206.5,"ScoreBreakdown(accel=100.0, skidpad=75.0, autocross=6.5, endurance=25.0, efficiency=0.0)"
[136   2],220,136,2,220,19.584,3.659836849872832,4.464692498941417,2026.558962383565,4341.231210957216,0.0,4.896,4.393488014352784,206.5,"ScoreBreakdown(accel=100.0, skidpad=75.0, autocross=6.5, endurance=25.0, efficiency=0.0)"
[136   2],225,136,2,225,19.584,3.6701055085420506,4.476935933773376,1955.0879689707729,4340.784921569739,0.0,4.896,4.393206598603008,253.3529597380296,"ScoreBreakdown(accel=100.0, skidpad=75.0, autocross=6.5, endurance=33.89963677858171, efficiency=37.95332295944788)"
[136   2],230,136,2,230,19.584,3.6811818926376247,4.4886810058795845,1937.7353882507123,4341.208605576071,0.0,4.896,4.3930761367154485,259.31743616089517,"ScoreBreakdown(accel=100.0, skidpad=75.0, autocross=6.5, endurance=38.95437972605798, efficiency=38.86305643483719)"
[136   2],235,136,2,235,19.584,3.69325466831323,4.500279849860846,1890.0888383162794,4341.509396858001,0.0,4.896,4.393101669777089,276.27895365910683,"ScoreBreakdown(accel=100.0, skidpad=75.0, autocross=6.5, endurance=53.31094488821388, efficiency=41.468008770892936)"
[136   2],240,136,2,240,19.584,3.706403470020561,4.511733862737842,1741.921106993958,4341.823156742008,0.0,4.896,4.393160538279168,347.3246992082013,"ScoreBreakdown(accel=100.0, skidpad=75.0, autocross=18.854270373393557, endurance=102.97460325856771, efficiency=50.495825576240065)"
[136   2],245,136,2,245,19.584,3.72069539565949,4.522747919369422,1742.8486306686696,4342.433559425323,0.0,4.896,4.39324493714877,346.7632906579543,"ScoreBreakdown(accel=100.0, skidpad=75.0, autocross=18.707552652323145, endurance=102.63744591133529, efficiency=50.418292094295836)"
[136   2],250,136,2,250,19.584,3.736347465548562,4.533349610791845,1655.9661592830043,4343.808452692202,0.0,4.896,4.394273186508899,400.4460822904666,"ScoreBreakdown(accel=100.0, skidpad=75.0, autocross=33.1641724377147, endurance=135.85876056390651, efficiency=56.42314928884544)"
[136   2],255,136,2,255,19.584,3.753710765628057,4.543751833798964,1629.2300188207762,4340.627075294625,0.001111332654497593,4.896,4.39118197469114,418.2200869223327,"ScoreBreakdown(accel=100.0, skidpad=75.0, autocross=37.9231162077309, endurance=146.79481413276085, efficiency=58.50215658184094)"
[136   2],260,136,2,260,19.584,3.7731330596000134,4.554205599096264,1646.291135454946,4312.948702811389,0.008830811442187333,4.896,4.36278678104181,407.65119701367894,"ScoreBreakdown(accel=100.0, skidpad=75.0, autocross=34.868447409490585, endurance=139.77518473029988, efficiency=58.00756487388847)"
[136   2],265,136,2,265,19.584,3.7952596185436107,4.564290460655897,1662.2744668356643,4288.142498091958,0.01577845642296034,4.896,4.337232295742883,397.9238206524507,"ScoreBreakdown(accel=100.0, skidpad=75.0, autocross=32.06363609885699, endurance=133.32972787559248, efficiency=57.53045667800117)"
[136   2],270,136,2,270,19.584,3.821174457418792,4.5740298978115845,1673.1015901826859,4271.722493407261,0.020459439619276154,4.896,4.319674511579044,391.42065049423695,"ScoreBreakdown(accel=99.98691971511879, skidpad=75.0, autocross=30.19410041675799, endurance=129.03353456960406, efficiency=57.2060957927561)"
[136   2],275,136,2,275,19.584,3.849749874109179,4.583512153122953,1684.1658574600726,4254.596251409247,0.02533346004232601,4.896,4.301778982966926,382.76172988182645,"ScoreBreakdown(accel=97.86042231271307, skidpad=75.0, autocross=28.308449886030054, endurance=124.70030933880689, efficiency=56.892548344276456)"
[136   2],280,136,2,280,19.584,3.8782795667071923,4.593257496777142,1694.2975214721862,4237.5545292694,0.030141838203015702,4.896,4.284311396424179,374.8052858238863,"ScoreBreakdown(accel=95.76858873133177, skidpad=75.0, autocross=26.603341599686523, endurance=120.7819702153996, efficiency=56.65138527746842)"
[136   2],285,136,2,285,19.584,3.906724326227902,4.602689228761392,1703.3835616552547,4222.373095191628,0.03457193252232617,4.896,4.268457061264481,367.5504771529558,"ScoreBreakdown(accel=93.71339838354871, skidpad=75.0, autocross=25.09145838338139, endurance=117.30766233482785, efficiency=56.437958051197874)"
[136   2],290,136,2,290,19.584,3.935079819301123,4.6118214268334015,1711.659855189027,4207.907511883171,0.038809441821920795,4.896,4.253539412015168,360.8641575572364,"ScoreBreakdown(accel=91.69422991893049, skidpad=75.0, autocross=23.728283145251194, endurance=114.17508541264313, efficiency=56.2665590804116)"
[136   2],295,136,2,295,19.584,3.9633417441227863,4.620667299055384,1719.4532750567232,4194.5466424044525,0.042845458336151686,4.896,4.239740579662532,354.521714100949,"ScoreBreakdown(accel=89.7104735538761, skidpad=75.0, autocross=22.45663796146161, endurance=111.25284457043803, efficiency=56.10175801517322)"
[136   2],300,136,2,300,19.584,3.9915058253446176,4.62980857849513,1726.1357582082674,4183.344477063951,0.046365470012172394,4.896,4.227873622427134,348.86136023536847,"ScoreBreakdown(accel=87.76153133710751, skidpad=75.0, autocross=21.375407520172317, endurance=108.76817683792245, efficiency=55.95624454016621)"
[140   2],200,140,2,200,20.16,3.6253038322989397,4.411893476136811,1738.3593932571105,4470.529112466476,0.0,5.04,4.526133530765868,346.0986127128042,"ScoreBreakdown(accel=100.0, skidpad=75.0, autocross=19.41912498804323, endurance=104.27263925624916, efficiency=47.40684846851186)"
[140   2],205,140,2,205,20.16,3.63304424605127,4.42563881461237,1857.3103908462417,4471.12067763056,0.0,5.04,4.526033482869607,285.32418011525556,"ScoreBreakdown(accel=100.0, skidpad=75.0, autocross=6.5, endurance=63.61522009640394, efficiency=40.208960018851656)"
[140   2],210,140,2,210,20.16,3.6413066374271352,4.43876149137175,1987.245886353925,4471.21022803731,0.0,5.04,4.526187499339537,206.5,"ScoreBreakdown(accel=100.0, skidpad=75.0, autocross=6.5, endurance=25.0, efficiency=0.0)"
[140   2],215,140,2,215,20.16,3.6502306563926226,4.451909490984619,2042.3418821705714,4471.427605643391,0.0,5.04,4.526345873216232,206.5,"ScoreBreakdown(accel=100.0, skidpad=75.0, autocross=6.5, endurance=25.0, efficiency=0.0)"
[140   2],220,140,2,220,20.16,3.659836849872832,4.464692498941417,2017.680075208218,4471.336567676506,0.0,5.04,4.525971333123895,206.5,"ScoreBreakdown(accel=100.0, skidpad=75.0, autocross=6.5, endurance=25.0, efficiency=0.0)"
[140   2],225,140,2,225,20.16,3.6701055085420506,4.476935933773376,1996.6497833220537,4471.359853076604,0.0,5.04,4.525915304596709,206.5,"ScoreBreakdown(accel=100.0, skidpad=75.0, autocross=6.5, endurance=25.0, efficiency=0.0)"
[140   2],230,140,2,230,20.16,3.6811818926376247,4.4886810058795845,1978.1369634154357,4471.771237575121,0.0,5.04,4.525513606406279,242.60540593004023,"ScoreBreakdown(accel=100.0, skidpad=75.0, autocross=6.5, endurance=27.32267834092766, efficiency=33.78272758911256)"
[140   2],235,140,2,235,20.16,3.69325466831323,4.500279849860846,1919.5898833078493,4472.0760806445305,0.0,5.04,4.525698815165848,262.6193244874585,"ScoreBreakdown(accel=100.0, skidpad=75.0, autocross=6.5, endurance=44.33784493158113, efficiency=36.781479555877404)"
[140   2],240,140,2,240,20.16,3.706403470020561,4.511733862737842,1910.0175373593192,4472.376614285261,0.0,5.04,4.525514978154483,266.002547196135,"ScoreBreakdown(accel=100.0, skidpad=75.0, autocross=6.5, endurance=47.21901141584185, efficiency=37.283535780293185)"
[140   2],245,140,2,245,20.16,3.72069539565949,4.522747919369422,1840.652997920252,4473.156173399949,0.0,5.04,4.525743072543182,291.6030404900623,"ScoreBreakdown(accel=100.0, skidpad=75.0, autocross=6.5, endurance=68.992298821377, efficiency=41.110741668685286)"
[140   2],250,140,2,250,20.16,3.736347465548562,4.533349610791845,1736.2651872847257,4474.086849261773,0.0,5.04,4.526521402875201,347.24350909825904,"ScoreBreakdown(accel=100.0, skidpad=75.0, autocross=19.752328436652007, endurance=105.03834083613987, efficiency=47.45283982546713)"
[140   2],255,140,2,255,20.16,3.753710765628057,4.543751833798964,1659.5248901338982,4474.821351136796,0.0,5.04,4.527362284078178,394.5947446902335,"ScoreBreakdown(accel=100.0, skidpad=75.0, autocross=32.54229380449554, endurance=134.4296833621416, efficiency=52.62276752359635)"
[140   2],260,140,2,260,20.16,3.7731330596000134,4.554205599096264,1628.5603344198282,4471.525272543338,0.0012908012498149717,5.04,4.523697522511288,415.06055543613843,"ScoreBreakdown(accel=100.0, skidpad=75.0, autocross=38.04432375046944, endurance=147.07334908597664, efficiency=54.94288259969235)"
[140   2],265,140,2,265,20.16,3.7952596185436107,4.564290460655897,1645.2237376139228,4444.4566536205975,0.008595815445068608,5.04,4.495680365242493,404.7199130285112,"ScoreBreakdown(accel=100.0, skidpad=75.0, autocross=35.05769939015983, endurance=140.21008581310963, efficiency=54.452127825241725)"
[140   2],270,140,2,270,20.16,3.821174457418792,4.5740298978115845,1657.7219744999948,4425.305374479426,0.013771823422386037,5.04,4.475467021638501,397.06219241151695,"ScoreBreakdown(accel=99.98691971511879, skidpad=75.0, autocross=32.857014759072214, endurance=135.1529121676966, efficiency=54.06534576962937)"
[140   2],275,140,2,275,20.16,3.849749874109179,4.583512153122953,1670.8498418429594,4404.071109308293,0.019463435407037988,5.04,4.453597198712465,387.06391731302165,"ScoreBreakdown(accel=97.86042231271307, skidpad=75.0, autocross=30.58091767059922, endurance=129.9224406827667, efficiency=53.70013664694268)"
[140   2],280,140,2,280,20.16,3.8782795667071923,4.593257496777142,1683.4106163015306,4382.480933380693,0.025349929734631564,5.04,4.431263865085384,377.59471577660565,"ScoreBreakdown(accel=95.76858873133177, skidpad=75.0, autocross=28.43637518757087, endurance=124.99428170285887, efficiency=53.39547015484416)"
[140   2],285,140,2,285,20.16,3.906724326227902,4.602689228761392,1694.1847896493282,4362.83000690857,0.030754495185745676,5.04,4.410992906106499,369.3337695888973,"ScoreBreakdown(accel=93.71339838354871, skidpad=75.0, autocross=26.622201604347946, endurance=120.8253105092239, efficiency=53.17285909177679)"
[140   2],290,140,2,290,20.16,3.935079819301123,4.6118214268334015,1704.169792316597,4344.073223642023,0.03594726116745168,5.04,4.391778545080594,361.6524762161095,"ScoreBreakdown(accel=91.69422991893049, skidpad=75.0, autocross=24.961390407502673, endurance=117.00876610479378, efficiency=52.988089784882575)"
[140   2],295,140,2,295,20.16,3.9633417441227863,4.620667299055384,1713.2859301994465,4326.0695112777275,0.04107734188239834,5.04,4.373161791281794,354.58463643802276,"ScoreBreakdown(accel=89.7104735538761, skidpad=75.0, autocross=23.46200287912791, endurance=113.56317331714831, efficiency=52.84898668787041)"
[140   2],300,140,2,300,20.16,3.9915058253446176,4.62980857849513,1721.3441227908165,4310.259886087842,0.04571699191992029,5.04,4.356690835003484,348.1869871445391,"ScoreBreakdown(accel=87.76153133710751, skidpad=75.0, autocross=22.14984584338033, endurance=110.54783623245812, efficiency=52.727773731593174)"
[144   2],200,144,2,200,20.735999999999997,3.6253038322989397,4.411893476136811,1626.8022208665375,4599.359157914456,0.0,5.184,4.657093098329756,412.91020125906783,"ScoreBreakdown(accel=100.0, skidpad=75.0, autocross=38.36300318109225, endurance=147.80567447013868, efficiency=51.741523607836896)"
[144   2],205,144,2,205,20.735999999999997,3.63304424605127,4.42563881461237,1727.6759568633838,4599.59609409141,0.0,5.184,4.65701115638285,349.2590480959269,"ScoreBreakdown(accel=100.0, skidpad=75.0, autocross=21.127388366579332, endurance=108.19822878203568, efficiency=44.933430947311884)"
[144   2],210,144,2,210,20.735999999999997,3.6413066374271352,4.43876149137175,1724.7427981296612,4599.826862885716,0.0,5.184,4.6573192592616275,350.9990889451977,"ScoreBreakdown(accel=100.0, skidpad=75.0, autocross=21.60009822185166, endurance=109.28451610746187, efficiency=45.11447461588413)"
[144   2],215,144,2,215,20.735999999999997,3.6502306563926226,4.451909490984619,1810.7791871051804,4600.385755214841,0.0,5.184,4.6575676503898675,302.13528206344563,"ScoreBreakdown(accel=100.0, skidpad=75.0, autocross=8.370761817026366, endurance=78.88349886596757, efficiency=39.88102138045168)"
[144   2],220,144,2,220,20.735999999999997,3.659836849872832,4.464692498941417,1945.9987949686927,4600.884882625092,0.0,5.184,4.657596687658597,250.63508777287643,"ScoreBreakdown(accel=100.0, skidpad=75.0, autocross=6.5, endurance=36.53603690008609, efficiency=32.599050872790336)"
[144   2],225,144,2,225,20.735999999999997,3.6701055085420506,4.476935933773376,1988.5674050761954,4601.3422937840805,0.0,5.184,4.657998390188157,206.5,"ScoreBreakdown(accel=100.0, skidpad=75.0, autocross=6.5, endurance=25.0, efficiency=0.0)"
[144   2],230,144,2,230,20.735999999999997,3.6811818926376247,4.4886810058795845,1969.7207452952744,4601.645822552256,0.0,5.184,4.657695066685945,242.6169425114915,"ScoreBreakdown(accel=100.0, skidpad=75.0, autocross=6.5, endurance=29.706379133122553, efficiency=31.410563378368952)"
[144   2],235,144,2,235,20.735999999999997,3.69325466831323,4.500279849860846,1953.6939360105982,4601.6643603832645,0.0,5.184,4.657760393456356,248.00152701930767,"ScoreBreakdown(accel=100.0, skidpad=75.0, autocross=6.5, endurance=34.30239645764503, efficiency=32.19913056166262)"
[144   2],240,144,2,240,20.735999999999997,3.706403470020561,4.511733862737842,1939.232968836184,4601.644225618195,0.0,5.184,4.657588396010008,252.93719573327726,"ScoreBreakdown(accel=100.0, skidpad=75.0, autocross=6.5, endurance=38.514573351054565, efficiency=32.92262238222269)"
[144   2],245,144,2,245,20.735999999999997,3.72069539565949,4.522747919369422,1927.4493172602445,4602.219354431539,0.0,5.184,4.657600981096651,257.00120060740335,"ScoreBreakdown(accel=100.0, skidpad=75.0, autocross=6.5, endurance=41.99363973233941, efficiency=33.507560875063945)"
[144   2],250,144,2,250,20.735999999999997,3.736347465548562,4.533349610791845,1888.600014185446,4603.247939272158,0.0,5.184,4.6583089583704265,270.77787132303064,"ScoreBreakdown(accel=100.0, skidpad=75.0, autocross=6.5, endurance=53.771219445301966, efficiency=35.50665187772868)"
[144   2],255,144,2,255,20.735999999999997,3.753710765628057,4.543751833798964,1731.4517219382165,4604.512629963573,0.0,5.184,4.659492352627399,346.9038807388377,"ScoreBreakdown(accel=100.0, skidpad=75.0, autocross=20.521241298271228, endurance=106.80530271903278, efficiency=44.57733672153372)"
[144   2],260,144,2,260,20.735999999999997,3.7731330596000134,4.554205599096264,1680.5500926652235,4606.222592733104,0.0,5.184,4.660718277015434,377.879399428476,"ScoreBreakdown(accel=100.0, skidpad=75.0, autocross=28.92194282849278, endurance=126.11011622182939, efficiency=47.84734037815384)"
[144   2],265,144,2,265,20.735999999999997,3.7952596185436107,4.564290460655897,1625.309200583684,4607.915322646894,0.0,5.184,4.661748418935557,413.69500920980454,"ScoreBreakdown(accel=100.0, skidpad=75.0, autocross=38.63417257931002, endurance=148.42882179199358, efficiency=51.632014838500965)"
[144   2],270,144,2,270,20.735999999999997,3.821174457418792,4.5740298978115845,1638.1350023921175,4588.74572550313,0.005038895142944255,5.184,4.641495773276385,405.62355710542477,"ScoreBreakdown(accel=99.98691971511879, skidpad=75.0, autocross=36.32080544770378, endurance=143.11270374179287, efficiency=51.20312820080929)"
[144   2],275,144,2,275,20.735999999999997,3.849749874109179,4.583512153122953,1652.411010181715,4565.434965798194,0.011096239688075748,5.184,4.6174062447626305,394.72929894489323,"ScoreBreakdown(accel=97.86042231271307, skidpad=75.0, autocross=33.78809975704711, endurance=137.29254564669773, efficiency=50.78823122843529)"
[144   2],280,144,2,280,20.735999999999997,3.8782795667071923,4.593257496777142,1666.6668091681547,4539.9916459858405,0.01763910749292368,5.184,4.591522158460708,384.0928874186047,"ScoreBreakdown(accel=95.76858873133177, skidpad=75.0, autocross=31.302275530814814, endurance=131.58012116458622, efficiency=50.441901991871866)"
[144   2],285,144,2,285,20.735999999999997,3.906724326227902,4.602689228761392,1679.8352722766492,4515.680592536753,0.023961828385408498,5.184,4.566660606738012,374.30064255590185,"ScoreBreakdown(accel=93.71339838354871, skidpad=75.0, autocross=29.04354028564477, endurance=126.38954719843176, efficiency=50.15415668827663)"
[144   2],290,144,2,290,20.735999999999997,3.935079819301123,4.6118214268334015,1693.037244883378,4490.872817323997,0.030524031691099737,5.184,4.541124235242684,364.66328501078914,"ScoreBreakdown(accel=91.69422991893049, skidpad=75.0, autocross=26.81432845594575, endurance=121.26681804590193, efficiency=49.88790859001096)"
[144   2],295,144,2,295,20.735999999999997,3.9633417441227863,4.620667299055384,1704.73344887706,4466.6513895046955,0.03705930541238864,5.184,4.516137003901447,356.0920841229501,"ScoreBreakdown(accel=89.7104735538761, skidpad=75.0, autocross=24.86821722265957, endurance=116.79465411064822, efficiency=49.71873923576618)"
[144   2],300,144,2,300,20.735999999999997,3.9915058253446176,4.62980857849513,1714.4639302056153,4445.312774269269,0.04292829928765229,5.184,4.494042366985276,348.7669629940914,"ScoreBreakdown(accel=87.76153133710751, skidpad=75.0, autocross=23.26941328772853, endurance=113.1206024043298, efficiency=49.61541596492555)"
[100   3],200,100,3,200,21.599999999999998,3.6253038322989397,4.411893476136811,1722.0383261340835,4789.6643728237295,0.0,5.4,4.852649145679801,348.251928935024,"ScoreBreakdown(accel=100.0, skidpad=75.0, autocross=22.037379673051532, endurance=110.28938895448245, efficiency=40.92516030749006)"
[100   3],205,100,3,205,21.599999999999998,3.63304424605127,4.42563881461237,1719.4706898922236,4788.813502422304,0.0,5.4,4.8516114547766875,349.80194440065947,"ScoreBreakdown(accel=100.0, skidpad=75.0, autocross=22.453809306727543, endurance=111.24634432139234, efficiency=41.10179077253958)"
[100   3],210,100,3,210,21.599999999999998,3.6413066374271352,4.43876149137175,1696.2942262329095,4787.960613629054,0.0,5.4,4.850934848512687,363.8523506262268,"ScoreBreakdown(accel=100.0, skidpad=75.0, autocross=26.269708819800705, endurance=120.01528203216333, efficiency=42.567359774262755)"
[100   3],215,100,3,215,21.599999999999998,3.6502306563926226,4.451909490984619,1690.0414137764028,4787.35433644132,0.0,5.4,4.850292732698799,367.7175055426353,"ScoreBreakdown(accel=100.0, skidpad=75.0, autocross=27.31713299178867, endurance=122.4222629522455, efficiency=42.97810959860112)"
[100   3],220,100,3,220,21.599999999999998,3.659836849872832,4.464692498941417,1659.0901745897268,4786.77874784933,0.0,5.4,4.849473074535488,387.223346825439,"ScoreBreakdown(accel=100.0, skidpad=75.0, autocross=32.61811613479907, endurance=134.60392308969207, efficiency=45.00130760094787)"
[100   3],225,100,3,225,21.599999999999998,3.6701055085420506,4.476935933773376,1676.3737924249472,4786.6678522605025,0.0,5.4,4.8491515128371026,376.2520082041554,"ScoreBreakdown(accel=100.0, skidpad=75.0, autocross=29.63383646097942, endurance=127.74604790676582, efficiency=43.87212383641013)"
[100   3],230,100,3,230,21.599999999999998,3.6811818926376247,4.4886810058795845,1684.893114275696,4786.83918146349,0.0,5.4,4.848627138237144,370.92180701507675,"ScoreBreakdown(accel=100.0, skidpad=75.0, autocross=28.185373054919356, endurance=124.41747876060343, efficiency=43.31895519955395)"
[100   3],235,100,3,235,21.599999999999998,3.69325466831323,4.500279849860846,1718.336357307282,4786.4895838660195,0.0,5.4,4.848247632106489,350.53130665974055,"ScoreBreakdown(accel=100.0, skidpad=75.0, autocross=22.638176299315806, endurance=111.67001970078589, efficiency=41.22311065963886)"
[100   3],240,100,3,240,21.599999999999998,3.706403470020561,4.511733862737842,1718.9634209734706,4786.539640662348,0.0,5.4,4.8479552047002175,350.1553077078607,"ScoreBreakdown(accel=100.0, skidpad=75.0, autocross=22.53622739959678, endurance=111.43574111240714, efficiency=41.18333919585678)"
[100   3],245,100,3,245,21.599999999999998,3.72069539565949,4.522747919369422,1720.6121268543018,4786.741880779911,0.0,5.4,4.847747591207354,349.1664591751179,"ScoreBreakdown(accel=100.0, skidpad=75.0, autocross=22.268532995659463, endurance=110.82057932798229, efficiency=41.07734685147613)"
[100   3],250,100,3,250,21.599999999999998,3.736347465548562,4.533349610791845,1722.7902907971195,4787.686924835559,0.0,5.4,4.848289648451749,347.84799304785145,"ScoreBreakdown(accel=100.0, skidpad=75.0, autocross=21.91565799696783, endurance=110.00967252275485, efficiency=40.92266252812875)"
[100   3],255,100,3,255,21.599999999999998,3.753710765628057,4.543751833798964,1725.3855167253862,4788.393800133255,0.0,5.4,4.848876498951705,346.2906661361211,"ScoreBreakdown(accel=100.0, skidpad=75.0, autocross=21.496379752908176, endurance=109.04617104871319, efficiency=40.74811533449977)"
[100   3],260,100,3,260,21.599999999999998,3.7731330596000134,4.554205599096264,1728.4392769885278,4789.445300600306,0.0,5.4,4.8494647146661105,344.4593483565777,"ScoreBreakdown(accel=100.0, skidpad=75.0, autocross=21.004634263673992, endurance=107.91613983330141, efficiency=40.538574259602285)"
[100   3],265,100,3,265,21.599999999999998,3.7952596185436107,4.564290460655897,1731.3737310427916,4790.3966376212875,0.0,5.4,4.849626875255958,342.70696991063096,"ScoreBreakdown(accel=100.0, skidpad=75.0, autocross=20.53373492182456, endurance=106.83401306802003, efficiency=40.33922192078637)"
[100   3],270,100,3,270,21.599999999999998,3.821174457418792,4.5740298978115845,1733.719372944415,4791.09767632644,0.0,5.4,4.8489808444204945,341.29870752510465,"ScoreBreakdown(accel=99.98691971511879, skidpad=75.0, autocross=20.15847014277046, endurance=105.97165454382476, efficiency=40.18166312339063)"
[100   3],275,100,3,275,21.599999999999998,3.849749874109179,4.583512153122953,1735.9760494116547,4791.795556653548,0.0,5.4,4.848864492240168,337.832994798184,"ScoreBreakdown(accel=97.86042231271307, skidpad=75.0, autocross=19.79839554108765, endurance=105.14420304973532, efficiency=40.02997389464797)"
[100   3],280,100,3,280,21.599999999999998,3.8782795667071923,4.593257496777142,1738.472117677431,4792.33905452245,0.0,5.4,4.848883651622552,334.26892140614655,"ScoreBreakdown(accel=95.76858873133177, skidpad=75.0, autocross=19.401212478598996, endurance=104.23147630659021, efficiency=39.86764388962559)"
[100   3],285,100,3,285,21.599999999999998,3.906724326227902,4.602689228761392,1705.3217310401797,4793.228026247611,0.0,5.4,4.84933880798399,351.93762391825635,"ScoreBreakdown(accel=93.71339838354871, skidpad=75.0, autocross=24.77103908055377, endurance=116.57133872405194, efficiency=41.88184773010191)"
[100   3],290,100,3,290,21.599999999999998,3.935079819301123,4.6118214268334015,1682.3012747790817,4794.19193309939,0.0,5.4,4.84982435330736,364.06473453945375,"ScoreBreakdown(accel=91.69422991893049, skidpad=75.0, autocross=28.624487470134966, endurance=125.42656375923474, efficiency=43.31945339115357)"
[100   3],295,100,3,295,21.599999999999998,3.9633417441227863,4.620667299055384,1680.6878502262357,4795.318798426679,0.0,5.4,4.850392738583144,363.0630755561457,"ScoreBreakdown(accel=89.7104735538761, skidpad=75.0, autocross=28.898520900449924, endurance=126.05629262732175, efficiency=43.39778847449791)"
[100   3],300,100,3,300,21.599999999999998,3.9915058253446176,4.62980857849513,1675.7870210210472,4796.807472110216,0.0,5.4,4.851310830536758,364.152666331556,"ScoreBreakdown(accel=87.76153133710751, skidpad=75.0, autocross=29.73414201370357, endurance=127.97655008347921, efficiency=43.6804428972657)"
[104   3],200,104,3,200,22.464,3.6253038322989397,4.411893476136811,1708.7809174512997,4985.294040422645,0.0,5.616,5.054087608479203,352.027847757399,"ScoreBreakdown(accel=100.0, skidpad=75.0, autocross=24.20097067189017, endurance=115.26132142686599, efficiency=37.56555565864284)"
[104   3],205,104,3,205,22.464,3.63304424605127,4.42563881461237,1706.3115565285343,4983.952195348667,0.0,5.616,5.053022561388079,353.54486170408495,"ScoreBreakdown(accel=100.0, skidpad=75.0, autocross=24.60768134885411, endurance=116.19594262964765, efficiency=37.741237725583225)"
[104   3],210,104,3,210,22.464,3.6413066374271352,4.43876149137175,1704.4678059429855,4982.506652636153,0.0,5.616,5.052250303650908,354.689556519649,"ScoreBreakdown(accel=100.0, skidpad=75.0, autocross=24.912120678132368, endurance=116.89554425857006, efficiency=37.8818915829466)"
[104   3],215,104,3,215,22.464,3.6502306563926226,4.451909490984619,1703.6584877913524,4981.370620636224,0.0,5.616,5.051573327201566,355.2031509704407,"ScoreBreakdown(accel=100.0, skidpad=75.0, autocross=25.045963060103684, endurance=117.20311407442766, efficiency=37.95407383590934)"
[104   3],220,104,3,220,22.464,3.659836849872832,4.464692498941417,1703.0099347629432,4979.814575953018,0.0,5.616,5.050841130699662,355.6284095918166,"ScoreBreakdown(accel=100.0, skidpad=75.0, autocross=25.153310449916333, endurance=117.44979839393245, efficiency=38.02530074796784)"
[104   3],225,104,3,225,22.464,3.6701055085420506,4.476935933773376,1703.3859104039789,4979.002160048809,0.0,5.616,5.0505185136035085,355.4172197219143,"ScoreBreakdown(accel=100.0, skidpad=75.0, autocross=25.091069645579324, endurance=117.30676901529456, efficiency=38.019381061040434)"
[104   3],230,104,3,230,22.464,3.6811818926376247,4.4886810058795845,1703.7175212901852,4978.550034830821,0.0,5.616,5.049945995441283,355.2255730448858,"ScoreBreakdown(accel=100.0, skidpad=75.0, autocross=25.036195994315673, endurance=117.18066935563499, efficiency=38.008707694935055)"
[104   3],235,104,3,235,22.464,3.69325466831323,4.500279849860846,1705.0462771507318,4978.545696223393,0.0,5.616,5.049723361841533,354.42112143177684,"ScoreBreakdown(accel=100.0, skidpad=75.0, autocross=24.816532871957804, endurance=116.67588346420607, efficiency=37.92870509561298)"
[104   3],240,104,3,240,22.464,3.706403470020561,4.511733862737842,1705.9878790296743,4978.285523973408,0.0,5.616,5.0493928790661835,353.85711869073793,"ScoreBreakdown(accel=100.0, skidpad=75.0, autocross=24.66107922162255, endurance=116.3186509500816, efficiency=37.87738851903377)"
[104   3],245,104,3,245,22.464,3.72069539565949,4.522747919369422,1707.797219771229,4979.017990488354,0.0,5.616,5.049124092569621,352.7497216488399,"ScoreBreakdown(accel=100.0, skidpad=75.0, autocross=24.362847497586888, endurance=115.63331439903124, efficiency=37.75355975222181)"
[104   3],250,104,3,250,22.464,3.736347465548562,4.533349610791845,1710.3460695381305,4981.509090364994,0.0,5.616,5.049612614940047,351.1637145324708,"ScoreBreakdown(accel=100.0, skidpad=75.0, autocross=23.943793814399815, endurance=114.67032896591189, efficiency=37.54959175215908)"
[104   3],255,104,3,255,22.464,3.753710765628057,4.543751833798964,1712.8600708432095,4982.9733086775705,0.0,5.616,5.050386129164804,349.62441097843725,"ScoreBreakdown(accel=100.0, skidpad=75.0, autocross=23.531691228729606, endurance=113.72331715603347, efficiency=37.3694025936742)"
[104   3],260,104,3,260,22.464,3.7731330596000134,4.554205599096264,1716.063924588409,4985.262880033484,0.0,5.616,5.05135758672416,347.6606196840627,"ScoreBreakdown(accel=100.0, skidpad=75.0, autocross=23.008255871167677, endurance=112.52046261797473, efficiency=37.13190119492027)"
[104   3],265,104,3,265,22.464,3.7952596185436107,4.564290460655897,1719.1544555669466,4987.31891509522,0.0,5.616,5.051959911400173,345.77637545311313,"ScoreBreakdown(accel=100.0, skidpad=75.0, autocross=22.50518350456378, endurance=111.3644022364982, efficiency=36.906789712051115)"
[104   3],270,104,3,270,22.464,3.821174457418792,4.5740298978115845,1677.3715752811274,4989.042095878699,0.0,5.616,5.052197124310424,371.2082166166157,"ScoreBreakdown(accel=99.98691971511879, skidpad=75.0, autocross=29.46343174261441, endurance=127.35445783584164, efficiency=39.40340732304085)"
[104   3],275,104,3,275,22.464,3.849749874109179,4.583512153122953,1651.3202782466167,4990.40282394881,0.0,5.616,5.052660631035997,385.59207277533136,"ScoreBreakdown(accel=97.86042231271307, skidpad=75.0, autocross=33.98006135424393, endurance=137.73367342873493, efficiency=41.01791567963944)"
[104   3],280,104,3,280,22.464,3.8782795667071923,4.593257496777142,1655.3946479382555,4991.676656017968,0.0,5.616,5.053380245851365,380.8523430837923,"ScoreBreakdown(accel=95.76858873133177, skidpad=75.0, autocross=33.26429168402463, endurance=136.08883460844908, efficiency=40.730628059986806)"
[104   3],285,104,3,285,22.464,3.906724326227902,4.602689228761392,1645.8521724187585,4992.652810215252,0.0,5.616,5.0540225260767,384.9351456406156,"ScoreBreakdown(accel=93.71339838354871, skidpad=75.0, autocross=34.9462468020983, endurance=139.95396774735138, efficiency=41.32153270761719)"
[104   3],290,104,3,290,22.464,3.935079819301123,4.6118214268334015,1650.7399737122869,4993.679927760154,0.0,5.616,5.054564764255177,379.73078807016765,"ScoreBreakdown(accel=91.69422991893049, skidpad=75.0, autocross=34.08229449469525, endurance=137.96860520236325, efficiency=40.98565845417869)"
[104   3],295,104,3,295,22.464,3.9633417441227863,4.620667299055384,1643.9911165502135,4994.898342984862,0.0,5.616,5.055372900500976,382.09391263780884,"ScoreBreakdown(accel=89.7104735538761, skidpad=75.0, autocross=35.276551567413634, endurance=140.71300815255543, efficiency=41.393879363963684)"
[104   3],300,104,3,300,22.464,3.9915058253446176,4.62980857849513,1640.230452419751,4995.718811441997,0.0,5.616,5.055840791386768,382.57969331398806,"ScoreBreakdown(accel=87.76153133710751, skidpad=75.0, autocross=35.946291093758305, endurance=142.25206969462113, efficiency=41.61980118850115)"
[108   3],200,108,3,200,23.328,3.6253038322989397,4.411893476136811,1544.699579484871,5177.808095128709,0.0,5.832,5.251885661769676,457.1408841429951,"ScoreBreakdown(accel=100.0, skidpad=75.0, autocross=54.05304367563813, endurance=183.86139011589492, efficiency=44.22645035146204)"
[108   3],205,108,3,205,23.328,3.63304424605127,4.42563881461237,1576.5733930207068,5177.50338679185,0.0,5.832,5.251853715159937,434.2149732132051,"ScoreBreakdown(accel=100.0, skidpad=75.0, autocross=47.76780858573879, endurance=169.41791884206876, efficiency=42.02924578539751)"
[108   3],210,108,3,210,23.328,3.6413066374271352,4.43876149137175,1693.2370045422372,5177.182068637496,0.0,5.832,5.252065623188654,357.64812738029985,"ScoreBreakdown(accel=100.0, skidpad=75.0, autocross=26.780865119151674, endurance=121.18991929242674, efficiency=34.677342968721454)"
[108   3],215,108,3,215,23.328,3.6502306563926226,4.451909490984619,1691.9028663980664,5176.6295499041735,0.0,5.832,5.251851765718012,358.47473513616114,"ScoreBreakdown(accel=100.0, skidpad=75.0, autocross=27.00450710705695, endurance=121.70384861754016, efficiency=34.76637941156403)"
[108   3],220,108,3,220,23.328,3.659836849872832,4.464692498941417,1691.2754542074783,5175.642355631071,0.0,5.832,5.251165080747402,358.87791344670626,"ScoreBreakdown(accel=100.0, skidpad=75.0, autocross=27.10980238630873, endurance=121.94581718663738, efficiency=34.82229387376016)"
[108   3],225,108,3,225,23.328,3.6701055085420506,4.476935933773376,1691.5096933695786,5175.5172494433355,0.0,5.832,5.250909596116792,358.73685143433636,"ScoreBreakdown(accel=100.0, skidpad=75.0, autocross=27.070482125564308, endurance=121.85545922095771, efficiency=34.81091008781435)"
[108   3],230,108,3,230,23.328,3.6811818926376247,4.4886810058795845,1692.0063000327173,5175.597889542577,0.0,5.832,5.250367378066317,358.43126486233166,"ScoreBreakdown(accel=100.0, skidpad=75.0, autocross=26.987155883549317, endurance=121.66397550305615, efficiency=34.78013347572622)"
[108   3],235,108,3,235,23.328,3.69325466831323,4.500279849860846,1693.1469426265733,5175.71555234359,0.0,5.832,5.25032137430565,357.73134853406503,"ScoreBreakdown(accel=100.0, skidpad=75.0, autocross=26.795951132880948, endurance=121.2245869544662, efficiency=34.71081044671788)"
[108   3],240,108,3,240,23.328,3.706403470020561,4.511733862737842,1694.1610139264615,5175.763375213811,0.0,5.832,5.249946939539222,357.1109805200106,"ScoreBreakdown(accel=100.0, skidpad=75.0, autocross=26.62617959710555, endurance=120.83445193723747, efficiency=34.65034898566754)"
[108   3],245,108,3,245,23.328,3.72069539565949,4.522747919369422,1695.7691261619934,5176.277009316425,0.0,5.832,5.249754958015117,356.1203232475325,"ScoreBreakdown(accel=100.0, skidpad=75.0, autocross=26.35737253841527, endurance=120.21673327200665, efficiency=34.54621743711064)"
[108   3],250,108,3,250,23.328,3.736347465548562,4.533349610791845,1698.3030914802146,5177.014938865114,0.0,5.832,5.250243506333636,354.5644849281276,"ScoreBreakdown(accel=100.0, skidpad=75.0, autocross=25.93483581295007, endurance=119.2457438071572, efficiency=34.38390530802035)"
[108   3],255,108,3,255,23.328,3.753710765628057,4.543751833798964,1701.0962935867658,5176.9083596342025,0.0,5.832,5.250797160394146,352.8724405588897,"ScoreBreakdown(accel=100.0, skidpad=75.0, autocross=25.470530148007587, endurance=118.17876931249612, efficiency=34.22314109838602)"
[108   3],260,108,3,260,23.328,3.7731330596000134,4.554205599096264,1704.5352692073002,5177.675625371636,0.0,5.832,5.251485691168488,350.77967821676276,"ScoreBreakdown(accel=100.0, skidpad=75.0, autocross=24.900969563587065, endurance=116.86991899550463, efficiency=34.00878965767108)"
[108   3],265,108,3,265,23.328,3.7952596185436107,4.564290460655897,1707.919321042787,5178.746833107315,0.0,5.832,5.251973783994405,348.7225525453177,"ScoreBreakdown(accel=100.0, skidpad=75.0, autocross=24.342744433692886, endurance=115.58711755488521, efficiency=33.7926905567396)"
[108   3],270,108,3,270,23.328,3.821174457418792,4.5740298978115845,1710.621663336236,5179.7626870609065,0.0,5.832,5.252120554593145,347.06955332880597,"ScoreBreakdown(accel=99.98691971511879, skidpad=75.0, autocross=23.89855854318218, endurance=114.5663783051886, efficiency=33.61769676531636)"
[108   3],275,108,3,275,23.328,3.849749874109179,4.583512153122953,1713.0408159908725,5180.942303904594,0.0,5.832,5.252723063899356,343.4742632821215,"ScoreBreakdown(accel=97.86042231271307, skidpad=75.0, autocross=23.50210955309708, endurance=113.65533846054794, efficiency=33.456392955763434)"
[108   3],280,108,3,280,23.328,3.8782795667071923,4.593257496777142,1645.1778012605948,5182.757171126227,0.0,5.832,5.2536905437037,383.5354175090708,"ScoreBreakdown(accel=95.76858873133177, skidpad=75.0, autocross=35.06584951812907, endurance=140.228814808528, efficiency=37.47216445108192)"
[108   3],285,108,3,285,23.328,3.906724326227902,4.602689228761392,1640.3784050706954,5184.394639774471,0.0,5.832,5.254792171272786,384.5635707874603,"ScoreBreakdown(accel=93.71339838354871, skidpad=75.0, autocross=35.91988406386655, endurance=142.19138633557188, efficiency=37.73890200447317)"
[108   3],290,108,3,290,23.328,3.935079819301123,4.6118214268334015,1640.1967245762462,5185.9438672709875,0.0,5.832,5.255876026092444,382.6320775426437,"ScoreBreakdown(accel=91.69422991893049, skidpad=75.0, autocross=35.952311606545635, endurance=142.26590483399994, efficiency=37.71963118316763)"
[108   3],295,108,3,295,23.328,3.9633417441227863,4.620667299055384,1623.7584484598253,5187.695514563178,0.0,5.832,5.257250605420927,391.4262935048337,"ScoreBreakdown(accel=89.7104735538761, skidpad=75.0, autocross=38.916355475885496, endurance=149.07727813489188, efficiency=38.72218634018027)"
[108   3],300,108,3,300,23.328,3.9915058253446176,4.62980857849513,1629.1684943666164,5189.8472505124255,0.0,5.832,5.258887228348732,385.8519423133353,"ScoreBreakdown(accel=87.76153133710751, skidpad=75.0, autocross=37.93424748711106, endurance=146.8203938146134, efficiency=38.33576967450334)"
[112   3],200,112,3,200,24.192,3.6253038322989397,4.411893476136811,1495.303501647197,5370.60988309844,0.0,6.048,5.449338663588405,490.5693636779772,"ScoreBreakdown(accel=100.0, skidpad=75.0, autocross=64.32291040201926, endurance=207.46154554793011, efficiency=43.784907728027875)"
[112   3],205,112,3,205,24.192,3.63304424605127,4.42563881461237,1530.0952003223301,5370.681549850279,0.0,6.048,5.4491952845068905,464.0159636756957,"ScoreBreakdown(accel=100.0, skidpad=75.0, autocross=57.02037703198829, endurance=190.68032265847935, efficiency=41.31526398522801)"
[112   3],210,112,3,210,24.192,3.6413066374271352,4.43876149137175,1540.1233342357536,5371.49827201652,0.0,6.048,5.449442346362503,456.569495150314,"ScoreBreakdown(accel=100.0, skidpad=75.0, autocross=54.97679586754204, endurance=185.98417280533468, efficiency=40.60852647743736)"
[112   3],215,112,3,215,24.192,3.6502306563926226,4.451909490984619,1573.7063222883148,5371.64343316116,0.0,6.048,5.449737504047443,432.3729899053239,"ScoreBreakdown(accel=100.0, skidpad=75.0, autocross=48.32274886060494, endurance=170.69317168529173, efficiency=38.35706935942723)"
[112   3],220,112,3,220,24.192,3.659836849872832,4.464692498941417,1681.4075253018093,5371.966152948914,0.0,6.048,5.449925759565477,361.29736361385415,"ScoreBreakdown(accel=100.0, skidpad=75.0, autocross=28.776222117617635, endurance=125.77525000419044, efficiency=31.74589149204611)"
[112   3],225,112,3,225,24.192,3.6701055085420506,4.476935933773376,1680.791441555134,5372.756185828496,0.0,6.048,5.450302255526284,361.66380487599923,"ScoreBreakdown(accel=100.0, skidpad=75.0, autocross=28.88091054037978, endurance=126.01582401697428, efficiency=31.76707031864515)"
[112   3],230,112,3,230,24.192,3.6811818926376247,4.4886810058795845,1680.9568996681235,5373.329463327974,0.0,6.048,5.450058168696742,361.55125523744033,"ScoreBreakdown(accel=100.0, skidpad=75.0, autocross=28.85278742808883, endurance=125.95119710028868, efficiency=31.74727070906275)"
[112   3],235,112,3,235,24.192,3.69325466831323,4.500279849860846,1682.0164716761574,5373.3725298877325,0.0,6.048,5.449883681274926,360.89615891518974,"ScoreBreakdown(accel=100.0, skidpad=75.0, autocross=28.67282187974853, endurance=125.53763624050342, efficiency=31.685700794937837)"
[112   3],240,112,3,240,24.192,3.706403470020561,4.511733862737842,1682.7760148045313,5373.51994226428,0.0,6.048,5.449644265587402,360.42497675836256,"ScoreBreakdown(accel=100.0, skidpad=75.0, autocross=28.543954914452655, endurance=125.24149993298693, efficiency=31.63952191092293)"
[112   3],245,112,3,245,24.192,3.72069539565949,4.522747919369422,1684.5300987792637,5374.004742710999,0.0,6.048,5.449657037930851,359.33586906507304,"ScoreBreakdown(accel=100.0, skidpad=75.0, autocross=28.24679446096432, endurance=124.55862516183092, efficiency=31.530449442277813)"
[112   3],250,112,3,250,24.192,3.736347465548562,4.533349610791845,1687.013781335174,5374.823019954077,0.0,6.048,5.450240183999386,357.79527329775306,"ScoreBreakdown(accel=100.0, skidpad=75.0, autocross=27.827089211206957, endurance=123.5941424286257, efficiency=31.37404165792044)"
[112   3],255,112,3,255,24.192,3.753710765628057,4.543751833798964,1690.073444505854,5374.824633421234,0.0,6.048,5.4508118895614395,355.9216011718907,"ScoreBreakdown(accel=100.0, skidpad=75.0, autocross=27.311747695226654, endurance=122.40988753985721, efficiency=31.19996593680687)"
[112   3],260,112,3,260,24.192,3.7731330596000134,4.554205599096264,1693.8044342489038,5375.741857912687,0.0,6.048,5.451432874069508,353.6296803365669,"ScoreBreakdown(accel=100.0, skidpad=75.0, autocross=26.68585348842246, endurance=120.97158254933139, efficiency=30.972244298813028)"
[112   3],265,112,3,265,24.192,3.7952596185436107,4.564290460655897,1697.5696963549328,5376.771375292249,0.0,6.048,5.451800369286185,351.3250806605263,"ScoreBreakdown(accel=100.0, skidpad=75.0, autocross=26.056999160518092, endurance=119.5264752000288, efficiency=30.741606299979352)"
[112   3],270,112,3,270,24.192,3.821174457418792,4.5740298978115845,1699.6902446059905,5377.4400756034665,0.0,6.048,5.451730568840078,350.0169998667836,"ScoreBreakdown(accel=99.98691971511879, skidpad=75.0, autocross=25.704062734769526, endurance=118.71542723541435, efficiency=30.61059018148086)"
[112   3],275,112,3,275,24.192,3.849749874109179,4.583512153122953,1702.1011047888644,5378.092469799902,0.0,6.048,5.4519128899736735,346.424043849135,"ScoreBreakdown(accel=97.86042231271307, skidpad=75.0, autocross=25.303876073450095, endurance=117.79579822166059, efficiency=30.46394724131122)"
[112   3],280,112,3,280,24.192,3.8782795667071923,4.593257496777142,1705.2189530135913,5378.727274009385,0.0,6.048,5.452546134854737,342.4455549541962,"ScoreBreakdown(accel=95.76858873133177, skidpad=75.0, autocross=24.78801211596615, endurance=116.61034276223057, efficiency=30.278611344667695)"
[112   3],285,112,3,285,24.192,3.906724326227902,4.602689228761392,1708.2383208955775,5379.870311006409,0.0,6.048,5.45349279454846,338.5605524773264,"ScoreBreakdown(accel=93.71339838354871, skidpad=75.0, autocross=24.29023704855894, endurance=115.4664555751822, efficiency=30.090461470036516)"
[112   3],290,112,3,290,24.192,3.935079819301123,4.6118214268334015,1643.7517458161046,5381.623008568607,0.0,6.048,5.454602396938747,376.60373148188114,"ScoreBreakdown(accel=91.69422991893049, skidpad=75.0, autocross=35.31908996031091, endurance=140.8107613864534, efficiency=33.7796502161863)"
[112   3],295,112,3,295,24.192,3.9633417441227863,4.620667299055384,1636.1299053763698,5382.90472459003,0.0,6.048,5.456086237015421,379.54397640248277,"ScoreBreakdown(accel=89.7104735538761, skidpad=75.0, autocross=36.68006939544557, endurance=143.938292352992, efficiency=34.21514110016907)"
[112   3],300,112,3,300,24.192,3.9915058253446176,4.62980857849513,1620.2095525718419,5385.626161830189,0.0,6.048,5.45820601467087,388.028856007275,"ScoreBreakdown(accel=87.76153133710751, skidpad=75.0, autocross=39.56416356516712, endurance=150.56594123096733, efficiency=35.13721987403306)"
[116   3],200,116,3,200,25.055999999999997,3.6253038322989397,4.411893476136811,1478.1335992649015,5559.979792869748,0.0006257294575990097,6.264,5.643342452358885,500.39347043821823,"ScoreBreakdown(accel=100.0, skidpad=75.0, autocross=68.05344014381183, endurance=216.03430351021, efficiency=41.305726784196416)"
[116   3],205,116,3,205,25.055999999999997,3.63304424605127,4.42563881461237,1484.399596708129,5563.516777188158,0.0,6.264,5.646499802529484,495.3556201830277,"ScoreBreakdown(accel=100.0, skidpad=75.0, autocross=66.68201718165207, endurance=212.88277331684424, efficiency=40.79082968453139)"
[116   3],210,116,3,210,25.055999999999997,3.6413066374271352,4.43876149137175,1492.355376641534,5563.846950407578,0.0,6.264,5.646742001902637,489.09871696099145,"ScoreBreakdown(accel=100.0, skidpad=75.0, autocross=64.95734960309734, endurance=208.91948693670756, efficiency=40.22188042118653)"
[116   3],215,116,3,215,25.055999999999997,3.6502306563926226,4.451909490984619,1520.9141041190576,5565.153520053361,0.0,6.264,5.646911446079593,467.1754111377959,"ScoreBreakdown(accel=100.0, skidpad=75.0, autocross=58.91497522186241, endurance=195.0341096114713, efficiency=38.226326304462205)"
[116   3],220,116,3,220,25.055999999999997,3.659836849872832,4.464692498941417,1537.9515692031512,5565.640782048547,0.0,6.264,5.6470928919000976,454.4895900702765,"ScoreBreakdown(accel=100.0, skidpad=75.0, autocross=55.41710774014586, endurance=186.99600956124175, efficiency=37.076472768888905)"
[116   3],225,116,3,225,25.055999999999997,3.6701055085420506,4.476935933773376,1572.03508407472,5566.79316204225,0.0,6.264,5.64761558112457,429.9336500406051,"ScoreBreakdown(accel=100.0, skidpad=75.0, autocross=48.647161789323754, endurance=171.4386726490246, efficiency=34.847815602256745)"
[116   3],230,116,3,230,25.055999999999997,3.6811818926376247,4.4886810058795845,1616.4538105268532,5568.229071590463,0.0,6.264,5.647970195737098,399.48688733428617,"ScoreBreakdown(accel=100.0, skidpad=75.0, autocross=40.252826942915185, endurance=152.14848978668073, efficiency=32.08557060469023)"
[116   3],235,116,3,235,25.055999999999997,3.69325466831323,4.500279849860846,1672.5572082179629,5568.750503530086,0.0,6.264,5.648523358324131,363.3638503154724,"ScoreBreakdown(accel=100.0, skidpad=75.0, autocross=30.28752177032755, endurance=129.24821685552405, efficiency=28.82811168962084)"
[116   3],240,116,3,240,25.055999999999997,3.706403470020561,4.511733862737842,1673.1478588784216,5569.415495107062,0.0,6.264,5.648737864117885,362.98535825679744,"ScoreBreakdown(accel=100.0, skidpad=75.0, autocross=30.186163051910345, endurance=129.0152945038743, efficiency=28.783900701012833)"
[116   3],245,116,3,245,25.055999999999997,3.72069539565949,4.522747919369422,1675.1321284568933,5569.543235032089,0.0,6.264,5.648741841620737,361.7511237516991,"ScoreBreakdown(accel=100.0, skidpad=75.0, autocross=29.84617550977528, endurance=128.2340030759407, efficiency=28.670945165983085)"
[116   3],250,116,3,250,25.055999999999997,3.736347465548562,4.533349610791845,1678.4085992800256,5570.413921106628,0.0,6.264,5.649282144019415,359.7084713648523,"ScoreBreakdown(accel=100.0, skidpad=75.0, autocross=29.28654000342883, endurance=126.94796059000114, efficiency=28.473970771422316)"
[116   3],255,116,3,255,25.055999999999997,3.753710765628057,4.543751833798964,1685.5796321381704,5571.203745442413,0.0,6.264,5.64991124138977,355.2841431840309,"ScoreBreakdown(accel=100.0, skidpad=75.0, autocross=28.06928810150388, endurance=124.1507155184975, efficiency=28.064139564029542)"
[116   3],260,116,3,260,25.055999999999997,3.7731330596000134,4.554205599096264,1745.0230868716667,5572.498122705532,0.0,6.264,5.650721727684495,320.0937729477656,"ScoreBreakdown(accel=100.0, skidpad=75.0, autocross=18.36420384896431, endurance=101.8484303045547, efficiency=24.881138794246606)"
[116   3],265,116,3,265,25.055999999999997,3.7952596185436107,4.564290460655897,1827.4032575467631,5573.592766986669,0.0,6.264,5.651079420602005,275.66242322406663,"ScoreBreakdown(accel=100.0, skidpad=75.0, autocross=6.5, endurance=73.33937075482692, efficiency=20.82305246923972)"
[116   3],270,116,3,270,25.055999999999997,3.821174457418792,4.5740298978115845,1824.035299547697,5574.921741384635,0.0,6.264,5.651003005855255,276.9019856325499,"ScoreBreakdown(accel=99.98691971511879, skidpad=75.0, autocross=6.5, endurance=74.45442195376319, efficiency=20.96064396366793)"
[116   3],275,116,3,275,25.055999999999997,3.849749874109179,4.583512153122953,1794.250414427647,5575.754879564787,0.0,6.264,5.651202943407019,290.5426408549729,"ScoreBreakdown(accel=97.86042231271307, skidpad=75.0, autocross=10.813842318300546, endurance=84.49769826107126, efficiency=22.370677962888013)"
[116   3],280,116,3,280,25.055999999999997,3.8782795667071923,4.593257496777142,1718.8763308416821,5576.753754613774,0.0,6.264,5.651744239380946,330.96257979765085,"ScoreBreakdown(accel=95.76858873133177, skidpad=75.0, autocross=22.55038218864436, endurance=111.46826881997448, efficiency=26.1753400577002)"
[116   3],285,116,3,285,25.055999999999997,3.906724326227902,4.602689228761392,1698.0509867795647,5577.909501250994,0.0,6.264,5.652265746734047,341.3040121933203,"ScoreBreakdown(accel=93.71339838354871, skidpad=75.0, autocross=25.976817582161313, endurance=119.34221791973286, efficiency=27.271578307877466)"
[116   3],290,116,3,290,25.055999999999997,3.935079819301123,4.6118214268334015,1700.5572229514396,5578.935215703504,0.0,6.264,5.652902001154006,337.75770655153957,"ScoreBreakdown(accel=91.69422991893049, skidpad=75.0, autocross=25.560019475969053, endurance=118.3844158029197, efficiency=27.11904135372034)"
[116   3],295,116,3,295,25.055999999999997,3.9633417441227863,4.620667299055384,1704.7970214851484,5579.832535448211,0.0,6.264,5.653935176938015,333.2144889143328,"ScoreBreakdown(accel=89.7104735538761, skidpad=75.0, autocross=24.85771245168351, endurance=116.77051414521164, efficiency=26.875788763561516)"
[116   3],300,116,3,300,25.055999999999997,3.9915058253446176,4.62980857849513,1633.3668332333039,5581.645411582356,0.0,6.264,5.655692252814402,375.86974655679035,"ScoreBreakdown(accel=87.76153133710751, skidpad=75.0, autocross=37.17658903218327, endurance=145.07929456015466, efficiency=30.85233162734496)"
[120   3],200,120,3,200,25.919999999999995,3.6253038322989397,4.411893476136811,1473.1397621271856,5708.247779981685,0.009597531878530732,6.48,5.796701461560854,501.6208211644783,"ScoreBreakdown(accel=100.0, skidpad=75.0, autocross=69.15478278396986, endurance=218.5651890790449, efficiency=38.90084930146355)"
[120   3],205,120,3,205,25.919999999999995,3.63304424605127,4.42563881461237,1478.4339811786228,5725.039925589084,0.0062487756165760956,6.48,5.813007522447211,497.0966993523764,"ScoreBreakdown(accel=100.0, skidpad=75.0, autocross=67.98743103417141, endurance=215.88261456536281, efficiency=38.226653752842154)"
[120   3],210,120,3,210,25.919999999999995,3.6413066374271352,4.43876149137175,1483.5628500644495,5743.566961725068,0.002728877465140997,6.48,5.8307017947501025,492.70609336343614,"ScoreBreakdown(accel=100.0, skidpad=75.0, autocross=66.86448358926702, endurance=213.30208115165522, efficiency=37.53952862251392)"
[120   3],215,120,3,215,25.919999999999995,3.6502306563926226,4.451909490984619,1488.7459354575965,5757.822267901987,0.0,6.48,5.844521026739876,488.3808095876462,"ScoreBreakdown(accel=100.0, skidpad=75.0, autocross=65.73752606970243, endurance=210.71233258571687, efficiency=36.93095093222687)"
[120   3],220,120,3,220,25.919999999999995,3.659836849872832,4.464692498941417,1496.015021252743,5758.533247291293,0.0,6.48,5.844699583809634,482.7050231116193,"ScoreBreakdown(accel=100.0, skidpad=75.0, autocross=64.17016530212717, endurance=207.11053728317108, efficiency=36.42432052632102)"
[120   3],225,120,3,225,25.919999999999995,3.6701055085420506,4.476935933773376,1511.2453430359976,5759.318141809625,0.0,6.48,5.845065313473985,471.0023237784153,"ScoreBreakdown(accel=100.0, skidpad=75.0, autocross=60.93509390865845, endurance=199.67634268710378, efficiency=35.390887182653046)"
[120   3],230,120,3,230,25.919999999999995,3.6811818926376247,4.4886810058795845,1539.7343710367963,5760.474411100673,0.0,6.48,5.845150754606013,449.73876869180094,"ScoreBreakdown(accel=100.0, skidpad=75.0, autocross=55.055564431524665, endurance=186.16518297836572, efficiency=33.51802128191058)"
[120   3],235,120,3,235,25.919999999999995,3.69325466831323,4.500279849860846,1559.717129129816,5759.971387468985,0.0,6.48,5.845574544738982,435.30974141521074,"ScoreBreakdown(accel=100.0, skidpad=75.0, autocross=51.059711414631245, endurance=176.98271208611874, efficiency=32.26731791446078)"
[120   3],240,120,3,240,25.919999999999995,3.706403470020561,4.511733862737842,1578.4512425360556,5759.665511815342,0.0,6.48,5.845900083093308,422.1113759882607,"ScoreBreakdown(accel=100.0, skidpad=75.0, autocross=47.40543115442295, endurance=168.58517544510292, efficiency=31.1207693887348)"
[120   3],245,120,3,245,25.919999999999995,3.72069539565949,4.522747919369422,1666.5402211753808,5761.040944156343,0.0,6.48,5.846408361196094,363.9854103566233,"ScoreBreakdown(accel=100.0, skidpad=75.0, autocross=31.32416189629786, endurance=131.6304160360781, efficiency=26.030832424247283)"
[120   3],250,120,3,250,25.919999999999995,3.736347465548562,4.533349610791845,1670.0487145175482,5763.0158896329085,0.0,6.48,5.8479929960225006,361.76710170728484,"ScoreBreakdown(accel=100.0, skidpad=75.0, autocross=30.718791139911946, endurance=130.2392739380004, efficiency=25.80903662937246)"
[120   3],255,120,3,255,25.919999999999995,3.753710765628057,4.543751833798964,1825.2303335538695,5764.291877411724,0.0,6.48,5.848697177332155,273.6483923395137,"ScoreBreakdown(accel=100.0, skidpad=75.0, autocross=6.5, endurance=74.05830345632967, efficiency=18.09008888318401)"
[120   3],260,120,3,260,25.919999999999995,3.7731330596000134,4.554205599096264,1821.4158634977473,5765.613508661885,0.0,6.48,5.8492739975195525,275.3911068557159,"ScoreBreakdown(accel=100.0, skidpad=75.0, autocross=6.822027014266512, endurance=75.3245060336414, efficiency=18.244573807807974)"
[120   3],265,120,3,265,25.919999999999995,3.7952596185436107,4.564290460655897,1817.7876245817913,5767.115517350137,0.0,6.48,5.849661168200947,277.2706894642977,"ScoreBreakdown(accel=100.0, skidpad=75.0, autocross=7.348273659296686, endurance=76.53382091076594, efficiency=18.388594894235027)"
[120   3],270,120,3,270,25.919999999999995,3.821174457418792,4.5740298978115845,1814.3486910899094,5768.473406218602,0.0,6.48,5.849548783252456,279.04702258997827,"ScoreBreakdown(accel=99.98691971511879, skidpad=75.0, autocross=7.849005950001237, endurance=77.68450379743958, efficiency=18.52659312741867)"
[120   3],275,120,3,275,25.919999999999995,3.849749874109179,4.583512153122953,1811.3812302240156,5769.658703337972,0.0,6.48,5.849871084677515,278.4698849595335,"ScoreBreakdown(accel=97.86042231271307, skidpad=75.0, autocross=8.282616760696932, endurance=78.68094151197619, efficiency=18.645904374147324)"
[120   3],280,120,3,280,25.919999999999995,3.8782795667071923,4.593257496777142,1809.1853688991584,5770.877773781217,0.0,6.48,5.850280162844385,277.5228749621505,"ScoreBreakdown(accel=95.76858873133177, skidpad=75.0, autocross=8.60439576213143, endurance=79.42038971037505, efficiency=18.729500758312327)"
[120   3],285,120,3,285,25.919999999999995,3.906724326227902,4.602689228761392,1807.3584911784953,5771.88353763436,0.0,6.48,5.8510269762479785,276.42238477771156,"ScoreBreakdown(accel=93.71339838354871, skidpad=75.0, autocross=8.872700183127511, endurance=80.03695331410152, efficiency=18.799332896933826)"
[120   3],290,120,3,290,25.919999999999995,3.935079819301123,4.6118214268334015,1806.1053744297792,5772.865226661947,0.0,6.48,5.851433576911776,275.0549705395334,"ScoreBreakdown(accel=91.69422991893049, skidpad=75.0, autocross=9.057053037367528, endurance=80.46059620356851, efficiency=18.843091379666873)"
[120   3],295,120,3,295,25.919999999999995,3.9633417441227863,4.620667299055384,1792.4095225293079,5774.357262963385,0.0,6.48,5.852330775999048,280.38876262226285,"ScoreBreakdown(accel=89.7104735538761, skidpad=75.0, autocross=11.088729006346671, endurance=85.12938791556523, efficiency=19.460172146474825)"
[120   3],300,120,3,300,25.919999999999995,3.9915058253446176,4.62980857849513,1698.26800753878,5776.650265727289,0.0,6.48,5.853659031018464,332.0551691260108,"ScoreBreakdown(accel=87.76153133710751, skidpad=75.0, autocross=25.940677424428277, endurance=119.25916783129813, efficiency=24.093792533176913)"
[124   3],200,124,3,200,26.784,3.6253038322989397,4.411893476136811,1469.0727843278098,5837.590214187612,0.022884896417607013,6.696,5.929809517231672,502.5808806140073,"ScoreBreakdown(accel=100.0, skidpad=75.0, autocross=70.05724755307656, endurance=220.63905326738387, efficiency=36.88457979354684)"
[124   3],205,124,3,205,26.784,3.63304424605127,4.42563881461237,1474.2823543094655,5857.557791699999,0.018877142210076414,6.696,5.949566547322958,498.0668509881254,"ScoreBreakdown(accel=100.0, skidpad=75.0, autocross=68.90213682920884, endurance=217.98460863331067, efficiency=36.18010552560588)"
[124   3],210,124,3,210,26.784,3.6413066374271352,4.43876149137175,1479.3642400077997,5878.182086321101,0.014871331500906538,6.696,5.969967084281858,493.67679479931144,"ScoreBreakdown(accel=100.0, skidpad=75.0, autocross=67.78317614157561, endurance=215.41323678847, efficiency=35.480381869265855)"
[124   3],215,124,3,215,26.784,3.6502306563926226,4.451909490984619,1484.3907064453192,5898.580335775169,0.010892511304571067,6.696,5.990340578672132,489.3666214239218,"ScoreBreakdown(accel=100.0, skidpad=75.0, autocross=66.68395476889009, endurance=212.88722589263702, efficiency=34.79544076239468)"
[124   3],220,124,3,220,26.784,3.659836849872832,4.464692498941417,1489.3507674935906,5915.412899309101,0.007689524481786431,6.696,6.00667821508245,485.1993405031873,"ScoreBreakdown(accel=100.0, skidpad=75.0, autocross=65.60652859489437, endurance=210.41130036698974, efficiency=34.18151154130317)"
[124   3],225,124,3,225,26.784,3.6701055085420506,4.476935933773376,1494.304120259012,5934.5360005469765,0.004031675542316708,6.696,6.02594300941044,481.0285656101543,"ScoreBreakdown(accel=100.0, skidpad=75.0, autocross=64.53769771896302, endurance=207.95512683771278, efficiency=33.535741053478496)"
[124   3],230,124,3,230,26.784,3.6811818926376247,4.4886810058795845,1499.2327876388538,5950.548093388849,0.0010595738689058655,6.696,6.041368210009471,476.95744547434697,"ScoreBreakdown(accel=100.0, skidpad=75.0, autocross=63.48120340358182, endurance=205.52730272661609, efficiency=32.94893934414907)"
[124   3],235,124,3,235,26.784,3.69325466831323,4.500279849860846,1505.3539468402785,5955.225791537,0.0,6.696,6.047218867745447,472.18809131572436,"ScoreBreakdown(accel=100.0, skidpad=75.0, autocross=62.178721500230935, endurance=202.5341990977703, efficiency=32.47517071772311)"
[124   3],240,124,3,240,26.784,3.706403470020561,4.511733862737842,1516.019673194939,5953.649728617688,0.0,6.696,6.047326928209769,464.12763300609413,"ScoreBreakdown(accel=100.0, skidpad=75.0, autocross=59.934360598553326, endurance=197.37665737533368, efficiency=31.816615032207093)"
[124   3],245,124,3,245,26.784,3.72069539565949,4.522747919369422,1547.6439946596333,5954.620782910792,0.0,6.696,6.047367896233395,440.79143893426965,"ScoreBreakdown(accel=100.0, skidpad=75.0, autocross=53.461577828679296, endurance=182.50220150197535, efficiency=29.827659603614965)"
[124   3],250,124,3,250,26.784,3.736347465548562,4.533349610791845,1575.7912911487456,5956.7383456110065,0.0,6.696,6.048289996367923,420.7893158744922,"ScoreBreakdown(accel=100.0, skidpad=75.0, autocross=47.91898921773905, endurance=169.7653319593545, efficiency=28.10499469739861)"
[124   3],255,124,3,255,26.784,3.753710765628057,4.543751833798964,1661.9425328928219,5958.504768522307,0.0,6.696,6.049503760235299,363.848402489644,"ScoreBreakdown(accel=100.0, skidpad=75.0, autocross=32.121336475519165, endurance=133.46232335068441, efficiency=23.2647426634404)"
[124   3],260,124,3,260,26.784,3.7731330596000134,4.554205599096264,1664.463197308875,5960.841876193797,0.0,6.696,6.050543867477259,362.23744626046647,"ScoreBreakdown(accel=100.0, skidpad=75.0, autocross=31.68374328918909, endurance=132.456734136283, efficiency=23.096968834994374)"
[124   3],265,124,3,265,26.784,3.7952596185436107,4.564290460655897,1808.6056184218105,5962.5769660347505,0.0,6.696,6.050783864390428,279.3764343893055,"ScoreBreakdown(accel=100.0, skidpad=75.0, autocross=8.68948211184851, endurance=79.61591815606644, efficiency=16.071034121390564)"
[124   3],270,124,3,270,26.784,3.821174457418792,4.5740298978115845,1804.9359667385374,5963.8330999838045,0.0,6.696,6.050458931266028,281.2910338446705,"ScoreBreakdown(accel=99.98691971511879, skidpad=75.0, autocross=9.229321898190882, endurance=80.85647007416964, efficiency=16.218322157191167)"
[124   3],275,124,3,275,26.784,3.849749874109179,4.583512153122953,1801.89127240963,5964.314266418105,0.0,6.696,6.050500313656367,280.7775186446924,"ScoreBreakdown(accel=97.86042231271307, skidpad=75.0, autocross=9.678893673092814, endurance=81.889586087086, efficiency=16.348616571800527)"
[124   3],280,124,3,280,26.784,3.8782795667071923,4.593257496777142,1800.008996899153,5965.251416532066,0.0,6.696,6.050749824968103,279.6768778530881,"ScoreBreakdown(accel=95.76858873133177, skidpad=75.0, autocross=9.957586412407487, endurance=82.53002204802311, efficiency=16.42068066132576)"
[124   3],285,124,3,285,26.784,3.906724326227902,4.602689228761392,1801.5469481265322,5966.555359443814,0.0,6.696,6.051421685041311,276.78351743167417,"ScoreBreakdown(accel=93.71339838354871, skidpad=75.0, autocross=9.72983135839495, endurance=82.00664089631658, efficiency=16.333646793413973)"
[124   3],290,124,3,290,26.784,3.935079819301123,4.6118214268334015,1802.3395181723683,5967.781190787096,0.0,6.696,6.051982338131881,274.3254443361584,"ScoreBreakdown(accel=91.69422991893049, skidpad=75.0, autocross=9.612611501909656, endurance=81.73726964676878, efficiency=16.28133326854949)"
[124   3],295,124,3,295,26.784,3.9633417441227863,4.620667299055384,1799.6112856789498,5968.6817382565805,0.0,6.696,6.052664609630704,273.78448664099335,"ScoreBreakdown(accel=89.7104735538761, skidpad=75.0, autocross=10.016546779613138, endurance=82.66551298159197, efficiency=16.391953325912155)"
[124   3],300,124,3,300,26.784,3.9915058253446176,4.62980857849513,1797.995708159949,5969.972452526968,0.0,6.696,6.05335025826587,272.68168738334487,"ScoreBreakdown(accel=87.76153133710751, skidpad=75.0, autocross=10.256323028967913, endurance=83.21651884217893, efficiency=16.447314175090504)"
[128   3],200,128,3,200,27.647999999999996,3.6253038322989397,4.411893476136811,1465.9929201298828,5950.333960749042,0.038478825634226076,6.912,6.048571744654615,503.12931038288514,"ScoreBreakdown(accel=100.0, skidpad=75.0, autocross=70.74400298203348, endurance=222.21721735646054, efficiency=35.168090044391114)"
[128   3],205,128,3,205,27.647999999999996,3.63304424605127,4.42563881461237,1471.031358373964,5973.429375167676,0.034104992678718596,6.912,6.070808868987504,498.7016641225113,"ScoreBreakdown(accel=100.0, skidpad=75.0, autocross=69.62201590147939, endurance=219.6388908601883, efficiency=34.44075736084363)"
[128   3],210,128,3,210,27.647999999999996,3.6413066374271352,4.43876149137175,1475.936258996141,5996.543966431224,0.029646950024576985,6.912,6.094079477542333,494.41287529935255,"ScoreBreakdown(accel=100.0, skidpad=75.0, autocross=68.53712416864532, endurance=217.14580947909857, efficiency=33.729941651608684)"
[128   3],215,128,3,215,27.647999999999996,3.6502306563926226,4.451909490984619,1480.8057243768135,6019.909362707428,0.025285804613323557,6.912,6.116898804624985,490.1792737659894,"ScoreBreakdown(accel=100.0, skidpad=75.0, autocross=67.46717950769653, endurance=214.68707647166775, efficiency=33.02501778662516)"
[128   3],220,128,3,220,27.647999999999996,3.659836849872832,4.464692498941417,1485.655793826225,6038.453944952903,0.021718722364181674,6.912,6.135488048027673,486.06906130258636,"ScoreBreakdown(accel=100.0, skidpad=75.0, autocross=66.40846858939705, endurance=212.25415860669906, efficiency=32.4064341064903)"
[128   3],225,128,3,225,27.647999999999996,3.6701055085420506,4.476935933773376,1490.548182124136,6059.495851721925,0.01766337987453554,6.912,6.157265222163448,481.9147213251226,"ScoreBreakdown(accel=100.0, skidpad=75.0, autocross=65.34750026372453, endurance=209.8160532192145, efficiency=31.751167842183552)"
[128   3],230,128,3,230,27.647999999999996,3.6811818926376247,4.4886810058795845,1495.4515050735638,6077.408977781504,0.014431864026521087,6.912,6.1744216156500755,477.83079284706434,"ScoreBreakdown(accel=100.0, skidpad=75.0, autocross=64.29112587118642, endurance=207.38850469083113, efficiency=31.151162285046784)"
[128   3],235,128,3,235,27.647999999999996,3.69325466831323,4.500279849860846,1500.3809217008786,6098.2299305951665,0.01045796473564377,6.912,6.196048243510398,473.70975129840264,"ScoreBreakdown(accel=100.0, skidpad=75.0, autocross=63.23608962955938, endurance=204.964031233462, efficiency=30.509630435381233)"
[128   3],240,128,3,240,27.647999999999996,3.706403470020561,4.511733862737842,1505.1976074707234,6112.911406458377,0.007364310276965884,6.912,6.21270797571795,469.79885831853306,"ScoreBreakdown(accel=100.0, skidpad=75.0, autocross=62.211856115437335, endurance=202.6103424489828, efficiency=29.976659754112916)"
[128   3],245,128,3,245,27.647999999999996,3.72069539565949,4.522747919369422,1510.0970290439047,6132.452279774773,0.003844298351913194,6.912,6.231939828373,465.7767273275996,"ScoreBreakdown(accel=100.0, skidpad=75.0, autocross=61.1767326406268, endurance=200.23162853304416, efficiency=29.368366153928577)"
[128   3],250,128,3,250,27.647999999999996,3.736347465548562,4.533349610791845,1515.0048838532966,6155.4515634976815,0.0,6.912,6.253861573173649,461.7236272193972,"ScoreBreakdown(accel=100.0, skidpad=75.0, autocross=60.14653976906611, endurance=197.86424514418744, efficiency=28.712842306143635)"
[128   3],255,128,3,255,27.647999999999996,3.753710765628057,4.543751833798964,1522.2175754867203,6157.894356396309,0.0,6.912,6.254982388601195,456.29040317293885,"ScoreBreakdown(accel=100.0, skidpad=75.0, autocross=58.64460067999837, endurance=194.4127888696484, efficiency=28.23301362329205)"
[128   3],260,128,3,260,27.647999999999996,3.7731330596000134,4.554205599096264,1547.7416555129853,6160.079459946946,0.0,6.912,6.255629090008918,437.566135241536,"ScoreBreakdown(accel=100.0, skidpad=75.0, autocross=53.4419985496007, endurance=182.4572083154217, efficiency=26.66692837651361)"
[128   3],265,128,3,265,27.647999999999996,3.7952596185436107,4.564290460655897,1563.4000966273,6162.254094611177,0.0,6.912,6.256034359118004,426.3695695828937,"ScoreBreakdown(accel=100.0, skidpad=75.0, autocross=50.334394792894834, endurance=175.31593436967103, efficiency=25.71924042032781)"
[128   3],270,128,3,270,27.647999999999996,3.821174457418792,4.5740298978115845,1585.016301658983,6164.047654427974,0.0,6.912,6.255927510808934,411.28084393622663,"ScoreBreakdown(accel=99.98691971511879, skidpad=75.0, autocross=46.145289240262265, endurance=165.6893691184034, efficiency=24.459265862442205)"
[128   3],275,128,3,275,27.647999999999996,3.849749874109179,4.583512153122953,1651.9029301612647,6165.444552272302,0.0,6.912,6.256592370218328,365.0630003586855,"ScoreBreakdown(accel=97.86042231271307, skidpad=75.0, autocross=33.877486936506585, endurance=137.49795739984677, efficiency=20.827133709619062)"
[128   3],280,128,3,280,27.647999999999996,3.8782795667071923,4.593257496777142,1664.5688860503058,6167.020933214587,0.0,6.912,6.2572878355414,355.0027912854196,"ScoreBreakdown(accel=95.76858873133177, skidpad=75.0, autocross=31.665424427791944, endurance=132.41463738976924, efficiency=20.154140736526706)"
[128   3],285,128,3,285,27.647999999999996,3.906724326227902,4.602689228761392,1666.652566935309,6168.731034179088,0.0,6.912,6.258427317833427,351.6283773251123,"ScoreBreakdown(accel=93.71339838354871, skidpad=75.0, autocross=31.304737768304513, endurance=131.58577938674384, efficiency=20.024461786515218)"
[128   3],290,128,3,290,27.647999999999996,3.935079819301123,4.6118214268334015,1754.7636710982952,6170.235389144422,0.0,6.912,6.259309510637977,297.61617609865147,"ScoreBreakdown(accel=91.69422991893049, skidpad=75.0, autocross=16.836599400550377, endurance=98.33799503000259, efficiency=15.74735174916799)"
[128   3],295,128,3,295,27.647999999999996,3.9633417441227863,4.620667299055384,1784.229948930124,6171.127065469942,0.0,6.912,6.259752412127412,279.3856407728123,"ScoreBreakdown(accel=89.7104735538761, skidpad=75.0, autocross=12.316983374045575, endurance=87.95191665523306, efficiency=14.40626718965754)"
[128   3],300,128,3,300,27.647999999999996,3.9915058253446176,4.62980857849513,1783.887242874236,6172.113070081679,0.0,6.912,6.25990377008858,277.60978779787024,"ScoreBreakdown(accel=87.76153133710751, skidpad=75.0, autocross=12.368690366092377, endurance=88.07073933148975, efficiency=14.408826763180643)"
[132   3],200,132,3,200,28.512,3.6253038322989397,4.411893476136811,1463.4624767838106,6053.652872768094,0.05539019253718417,7.128,6.156167886215864,503.46159204492807,"ScoreBreakdown(accel=100.0, skidpad=75.0, autocross=71.3104103236313, endurance=223.51882152092514, efficiency=33.63236020037166)"
[132   3],205,132,3,205,28.512,3.63304424605127,4.42563881461237,1468.4409089649355,6079.027332895324,0.050567447117648524,7.128,6.1814056129083035,499.0496445756304,"ScoreBreakdown(accel=100.0, skidpad=75.0, autocross=70.19790973645539, endurance=220.9622949880016, efficiency=32.88943985117338)"
[132   3],210,132,3,210,28.512,3.6413066374271352,4.43876149137175,1473.2969719899945,6103.4193145384215,0.045760692931595334,7.128,6.2072347733162045,494.7838350355113,"ScoreBreakdown(accel=100.0, skidpad=75.0, autocross=69.11999784380743, endurance=218.48525328081118, efficiency=32.17858391089273)"
[132   3],215,132,3,215,28.512,3.6502306563926226,4.451909490984619,1478.090780447842,6127.812307761057,0.041148130191184934,7.128,6.2321350370737365,490.59830600198325,"ScoreBreakdown(accel=100.0, skidpad=75.0, autocross=68.06285178990463, endurance=216.0559314744843, efficiency=31.479522737594287)"
[132   3],220,132,3,220,28.512,3.659836849872832,4.464692498941417,1482.8687385152175,6148.2723517653785,0.03730370507924706,7.128,6.252798828729085,486.5164407697875,"ScoreBreakdown(accel=100.0, skidpad=75.0, autocross=67.01600232275393, endurance=213.65027122621296, efficiency=30.8501672208206)"
[132   3],225,132,3,225,28.512,3.6701055085420506,4.476935933773376,1487.664517382486,6171.167661565789,0.03307787865863476,7.128,6.276179108673059,482.41153011759,"ScoreBreakdown(accel=100.0, skidpad=75.0, autocross=65.97201035953154, endurance=211.25117752244034, efficiency=30.18834223561814)"
[132   3],230,132,3,230,28.512,3.6811818926376247,4.4886810058795845,1492.4387623924697,6190.700107450377,0.029703642591625678,7.128,6.294609486101525,478.4035027003734,"ScoreBreakdown(accel=100.0, skidpad=75.0, autocross=64.93937046826306, endurance=208.87817088189152, efficiency=29.585961350218838)"
[132   3],235,132,3,235,28.512,3.69325466831323,4.500279849860846,1497.2576635423145,6213.178022186925,0.025662086986832335,7.128,6.317181160071564,474.34411850668323,"ScoreBreakdown(accel=100.0, skidpad=75.0, autocross=63.90374988665283, endurance=206.4983146144451, efficiency=28.942054005585277)"
[132   3],240,132,3,240,28.512,3.706403470020561,4.511733862737842,1501.9828942913848,6229.056684809366,0.022384736254267085,7.128,6.33528331107379,470.4833935849555,"ScoreBreakdown(accel=100.0, skidpad=75.0, autocross=62.89471261082337, endurance=204.17954678806996, efficiency=28.409134186062122)"
[132   3],245,132,3,245,28.512,3.72069539565949,4.522747919369422,1506.794494733423,6250.409244577022,0.018780074746314573,7.128,6.355487211583827,466.50139725810396,"ScoreBreakdown(accel=100.0, skidpad=75.0, autocross=61.87373489118473, endurance=201.833339819851, efficiency=27.794322547068226)"
[132   3],250,132,3,250,28.512,3.736347465548562,4.533349610791845,1511.6414120957115,6276.048119833753,0.014568854526962622,7.128,6.379989362572835,462.45748028547774,"ScoreBreakdown(accel=100.0, skidpad=75.0, autocross=60.85183458460354, endurance=199.4850127466856, efficiency=27.1206329541886)"
[132   3],255,132,3,255,28.512,3.753710765628057,4.543751833798964,1516.474133885658,6300.1235632883145,0.010662268306493543,7.128,6.402759259120894,458.4757375898282,"ScoreBreakdown(accel=100.0, skidpad=75.0, autocross=59.83943087851066, endurance=197.15850886300967, efficiency=26.47779784830791)"
[132   3],260,132,3,260,28.512,3.7731330596000134,4.554205599096264,1521.3501336096863,6327.107768429723,0.006184588216021974,7.128,6.428472219454992,454.44810275296294,"ScoreBreakdown(accel=100.0, skidpad=75.0, autocross=58.82447956862346, endurance=194.82615058539375, efficiency=25.79747259894571)"
[132   3],265,132,3,265,28.512,3.7952596185436107,4.564290460655897,1526.1532003191157,6349.845090704902,0.002483018749908125,7.128,6.449477928676111,450.5634961876201,"ScoreBreakdown(accel=100.0, skidpad=75.0, autocross=57.83105011972958, endurance=192.54324954789234, efficiency=25.1891965199982)"
[132   3],270,132,3,270,28.512,3.821174457418792,4.5740298978115845,1530.8945313150489,6364.68866804376,7.68598406676342e-05,7.128,6.4628087081348875,446.8486266782786,"ScoreBreakdown(accel=99.98691971511879, skidpad=75.0, autocross=56.856503562756366, endurance=190.30374139914085, efficiency=24.701462001262623)"
[132   3],275,132,3,275,28.512,3.849749874109179,4.583512153122953,1536.4476452646834,6366.246020814153,0.0,7.128,6.463869098390437,440.63784453484215,"ScoreBreakdown(accel=97.86042231271307, skidpad=75.0, autocross=55.72274842668325, endurance=187.698371909344, efficiency=24.356301886101782)"
[132   3],280,132,3,280,28.512,3.8782795667071923,4.593257496777142,1542.3415931210852,6368.342392519615,0.0,7.128,6.464770040872142,434.237049686866,"ScoreBreakdown(accel=95.76858873133177, skidpad=75.0, autocross=54.528337761554916, endurance=184.95361600376833, efficiency=23.98650719021096)"
[132   3],285,132,3,285,28.512,3.906724326227902,4.602689228761392,1554.2709779228526,6370.501204479195,0.0,7.128,6.465837776678857,423.58936068109097,"ScoreBreakdown(accel=93.71339838354871, skidpad=75.0, autocross=52.13856581073578, endurance=179.46191966640768, efficiency=23.275476820398794)"
[132   3],290,132,3,290,28.512,3.935079819301123,4.6118214268334015,1577.5975409783528,6372.09574208344,0.0,7.128,6.46637203322509,405.17980413729754,"ScoreBreakdown(accel=91.69422991893049, skidpad=75.0, autocross=47.570067001278886, endurance=168.96350864834722, efficiency=21.951998568740947)"
[132   3],295,132,3,295,28.512,3.9633417441227863,4.620667299055384,1583.9107055823247,6373.496493130897,0.0,7.128,6.467383500112004,398.82998675150316,"ScoreBreakdown(accel=89.7104735538761, skidpad=75.0, autocross=46.3567733695431, endurance=166.17535968239147, efficiency=21.587380145692457)"
[132   3],300,132,3,300,28.512,3.9915058253446176,4.62980857849513,1601.2987274374466,6375.627175773578,0.0,7.128,6.468108338305262,385.05698680112084,"ScoreBreakdown(accel=87.76153133710751, skidpad=75.0, autocross=43.064523078404136, endurance=158.609767970042, efficiency=20.621164415567247)"
[136   3],200,136,3,200,29.375999999999998,3.6253038322989397,4.411893476136811,1461.5272386414902,6147.04148546155,0.07373356833441978,7.344,6.251518393014365,503.52799752490506,"ScoreBreakdown(accel=100.0, skidpad=75.0, autocross=71.74491217354488, endurance=224.5173068437312, efficiency=32.26577850762899)"
[136   3],205,136,3,205,29.375999999999998,3.63304424605127,4.42563881461237,1466.370392867778,6174.534413282859,0.06866456165849442,7.344,6.278855233116879,499.1978075921022,"ScoreBreakdown(accel=100.0, skidpad=75.0, autocross=70.65967809753444, endurance=222.02343875796578, efficiency=31.51469073660203)"
[136   3],210,136,3,210,29.375999999999998,3.6413066374271352,4.43876149137175,1471.1251737680682,6200.834438814031,0.06353152955554008,7.344,6.3071541671830715,494.98872012757886,"ScoreBreakdown(accel=100.0, skidpad=75.0, autocross=69.60119745734421, endurance=219.59105007213006, efficiency=30.7964725981046)"
[136   3],215,136,3,215,29.375999999999998,3.6502306563926226,4.451909490984619,1475.8131718923062,6227.339992154724,0.05867209837131366,7.344,6.334069719869148,490.85990178020404,"ScoreBreakdown(accel=100.0, skidpad=75.0, autocross=68.56426100957492, endurance=217.20816994403296, efficiency=30.087470826596117)"
[136   3],220,136,3,220,29.375999999999998,3.659836849872832,4.464692498941417,1480.52683538751,6249.488126433952,0.0545029328900554,7.344,6.3570252750868494,486.8061254375456,"ScoreBreakdown(accel=100.0, skidpad=75.0, autocross=67.52826846609642, endurance=214.82745890815204, efficiency=29.450398063297158)"
[136   3],225,136,3,225,29.375999999999998,3.6701055085420506,4.476935933773376,1485.2641947317943,6274.273825479879,0.04999356611481226,7.344,6.382573491454204,482.72259326308074,"ScoreBreakdown(accel=100.0, skidpad=75.0, autocross=66.49369329040587, endurance=212.45000498368162, efficiency=28.778894988993244)"
[136   3],230,136,3,230,29.375999999999998,3.6811818926376247,4.4886810058795845,1490.0115884516995,6295.407437486009,0.04636860024129824,7.344,6.40287801824871,478.7140349292337,"ScoreBreakdown(accel=100.0, skidpad=75.0, autocross=65.4635263389768, endurance=210.08268115929184, efficiency=28.16782743096505)"
[136   3],235,136,3,235,29.375999999999998,3.69325466831323,4.500279849860846,1494.8020109077506,6319.396802620527,0.042038772840001924,7.344,6.427631654105168,474.6581475947388,"ScoreBreakdown(accel=100.0, skidpad=75.0, autocross=64.43065502704205, endurance=207.70914271401352, efficiency=27.518349853683205)"
[136   3],240,136,3,240,29.375999999999998,3.706403470020561,4.511733862737842,1499.4889656785376,6336.627475222263,0.03854588809334881,7.344,6.447485515221952,470.80777483039924,"ScoreBreakdown(accel=100.0, skidpad=75.0, autocross=63.426479726394625, endurance=205.40154770740912, efficiency=26.97974739659548)"
[136   3],245,136,3,245,29.375999999999998,3.72069539565949,4.522747919369422,1504.2365162384374,6358.837803138396,0.03471085911034252,7.344,6.4695811717837675,466.8652353087585,"ScoreBreakdown(accel=100.0, skidpad=75.0, autocross=62.415701409027925, endurance=203.07877896729394, efficiency=26.370754932436647)"
[136   3],250,136,3,250,29.375999999999998,3.736347465548562,4.533349610791845,1509.0185122677544,6385.4834050439085,0.030503359587536402,7.344,6.494775280511191,462.8608147407158,"ScoreBreakdown(accel=100.0, skidpad=75.0, autocross=61.404018912033905, endurance=200.7539324222461, efficiency=25.702863406435785)"
[136   3],255,136,3,255,29.375999999999998,3.753710765628057,4.543751833798964,1513.781396578199,6410.05854380693,0.026627064463890966,7.344,6.518077213465691,458.9281851080327,"ScoreBreakdown(accel=100.0, skidpad=75.0, autocross=60.40273319440441, endurance=198.4529776778938, efficiency=25.072474235734475)"
[136   3],260,136,3,260,29.375999999999998,3.7731330596000134,4.554205599096264,1518.5857674803,6437.807772332989,0.022160787690140828,7.344,6.5444920654191945,454.9479427412005,"ScoreBreakdown(accel=100.0, skidpad=75.0, autocross=59.39908904090253, endurance=196.14660324751742, efficiency=24.40225045278057)"
[136   3],265,136,3,265,29.375999999999998,3.7952596185436107,4.564290460655897,1523.343021920791,6461.772506425451,0.018407464404257282,7.344,6.56641827580666,451.08283807581245,"ScoreBreakdown(accel=100.0, skidpad=75.0, autocross=58.41152545612949, endurance=193.8771819667338, efficiency=23.794130652949185)"
[136   3],270,136,3,270,29.375999999999998,3.821174457418792,4.5740298978115845,1528.0200706704393,6477.796736068136,0.015947112092496957,7.344,6.580380189701392,447.39799035741896,"ScoreBreakdown(accel=99.98691971511879, skidpad=75.0, autocross=57.446606473103714, endurance=191.65979798450232, efficiency=23.304666184694153)"
[136   3],275,136,3,275,29.375999999999998,3.849749874109179,4.583512153122953,1532.5437228448895,6492.636300881757,0.013614128825457886,7.344,6.594426398701545,441.75138704311746,"ScoreBreakdown(accel=97.86042231271307, skidpad=75.0, autocross=56.5189375838583, endurance=189.5280147239255, efficiency=22.844012422620622)"
[136   3],280,136,3,280,29.375999999999998,3.8782795667071923,4.593257496777142,1537.0168435055266,6507.66449122545,0.01133178204906372,7.344,6.608310759498806,436.19529447839176,"ScoreBreakdown(accel=95.76858873133177, skidpad=75.0, autocross=55.60700059174286, endurance=187.43238336554933, efficiency=22.387321789767757)"
[136   3],285,136,3,285,29.375999999999998,3.906724326227902,4.602689228761392,1541.4106266926233,6521.854965998504,0.009164264499319619,7.344,6.621798446739514,430.7653595132246,"ScoreBreakdown(accel=93.71339838354871, skidpad=75.0, autocross=54.71639100180096, endurance=185.38576238088763, efficiency=21.949807746987354)"
[136   3],290,136,3,290,29.375999999999998,3.935079819301123,4.6118214268334015,1545.751962452519,6537.164776285689,0.006740652518075808,7.344,6.636547029134513,425.41436710426785,"ScoreBreakdown(accel=91.69422991893049, skidpad=75.0, autocross=53.841385184505505, endurance=183.37499886834263, efficiency=21.503753132489244)"
[136   3],295,136,3,295,29.375999999999998,3.9633417441227863,4.620667299055384,1550.065993151394,6555.046636894172,0.003819300908063478,7.344,6.654331648295043,420.1042267952353,"ScoreBreakdown(accel=89.7104735538761, skidpad=75.0, autocross=52.97673795079297, endurance=181.38803938258044, efficiency=21.02897590798582)"
[136   3],300,136,3,300,29.375999999999998,3.9915058253446176,4.62980857849513,1554.3329839771834,6575.517328348331,0.000645253082958625,7.344,6.673445000515612,414.8484632916692,"ScoreBreakdown(accel=87.76153133710751, skidpad=75.0, autocross=52.12624018388329, endurance=179.43359537386652, efficiency=20.52709639681186)"
[140   3],200,140,3,200,30.240000000000002,3.6253038322989397,4.411893476136811,1460.1918830721927,6227.1817082732805,0.09340139532345931,7.56,6.334118055751184,503.3578713464516,"ScoreBreakdown(accel=100.0, skidpad=75.0, autocross=72.04539925005461, endurance=225.20782619513926, efficiency=31.104645901257673)"
[140   3],205,140,3,205,30.240000000000002,3.63304424605127,4.42563881461237,1464.9252532647067,6258.252400364321,0.08795027570174015,7.56,6.364345918310518,499.0690506448697,"ScoreBreakdown(accel=100.0, skidpad=75.0, autocross=70.9827479056991, endurance=222.76585323044358, efficiency=30.320449508726984)"
[140   3],210,140,3,210,30.240000000000002,3.6413066374271352,4.43876149137175,1469.5580651952566,6288.741173377657,0.08238029736076945,7.56,6.395826041623637,494.90145093551035,"ScoreBreakdown(accel=100.0, skidpad=75.0, autocross=69.94930098845296, endurance=220.39099204406466, efficiency=29.56115790299277)"
[140   3],215,140,3,215,30.240000000000002,3.6502306563926226,4.451909490984619,1474.1474507535283,6319.254035259656,0.07701457059275348,7.56,6.426241293487466,490.79851443337657,"ScoreBreakdown(accel=100.0, skidpad=75.0, autocross=68.93194583725435, endurance=218.05310973871858, efficiency=28.81345885740365)"
[140   3],220,140,3,220,30.240000000000002,3.659836849872832,4.464692498941417,1478.7415065355142,6344.517891413143,0.07251611971929656,7.56,6.451709569233468,486.7985283706794,"ScoreBreakdown(accel=100.0, skidpad=75.0, autocross=67.9198799300424, endurance=215.72738211692655, efficiency=28.15126632371043)"
[140   3],225,140,3,225,30.240000000000002,3.6701055085420506,4.476935933773376,1483.3813597673197,6371.095417002275,0.06781793074045679,7.56,6.47904958004512,482.77142093483894,"ScoreBreakdown(accel=100.0, skidpad=75.0, autocross=66.90408770899433, endurance=213.39309142532437, efficiency=27.474241800520225)"
[140   3],230,140,3,230,30.240000000000002,3.6811818926376247,4.4886810058795845,1488.0565113918615,6393.127483908039,0.06408924244779665,7.56,6.500567339527243,478.81031154339496,"ScoreBreakdown(accel=100.0, skidpad=75.0, autocross=65.88697477119649, endurance=211.0557657264133, efficiency=26.867571045785173)"
[140   3],235,140,3,235,30.240000000000002,3.69325466831323,4.500279849860846,1492.7640795043023,6418.3802152167455,0.05974745585852466,7.56,6.526097179682011,474.80548911861143,"ScoreBreakdown(accel=100.0, skidpad=75.0, autocross=64.86924675072157, endurance=208.7170265674087, efficiency=26.219215800481127)"
[140   3],240,140,3,240,30.240000000000002,3.706403470020561,4.511733862737842,1497.375100466531,6435.932402318095,0.05620318127220058,7.56,6.546758964987544,471.0107745662045,"ScoreBreakdown(accel=100.0, skidpad=75.0, autocross=63.87859494950729, endurance=206.4405085647333, efficiency=25.691671051963855)"
[140   3],245,140,3,245,30.240000000000002,3.72069539565949,4.522747919369422,1502.095008037484,6459.03989732156,0.052231124800269015,7.56,6.570215563591259,467.08039916415544,"ScoreBreakdown(accel=100.0, skidpad=75.0, autocross=62.8708486682818, endurance=204.1247074441713, efficiency=25.084843051702375)"
[140   3],250,140,3,250,30.240000000000002,3.736347465548562,4.533349610791845,1506.8612611818867,6486.182617961888,0.047940153677803285,7.56,6.5965040534673545,463.08634459698504,"ScoreBreakdown(accel=100.0, skidpad=75.0, autocross=61.859613525406914, endurance=201.80088891896307, efficiency=24.425842152615086)"
[140   3],255,140,3,255,30.240000000000002,3.753710765628057,4.543751833798964,1511.613832399337,6511.194377745197,0.043999622145037665,7.56,6.620798877297466,459.1598525561338,"ScoreBreakdown(accel=100.0, skidpad=75.0, autocross=60.857630813961926, endurance=199.49833248270764, efficiency=23.80388925946425)"
[140   3],260,140,3,260,30.240000000000002,3.7731330596000134,4.554205599096264,1516.3897844078826,6540.145738478379,0.039446844875058305,7.56,6.648492538009599,455.19013883042356,"ScoreBreakdown(accel=100.0, skidpad=75.0, autocross=59.85704586283831, endurance=197.1989880999015, efficiency=23.134104867683785)"
[140   3],265,140,3,265,30.240000000000002,3.7952596185436107,4.564290460655897,1521.1040063792316,6565.702128996869,0.035453665760513835,7.56,6.672362972522053,451.33968950389976,"ScoreBreakdown(accel=100.0, skidpad=75.0, autocross=58.87555561795021, endurance=194.9435233551757, efficiency=22.52061053077385)"
[140   3],270,140,3,270,30.240000000000002,3.821174457418792,4.5740298978115845,1525.737487473025,6582.6865127176925,0.03282236750804497,7.56,6.68774076961817,447.6749850339441,"ScoreBreakdown(accel=99.98691971511879, skidpad=75.0, autocross=57.916785724630586, endurance=192.7402699821035, efficiency=22.03100961209119)"
[140   3],275,140,3,275,30.240000000000002,3.849749874109179,4.583512153122953,1530.2255095604316,6598.406462330528,0.030380047042016627,7.56,6.702785481875905,442.0432479118278,"ScoreBreakdown(accel=97.86042231271307, skidpad=75.0, autocross=56.99365022759405, endurance=190.61890445757092, efficiency=21.570270913949766)"
[140   3],280,140,3,280,30.240000000000002,3.8782795667071923,4.593257496777142,1534.6520106398996,6614.2910415834385,0.028062999683614517,7.56,6.717262595762127,436.5103276013713,"ScoreBreakdown(accel=95.76858873133177, skidpad=75.0, autocross=56.088457733225674, endurance=188.5387719561305, efficiency=21.11450918068335)"
[140   3],285,140,3,285,30.240000000000002,3.906724326227902,4.602689228761392,1539.0084795061516,6628.867813862154,0.025897979798692287,7.56,6.731107892253567,431.1024004718729,"ScoreBreakdown(accel=93.71339838354871, skidpad=75.0, autocross=55.20267051469728, endurance=186.50323278177302, efficiency=20.683098791853894)"
[140   3],290,140,3,290,30.240000000000002,3.935079819301123,4.6118214268334015,1543.3032895538452,6644.751544717329,0.023499591267204398,7.56,6.746129700790319,425.77791925157817,"ScoreBreakdown(accel=91.69422991893049, skidpad=75.0, autocross=54.334315361410454, endurance=184.5077524962173, efficiency=20.24162147501986)"
[140   3],295,140,3,295,30.240000000000002,3.9633417441227863,4.620667299055384,1547.5720528024165,6663.253226786022,0.02062716105782912,7.56,6.764121248367213,420.49358511105686,"ScoreBreakdown(accel=89.7104735538761, skidpad=75.0, autocross=53.476002483191174, endurance=182.5353493604242, efficiency=19.771759713565427)"
[140   3],300,140,3,300,30.240000000000002,3.9915058253446176,4.62980857849513,1551.80800655856,6684.2864836693825,0.017438010709522465,7.56,6.783826201735273,415.25503771143354,"ScoreBreakdown(accel=87.76153133710751, skidpad=75.0, autocross=52.62895440052695, endurance=180.5888327266755, efficiency=19.27571924712363)"
[144   3],200,144,3,200,31.103999999999996,3.6253038322989397,4.411893476136811,1459.4139448823391,6297.212918831356,0.11380831041618521,7.776,6.406186461335713,502.9204115004903,"ScoreBreakdown(accel=100.0, skidpad=75.0, autocross=72.22070751458395, endurance=225.61068461595846, efficiency=30.089019369947827)"
[144   3],205,144,3,205,31.103999999999996,3.63304424605127,4.42563881461237,1463.979158683749,6332.303294245757,0.10779963300641607,7.776,6.4406464958138105,498.71652489155576,"ScoreBreakdown(accel=100.0, skidpad=75.0, autocross=71.1945986114769, endurance=223.25268618728205, efficiency=29.26924009279678)"
[144   3],210,144,3,210,31.103999999999996,3.6413066374271352,4.43876149137175,1468.4795776009873,6364.886894155833,0.10196537236388693,7.776,6.474609770885474,494.6329501888112,"ScoreBreakdown(accel=100.0, skidpad=75.0, autocross=70.18929820905743, endurance=220.94250569661983, efficiency=28.501146283133966)"
[144   3],215,144,3,215,31.103999999999996,3.6502306563926226,4.451909490984619,1472.9661972703418,6396.8010277086505,0.09656134967006424,7.776,6.506212941561354,490.5998236163401,"ScoreBreakdown(accel=100.0, skidpad=75.0, autocross=69.19319512555072, endurance=218.65346064633695, efficiency=27.753167844452456)"
[144   3],220,144,3,220,31.103999999999996,3.659836849872832,4.464692498941417,1477.4791229883706,6424.070884071523,0.09191535235231492,7.776,6.533236455651203,486.6414140585645,"ScoreBreakdown(accel=100.0, skidpad=75.0, autocross=68.19735465501614, endurance=216.3650190807073, efficiency=27.07904032284106)"
[144   3],225,144,3,225,31.103999999999996,3.6701055085420506,4.476935933773376,1482.0432548818494,6452.521386157243,0.08706312680775898,7.776,6.562206683496937,482.65365554850587,"ScoreBreakdown(accel=100.0, skidpad=75.0, autocross=67.19638324306824, endurance=214.06478661086317, efficiency=26.392485694574503)"
[144   3],230,144,3,230,31.103999999999996,3.6811818926376247,4.4886810058795845,1486.6313061209114,6476.82300915895,0.08319153382908004,7.776,6.585153458177704,478.73327669382905,"ScoreBreakdown(accel=100.0, skidpad=75.0, autocross=66.19636061707466, endurance=211.7667344512985, efficiency=25.770181625455916)"
[144   3],235,144,3,235,31.103999999999996,3.69325466831323,4.500279849860846,1491.2749013468417,6503.528651264354,0.07877101878920555,7.776,6.61186851725163,474.7634186570101,"ScoreBreakdown(accel=100.0, skidpad=75.0, autocross=65.19049701452423, endurance=209.45525972664234, efficiency=25.117661915843563)"
[144   3],240,144,3,240,31.103999999999996,3.706403470020561,4.511733862737842,1495.8194145840303,6522.964430436141,0.0752001334140408,7.776,6.633319806002637,470.9967310942856,"ScoreBreakdown(accel=100.0, skidpad=75.0, autocross=64.21214257852901, endurance=207.20700107126993, efficiency=24.577587444486696)"
[144   3],245,144,3,245,31.103999999999996,3.72069539565949,4.522747919369422,1500.4567926182406,6547.552667816923,0.07099219777703522,7.776,6.6587865945357425,467.113734174932,"ScoreBreakdown(accel=100.0, skidpad=75.0, autocross=63.21990525100268, endurance=204.92683952886782, efficiency=23.966989395061564)"
[144   3],250,144,3,250,31.103999999999996,3.736347465548562,4.533349610791845,1505.1527347793499,6576.188045922838,0.06649032568841505,7.776,6.686944184070376,463.15855437284165,"ScoreBreakdown(accel=100.0, skidpad=75.0, autocross=62.221367719136865, endurance=202.6322001158537, efficiency=23.304986537851065)"
[144   3],255,144,3,255,31.103999999999996,3.753710765628057,4.543751833798964,1509.850709138445,6602.070300924186,0.06240621137470148,7.776,6.712644796039503,459.26623016195623,"ScoreBreakdown(accel=100.0, skidpad=75.0, autocross=61.22861340533543, endurance=200.35085053890643, efficiency=22.686766217714364)"
[144   3],260,144,3,260,31.103999999999996,3.7731330596000134,4.554205599096264,1514.5646703474001,6631.752595017647,0.057740486445925734,7.776,6.74172984906655,455.339019104949,"ScoreBreakdown(accel=100.0, skidpad=75.0, autocross=60.23867107515621, endurance=198.07596290078658, efficiency=22.02438512900619)"
[144   3],265,144,3,265,31.103999999999996,3.7952596185436107,4.564290460655897,1519.2294834843574,6657.656148999703,0.053800413203026906,7.776,6.766027714776792,451.5250451953291,"ScoreBreakdown(accel=100.0, skidpad=75.0, autocross=59.26509751855709, endurance=195.83869070705535, efficiency=21.421256969716616)"
[144   3],270,144,3,270,31.103999999999996,3.821174457418792,4.5740298978115845,1523.8171706677645,6675.702766112133,0.05107713374845152,7.776,6.782397021027442,447.8816160706668,"ScoreBreakdown(accel=99.98691971511879, skidpad=75.0, autocross=58.31343432179788, endurance=193.65176852385187, efficiency=20.929493509898254)"
[144   3],275,144,3,275,31.103999999999996,3.849749874109179,4.583512153122953,1528.274575113261,6691.475357955238,0.048673552793112744,7.776,6.797660154049693,442.2723723081936,"ScoreBreakdown(accel=97.86042231271307, skidpad=75.0, autocross=57.39426925420797, endurance=191.53952704684284, efficiency=20.47815369442976)"
[144   3],280,144,3,280,31.103999999999996,3.8782795667071923,4.593257496777142,1532.6762232909782,6707.287411577244,0.046422411667919466,7.776,6.812169882965306,436.7591693881205,"ScoreBreakdown(accel=95.76858873133177, skidpad=75.0, autocross=56.4918481601115, endurance=189.4657632236847, efficiency=20.032969272992542)"
[144   3],285,144,3,285,31.103999999999996,3.906724326227902,4.602689228761392,1537.0105517330524,6722.013748028487,0.04427994259374275,7.776,6.826262921520132,431.36559500828145,"ScoreBreakdown(accel=93.71339838354871, skidpad=75.0, autocross=55.60827957027079, endurance=187.43532245841755, efficiency=19.60859459604437)"
[144   3],290,144,3,290,31.103999999999996,3.935079819301123,4.6118214268334015,1541.275584261254,6738.52595542092,0.04184505036469867,7.776,6.841894639070986,426.0553477440487,"ScoreBreakdown(accel=91.69422991893049, skidpad=75.0, autocross=54.743688152742806, endurance=185.44849123825696, efficiency=19.168938434118413)"
[144   3],295,144,3,295,31.103999999999996,3.9633417441227863,4.620667299055384,1545.5095171165833,6757.46112118263,0.03894273223601596,7.776,6.860580481117554,420.79204298306803,"ScoreBreakdown(accel=89.7104735538761, skidpad=75.0, autocross=53.890120980476716, endurance=183.48699373552725, efficiency=18.704454713187925)"
[144   3],300,144,3,300,31.103999999999996,3.9915058253446176,4.62980857849513,1549.709003767071,6778.99777778473,0.03569981029370318,7.776,6.881152411850763,415.575484196691,"ScoreBreakdown(accel=87.76153133710751, skidpad=75.0, autocross=53.048105482591474, endurance=181.55204198243106, efficiency=18.213805394560968)"
[100   4],200,100,4,200,28.799999999999997,3.6253038322989397,4.411893476136811,1450.937369132056,6270.146367014195,0.020974588620263773,7.2,6.390409954502744,510.2264162006334,"ScoreBreakdown(accel=100.0, skidpad=75.0, autocross=74.14308649697428, endurance=230.028311834737, efficiency=31.055017868922164)"
[100   4],205,100,4,205,28.799999999999997,3.63304424605127,4.42563881461237,1456.2995529975428,6290.578241478891,0.017019475114548176,7.2,6.411655449039714,505.5443330940331,"ScoreBreakdown(accel=100.0, skidpad=75.0, autocross=72.9244111120799, endurance=227.22779559913477, efficiency=30.392126382818454)"
[100   4],210,100,4,210,28.799999999999997,3.6413066374271352,4.43876149137175,1461.4978310143615,6311.037967081962,0.012728663132217218,7.2,6.435395565438713,501.03030386389054,"ScoreBreakdown(accel=100.0, skidpad=75.0, autocross=71.75152368286184, endurance=224.5325000932327, efficiency=29.746280087796013)"
[100   4],215,100,4,215,28.799999999999997,3.6502306563926226,4.451909490984619,1466.6504591749474,6333.552063655917,0.008310288134735505,7.2,6.459851929382859,496.5563339051989,"ScoreBreakdown(accel=100.0, skidpad=75.0, autocross=70.59714120760172, endurance=221.87972897458005, efficiency=29.07946372301719)"
[100   4],220,100,4,220,28.799999999999997,3.659836849872832,4.464692498941417,1471.7882839580134,6351.724358122027,0.004652072006505487,7.2,6.480062618728723,492.191511732795,"ScoreBreakdown(accel=100.0, skidpad=75.0, autocross=69.45412327141912, endurance=219.25307356860273, efficiency=28.48431489277314)"
[100   4],225,100,4,225,28.799999999999997,3.6701055085420506,4.476935933773376,1476.9645369983052,6374.429812994363,0.0008445655711154166,7.2,6.50182226391079,487.7623742550588,"ScoreBreakdown(accel=100.0, skidpad=75.0, autocross=68.31059788746379, endurance=216.62525204756008, efficiency=27.826524320034956)"
[100   4],230,100,4,230,28.799999999999997,3.6811818926376247,4.4886810058795845,1483.1372842352189,6380.392063516703,0.0,7.2,6.506830808187531,482.8278861586773,"ScoreBreakdown(accel=100.0, skidpad=75.0, autocross=66.9573642223298, endurance=213.51552086176136, efficiency=27.355001074586127)"
[100   4],235,100,4,235,28.799999999999997,3.69325466831323,4.500279849860846,1494.4289656081023,6383.030972228041,0.0,7.2,6.507393963214435,474.0254432949911,"ScoreBreakdown(accel=100.0, skidpad=75.0, autocross=64.51085022103399, endurance=207.8934312830413, efficiency=26.621161790915792)"
[100   4],240,100,4,240,28.799999999999997,3.706403470020561,4.511733862737842,1516.6526576951467,6383.9777491775985,0.0,7.2,6.507633279975172,457.14372586847264,"ScoreBreakdown(accel=100.0, skidpad=75.0, autocross=59.802155614499846, endurance=197.07285030016106, efficiency=25.268719953811736)"
[100   4],245,100,4,245,28.799999999999997,3.72069539565949,4.522747919369422,1533.6420660294507,6385.324584653751,0.0,7.2,6.508194672893145,444.55940646810114,"ScoreBreakdown(accel=100.0, skidpad=75.0, autocross=56.29452516146064, endurance=189.01231494022136, efficiency=24.252566366419146)"
[100   4],250,100,4,250,28.799999999999997,3.736347465548562,4.533349610791845,1560.239188264981,6387.685995213018,0.0,7.2,6.509842214121012,425.4054163886561,"ScoreBreakdown(accel=100.0, skidpad=75.0, autocross=50.95668978956673, endurance=176.74596837471887, efficiency=22.702758224370474)"
[100   4],255,100,4,255,28.799999999999997,3.753710765628057,4.543751833798964,1646.5335084934477,6389.2722719443755,0.0,7.2,6.511031227722439,367.6000585031674,"ScoreBreakdown(accel=100.0, skidpad=75.0, autocross=34.82550832166137, endurance=139.67651069938216, efficiency=18.098039482123863)"
[100   4],260,100,4,260,28.799999999999997,3.7731330596000134,4.554205599096264,1649.2221768974844,6390.696089946574,0.0,7.2,6.511937108779831,365.87840241418047,"ScoreBreakdown(accel=100.0, skidpad=75.0, autocross=34.350027259557976, endurance=138.58385514020108, efficiency=17.944520014421432)"
[100   4],265,100,4,265,28.799999999999997,3.7952596185436107,4.564290460655897,1652.1404055784592,6392.025023835885,0.0,7.2,6.512072182529577,364.0188962743943,"ScoreBreakdown(accel=100.0, skidpad=75.0, autocross=33.8357007341394, endurance=137.40193269991101, efficiency=17.781262840343892)"
[100   4],270,100,4,270,28.799999999999997,3.821174457418792,4.5740298978115845,1654.5094275015927,6393.108515080607,0.0,7.2,6.5119756540726765,362.50103559713136,"ScoreBreakdown(accel=99.98691971511879, skidpad=75.0, autocross=33.41950406421667, endurance=136.44551268374477, efficiency=17.649099134051152)"
[100   4],275,100,4,275,28.799999999999997,3.849749874109179,4.583512153122953,1657.3627660285272,6394.145029664176,0.0,7.2,6.512337324172974,358.57129545856895,"ScoreBreakdown(accel=97.86042231271307, skidpad=75.0, autocross=32.91980078834115, endurance=135.29719447331814, efficiency=17.49387788419657)"
[100   4],280,100,4,280,28.799999999999997,3.8782795667071923,4.593257496777142,1661.1018171303733,6394.744325998459,0.0,7.2,6.512767115734609,354.13559303752993,"ScoreBreakdown(accel=95.76858873133177, skidpad=75.0, autocross=32.267582023526025, endurance=133.79839564413876, efficiency=17.301026638533347)"
[100   4],285,100,4,285,28.799999999999997,3.906724326227902,4.602689228761392,1699.7323905915807,6395.588261069246,0.0,7.2,6.513179040137176,328.5350837643031,"ScoreBreakdown(accel=93.71339838354871, skidpad=75.0, autocross=25.697057033701892, endurance=118.69932813320486, efficiency=15.42530021384768)"
[100   4],290,100,4,290,28.799999999999997,3.935079819301123,4.6118214268334015,1781.4970576333371,6397.03090801981,0.0,7.2,6.513645162998176,280.05243292611476,"ScoreBreakdown(accel=91.69422991893049, skidpad=75.0, autocross=12.729871262299596, endurance=88.90073309057881, efficiency=11.727598654305872)"
[100   4],295,100,4,295,28.799999999999997,3.9633417441227863,4.620667299055384,1780.4298146734332,6398.480110853809,0.0,7.2,6.514264593398496,278.6300979785754,"ScoreBreakdown(accel=89.7104735538761, skidpad=75.0, autocross=12.891455521326698, endurance=89.27205374448901, efficiency=11.756115158883548)"
[100   4],300,100,4,300,28.799999999999997,3.9915058253446176,4.62980857849513,1781.088526213431,6400.50213966894,0.0,7.2,6.5150065503417025,276.2997013496711,"ScoreBreakdown(accel=87.76153133710751, skidpad=75.0, autocross=12.791701450472285, endurance=89.04281887320316, efficiency=11.703649688888177)"
[104   4],200,104,4,200,29.951999999999998,3.6253038322989397,4.411893476136811,1446.5814063280538,6427.994455678921,0.03795901324937747,7.488,6.559851624483934,511.4418014698367,"ScoreBreakdown(accel=100.0, skidpad=75.0, autocross=75.1397265529544, endurance=232.31859084785245, efficiency=28.983484069029803)"
[104   4],205,104,4,205,29.951999999999998,3.63304424605127,4.42563881461237,1451.7382126900218,6451.230676605315,0.03332568732784575,7.488,6.585518519762375,506.88325538093244,"ScoreBreakdown(accel=100.0, skidpad=75.0, autocross=73.96050513943835, endurance=229.60873984498846, efficiency=28.31401039650564)"
[104   4],210,104,4,210,29.951999999999998,3.6413066374271352,4.43876149137175,1456.7880378747052,6475.0740762716505,0.0283554929695028,7.488,6.613647505726639,502.437338998384,"ScoreBreakdown(accel=100.0, skidpad=75.0, autocross=72.81383794213292, endurance=226.97369843634877, efficiency=27.64980261990228)"
[104   4],215,104,4,215,29.951999999999998,3.6502306563926226,4.451909490984619,1461.8627862638036,6501.183954390584,0.02331780278133718,7.488,6.642310711267038,497.9726125222885,"ScoreBreakdown(accel=100.0, skidpad=75.0, autocross=71.66949220249172, endurance=224.34399173780457, efficiency=26.95912858199222)"
[104   4],220,104,4,220,29.951999999999998,3.659836849872832,4.464692498941417,1466.9219714291316,6522.07557070983,0.01903293787780661,7.488,6.666551045621985,493.62698777165303,"ScoreBreakdown(accel=100.0, skidpad=75.0, autocross=70.53653717551094, endurance=221.740460898834, efficiency=26.3499896973081)"
[104   4],225,104,4,225,29.951999999999998,3.6701055085420506,4.476935933773376,1471.985031049401,6548.011916144454,0.014790968791652426,7.488,6.691368736526095,489.24029597058393,"ScoreBreakdown(accel=100.0, skidpad=75.0, autocross=69.4105113414816, endurance=219.15285334640916, efficiency=25.676931282693218)"
[104   4],230,104,4,230,29.951999999999998,3.6811818926376247,4.4886810058795845,1476.9923573509402,6569.530247071682,0.011358163159906244,7.488,6.711334652287178,484.9907314968726,"ScoreBreakdown(accel=100.0, skidpad=75.0, autocross=68.30447353700337, endurance=216.6111782891915, efficiency=25.075079670677706)"
[104   4],235,104,4,235,29.951999999999998,3.69325466831323,4.500279849860846,1481.9879573066753,6594.951903308959,0.007612401906679899,7.488,6.733682437461258,480.72814618061085,"ScoreBreakdown(accel=100.0, skidpad=75.0, autocross=67.2084737985432, endurance=214.09257070933975, efficiency=24.427101672727932)"
[104   4],240,104,4,240,29.951999999999998,3.706403470020561,4.511733862737842,1486.8053000608497,6611.9149895624005,0.004855377341611339,7.488,6.75005427304622,476.748453563657,"ScoreBreakdown(accel=100.0, skidpad=75.0, autocross=66.15855794771026, endurance=211.67986391086063, efficiency=23.9100317050861)"
[104   4],245,104,4,245,29.951999999999998,3.72069539565949,4.522747919369422,1491.7349474840669,6634.870423618656,0.0012982599062332243,7.488,6.7712429693342635,472.62943815425984,"ScoreBreakdown(accel=100.0, skidpad=75.0, autocross=65.09118592746022, endurance=209.22704283218016, efficiency=23.31120939461943)"
[104   4],250,104,4,250,29.951999999999998,3.736347465548562,4.533349610791845,1498.1208877273252,6645.920581965953,0.0,7.488,6.780283052539252,467.58251533434554,"ScoreBreakdown(accel=100.0, skidpad=75.0, autocross=63.718939695744034, endurance=206.073620765238, efficiency=22.789954873363484)"
[104   4],255,104,4,255,29.951999999999998,3.753710765628057,4.543751833798964,1512.6207457061016,6647.709596959552,0.0,7.488,6.78152753032212,456.58583295353014,"ScoreBreakdown(accel=100.0, skidpad=75.0, autocross=60.646151988124814, endurance=199.01235410603408, efficiency=21.927326859371256)"
[104   4],260,104,4,260,29.951999999999998,3.7731330596000134,4.554205599096264,1540.3435524090592,6649.9991450949665,0.0,7.488,6.782455045803625,436.15169944479146,"ScoreBreakdown(accel=100.0, skidpad=75.0, autocross=54.93221733377051, endurance=185.88173132737114, efficiency=20.337750783649824)"
[104   4],265,104,4,265,29.951999999999998,3.7952596185436107,4.564290460655897,1564.2463851418363,6652.0471679490465,0.0,7.488,6.783060107560762,419.113777271407,"ScoreBreakdown(accel=100.0, skidpad=75.0, autocross=50.16821092133937, endurance=174.93404380541176, efficiency=19.011522544655833)"
[104   4],270,104,4,270,29.951999999999998,3.821174457418792,4.5740298978115845,1643.7756091703616,6653.121330505137,0.0,7.488,6.783079470783286,366.04817105120776,"ScoreBreakdown(accel=99.98691971511879, skidpad=75.0, autocross=35.314848665613994, endurance=140.80101489054, efficiency=14.945387779934979)"
[104   4],275,104,4,275,29.951999999999998,3.849749874109179,4.583512153122953,1645.884474715253,6654.125990219421,0.0,7.488,6.783923062823772,362.57298702578635,"ScoreBreakdown(accel=97.86042231271307, skidpad=75.0, autocross=34.94052030631232, endurance=139.94080825909032, efficiency=14.831236147670644)"
[104   4],280,104,4,280,29.951999999999998,3.8782795667071923,4.593257496777142,1648.1255517366362,6654.222322699024,0.0,7.488,6.784627560740165,359.0633010390751,"ScoreBreakdown(accel=95.76858873133177, skidpad=75.0, autocross=34.54377402800651, endurance=139.02908524606943, efficiency=14.721853033667397)"
[104   4],285,104,4,285,29.951999999999998,3.906724326227902,4.602689228761392,1651.3153974838447,6654.224725112513,0.0,7.488,6.785201544448945,354.9982482591449,"ScoreBreakdown(accel=93.71339838354871, skidpad=75.0, autocross=33.9809209060852, endurance=137.73564867900802, efficiency=14.568280290502976)"
[104   4],290,104,4,290,29.951999999999998,3.935079819301123,4.6118214268334015,1655.255052327239,6654.4836739583625,0.0,7.488,6.7854211268687585,350.50442388281624,"ScoreBreakdown(accel=91.69422991893049, skidpad=75.0, autocross=33.28875701047795, endurance=136.14505593267643, efficiency=14.376381020731428)"
[104   4],295,104,4,295,29.951999999999998,3.9633417441227863,4.620667299055384,1712.5202986170332,6655.080454134212,0.0,7.488,6.7861536862691265,313.8720467910018,"ScoreBreakdown(accel=89.7104735538761, skidpad=75.0, autocross=23.587316991889548, endurance=113.85114516895467, efficiency=11.723111076281493)"
[104   4],300,104,4,300,29.951999999999998,3.9915058253446176,4.62980857849513,1768.7380810115858,6655.975074994413,0.0,7.488,6.7865700753742715,280.08723106422644,"ScoreBreakdown(accel=87.76153133710751, skidpad=75.0, autocross=14.674393553329248, endurance=93.36924563626476, efficiency=9.282060537524886)"
[108   4],200,108,4,200,31.104,3.6253038322989397,4.411893476136811,1443.2080652827162,6562.554674121822,0.05819226727863542,7.776,6.705878266730717,512.2932852253728,"ScoreBreakdown(accel=100.0, skidpad=75.0, autocross=75.91567728091918, endurance=234.1017257487687, efficiency=27.275882195684876)"
[108   4],205,108,4,205,31.104,3.63304424605127,4.42563881461237,1448.2899309513448,6589.838798572307,0.0530906485093492,7.776,6.735111820873873,507.73992579564106,"ScoreBreakdown(accel=100.0, skidpad=75.0, autocross=74.74810320809524, endurance=231.4186403367374, efficiency=26.57318225080836)"
[108   4],210,108,4,210,31.104,3.6413066374271352,4.43876149137175,1453.292154470129,6615.954647707916,0.04771886387498034,7.776,6.76656626377301,503.30222258110234,"ScoreBreakdown(accel=100.0, skidpad=75.0, autocross=73.60680174633619, endurance=228.79592938926882, efficiency=25.89949144549732)"
[108   4],215,108,4,215,31.104,3.6502306563926226,4.451909490984619,1458.2344633351815,6644.739281992113,0.042213164421300964,7.776,6.798988101740289,498.909951912736,"ScoreBreakdown(accel=100.0, skidpad=75.0, autocross=72.48686030342299, endurance=226.2223037686329, efficiency=25.200787840680103)"
[108   4],220,108,4,220,31.104,3.659836849872832,4.464692498941417,1463.1245532622447,6668.9991930147635,0.03737546682087251,7.776,6.827351708417532,494.65310950638786,"ScoreBreakdown(accel=100.0, skidpad=75.0, autocross=71.38619846428494, endurance=223.69298268065424, efficiency=24.573928361448694)"
[108   4],225,108,4,225,31.104,3.6701055085420506,4.476935933773376,1468.0012128136336,6698.345636854931,0.032611677884966425,7.776,6.856020117409695,490.3702947002431,"ScoreBreakdown(accel=100.0, skidpad=75.0, autocross=70.29586222973546, endurance=221.18738983372398, efficiency=23.887042636783715)"
[108   4],230,108,4,230,31.104,3.6811818926376247,4.4886810058795845,1472.8784195553815,6723.0888500777955,0.02870722446482159,7.776,6.879306189381226,486.1790343736767,"ScoreBreakdown(accel=100.0, skidpad=75.0, autocross=69.21262501419912, endurance=218.69811053365737, efficiency=23.268298825820253)"
[108   4],235,108,4,235,31.104,3.69325466831323,4.500279849860846,1477.772356598292,6751.236065648005,0.024637146291457468,7.776,6.904164432019297,481.9606160820121,"ScoreBreakdown(accel=100.0, skidpad=75.0, autocross=68.13285898249367, endurance=216.21680801460695, efficiency=22.61094908491149)"
[108   4],240,108,4,240,31.104,3.706403470020561,4.511733862737842,1482.5313958508275,6769.689435439482,0.02163486180822456,7.776,6.9224520977300426,478.0023598757733,"ScoreBreakdown(accel=100.0, skidpad=75.0, autocross=67.0896926324883, endurance=213.8196115701434, efficiency=22.093055673141645)"
[108   4],245,108,4,245,31.104,3.72069539565949,4.522747919369422,1487.4194693307277,6794.419411020623,0.017936207891280066,7.776,6.945154684600998,473.89109539993945,"ScoreBreakdown(accel=100.0, skidpad=75.0, autocross=66.02519160544107, endurance=211.37338803431695, efficiency=21.492515760181412)"
[108   4],250,108,4,250,31.104,3.736347465548562,4.533349610791845,1492.3561475969452,6823.159401223243,0.01367473227454105,7.776,6.972352843509098,469.7213433236697,"ScoreBreakdown(accel=100.0, skidpad=75.0, autocross=64.95718336511939, endurance=208.91910492180673, efficiency=20.84505503674361)"
[108   4],255,108,4,255,31.104,3.753710765628057,4.543751833798964,1497.2806431997324,6848.161064857911,0.009799722826214817,7.776,6.997168502769673,465.6377970908133,"ScoreBreakdown(accel=100.0, skidpad=75.0, autocross=63.89882734368997, endurance=206.4870026099041, efficiency=20.251967137219246)"
[108   4],260,108,4,260,31.104,3.7731330596000134,4.554205599096264,1502.2242792069703,6876.7427091674235,0.005575012979121786,7.776,7.023991200692213,461.5248209939391,"ScoreBreakdown(accel=100.0, skidpad=75.0, autocross=62.84333710821111, endurance=204.06148587458873, efficiency=19.619998011139284)"
[108   4],265,108,4,265,31.104,3.7952596185436107,4.564290460655897,1507.0824483294218,6901.141226563612,0.0019744710086544628,7.776,7.046539360040113,457.5568495508218,"ScoreBreakdown(accel=100.0, skidpad=75.0, autocross=61.81284051445891, endurance=201.69340453208576, efficiency=19.050604504277146)"
[108   4],270,108,4,270,31.104,3.821174457418792,4.5740298978115845,1511.8503921355268,6913.941284535251,0.0,7.776,7.058579139442583,453.8105359053979,"ScoreBreakdown(accel=99.98691971511879, skidpad=75.0, autocross=60.807921602614336, endurance=199.38410070682747, efficiency=18.631593880837304)"
[108   4],275,108,4,275,31.104,3.849749874109179,4.583512153122953,1517.7925890800336,6915.316079417807,0.0,7.776,7.059433487766137,447.23971921440494,"ScoreBreakdown(accel=97.86042231271307, skidpad=75.0, autocross=59.56434793641685, endurance=196.52636821668162, efficiency=18.288580748593425)"
[108   4],280,108,4,280,31.104,3.8782795667071923,4.593257496777142,1524.3175910085208,6916.550322332737,0.0,7.776,7.060417013196385,440.31088592995434,"ScoreBreakdown(accel=95.76858873133177, skidpad=75.0, autocross=58.20997435138976, endurance=193.41401749478038, efficiency=17.918305352452414)"
[108   4],285,108,4,285,31.104,3.906724326227902,4.602689228761392,1544.3717800009558,6917.929795026139,0.0,7.776,7.061655361920362,423.673822869674,"ScoreBreakdown(accel=93.71339838354871, skidpad=75.0, autocross=54.119030632444485, endurance=184.01302815352554, efficiency=16.828365700155267)"
[108   4],290,108,4,290,31.104,3.935079819301123,4.6118214268334015,1559.1006110973278,6919.5944183882375,0.0,7.776,7.06234602264164,411.17630008961527,"ScoreBreakdown(accel=91.69422991893049, skidpad=75.0, autocross=51.18146212963562, endurance=177.2624952492909, efficiency=16.038112791758227)"
[108   4],295,108,4,295,31.104,3.9633417441227863,4.620667299055384,1565.7141451386954,6921.503943809286,0.0,7.776,7.063522017740504,404.5381866583146,"ScoreBreakdown(accel=89.7104735538761, skidpad=75.0, autocross=49.88041599591834, endurance=174.2726910193, efficiency=15.674606089220148)"
[108   4],300,108,4,300,31.104,3.9915058253446176,4.62980857849513,1591.6216702539878,6923.628209326031,0.0,7.776,7.064627768855084,384.7903074603407,"ScoreBreakdown(accel=87.76153133710751, skidpad=75.0, autocross=44.88790156082328, endurance=162.79989202354892, efficiency=14.34098253886097)"
[112   4],200,112,4,200,32.256,3.6253038322989397,4.411893476136811,1440.772904624013,6678.548376341615,0.08076572405157388,8.064,6.831044843525274,512.7023890362645,"ScoreBreakdown(accel=100.0, skidpad=75.0, autocross=76.478081874502, endurance=235.39413159763433, efficiency=25.83017556412823)"
[112   4],205,112,4,205,32.256,3.63304424605127,4.42563881461237,1445.668419388992,6709.380236387093,0.07510435960981714,8.064,6.864619614939994,508.25823649832284,"ScoreBreakdown(accel=100.0, skidpad=75.0, autocross=75.34937840930795, endurance=232.80037084835115, efficiency=25.108487240663752)"
[112   4],210,112,4,210,32.256,3.6413066374271352,4.43876149137175,1450.4747149829955,6738.300358696805,0.0691453072914209,8.064,6.9005940312595975,503.9458052820805,"ScoreBreakdown(accel=100.0, skidpad=75.0, autocross=74.24865718517304, endurance=230.27091329363986, efficiency=24.426234803267622)"
[112   4],215,112,4,215,32.256,3.6502306563926226,4.451909490984619,1455.2814160664975,6770.311375135029,0.062967432842731,8.064,6.937936275967086,499.62439524413264,"ScoreBreakdown(accel=100.0, skidpad=75.0, autocross=73.15511462702312, endurance=227.75795231454669, efficiency=23.711328302562816)"
[112   4],220,112,4,220,32.256,3.659836849872832,4.464692498941417,1460.1160020750037,6796.723076459917,0.05759856503387217,8.064,6.970333639902907,495.38529448807043,"ScoreBreakdown(accel=100.0, skidpad=75.0, autocross=72.06249080041582, endurance=225.24710258068995, efficiency=23.07570110696467)"
[112   4],225,112,4,225,32.256,3.6701055085420506,4.476935933773376,1464.9594332888432,6827.816095152179,0.05255086462154541,8.064,7.001665175436476,491.1099691734515,"ScoreBreakdown(accel=100.0, skidpad=75.0, autocross=70.97509939249497, endurance=222.7482769458382, efficiency=22.386592835118265)"
[112   4],230,112,4,230,32.256,3.6811818926376247,4.4886810058795845,1469.8171225646279,6854.582340172434,0.04842851676949351,8.064,7.027168318663235,486.9097134689208,"ScoreBreakdown(accel=100.0, skidpad=75.0, autocross=69.89170508192555, endurance=220.25863664135977, efficiency=21.75937174563547)"
[112   4],235,112,4,235,32.256,3.69325466831323,4.500279849860846,1474.681522392891,6885.209519105215,0.044275458891784865,8.064,7.0534563693071615,482.6863106873693,"ScoreBreakdown(accel=100.0, skidpad=75.0, autocross=68.81396646743643, endurance=217.78199312740702, efficiency=21.090351092525825)"
[112   4],240,112,4,240,32.256,3.706403470020561,4.511733862737842,1479.3742550068846,6905.594205783604,0.041147412083297204,8.064,7.073207700432276,478.7545428802118,"ScoreBreakdown(accel=100.0, skidpad=75.0, autocross=67.78097856781469, endurance=215.4081867636048, efficiency=20.565377548792302)"
[112   4],245,112,4,245,32.256,3.72069539565949,4.522747919369422,1484.154584513386,6932.287070754235,0.03726001753422813,8.064,7.097909131954484,474.70395980660203,"ScoreBreakdown(accel=100.0, skidpad=75.0, autocross=66.73542482994552, endurance=213.00550410143614, efficiency=19.963030875220376)"
[112   4],250,112,4,250,32.256,3.736347465548562,4.533349610791845,1488.9613018083335,6962.806642468499,0.03294971315191898,8.064,7.126385148774831,470.6153108753522,"ScoreBreakdown(accel=100.0, skidpad=75.0, autocross=65.6908687732641, endurance=210.60511411080174, efficiency=19.319327991286315)"
[112   4],255,112,4,255,32.256,3.753710765628057,4.543751833798964,1493.7683484886143,6989.285435737624,0.028989176785798886,8.064,7.1526246699905975,466.6041880019597,"ScoreBreakdown(accel=100.0, skidpad=75.0, autocross=64.65296427045728, endurance=208.22000939206862, efficiency=18.73121433943381)"
[112   4],260,112,4,260,32.256,3.7731330596000134,4.554205599096264,1498.6067096839417,7019.888170297983,0.024648544269412112,8.064,7.181152842322648,462.54866305814664,"ScoreBreakdown(accel=100.0, skidpad=75.0, autocross=63.615022282673294, endurance=205.8348185328521, efficiency=18.098822242621285)"
[112   4],265,112,4,265,32.256,3.7952596185436107,4.564290460655897,1503.411517419358,7045.683309937941,0.02098956986040476,8.064,7.204899116192269,458.6038429683446,"ScoreBreakdown(accel=100.0, skidpad=75.0, autocross=62.59088968822028, endurance=203.4813616617889, efficiency=17.531591618335433)"
[112   4],270,112,4,270,32.256,3.821174457418792,4.5740298978115845,1508.117185242645,7062.578831231675,0.018345287359300133,8.064,7.221495978572396,454.8506821698421,"ScoreBreakdown(accel=99.98691971511879, skidpad=75.0, autocross=61.59421363216889, endurance=201.1909999205037, efficiency=17.078548902050727)"
[112   4],275,112,4,275,32.256,3.849749874109179,4.583512153122953,1512.6582660119973,7078.881762440126,0.015956929530156243,8.064,7.237390354649353,449.1378862614732,"ScoreBreakdown(accel=97.86042231271307, skidpad=75.0, autocross=60.63827715765414, endurance=198.99425774431296, efficiency=16.644929046793095)"
[112   4],280,112,4,280,32.256,3.8782795667071923,4.593257496777142,1517.1528120065598,7094.834212726548,0.01349248237926368,8.064,7.253769747403107,443.52058613103304,"ScoreBreakdown(accel=95.76858873133177, skidpad=75.0, autocross=59.69777153157127, endurance=196.83297566036526, efficiency=16.22125020776475)"
[112   4],285,112,4,285,32.256,3.906724326227902,4.602689228761392,1521.5920860439473,7110.414942571352,0.011080776877855325,8.064,7.27013928710302,438.0065192748765,"ScoreBreakdown(accel=93.71339838354871, skidpad=75.0, autocross=58.774285974081515, endurance=194.71080569685301, efficiency=15.808029220393239)"
[112   4],290,112,4,290,32.256,3.935079819301123,4.6118214268334015,1525.984486614683,7127.523332594897,0.008668642913828063,8.064,7.2863019684082335,432.56652950981817,"ScoreBreakdown(accel=91.69422991893049, skidpad=75.0, autocross=57.86583959121575, endurance=192.62319575910877, efficiency=15.383264240563186)"
[112   4],295,112,4,295,32.256,3.9633417441227863,4.620667299055384,1530.3537637823176,7147.846152576405,0.005791815103610021,8.064,7.305598602855241,427.16349701818547,"ScoreBreakdown(accel=89.7104735538761, skidpad=75.0, autocross=56.967349357471136, endurance=190.55846505368788, efficiency=14.927209053150342)"
[112   4],300,112,4,300,32.256,3.9915058253446176,4.62980857849513,1534.6970447913445,7169.537077963178,0.002682106240298274,8.064,7.326280133980076,421.81973421876523,"ScoreBreakdown(accel=87.76153133710751, skidpad=75.0, autocross=56.07927535591075, endurance=188.5176708515456, efficiency=14.46125667420141)"
[116   4],200,116,4,200,33.407999999999994,3.6253038322989397,4.411893476136811,1439.1371743196673,6778.551015794528,0.10470076507531456,8.352,6.938932858369902,512.7167379564413,"ScoreBreakdown(accel=100.0, skidpad=75.0, autocross=76.85692524841285, endurance=236.26471373340118, efficiency=24.595098974627266)"
[116   4],205,116,4,205,33.407999999999994,3.63304424605127,4.42563881461237,1443.9182850216587,6812.877009125148,0.09849837207943272,8.352,6.9769520275414765,508.3280930940801,"ScoreBreakdown(accel=100.0, skidpad=75.0, autocross=75.75200810524393, endurance=233.72561395605723, efficiency=23.850471032778884)"
[116   4],210,116,4,210,33.407999999999994,3.6413066374271352,4.43876149137175,1448.6090211574437,6844.117990615497,0.0920429880666209,8.352,7.017143322480922,504.0862018316556,"ScoreBreakdown(accel=100.0, skidpad=75.0, autocross=74.67506459838121, endurance=231.25079759956114, efficiency=23.160339633713257)"
[116   4],215,116,4,215,33.407999999999994,3.6502306563926226,4.451909490984619,1453.2930557048749,6877.565223133839,0.0854734170960781,8.352,7.058226688739676,499.85278635316513,"ScoreBreakdown(accel=100.0, skidpad=75.0, autocross=73.6065968295577, endurance=228.795458490478, efficiency=22.45073103312941)"
[116   4],220,116,4,220,33.407999999999994,3.659836849872832,4.464692498941417,1457.9902113294754,6907.513253720717,0.07973591509794684,8.352,7.09410791719285,495.6839559911141,"ScoreBreakdown(accel=100.0, skidpad=75.0, autocross=72.54203016477746, endurance=226.34908411913025, efficiency=21.792841707206367)"
[116   4],225,116,4,225,33.407999999999994,3.6701055085420506,4.476935933773376,1462.695911614749,6940.93911801939,0.07432941984344006,8.352,7.1288291284687135,491.49527255571485,"ScoreBreakdown(accel=100.0, skidpad=75.0, autocross=71.48238288630509, endurance=223.91401449832975, efficiency=21.09887517108)"
[116   4],230,116,4,230,33.407999999999994,3.6811818926376247,4.4886810058795845,1467.4293562878054,6969.88831881531,0.06991955455710008,8.352,7.157021526067343,487.37011462839877,"ScoreBreakdown(accel=100.0, skidpad=75.0, autocross=70.42334432246457, endurance=221.48034370385355, efficiency=20.466426602080613)"
[116   4],235,116,4,235,33.407999999999994,3.69325466831323,4.500279849860846,1472.1714245076453,7003.025818639479,0.06555693857041876,8.352,7.185478546243976,483.217017988429,"ScoreBreakdown(accel=100.0, skidpad=75.0, autocross=69.36920520183807, endurance=219.0579318306918, efficiency=19.789880955899118)"
[116   4],240,116,4,240,33.407999999999994,3.706403470020561,4.511733862737842,1476.7852766481979,7024.897182452539,0.062259205400685,8.352,7.207000410115271,479.329295461755,"ScoreBreakdown(accel=100.0, skidpad=75.0, autocross=68.35006565293212, endurance=216.71594897911973, efficiency=19.263280829703167)"
[116   4],245,116,4,245,33.407999999999994,3.72069539565949,4.522747919369422,1481.506610077487,7054.44398086231,0.05820025217032547,8.352,7.23360060004956,475.29294204312777,"ScoreBreakdown(accel=100.0, skidpad=75.0, autocross=67.31375623531609, endurance=214.3345097664184, efficiency=18.644676041393303)"
[116   4],250,116,4,250,33.407999999999994,3.736347465548562,4.533349610791845,1486.3082316818816,7086.776688352505,0.05383716815472184,8.352,7.263259614348848,471.190566498838,"ScoreBreakdown(accel=100.0, skidpad=75.0, autocross=66.26657662943234, endurance=211.92809085928397, efficiency=17.99589901012173)"
[116   4],255,116,4,255,33.407999999999994,3.753710765628057,4.543751833798964,1491.1272169665122,7114.076252638886,0.04983092052216349,8.352,7.29061896958336,467.16281937660364,"ScoreBreakdown(accel=100.0, skidpad=75.0, autocross=65.22239093296066, endurance=209.52855195647263, efficiency=17.411876487170332)"
[116   4],260,116,4,260,33.407999999999994,3.7731330596000134,4.554205599096264,1495.9736257834945,7145.734608567843,0.04536870051442462,8.352,7.32076916990969,463.09275750037875,"ScoreBreakdown(accel=100.0, skidpad=75.0, autocross=64.17904787213203, endurance=207.13094943050805, efficiency=16.782760197738654)"
[116   4],265,116,4,265,33.407999999999994,3.7952596185436107,4.564290460655897,1500.7393214167314,7173.23268203916,0.04153720497994868,8.352,7.346345979507719,459.16021741676866,"ScoreBreakdown(accel=100.0, skidpad=75.0, autocross=63.159652110660524, endurance=204.78837780241813, efficiency=16.21218750369002)"
[116   4],270,116,4,270,33.407999999999994,3.821174457418792,4.5740298978115845,1505.4043089433892,7191.85820294644,0.03870998169626895,8.352,7.3646351980127776,455.4168328105152,"ScoreBreakdown(accel=99.98691971511879, skidpad=75.0, autocross=62.16804920581569, endurance=202.50967416344275, efficiency=15.75218972613794)"
[116   4],275,116,4,275,33.407999999999994,3.849749874109179,4.583512153122953,1509.913523994279,7209.043858234412,0.03622172055449467,8.352,7.381660188675879,449.7166100717904,"ScoreBreakdown(accel=97.86042231271307, skidpad=75.0, autocross=61.21538151157911, endurance=200.32044364487066, efficiency=15.320362602627558)"
[116   4],280,116,4,280,33.407999999999994,3.8782795667071923,4.593257496777142,1514.3554066984016,7225.67464822856,0.033756965305987326,8.352,7.398603725632462,444.12939842369417,"ScoreBreakdown(accel=95.76858873133177, skidpad=75.0, autocross=60.282486182458165, endurance=198.1766500245973, efficiency=14.901673485306887)"
[116   4],285,116,4,285,33.407999999999994,3.906724326227902,4.602689228761392,1518.7502251553412,7242.015383398768,0.03135267199602907,8.352,7.415472310746509,438.63806172188856,"ScoreBreakdown(accel=93.71339838354871, skidpad=75.0, autocross=59.36484585325061, endurance=196.06791239664238, efficiency=14.491905088446835)"
[116   4],290,116,4,290,33.407999999999994,3.935079819301123,4.6118214268334015,1523.0699696066113,7259.981084842597,0.028958609088429163,8.352,7.43209142841179,433.24087142663484,"ScoreBreakdown(accel=91.69422991893049, skidpad=75.0, autocross=58.46804179480299, endurance=194.0070565223323, efficiency=14.071543190569047)"
[116   4],295,116,4,295,33.407999999999994,3.9633417441227863,4.620667299055384,1527.3674609911106,7281.096439144954,0.02610770657112361,8.352,7.451919624718144,427.88149042683733,"ScoreBreakdown(accel=89.7104735538761, skidpad=75.0, autocross=57.580891205478125, endurance=191.96838432165927, efficiency=13.621741345823835)"
[116   4],300,116,4,300,33.407999999999994,3.9915058253446176,4.62980857849513,1531.6399517003185,7303.571289725489,0.022989742556729843,8.352,7.47336681843068,422.5808230793061,"ScoreBreakdown(accel=87.76153133710751, skidpad=75.0, autocross=56.703836613311296, endurance=189.9529127241218, efficiency=13.162542404765537)"
[120   4],200,120,4,200,34.559999999999995,3.6253038322989397,4.411893476136811,1438.4194187183903,6850.444090635796,0.13142238653770383,8.64,7.01822752992141,512.372202028012,"ScoreBreakdown(accel=100.0, skidpad=75.0, autocross=77.02343304792659, endurance=236.64734868416218, efficiency=23.701420295923217)"
[120   4],205,120,4,205,34.559999999999995,3.63304424605127,4.42563881461237,1442.9890257978966,6891.803341646876,0.12423381406337103,8.64,7.064383502286212,508.0760300450226,"ScoreBreakdown(accel=100.0, skidpad=75.0, autocross=75.9661871396611, endurance=234.21779741249316, efficiency=22.89204549286837)"
[120   4],210,120,4,210,34.559999999999995,3.6413066374271352,4.43876149137175,1447.4922507546623,6929.382504091784,0.11697679923332793,8.64,7.111460547716572,503.91482049699437,"ScoreBreakdown(accel=100.0, skidpad=75.0, autocross=74.93083022813892, endurance=231.83854705895266, efficiency=22.145443209902776)"
[120   4],215,120,4,215,34.559999999999995,3.6502306563926226,4.451909490984619,1452.0068843498864,6967.2049314929845,0.10963263385665153,8.64,7.159199199044403,499.77226244380864,"ScoreBreakdown(accel=100.0, skidpad=75.0, autocross=73.89929680040541, endurance=229.46808307178972, efficiency=21.40488257161354)"
[120   4],220,120,4,220,34.559999999999995,3.659836849872832,4.464692498941417,1456.5779064961753,7000.892998230149,0.1033564592623626,8.64,7.199813639679538,495.6654986355941,"ScoreBreakdown(accel=100.0, skidpad=75.0, autocross=72.86139407642521, endurance=227.08298244080066, efficiency=20.721122118368232)"
[120   4],225,120,4,225,34.559999999999995,3.6701055085420506,4.476935933773376,1461.2003614383364,7036.427565628158,0.09760667247074806,8.64,7.237881571731108,491.5249826918448,"ScoreBreakdown(accel=100.0, skidpad=75.0, autocross=71.81841662970504, endurance=224.6862200961174, efficiency=20.020345966022308)"
[120   4],230,120,4,230,34.559999999999995,3.6811818926376247,4.4886810058795845,1465.8602902324267,7067.2057829773385,0.09292034815005491,8.64,7.268817786438591,487.44171501529416,"ScoreBreakdown(accel=100.0, skidpad=75.0, autocross=70.77364192430782, endurance=222.2853276506982, efficiency=19.382745440288154)"
[120   4],235,120,4,235,34.559999999999995,3.69325466831323,4.500279849860846,1470.5326939929323,7102.670620427497,0.08840317772443025,8.64,7.299208030612094,483.3225556412464,"ScoreBreakdown(accel=100.0, skidpad=75.0, autocross=69.73271840767026, endurance=219.89328523768393, efficiency=18.69655199589222)"
[120   4],240,120,4,240,34.559999999999995,3.706403470020561,4.511733862737842,1475.0938295133499,7126.548403881798,0.08493874502085727,8.64,7.322541525911244,479.4554736616197,"ScoreBreakdown(accel=100.0, skidpad=75.0, autocross=68.722943986168, endurance=217.57282345043095, efficiency=18.15970622502081)"
[120   4],245,120,4,245,34.559999999999995,3.72069539565949,4.522747919369422,1479.7412078307063,7157.768573073209,0.08069274284634051,8.64,7.351172541764647,475.46238998449223,"ScoreBreakdown(accel=100.0, skidpad=75.0, autocross=67.7004792630885, endurance=215.2231993480594, efficiency=17.538711373344306)"
[120   4],250,120,4,250,34.559999999999995,3.736347465548562,4.533349610791845,1484.4550817820098,7191.451159249752,0.07630670096746617,8.64,7.381902849663537,471.4180081902186,"ScoreBreakdown(accel=100.0, skidpad=75.0, autocross=66.66992501844337, endurance=212.85498552379508, efficiency=16.89309764798016)"
[120   4],255,120,4,255,34.559999999999995,3.753710765628057,4.543751833798964,1489.1968525967327,7220.087932300671,0.07223755095534559,8.64,7.4105337541327145,467.43798175458426,"ScoreBreakdown(accel=100.0, skidpad=75.0, autocross=65.63985414081196, endurance=210.48788247700801, efficiency=16.310245136764223)"
[120   4],260,120,4,260,34.559999999999995,3.7731330596000134,4.554205599096264,1493.941317638773,7253.436770487058,0.06770090571400773,8.64,7.442114296537049,463.43141208654504,"ScoreBreakdown(accel=100.0, skidpad=75.0, autocross=64.61574245255333, endurance=208.13447364838288, efficiency=15.68119598560882)"
[120   4],265,120,4,265,34.559999999999995,3.7952596185436107,4.564290460655897,1498.6385503383606,7282.3308070946005,0.06381856825509051,8.64,7.46883145036778,459.5382547723439,"ScoreBreakdown(accel=100.0, skidpad=75.0, autocross=63.60821391293798, endurance=205.81917289807683, efficiency=15.110867961329117)"
[120   4],270,120,4,270,34.559999999999995,3.821174457418792,4.5740298978115845,1503.2585093302412,7302.269417424137,0.06085715818259058,8.64,7.488556087768483,455.81435633181223,"ScoreBreakdown(accel=99.98691971511879, skidpad=75.0, autocross=62.62340205364433, endurance=203.55607508289876, efficiency=14.647959480150371)"
[120   4],275,120,4,275,34.559999999999995,3.849749874109179,4.583512153122953,1507.7333869954878,7320.163236538674,0.058336596292832325,8.64,7.506327354236347,450.1316831676283,"ScoreBreakdown(accel=97.86042231271307, skidpad=75.0, autocross=61.675270359721665, endurance=201.37726829379662, efficiency=14.218722201396936)"
[120   4],280,120,4,280,34.559999999999995,3.8782795667071923,4.593257496777142,1512.1585500669091,7337.710431928198,0.05588013392851489,8.64,7.523773137282314,444.5463880945171,"ScoreBreakdown(accel=95.76858873133177, skidpad=75.0, autocross=60.74319051205616, endurance=199.2353486500423, efficiency=13.799260201086858)"
[120   4],285,120,4,285,34.559999999999995,3.906724326227902,4.602689228761392,1516.5460661329723,7354.527154050146,0.05360849373736061,8.64,7.540315649464435,439.0546451752574,"ScoreBreakdown(accel=93.71339838354871, skidpad=75.0, autocross=59.8244105740823, endurance=197.12399220095432, efficiency=13.392844016672107)"
[120   4],290,120,4,290,34.559999999999995,3.935079819301123,4.6118214268334015,1520.8754735339273,7372.9261194558785,0.05121823585244852,8.64,7.5574573778489,433.64563650441255,"ScoreBreakdown(accel=91.69422991893049, skidpad=75.0, autocross=58.9229953011691, endurance=195.05253975504158, efficiency=12.975871529271366)"
[120   4],295,120,4,295,34.559999999999995,3.9633417441227863,4.620667299055384,1525.1764611951903,7394.710261774245,0.048333929800976706,8.64,7.578132143719118,428.277640737583,"ScoreBreakdown(accel=89.7104735538761, skidpad=75.0, autocross=58.032564516289014, endurance=193.0063296644415, efficiency=12.528273002976384)"
[120   4],300,120,4,300,34.559999999999995,3.9915058253446176,4.62980857849513,1529.440170713881,7418.273048986126,0.0452414532213727,8.64,7.600136640094055,422.9735163523397,"ScoreBreakdown(accel=87.76153133710751, skidpad=75.0, autocross=57.15479449855384, endurance=190.9892140188297, efficiency=12.067976497848624)"
[124   4],200,124,4,200,35.711999999999996,3.6253038322989397,4.411893476136811,1438.7055552542565,6888.216542218339,0.161406911534157,8.928,7.0622708419915305,511.65060446867307,"ScoreBreakdown(accel=100.0, skidpad=75.0, autocross=76.95703404205707, endurance=236.49476375771633, efficiency=23.198806668899653)"
[124   4],205,124,4,205,35.711999999999996,3.63304424605127,4.42563881461237,1443.0760201751184,6936.7121544825895,0.15334256669304475,8.928,7.116598338482481,507.4371175294811,"ScoreBreakdown(accel=100.0, skidpad=75.0, autocross=75.94612465742283, endurance=234.17169382499867, efficiency=22.3192990470596)"
[124   4],210,124,4,210,35.711999999999996,3.6413066374271352,4.43876149137175,1447.3637753833905,6981.768851942689,0.14529720620498807,8.928,7.171188060455291,503.3674870999615,"ScoreBreakdown(accel=100.0, skidpad=75.0, autocross=74.9602793029418, endurance=231.90622103770966, efficiency=21.500986759310052)"
[124   4],215,124,4,215,35.711999999999996,3.6502306563926226,4.451909490984619,1451.6563205914135,7026.416092908213,0.13698457611056422,8.928,7.227627415380283,499.33016024166017,"ScoreBreakdown(accel=100.0, skidpad=75.0, autocross=73.97916616908775, endurance=229.6516228942022, efficiency=20.699371178370193)"
[124   4],220,124,4,220,35.711999999999996,3.659836849872832,4.464692498941417,1456.02887040056,7066.708026530086,0.12978281020735088,8.928,7.276375630328231,495.31127965275056,"ScoreBreakdown(accel=100.0, skidpad=75.0, autocross=72.98571462360792, endurance=227.3686710787429, efficiency=19.956893950399785)"
[124   4],225,124,4,225,35.711999999999996,3.6701055085420506,4.476935933773376,1460.479022850689,7108.146854377938,0.12304658688118433,8.928,7.322680709790877,491.2463189427678,"ScoreBreakdown(accel=100.0, skidpad=75.0, autocross=71.98073952886136, endurance=225.05923814516655, efficiency=19.206341268739894)"
[124   4],230,124,4,230,35.711999999999996,3.6811818926376247,4.4886810058795845,1465.006387572152,7143.517066581551,0.11773080853028611,8.928,7.359110259600652,487.22108171390784,"ScoreBreakdown(accel=100.0, skidpad=75.0, autocross=70.96459294682226, endurance=222.7241331319484, efficiency=18.532355635137176)"
[124   4],235,124,4,235,35.711999999999996,3.69325466831323,4.500279849860846,1469.566178848775,7182.364668144221,0.1127965979077434,8.928,7.393447966929736,483.15910848394685,"ScoreBreakdown(accel=100.0, skidpad=75.0, autocross=69.94749678180415, endurance=220.38684597688794, efficiency=17.8247657252548)"
[124   4],240,124,4,240,35.711999999999996,3.706403470020561,4.511733862737842,1474.032250005162,7209.178281945343,0.10912394845647383,8.928,7.418954865128856,479.33730510147177,"ScoreBreakdown(accel=100.0, skidpad=75.0, autocross=68.95740552713025, endurance=218.11161611025494, efficiency=17.26828346408663)"
[124   4],245,124,4,245,35.711999999999996,3.72069539565949,4.522747919369422,1478.5861425930273,7242.877026266225,0.10468382764762141,8.928,7.449830113601293,475.39493565985265,"ScoreBreakdown(accel=100.0, skidpad=75.0, autocross=67.95400370416318, endurance=215.80579855548737, efficiency=16.635133400202097)"
[124   4],250,124,4,250,35.711999999999996,3.736347465548562,4.533349610791845,1483.243350695437,7278.680915861505,0.1002451220093119,8.928,7.4818087708599945,471.3769211293487,"ScoreBreakdown(accel=100.0, skidpad=75.0, autocross=66.93421000887913, endurance=213.46231247543074, efficiency=15.980398645038862)"
[124   4],255,124,4,255,35.711999999999996,3.753710765628057,4.543751833798964,1487.9469902962778,7308.3554701054345,0.09611120025099525,8.928,7.511687114319803,467.41941404611987,"ScoreBreakdown(accel=100.0, skidpad=75.0, autocross=65.91072876373872, endurance=211.11035240519536, efficiency=15.398332877185771)"
[124   4],260,124,4,260,35.711999999999996,3.7731330596000134,4.554205599096264,1492.6448846184608,7343.234386567803,0.09148165589642993,8.928,7.544836857219138,463.43746809487044,"ScoreBreakdown(accel=100.0, skidpad=75.0, autocross=64.8949362517564, endurance=208.77606104502627, efficiency=14.76647079808778)"
[124   4],265,124,4,265,35.711999999999996,3.7952596185436107,4.564290460655897,1497.3154348403523,7373.28095053319,0.08759932466851542,8.928,7.572458339023017,459.55655894138505,"ScoreBreakdown(accel=100.0, skidpad=75.0, autocross=63.891374807096895, endurance=206.46987667958328, efficiency=14.19530745470486)"
[124   4],270,124,4,270,35.711999999999996,3.821174457418792,4.5740298978115845,1501.9082739902533,7394.326706481518,0.08446687454575356,8.928,7.593982718880555,455.8433674792471,"ScoreBreakdown(accel=99.98691971511879, skidpad=75.0, autocross=62.91059787058376, endurance=204.2160511176207, efficiency=13.729798775923822)"
[124   4],275,124,4,275,35.711999999999996,3.849749874109179,4.583512153122953,1506.3514028002644,7413.333721555788,0.08198816927944631,8.928,7.612073203672237,450.1742897276298,"ScoreBreakdown(accel=97.86042231271307, skidpad=75.0, autocross=61.96748229348976, endurance=202.04877136581865, efficiency=13.297613755608314)"
[124   4],280,124,4,280,35.711999999999996,3.8782795667071923,4.593257496777142,1510.7485012167128,7431.636154393743,0.07955644767644904,8.928,7.629889027212448,444.6034025604585,"ScoreBreakdown(accel=95.76858873133177, skidpad=75.0, autocross=61.039598823523555, endurance=199.91649499870996, efficiency=12.878720006893195)"
[124   4],285,124,4,285,35.711999999999996,3.906724326227902,4.602689228761392,1515.1051338491989,7449.031744559582,0.07736150692610694,8.928,7.646440341142142,439.1296736022816,"ScoreBreakdown(accel=93.71339838354871, skidpad=75.0, autocross=60.12556615458241, endurance=197.8160477746426, efficiency=12.47466128950793)"
[124   4],290,124,4,290,35.711999999999996,3.935079819301123,4.6118214268334015,1519.3851135723467,7467.82320027374,0.07503262846933784,8.928,7.663700328741547,433.7545089882593,"ScoreBreakdown(accel=91.69422991893049, skidpad=75.0, autocross=59.23271966638043, endurance=195.76428639741002, efficiency=12.063273005538342)"
[124   4],295,124,4,295,35.711999999999996,3.9633417441227863,4.620667299055384,1523.6355719968576,7490.413035491523,0.0721636345112421,8.928,7.684925492336591,428.41744828605897,"ScoreBreakdown(accel=89.7104735538761, skidpad=75.0, autocross=58.35099595083735, endurance=193.73808515358346, efficiency=11.617893627762069)"
[124   4],300,124,4,300,35.711999999999996,3.9915058253446176,4.62980857849513,1527.843725112135,7514.981975959089,0.06901925160938908,8.928,7.707922927404344,423.14604997588384,"ScoreBreakdown(accel=87.76153133710751, skidpad=75.0, autocross=57.48288104133221, endurance=191.74315694827766, efficiency=11.158480649166483)"
[128   4],200,128,4,200,36.864,3.6253038322989397,4.411893476136811,1439.7690785939508,6894.21260546937,0.19416969035262718,9.216,7.071378169883583,510.696015527237,"ScoreBreakdown(accel=100.0, skidpad=75.0, autocross=76.71047099833935, endurance=235.92816184256318, efficiency=23.057382686334478)"
[128   4],205,128,4,205,36.864,3.63304424605127,4.42563881461237,1444.0148204420389,6947.54226976291,0.18560405672563182,9.216,7.131849810155565,506.5313153854736,"ScoreBreakdown(accel=100.0, skidpad=75.0, autocross=75.72977407738388, endurance=233.6745201563656, efficiency=22.12702115172413)"
[128   4],210,128,4,210,36.864,3.6413066374271352,4.43876149137175,1448.1603097465265,6999.187777429188,0.1769686891079601,9.216,7.193159657386251,502.5035910462988,"ScoreBreakdown(accel=100.0, skidpad=75.0, autocross=74.77778223258632, endurance=231.4868427399157, efficiency=21.238966073796792)"
[128   4],215,128,4,215,36.864,3.6502306563926226,4.451909490984619,1452.2817629820709,7050.807866880479,0.16778367595932395,9.216,7.25835851620965,498.527964053324,"ScoreBreakdown(accel=100.0, skidpad=75.0, autocross=73.83669783696232, endurance=229.324230643467, efficiency=20.3670355728947)"
[128   4],220,128,4,220,36.864,3.659836849872832,4.464692498941417,1456.475366450215,7097.206539277766,0.1596948131481678,9.216,7.3155673401987515,494.58789104880094,"ScoreBreakdown(accel=100.0, skidpad=75.0, autocross=72.88460553147637, endurance=227.13632236833874, efficiency=19.566963148985856)"
[128   4],225,128,4,225,36.864,3.6701055085420506,4.476935933773376,1460.7328454735093,7145.284261975728,0.15201623343328213,9.216,7.370443039559645,490.6069321918669,"ScoreBreakdown(accel=100.0, skidpad=75.0, autocross=71.9236035161724, endurance=224.9279395785783, efficiency=18.75538909711623)"
[128   4],230,128,4,230,36.864,3.6811818926376247,4.4886810058795845,1465.1214752998392,7185.645669525623,0.14598538017295723,9.216,7.4134919845549225,486.6412957770332,"ScoreBreakdown(accel=100.0, skidpad=75.0, autocross=70.93884387474037, endurance=222.66496176005506, efficiency=18.037490142237743)"
[128   4],235,128,4,235,36.864,3.69325466831323,4.500279849860846,1469.5486209566363,7229.310259794109,0.14055347198172705,9.216,7.452714390813168,482.6366471959631,"ScoreBreakdown(accel=100.0, skidpad=75.0, autocross=69.9514010980591, endurance=220.39581809628595, efficiency=17.289428001618074)"
[128   4],240,128,4,240,36.864,3.706403470020561,4.511733862737842,1473.897849261889,7261.074501405216,0.13644762774313027,9.216,7.482284031004988,478.85640448884664,"ScoreBreakdown(accel=100.0, skidpad=75.0, autocross=68.98711350009205, endurance=218.1798850370238, efficiency=16.689405951730755)"
[128   4],245,128,4,245,36.864,3.72069539565949,4.522747919369422,1478.3100171076285,7299.588458395535,0.1314709650280104,9.216,7.518144627876201,474.97769038420995,"ScoreBreakdown(accel=100.0, skidpad=75.0, autocross=68.01466896385365, endurance=215.94520733226756, efficiency=16.017814088088755)"
[128   4],250,128,4,250,36.864,3.736347465548562,4.533349610791845,1482.8432751125033,7340.025469335327,0.12647254906896976,9.216,7.555246765800329,471.01178595670854,"ScoreBreakdown(accel=100.0, skidpad=75.0, autocross=67.02156346747566, endurance=213.66305073770124, efficiency=15.327171751531624)"
[128   4],255,128,4,255,36.864,3.753710765628057,4.543751833798964,1487.4372954571638,7373.2328253432415,0.12200009171948921,9.216,7.588664422715469,467.10602180884797,"ScoreBreakdown(accel=100.0, skidpad=75.0, autocross=66.0213223217381, endurance=211.3644964197289, efficiency=14.720203067380957)"
[128   4],260,128,4,260,36.864,3.7731330596000134,4.554205599096264,1492.0359919641544,7411.980791327595,0.11707775465961083,9.216,7.6251062381526244,463.16498238836965,"ScoreBreakdown(accel=100.0, skidpad=75.0, autocross=65.026231998701, endurance=209.0777786931722, efficiency=14.060971696496448)"
[128   4],265,128,4,265,36.864,3.7952596185436107,4.564290460655897,1496.624726683987,7444.817296395775,0.11296565110920607,9.216,7.655327908752649,459.3220957251135,"ScoreBreakdown(accel=100.0, skidpad=75.0, autocross=64.03939265546646, endurance=206.8100217195636, efficiency=13.472681350083441)"
[128   4],270,128,4,270,36.864,3.821174457418792,4.5740298978115845,1501.1460628970758,7468.372502081437,0.10962878670963204,9.216,7.679058762810617,455.6400214486984,"ScoreBreakdown(accel=99.98691971511879, skidpad=75.0, autocross=63.072948741936955, endurance=204.5891334467829, efficiency=12.991019544859755)"
[128   4],275,128,4,275,36.864,3.849749874109179,4.583512153122953,1505.5460123430319,7488.5977758974395,0.10700841433964947,9.216,7.698684171711063,449.99351365041747,"ScoreBreakdown(accel=97.86042231271307, skidpad=75.0, autocross=62.138024497154596, endurance=202.44067737798466, efficiency=12.554389462565178)"
[128   4],280,128,4,280,36.864,3.8782795667071923,4.593257496777142,1509.9015721998865,7507.679968865811,0.10448983832817038,9.216,7.717643224264011,444.4481125193662,"ScoreBreakdown(accel=95.76858873133177, skidpad=75.0, autocross=61.217899061674224, endurance=200.32622897540466, efficiency=12.1353957509556)"
[128   4],285,128,4,285,36.864,3.906724326227902,4.602689228761392,1514.2306774475958,7525.746493767872,0.1023335253226869,9.216,7.7343962561050335,438.99014433786505,"ScoreBreakdown(accel=93.71339838354871, skidpad=75.0, autocross=60.3086074459988, endurance=198.23667669252433, efficiency=11.731461815793237)"
[128   4],290,128,4,290,36.864,3.935079819301123,4.6118214268334015,1518.493391259255,7545.091722381836,0.09997960367659446,9.216,7.752332022571605,433.6245085742312,"ScoreBreakdown(accel=91.69422991893049, skidpad=75.0, autocross=59.41832676450337, endurance=196.19081153952703, efficiency=11.321140351270298)"
[128   4],295,128,4,295,36.864,3.9633417441227863,4.620667299055384,1522.7216677483423,7568.482238339431,0.09720155378384024,9.216,7.773534172833933,428.29880127440293,"ScoreBreakdown(accel=89.7104735538761, skidpad=75.0, autocross=58.54016269332168, endurance=194.17279035903024, efficiency=10.875374668174882)"
[128   4],300,128,4,300,36.864,3.9915058253446176,4.62980857849513,1526.9039701623774,7593.758194551268,0.09410191496786201,9.216,7.796891205593952,423.04268029557494,"ScoreBreakdown(accel=87.76153133710751, skidpad=75.0, autocross=57.67633146389952, endurance=192.18770605126204, efficiency=10.41711144330588)"
[132   4],200,132,4,200,38.016,3.6253038322989397,4.411893476136811,1441.1593471954802,6886.232464482657,0.22662843044370146,9.504,7.063318222014155,509.65178652618584,"ScoreBreakdown(accel=100.0, skidpad=75.0, autocross=76.38870541474898, endurance=235.18874447837234, efficiency=23.074336633064537)"
[132   4],205,132,4,205,38.016,3.63304424605127,4.42563881461237,1445.359847568136,6940.005668360213,0.21845429038016806,9.504,7.124268355756808,505.52407200973704,"ScoreBreakdown(accel=100.0, skidpad=75.0, autocross=75.42029654391072, endurance=232.9633407333718, efficiency=22.140434732454477)"
[132   4],210,132,4,210,38.016,3.6413066374271352,4.43876149137175,1449.4616425726467,6992.830010775521,0.21009913730420118,9.504,7.186895282032965,501.5226127378363,"ScoreBreakdown(accel=100.0, skidpad=75.0, autocross=74.48006036295035, endurance=230.80267783436003, efficiency=21.239874540525918)"
[132   4],215,132,4,215,38.016,3.6502306563926226,4.451909490984619,1453.529199261763,7046.3677802587135,0.2009793517212219,9.504,7.255127089179432,497.57257750673335,"ScoreBreakdown(accel=100.0, skidpad=75.0, autocross=73.55291283030522, endurance=228.67209265133656, efficiency=20.347572025091566)"
[132   4],220,132,4,220,38.016,3.659836849872832,4.464692498941417,1457.663250433341,7095.122525775259,0.1927084618143235,9.504,7.316607798318989,493.6577615576828,"ScoreBreakdown(accel=100.0, skidpad=75.0, autocross=72.61591064710548, endurance=226.51886147971243, efficiency=19.522989430864918)"
[132   4],225,132,4,225,38.016,3.6701055085420506,4.476935933773376,1461.836680498433,7147.223502131356,0.18467115750397295,9.504,7.376757482468063,489.70251033339537,"ScoreBreakdown(accel=100.0, skidpad=75.0, autocross=71.67535867020413, endurance=224.35747288157603, efficiency=18.669678781615193)"
[132   4],230,132,4,230,38.016,3.6811818926376247,4.4886810058795845,1466.1252482200669,7191.549226209669,0.17815672532135882,9.504,7.4253035301953885,485.77658544172107,"ScoreBreakdown(accel=100.0, skidpad=75.0, autocross=70.71443682910433, endurance=222.14927433215001, efficiency=17.91287428046672)"
[132   4],235,132,4,235,38.016,3.69325466831323,4.500279849860846,1470.4419083413952,7239.492931855382,0.17224125177677582,9.504,7.469667798881947,481.8167367801815,"ScoreBreakdown(accel=100.0, skidpad=75.0, autocross=69.75288072187598, endurance=219.9396182390559, efficiency=17.124237819249622)"
[132   4],240,132,4,240,38.016,3.706403470020561,4.511733862737842,1474.6901148660897,7275.07821409402,0.16775111069360168,9.504,7.503259077144696,478.0786415224856,"ScoreBreakdown(accel=100.0, skidpad=75.0, autocross=68.81206904121267, endurance=217.77763284163186, efficiency=16.488939639641067)"
[132   4],245,132,4,245,38.016,3.72069539565949,4.522747919369422,1478.9966937327254,7318.094927826649,0.16221390940714978,9.504,7.54464008949648,474.23857953626083,"ScoreBreakdown(accel=100.0, skidpad=75.0, autocross=67.86384676740647, endurance=215.59861789994207, efficiency=15.776114868912305)"
[132   4],250,132,4,250,38.016,3.736347465548562,4.533349610791845,1483.4252435350402,7363.042519017462,0.15674553051266865,9.504,7.58661046955753,470.31107386201694,"ScoreBreakdown(accel=100.0, skidpad=75.0, autocross=66.89451067243702, endurance=213.37108339373518, efficiency=15.04547979584476)"
[132   4],255,132,4,255,38.016,3.753710765628057,4.543751833798964,1487.9263111451935,7400.316318678847,0.151850319768247,9.504,7.624388137861476,466.43915306022296,"ScoreBreakdown(accel=100.0, skidpad=75.0, autocross=65.91521425013116, endurance=211.12066005366557, efficiency=14.403278756426234)"
[132   4],260,132,4,260,38.016,3.7731330596000134,4.554205599096264,1492.4131420448882,7443.906080035653,0.1463535138830721,9.504,7.666379441988365,462.5388301607936,"ScoreBreakdown(accel=100.0, skidpad=75.0, autocross=64.94489435992648, endurance=208.89086478584557, efficiency=13.703071015021582)"
[132   4],265,132,4,265,38.016,3.7952596185436107,4.564290460655897,1496.8939734054393,7481.159167579352,0.14176820196342874,9.504,7.701212848225441,458.73768559982943,"ScoreBreakdown(accel=100.0, skidpad=75.0, autocross=63.9816771919728, endurance=206.67739157493062, efficiency=13.078616832926002)"
[132   4],270,132,4,270,38.016,3.821174457418792,4.5740298978115845,1501.3234922785325,7508.3691645688095,0.13800451861668034,9.504,7.728986947012482,455.0919928740228,"ScoreBreakdown(accel=99.98691971511879, skidpad=75.0, autocross=63.03514158442248, endurance=204.50225259257542, efficiency=12.56767898190612)"
[132   4],275,132,4,275,38.016,3.849749874109179,4.583512153122953,1505.6489379779841,7531.0588428180345,0.13507974581140844,9.504,7.751582663335051,449.4804111422986,"ScoreBreakdown(accel=97.86042231271307, skidpad=75.0, autocross=62.11621972666112, endurance=202.39057001179233, efficiency=12.113199091132078)"
[132   4],280,132,4,280,38.016,3.8782795667071923,4.593257496777142,1509.9289153432203,7552.689607747335,0.13238372759446096,9.504,7.772587330345009,443.96945356119153,"ScoreBreakdown(accel=95.76858873133177, skidpad=75.0, autocross=61.212139505481495, endurance=200.31299351432335, efficiency=11.675731810054922)"
[132   4],285,132,4,285,38.016,3.906724326227902,4.602689228761392,1514.1995640031669,7573.29510717755,0.13008748129807715,9.504,7.790983098375164,438.5329202095068,"ScoreBreakdown(accel=93.71339838354871, skidpad=75.0, autocross=60.315124009855424, endurance=198.25165175734224, efficiency=11.252746058760446)"
[132   4],290,132,4,290,38.016,3.935079819301123,4.6118214268334015,1518.3989368824064,7595.25846871641,0.12749550818831015,9.504,7.811332726817196,433.1915442687116,"ScoreBreakdown(accel=91.69422991893049, skidpad=75.0, autocross=59.43799969284673, endurance=196.23601993210664, efficiency=10.82329472482772)"
[132   4],295,132,4,295,38.016,3.9633417441227863,4.620667299055384,1522.5518802408492,7620.932659829117,0.12439935696937775,9.504,7.8355971450075215,427.90257911519996,"ScoreBreakdown(accel=89.7104735538761, skidpad=75.0, autocross=58.57533159660487, endurance=194.25360850457866, efficiency=10.36316546014031)"
[132   4],300,132,4,300,38.016,3.9915058253446176,4.62980857849513,1526.653572031165,7649.565858877561,0.12100904454645697,9.504,7.861829967335915,422.6765580717204,"ScoreBreakdown(accel=87.76153133710751, skidpad=75.0, autocross=57.7279166000144, endurance=192.306248702567, efficiency=9.880861432031494)"
[136   4],200,136,4,200,39.168,3.6253038322989397,4.411893476136811,1442.7280186978178,6873.688511554785,0.2571869284774679,9.792,7.049745477476772,508.5215037000208,"ScoreBreakdown(accel=100.0, skidpad=75.0, autocross=76.02639463311829, endurance=234.35615424239373, efficiency=23.13895482450877)"
[136   4],205,136,4,205,39.168,3.63304424605127,4.42563881461237,1446.8849170841493,6927.9656746596875,0.2493455109947995,9.792,7.111169914256289,504.42835832653464,"ScoreBreakdown(accel=100.0, skidpad=75.0, autocross=75.07008909027874, endurance=232.1585639471316, efficiency=22.199705289124267)"
[136   4],210,136,4,210,39.168,3.6413066374271352,4.43876149137175,1450.9397339652003,6981.778324925666,0.2413141382638719,9.792,7.174411430565343,500.45788054268485,"ScoreBreakdown(accel=100.0, skidpad=75.0, autocross=74.142547050718, endurance=230.02707218715094, efficiency=21.28826130481596)"
[136   4],215,136,4,215,39.168,3.6502306563926226,4.451909490984619,1454.9601246376587,7036.069816867666,0.23247408288851903,9.792,7.243919439521219,496.5417043037464,"ScoreBreakdown(accel=100.0, skidpad=75.0, autocross=73.22798429413648, endurance=227.9254068215986, efficiency=20.388313188011338)"
[136   4],220,136,4,220,39.168,3.659836849872832,4.464692498941417,1459.0516849422959,7084.833230511929,0.2244795642269295,9.792,7.306411187647723,492.6659111469156,"ScoreBreakdown(accel=100.0, skidpad=75.0, autocross=72.3024065375444, endurance=225.79842898420404, efficiency=19.565075625167207)"
[136   4],225,136,4,225,39.168,3.6701055085420506,4.476935933773376,1463.1851081322293,7136.725741550982,0.21672854194236765,9.792,7.367478101146242,488.7497852587909,"ScoreBreakdown(accel=100.0, skidpad=75.0, autocross=71.37261488489783, endurance=223.66176761298084, efficiency=18.71540276091225)"
[136   4],230,136,4,230,39.168,3.6811818926376247,4.4886810058795845,1467.442474729174,7180.7648656012525,0.2104376839880433,9.792,7.4169037147636345,484.8567565974617,"ScoreBreakdown(accel=100.0, skidpad=75.0, autocross=70.42041875801335, endurance=221.47362075626182, efficiency=17.962717083186508)"
[136   4],235,136,4,235,39.168,3.69325466831323,4.500279849860846,1471.7372604585446,7228.445746462345,0.2048430032095497,9.792,7.461207619939372,480.921707170931,"ScoreBreakdown(accel=100.0, skidpad=75.0, autocross=69.46543529586532, endurance=219.27906860264707, efficiency=17.177203272418556)"
[136   4],240,136,4,240,39.168,3.706403470020561,4.511733862737842,1475.9659517467726,7264.20796533825,0.2005355185926476,9.792,7.495227502342634,477.2015332660726,"ScoreBreakdown(accel=100.0, skidpad=75.0, autocross=68.53057852723265, endurance=217.13076759405203, efficiency=16.540187144787918)"
[136   4],245,136,4,245,39.168,3.72069539565949,4.522747919369422,1480.250244714808,7307.485514305411,0.19519783125116896,9.792,7.53733159638654,473.3803568373361,"ScoreBreakdown(accel=100.0, skidpad=75.0, autocross=67.58887672740946, endurance=214.96673670265142, efficiency=15.8247434072752)"
[136   4],250,136,4,250,39.168,3.736347465548562,4.533349610791845,1484.6485653415743,7353.556457297699,0.18986822994852448,9.792,7.580313364216375,469.46845509367125,"ScoreBreakdown(accel=100.0, skidpad=75.0, autocross=66.62776516767613, endurance=212.75810217977426, efficiency=15.08258774622089)"
[136   4],255,136,4,255,39.168,3.753710765628057,4.543751833798964,1489.1108563487842,7392.139948018724,0.18502080123426265,9.792,7.61950449812524,465.61695488672683,"ScoreBreakdown(accel=100.0, skidpad=75.0, autocross=65.65847698817664, endurance=210.53067778332507, efficiency=14.427800115225097)"
[136   4],260,136,4,260,39.168,3.7731330596000134,4.554205599096264,1493.5413710513756,7437.832578028392,0.17940053395141523,9.792,7.664411086129894,461.7419264429764,"ScoreBreakdown(accel=100.0, skidpad=75.0, autocross=64.70182139443902, endurance=208.33228307104167, efficiency=13.707821977495739)"
[136   4],265,136,4,265,39.168,3.7952596185436107,4.564290460655897,1497.9746172309478,7477.453789771987,0.1746333044389553,9.792,7.702187177369647,457.9567965516429,"ScoreBreakdown(accel=100.0, skidpad=75.0, autocross=63.750240186120564, endurance=206.14554929728848, efficiency=13.061007068233872)"
[136   4],270,136,4,270,39.168,3.821174457418792,4.5740298978115845,1502.358727463769,7507.417893218287,0.17074205944818552,9.792,7.732190466748917,454.3215758556584,"ScoreBreakdown(accel=99.98691971511879, skidpad=75.0, autocross=62.81472878032361, endurance=203.99574393238197, efficiency=12.524183427834034)"
[136   4],275,136,4,275,39.168,3.849749874109179,4.583512153122953,1506.6485963731282,7532.191985747658,0.1676814750207504,9.792,7.7566973597025894,448.7199142721437,"ScoreBreakdown(accel=97.86042231271307, skidpad=75.0, autocross=61.904597322398196, endurance=201.9042616918726, efficiency=12.050632945159798)"
[136   4],280,136,4,280,39.168,3.8782795667071923,4.593257496777142,1510.8937679947169,7555.637628278622,0.1647872089438324,9.792,7.779997216461629,443.2209992057582,"ScoreBreakdown(accel=95.76858873133177, skidpad=75.0, autocross=61.009036531423796, endurance=199.84626284642118, efficiency=11.597111096581418)"
[136   4],285,136,4,285,39.168,3.906724326227902,4.602689228761392,1515.129640928568,7578.064199602668,0.16237366727779767,9.792,7.799912644463018,437.79637566349703,"ScoreBreakdown(accel=93.71339838354871, skidpad=75.0, autocross=60.12043937420885, endurance=197.80426643249817, efficiency=11.15827147324134)"
[136   4],290,136,4,290,39.168,3.935079819301123,4.6118214268334015,1519.2792469893714,7602.439233024903,0.159542964043455,9.792,7.822769923956137,432.47201466366636,"ScoreBreakdown(accel=91.69422991893049, skidpad=75.0, autocross=59.25474381572079, endurance=195.81489789622898, efficiency=10.708143032786115)"
[136   4],295,136,4,295,39.168,3.9633417441227863,4.620667299055384,1523.3684891049727,7630.823164726643,0.1561563939522134,9.792,7.850081454978786,427.20736990711595,"ScoreBreakdown(accel=89.7104735538761, skidpad=75.0, autocross=58.406255294025854, endurance=193.86507113334997, efficiency=10.225569925864)"
[136   4],300,136,4,300,39.168,3.9915058253446176,4.62980857849513,1527.3974078300816,7663.234882081713,0.15238756418481925,9.792,7.880085270957265,422.001904107925,"ScoreBreakdown(accel=87.76153133710751, skidpad=75.0, autocross=57.57472665910384, endurance=191.95421819307404, efficiency=9.711427918639574)"
[140   4],200,140,4,200,40.32,3.6253038322989397,4.411893476136811,1444.4168800878276,6858.471076938128,0.2857351744617172,10.08,7.033223130935534,507.32998275819455,"ScoreBreakdown(accel=100.0, skidpad=75.0, autocross=75.63720370728424, endurance=233.46179343059978, efficiency=23.23098562031055)"
[140   4],205,140,4,205,40.32,3.63304424605127,4.42563881461237,1448.5359484990636,6913.029402113692,0.27831997004585707,10.08,7.094146711584227,503.2692801281683,"ScoreBreakdown(accel=100.0, skidpad=75.0, autocross=74.691787828438, endurance=231.28922758499135, efficiency=22.288264714738947)"
[140   4],210,140,4,210,40.32,3.6413066374271352,4.43876149137175,1452.5517491014614,6967.195928362144,0.2706250886303809,10.08,7.15768991075768,499.3308986759015,"ScoreBreakdown(accel=100.0, skidpad=75.0, autocross=73.77523612410457, endurance=229.1829916171768, efficiency=21.372670934620142)"
[140   4],215,140,4,215,40.32,3.6502306563926226,4.451909490984619,1456.5342359818965,7022.110791216491,0.2621697314214283,10.08,7.227402747252653,495.44235370012746,"ScoreBreakdown(accel=100.0, skidpad=75.0, autocross=72.87127914328146, endurance=227.10569832606743, efficiency=20.46537623077856)"
[140   4],220,140,4,220,40.32,3.659836849872832,4.464692498941417,1460.5958490356097,7070.36887614395,0.2544303721323031,10.08,7.290863373934401,491.60149719385095,"ScoreBreakdown(accel=100.0, skidpad=75.0, autocross=71.95443923935541, endurance=224.99880007554177, efficiency=19.648257878953842)"
[140   4],225,140,4,225,40.32,3.6701055085420506,4.476935933773376,1464.694181992866,7121.77641762262,0.24704560762684383,10.08,7.3518732281697545,487.72360799604843,"ScoreBreakdown(accel=100.0, skidpad=75.0, autocross=71.03446442082769, endurance=222.88469779074362, efficiency=18.804445784477082)"
[140   4],230,140,4,230,40.32,3.6811818926376247,4.4886810058795845,1468.9234225325094,7166.139401628299,0.24093994685045744,10.08,7.402161323620302,483.85390338424634,"ScoreBreakdown(accel=100.0, skidpad=75.0, autocross=70.09048615713112, endurance=220.71543558498638, efficiency=18.047981642128835)"
[140   4],235,140,4,235,40.32,3.69325466831323,4.500279849860846,1473.1888739431351,7213.404427606795,0.23553927357193755,10.08,7.4469581246143735,479.95128835076844,"ScoreBreakdown(accel=100.0, skidpad=75.0, autocross=69.14391529193017, endurance=218.54021558054438, efficiency=17.267157478293868)"
[140   4],240,140,4,240,40.32,3.706403470020561,4.511733862737842,1477.3936612610262,7248.759386309265,0.23139117753726998,10.08,7.48127736233907,476.259108381997,"ScoreBreakdown(accel=100.0, skidpad=75.0, autocross=68.21615647119, endurance=216.40822565737767, efficiency=16.634726253429335)"
[140   4],245,140,4,245,40.32,3.72069539565949,4.522747919369422,1481.6529035621202,7291.969044010428,0.2263063951851533,10.08,7.523328407882061,472.4624860734112,"ScoreBreakdown(accel=100.0, skidpad=75.0, autocross=67.28175102873051, endurance=214.26096179640288, efficiency=15.919773248277766)"
[140   4],250,140,4,250,40.32,3.736347465548562,4.533349610791845,1486.0338247130871,7338.629217998293,0.22117603173352918,10.08,7.566686242599429,468.5618535385067,"ScoreBreakdown(accel=100.0, skidpad=75.0, autocross=66.3262393810038, endurance=212.06519587224113, efficiency=15.170418285261729)"
[140   4],255,140,4,255,40.32,3.753710765628057,4.543751833798964,1490.4751562335039,7377.035025961604,0.2166332516261261,10.08,7.605280789305126,464.7329278273052,"ScoreBreakdown(accel=100.0, skidpad=75.0, autocross=65.36328552671242, endurance=209.85232775616558, efficiency=14.517314544427226)"
[140   4],260,140,4,260,40.32,3.7731330596000134,4.554205599096264,1494.8791724819446,7423.287438041332,0.21122965956380493,10.08,7.650643433308836,460.87632379809196,"ScoreBreakdown(accel=100.0, skidpad=75.0, autocross=64.41407225866183, endurance=207.67103550953908, efficiency=13.791216029891014)"
[140   4],265,140,4,265,40.32,3.7952596185436107,4.564290460655897,1499.2812263564217,7463.252023685805,0.20658737009828404,10.08,7.689321193867305,457.1155236567017,"ScoreBreakdown(accel=100.0, skidpad=75.0, autocross=63.47085469441028, endurance=205.50352139123206, efficiency=13.141147571059403)"
[140   4],270,140,4,270,40.32,3.821174457418792,4.5740298978115845,1503.6418384989422,7493.33626118825,0.20297146775408853,10.08,7.718778371769486,453.50115560087886,"ScoreBreakdown(accel=99.98691971511879, skidpad=75.0, autocross=62.54196172545148, endurance=203.36892519527177, efficiency=12.603348965036854)"
[140   4],275,140,4,275,40.32,3.849749874109179,4.583512153122953,1507.906065981071,7518.033613856221,0.2000405611863939,10.08,7.7435091063411985,447.9237863240604,"ScoreBreakdown(accel=97.86042231271307, skidpad=75.0, autocross=61.638796109882065, endurance=201.293450461646, efficiency=12.131117439819242)"
[140   4],280,140,4,280,40.32,3.8782795667071923,4.593257496777142,1512.1257024337153,7541.879025398301,0.1973783759924634,10.08,7.766149943833652,442.44397136078726,"ScoreBreakdown(accel=95.76858873133177, skidpad=75.0, autocross=60.75008916945575, endurance=199.2512017658851, efficiency=11.674091694114631)"
[140   4],285,140,4,285,40.32,3.906724326227902,4.602689228761392,1516.336101274223,7563.769965687033,0.19510437831208524,10.08,7.785903519706701,437.0476402713282,"ScoreBreakdown(accel=93.71339838354871, skidpad=75.0, autocross=59.86825771220389, endurance=197.22475293159397, efficiency=11.24123124398159)"
[140   4],290,140,4,290,40.32,3.935079819301123,4.6118214268334015,1520.4543261872077,7588.785798003949,0.19243958684311432,10.08,7.808600138459003,431.74370698513786,"ScoreBreakdown(accel=91.69422991893049, skidpad=75.0, autocross=59.01045596192298, endurance=195.25352436788737, efficiency=10.785496736397008)"
[140   4],295,140,4,295,40.32,3.9633417441227863,4.620667299055384,1524.5173385194373,7617.182860135264,0.1891891116901085,10.08,7.836200565032462,426.50157489907133,"ScoreBreakdown(accel=89.7104735538761, skidpad=75.0, autocross=58.16869629245865, endurance=193.31916050854474, efficiency=10.303244544191807)"
[140   4],300,140,4,300,40.32,3.9915058253446176,4.62980857849513,1528.5161655215918,7649.88083542488,0.18563723566530724,10.08,7.866043223068037,421.3183625509097,"ScoreBreakdown(accel=87.76153133710751, skidpad=75.0, autocross=57.34460384894089, endurance=191.42539593734287, efficiency=9.786831427518424)"
[144   4],200,144,4,200,41.471999999999994,3.6253038322989397,4.411893476136811,1446.2153740659514,6840.65259720497,0.31258912108527254,10.368,7.013037250293215,506.08590033090053,"ScoreBreakdown(accel=100.0, skidpad=75.0, autocross=75.22374782132584, endurance=232.51167173643572, efficiency=23.35048077313892)"
[144   4],205,144,4,205,41.471999999999994,3.63304424605127,4.42563881461237,1450.3012225545442,6895.463679439758,0.3055160053546418,10.368,7.073885783915202,502.0539874537176,"ScoreBreakdown(accel=100.0, skidpad=75.0, autocross=74.2882629013224, endurance=230.36192723588707, efficiency=22.403797316508104)"
[144   4],210,144,4,210,41.471999999999994,3.6413066374271352,4.43876149137175,1454.2783307027914,6949.9133693873055,0.2981232513909115,10.368,7.137767505624298,498.1480718835235,"ScoreBreakdown(accel=100.0, skidpad=75.0, autocross=73.3827234522067, endurance=228.28099743238016, efficiency=21.48435099893667)"
[144   4],215,144,4,215,41.471999999999994,3.6502306563926226,4.451909490984619,1458.2161129345207,7005.119373352109,0.2900644222968961,10.368,7.207296573262274,494.2963984330181,"ScoreBreakdown(accel=100.0, skidpad=75.0, autocross=72.4910045159614, endurance=226.2318271697301, efficiency=20.573566747326613)"
[144   4],220,144,4,220,41.471999999999994,3.659836849872832,4.464692498941417,1462.2318685586858,7053.238741409345,0.2826089434948122,10.368,7.271264157008733,490.4986179858982,"ScoreBreakdown(accel=100.0, skidpad=75.0, autocross=71.58657472590598, endurance=224.15344736292704, efficiency=19.75859589706518)"
[144   4],225,144,4,225,41.471999999999994,3.6701055085420506,4.476935933773376,1466.2771138393277,7104.595658099566,0.2754732275467395,10.368,7.332946854502928,486.6679286852573,"ScoreBreakdown(accel=100.0, skidpad=75.0, autocross=70.6805119696874, endurance=222.07131499961136, efficiency=18.916101715958536)"
[144   4],230,144,4,230,41.471999999999994,3.6811818926376247,4.4886810058795845,1470.4535059323005,7148.497332576056,0.2696215153751976,10.368,7.383408019657342,482.84997876002785,"ScoreBreakdown(accel=100.0, skidpad=75.0, autocross=69.75030490884235, endurance=219.93369902027956, efficiency=18.16597483090597)"
[144   4],235,144,4,235,41.471999999999994,3.69325466831323,4.500279849860846,1474.6658954069005,7196.255838389957,0.26433584075226374,10.368,7.429258353446432,478.98762023327845,"ScoreBreakdown(accel=100.0, skidpad=75.0, autocross=68.81741734116157, endurance=217.78992323579695, efficiency=17.38027965631994)"
[144   4],240,144,4,240,41.471999999999994,3.706403470020561,4.511733862737842,1478.8223125451336,7231.423461891596,0.2603293971595251,10.368,7.463907532949758,475.33977740563336,"ScoreBreakdown(accel=100.0, skidpad=75.0, autocross=67.90213472086327, endurance=215.68660362330448, efficiency=16.75103906146565)"
[144   4],245,144,4,245,41.471999999999994,3.72069539565949,4.522747919369422,1483.0347521078297,7274.280812571801,0.2555180347950645,10.368,7.50555412700275,471.58731783993466,"ScoreBreakdown(accel=100.0, skidpad=75.0, autocross=66.97975004235327, endurance=213.5669634798696, efficiency=16.04060431771181)"
[144   4],250,144,4,250,41.471999999999994,3.736347465548562,4.533349610791845,1487.3759434560022,7320.841738354385,0.25060516350638057,10.368,7.548959424129291,467.7220721051854,"ScoreBreakdown(accel=100.0, skidpad=75.0, autocross=66.03463958647936, endurance=211.39509949630204, efficiency=15.292333022404017)"
[144   4],255,144,4,255,41.471999999999994,3.753710765628057,4.543751833798964,1491.7806039267764,7359.731839022654,0.24623444745981565,10.368,7.587740816050328,463.9199039985846,"ScoreBreakdown(accel=100.0, skidpad=75.0, autocross=65.08133332022581, endurance=209.20440153912955, efficiency=14.634169139229218)"
[144   4],260,144,4,260,41.471999999999994,3.7731330596000134,4.554205599096264,1496.145931452152,7406.218122525175,0.24098308688709932,10.368,7.633808399604888,460.09367165961413,"ScoreBreakdown(accel=100.0, skidpad=75.0, autocross=64.14207804731208, endurance=207.04599276697067, efficiency=13.905600845331357)"
[144   4],265,144,4,265,41.471999999999994,3.7952596185436107,4.564290460655897,1500.5129587859683,7446.698938801921,0.23651335468650528,10.368,7.672734714336147,456.35746416651307,"ScoreBreakdown(accel=100.0, skidpad=75.0, autocross=63.20792523858435, endurance=204.89930945835346, efficiency=13.2502294695753)"
[144   4],270,144,4,270,41.471999999999994,3.821174457418792,4.5740298978115845,1504.8437616373294,7477.081935372829,0.2331473987527376,10.368,7.7014737522475585,452.7661428452987,"ScoreBreakdown(accel=99.98691971511879, skidpad=75.0, autocross=62.28687573795821, endurance=202.7827375539159, efficiency=12.70960983830578)"
[144   4],275,144,4,275,41.471999999999994,3.849749874109179,4.583512153122953,1509.082720016902,7501.820893341959,0.23032183240641588,10.368,7.726361382578328,447.2109340709616,"ScoreBreakdown(accel=97.86042231271307, skidpad=75.0, autocross=61.39047869729859, endurance=200.72281700654995, efficiency=12.237216054399992)"
[144   4],280,144,4,280,41.471999999999994,3.8782795667071923,4.593257496777142,1513.282580177828,7525.880911188069,0.22780460971609537,10.368,7.748745577151328,441.74718922713095,"ScoreBreakdown(accel=95.76858873133177, skidpad=75.0, autocross=60.507302264878135, endurance=198.69327741909913, efficiency=11.778020811821948)"
[144   4],285,144,4,285,41.471999999999994,3.906724326227902,4.602689228761392,1517.4734704259886,7547.591806522588,0.22565318622276967,10.368,7.768254108794923,436.3706133300549,"ScoreBreakdown(accel=93.71339838354871, skidpad=75.0, autocross=59.630885114270356, endurance=196.6792706623696, efficiency=11.347059169866245)"
[144   4],290,144,4,290,41.471999999999994,3.935079819301123,4.6118214268334015,1521.5713913616262,7572.588097628596,0.22308823515197457,10.368,7.7910754056728715,431.08499228759854,"ScoreBreakdown(accel=91.69422991893049, skidpad=75.0, autocross=58.778578509717256, endurance=194.72066994445228, efficiency=10.891513914498562)"
[144   4],295,144,4,295,41.471999999999994,3.9633417441227863,4.620667299055384,1525.6146733470018,7601.030355425656,0.22011424639265365,10.368,7.8175860712257,425.8597512575193,"ScoreBreakdown(accel=89.7104735538761, skidpad=75.0, autocross=57.94212355171311, endurance=192.79849631292063, efficiency=10.408657839009464)"
[144   4],300,144,4,300,41.471999999999994,3.9915058253446176,4.62980857849513,1529.5917429174783,7633.919081522592,0.21670060621799325,10.368,7.847617935493982,420.69310393686027,"ScoreBreakdown(accel=87.76153133710751, skidpad=75.0, autocross=57.12368039725244, endurance=190.91771380890432, efficiency=9.890178393596067)"
[100   5],200,100,5,200,36.0,3.6253038322989397,4.411893476136811,1427.554499566775,7176.51939802917,0.12441071837765903,9.0,7.357030483210635,517.3753432015894,"ScoreBreakdown(accel=100.0, skidpad=75.0, autocross=79.56437055752988, endurance=242.48642350055522, efficiency=20.324549143504353)"
[100   5],205,100,5,205,36.0,3.63304424605127,4.42563881461237,1432.247665662506,7223.771079988417,0.11666867331063123,9.0,7.408684672100144,512.9063736386315,"ScoreBreakdown(accel=100.0, skidpad=75.0, autocross=78.46206797646605, endurance=239.95333198736017, efficiency=19.49097367480531)"
[100   5],210,100,5,210,36.0,3.6413066374271352,4.43876149137175,1436.879430197407,7270.067956684061,0.10878664065521364,9.0,7.461723362351263,508.5354060500721,"ScoreBreakdown(accel=100.0, skidpad=75.0, autocross=77.38124705589051, endurance=237.4696053335123, efficiency=18.684553660669305)"
[100   5],215,100,5,215,36.0,3.6502306563926226,4.451909490984619,1441.5411076950495,7316.037851467065,0.1009418840583329,9.0,7.514671731442517,504.1784544617874,"ScoreBreakdown(accel=100.0, skidpad=75.0, autocross=76.30045887685915, endurance=234.98595391973848, efficiency=17.892041665189776)"
[100   5],220,100,5,220,36.0,3.659836849872832,4.464692498941417,1446.2091875138087,7356.8831814013765,0.09479826740914475,9.0,7.556273641254318,499.9079184396206,"ScoreBreakdown(accel=100.0, skidpad=75.0, autocross=75.22516828557445, endurance=232.5149359635135, efficiency=17.16781419053265)"
[100   5],225,100,5,225,36.0,3.6701055085420506,4.476935933773376,1450.9111457867027,7399.653302961822,0.08887394180274898,9.0,7.597219885966625,495.6213865752316,"ScoreBreakdown(accel=100.0, skidpad=75.0, autocross=74.14906846836254, endurance=230.04205840597436, efficiency=16.43025970089473)"
[100   5],230,100,5,230,36.0,3.6811818926376247,4.4886810058795845,1455.6402255115456,7436.004413136982,0.08391983857359252,9.0,7.63123233491888,491.41564466969555,"ScoreBreakdown(accel=100.0, skidpad=75.0, autocross=73.07377380543151, endurance=227.57103109310566, efficiency=15.770839771158391)"
[100   5],235,100,5,235,36.0,3.69325466831323,4.500279849860846,1460.368832452085,7473.653892696584,0.0791679418150069,9.0,7.664409556928938,487.22747731234676,"ScoreBreakdown(accel=100.0, skidpad=75.0, autocross=72.00554980483423, endurance=225.1162521634465, efficiency=15.1056753440661)"
[100   5],240,100,5,240,36.0,3.706403470020561,4.511733862737842,1464.9571851023647,7501.545349816095,0.07540991175504713,9.0,7.690499974388816,483.2845156799829,"ScoreBreakdown(accel=100.0, skidpad=75.0, autocross=70.9756024614539, endurance=222.7494329983889, efficiency=14.55948022014013)"
[100   5],245,100,5,245,36.0,3.72069539565949,4.522747919369422,1469.638629402926,7534.373598710477,0.07104318181661613,9.0,7.721114015277767,479.2434862233377,"ScoreBreakdown(accel=100.0, skidpad=75.0, autocross=69.9313870717339, endurance=220.3498258604879, efficiency=13.962273291115851)"
[100   5],250,100,5,250,36.0,3.736347465548562,4.533349610791845,1474.3939200863579,7570.318340608634,0.06624955492814082,9.0,7.755687944010568,475.14121638373507,"ScoreBreakdown(accel=100.0, skidpad=75.0, autocross=68.87748878210627, endurance=217.92796741700124, efficiency=13.335760184627553)"
[100   5],255,100,5,255,36.0,3.753710765628057,4.543751833798964,1479.1701992209291,7601.212301347203,0.06195531803648684,9.0,7.786910411218763,471.1040243047094,"ScoreBreakdown(accel=100.0, skidpad=75.0, autocross=67.82576004636414, endurance=215.51109460870163, efficiency=12.767169649643654)"
[100   5],260,100,5,260,36.0,3.7731330596000134,4.554205599096264,1483.971384797819,7635.191057026425,0.056857895128165664,9.0,7.823388209195243,467.0450723916653,"ScoreBreakdown(accel=100.0, skidpad=75.0, autocross=66.77537014497597, endurance=213.0972984419681, efficiency=12.172403804721222)"
[100   5],265,100,5,265,36.0,3.7952596185436107,4.564290460655897,1488.7355038163453,7666.156348268875,0.05253412303624427,9.0,7.854035548348441,463.0737383914563,"ScoreBreakdown(accel=100.0, skidpad=75.0, autocross=65.73978633922297, endurance=210.71752668544792, efficiency=11.616425366785407)"
[100   5],270,100,5,270,36.0,3.821174457418792,4.5740298978115845,1493.397308550709,7689.020637139229,0.049468245311634976,9.0,7.875315894820844,459.27489263501553,"ScoreBreakdown(accel=99.98691971511879, skidpad=75.0, autocross=64.7328386985262, endurance=208.4035608409526, efficiency=11.151573380417938)"
[100   5],275,100,5,275,36.0,3.849749874109179,4.583512153122953,1497.9327210722388,7708.31283286084,0.046652862456777924,9.0,7.895804287644883,453.51807273090606,"ScoreBreakdown(accel=97.86042231271307, skidpad=75.0, autocross=63.75920669048133, endurance=206.16615432578934, efficiency=10.732289401922326)"
[100   5],280,100,5,280,36.0,3.8782795667071923,4.593257496777142,1502.4157298408395,7727.5013458771655,0.04388052322177535,9.0,7.916157786885954,447.8591705640154,"ScoreBreakdown(accel=95.76858873133177, skidpad=75.0, autocross=62.80260117875196, endurance=203.9678747019689, efficiency=10.320105951962809)"
[100   5],285,100,5,285,36.0,3.906724326227902,4.602689228761392,1506.8318969321183,7746.508615646779,0.04141094693693343,9.0,7.934780220071766,442.310741051989,"ScoreBreakdown(accel=93.71339838354871, skidpad=75.0, autocross=61.86582402527096, endurance=201.81516064867554, efficiency=9.916357994493758)"
[100   5],290,100,5,290,36.0,3.935079819301123,4.6118214268334015,1511.1892662370606,7766.529665043931,0.03871195439875047,9.0,7.9546699464847626,436.8536155009566,"ScoreBreakdown(accel=91.69422991893049, skidpad=75.0, autocross=60.946885572747874, endurance=199.7034399331272, efficiency=9.509060076151034)"
[100   5],295,100,5,295,36.0,3.9633417441227863,4.620667299055384,1515.4952042631285,7788.6125048953245,0.035722201293579614,9.0,7.976947611695429,431.4710719523168,"ScoreBreakdown(accel=89.7104735538761, skidpad=75.0, autocross=60.04398470927389, endurance=197.62857359986046, efficiency=9.088040089306261)"
[100   5],300,100,5,300,36.0,3.9915058253446176,4.62980857849513,1519.7723889800236,7813.895324521959,0.032238926860219265,9.0,8.002378313886734,426.1348168952967,"ScoreBreakdown(accel=87.76153133710751, skidpad=75.0, autocross=59.15217825740635, endurance=195.5792022262962, efficiency=8.641905074486681)"
[104   5],200,104,5,200,37.44,3.6253038322989397,4.411893476136811,1427.5267003295598,7236.684217032534,0.15863442213587955,9.36,7.42537911381411,516.691171034804,"ScoreBreakdown(accel=100.0, skidpad=75.0, autocross=79.57092146797305, endurance=242.5014774938347, efficiency=19.61877207299625)"
[104   5],205,104,5,205,37.44,3.63304424605127,4.42563881461237,1431.9954062888403,7294.028926736284,0.14975620025477834,9.36,7.488036071519778,512.3043001871084,"ScoreBreakdown(accel=100.0, skidpad=75.0, autocross=78.52113339494154, endurance=240.08906432876435, efficiency=18.694102463402483)"
[104   5],210,104,5,210,37.44,3.6413066374271352,4.43876149137175,1436.3814800987016,7351.038397907596,0.14060453340788273,9.36,7.552953842087317,508.02695095456966,"ScoreBreakdown(accel=100.0, skidpad=75.0, autocross=77.49710916188349, endurance=237.7358564722046, efficiency=17.79398532048155)"
[104   5],215,104,5,215,37.44,3.6502306563926226,4.451909490984619,1440.7537326441504,7408.019392756405,0.1314529032539342,9.36,7.618029133595779,503.7971885408881,"ScoreBreakdown(accel=100.0, skidpad=75.0, autocross=76.48251721941597, endurance=235.40432402097855, efficiency=16.910347300493587)"
[104   5],220,104,5,220,37.44,3.659836849872832,4.464692498941417,1445.1800649282652,7458.703181641724,0.12436234937624546,9.36,7.668429189335316,499.6268415163434,"ScoreBreakdown(accel=100.0, skidpad=75.0, autocross=75.46162941040649, endurance=233.05832366740003, efficiency=16.10688843853691)"
[104   5],225,104,5,225,37.44,3.6701055085420506,4.476935933773376,1449.6764838924948,7510.780867017655,0.11766816000249439,9.36,7.716645789420321,495.4178544736056,"ScoreBreakdown(accel=100.0, skidpad=75.0, autocross=74.43095988599849, endurance=230.68984493022162, efficiency=15.297049657385463)"
[104   5],230,104,5,230,37.44,3.6811818926376247,4.4886810058795845,1454.2532720953268,7554.11837536569,0.11212321957458388,9.36,7.756306387043347,491.269704548793,"ScoreBreakdown(accel=100.0, skidpad=75.0, autocross=73.3884134889453, endurance=228.29407313774456, efficiency=14.587217922103124)"
[104   5],235,104,5,235,37.44,3.69325466831323,4.500279849860846,1458.8709259241039,7595.8150015006295,0.10689995720253613,9.36,7.794102049135051,487.1371656098373,"ScoreBreakdown(accel=100.0, skidpad=75.0, autocross=72.34318756356508, endurance=225.89214378872964, efficiency=13.901834257542612)"
[104   5],240,104,5,240,37.44,3.706403470020561,4.511733862737842,1463.381770785404,7625.913373702139,0.10296753490750662,9.36,7.822473840434196,483.2387347010608,"ScoreBreakdown(accel=100.0, skidpad=75.0, autocross=71.32850756181041, endurance=223.560408977247, efficiency=13.349818162003402)"
[104   5],245,104,5,245,37.44,3.72069539565949,4.522747919369422,1467.9965178840062,7661.146802546613,0.09835965841263958,9.36,7.855833480997189,479.23284514151976,"ScoreBreakdown(accel=100.0, skidpad=75.0, autocross=70.29690845057699, endurance=221.1897940493904, efficiency=12.74614264155237)"
[104   5],250,104,5,250,37.44,3.736347465548562,4.533349610791845,1472.7175490874401,7697.647505598329,0.09349617453101626,9.36,7.892125110369883,475.15950140244973,"ScoreBreakdown(accel=100.0, skidpad=75.0, autocross=69.24824023853202, endurance=218.77995432505193, efficiency=12.131306838865761)"
[104   5],255,104,5,255,37.44,3.753710765628057,4.543751833798964,1477.4683808161537,7729.549993146825,0.08905143629186368,9.36,7.925577032584021,471.13785832489555,"ScoreBreakdown(accel=100.0, skidpad=75.0, autocross=68.19971784306912, endurance=216.370449687243, efficiency=11.567690794583452)"
[104   5],260,104,5,260,37.44,3.7731330596000134,4.554205599096264,1482.236198052123,7765.452393755811,0.08391472247588627,9.36,7.963734365446337,467.0924445770931,"ScoreBreakdown(accel=100.0, skidpad=75.0, autocross=67.1542041889733, endurance=213.9678591375922, efficiency=10.970381250527645)"
[104   5],265,104,5,265,37.44,3.7952596185436107,4.564290460655897,1486.959577138299,7797.449325357374,0.07954055087363564,9.36,7.995998905795786,463.147914626058,"ScoreBreakdown(accel=100.0, skidpad=75.0, autocross=66.12504644827692, endurance=211.60285447963253, efficiency=10.420013698148603)"
[104   5],270,104,5,270,37.44,3.821174457418792,4.5740298978115845,1491.5744872670107,7821.2487292945125,0.07621677084070733,9.36,8.019908135361629,459.3786850672121,"ScoreBreakdown(accel=99.98691971511879, skidpad=75.0, autocross=65.1258178407018, endurance=209.30662697452442, efficiency=9.959320536867056)"
[104   5],275,104,5,275,37.44,3.849749874109179,4.583512153122953,1496.0460887756246,7841.570678721185,0.07329706219010823,9.36,8.041923940602745,453.66204132164825,"ScoreBreakdown(accel=97.86042231271307, skidpad=75.0, autocross=64.16349920833923, endurance=207.0952185985462, efficiency=9.542901202049727)"
[104   5],280,104,5,280,37.44,3.8782795667071923,4.593257496777142,1500.4714851429576,7861.938790520127,0.07049557787913788,9.36,8.063253623860676,448.0367982910844,"ScoreBreakdown(accel=95.76858873133177, skidpad=75.0, autocross=63.21677130932817, endurance=204.9196377303827, efficiency=9.131800520041711)"
[104   5],285,104,5,285,37.44,3.906724326227902,4.602689228761392,1504.848535323305,7881.226591404283,0.0679540936790233,9.36,8.083082954355781,442.51621446295906,"ScoreBreakdown(accel=93.71339838354871, skidpad=75.0, autocross=62.28586342367484, endurance=202.7804112555258, efficiency=8.736541400209699)"
[104   5],290,104,5,290,37.44,3.935079819301123,4.6118214268334015,1509.1634964678956,7900.882939586986,0.06519223280105312,9.36,8.10409680897216,437.0954023092253,"ScoreBreakdown(accel=91.69422991893049, skidpad=75.0, autocross=61.37344608935536, endurance=200.6836760706857, efficiency=8.344050230253762)"
[104   5],295,104,5,295,37.44,3.9633417441227863,4.620667299055384,1513.4359217265742,7923.141189311975,0.06212844246018154,9.36,8.127682195214815,431.73787477451145,"ScoreBreakdown(accel=89.7104735538761, skidpad=75.0, autocross=60.475149265306676, endurance=198.6193898207778, efficiency=7.932862134550855)"
[104   5],300,104,5,300,37.44,3.9915058253446176,4.62980857849513,1517.6717559485571,7949.104329456648,0.05859674157993275,9.36,8.154411079922534,426.4285094843998,"ScoreBreakdown(accel=87.76153133710751, skidpad=75.0, autocross=59.58953870805095, endurance=196.58425661405414, efficiency=7.493182825187218)"
[108   5],200,108,5,200,38.879999999999995,3.6253038322989397,4.411893476136811,1428.3824555051142,7251.900762224233,0.19680010425351846,9.72,7.4428995282878505,515.7989749418758,"ScoreBreakdown(accel=100.0, skidpad=75.0, autocross=79.36937903022095, endurance=242.0383329386204, efficiency=19.39126297303444)"
[108   5],205,108,5,205,38.879999999999995,3.63304424605127,4.42563881461237,1432.7304378755412,7316.795167657016,0.18726439458612534,9.72,7.514071895151774,511.43452526388336,"ScoreBreakdown(accel=100.0, skidpad=75.0, autocross=78.34908698671974, endurance=239.69370165427827, efficiency=18.391736622885386)"
[108   5],210,108,5,210,38.879999999999995,3.6413066374271352,4.43876149137175,1436.9579475955632,7384.35942241685,0.17707841401330043,9.72,7.5902000599431245,507.17910311738314,"ScoreBreakdown(accel=100.0, skidpad=75.0, autocross=77.36298510235038, endurance=237.42763936126343, efficiency=17.388478653769376)"
[108   5],215,108,5,215,38.879999999999995,3.6502306563926226,4.451909490984619,1441.1463600599423,7451.917619025736,0.16675712579816448,9.72,7.667398652428281,502.9944438449385,"ScoreBreakdown(accel=100.0, skidpad=75.0, autocross=76.39170830182653, endurance=235.19564511337205, efficiency=16.407090429739938)"
[108   5],220,108,5,220,38.879999999999995,3.659836849872832,4.464692498941417,1445.3787959529932,7512.004026464813,0.15864674111952692,9.72,7.727956531006431,498.89130219594716,"ScoreBreakdown(accel=100.0, skidpad=75.0, autocross=75.41594082092188, endurance=232.95333128122468, efficiency=15.522030093800574)"
[108   5],225,108,5,225,38.879999999999995,3.6701055085420506,4.476935933773376,1449.6737077613532,7574.623079421411,0.15099580083787878,9.72,7.7856320407389745,494.74530374641637,"ScoreBreakdown(accel=100.0, skidpad=75.0, autocross=74.43159425848906, endurance=230.69130271830963, efficiency=14.622406769617726)"
[108   5],230,108,5,230,38.879999999999995,3.6811818926376247,4.4886810058795845,1454.0740908775176,7626.202006124884,0.14468934665562144,9.72,7.83288920829109,490.6635514170275,"ScoreBreakdown(accel=100.0, skidpad=75.0, autocross=73.42910573091149, endurance=228.38758391649807, efficiency=13.84686176961792)"
[108   5],235,108,5,235,38.879999999999995,3.69325466831323,4.500279849860846,1458.5196961720303,7674.91935487779,0.13866671456259905,9.72,7.878469340173861,486.606541133551,"ScoreBreakdown(accel=100.0, skidpad=75.0, autocross=72.42245737947954, endurance=226.07430583878258, efficiency=13.109777915288877)"
[108   5],240,108,5,240,38.879999999999995,3.706403470020561,4.511733862737842,1462.877891619867,7709.420588071024,0.13413344440240066,9.72,7.912653676883677,482.7920094982329,"ScoreBreakdown(accel=100.0, skidpad=75.0, autocross=71.44154086110248, endurance=223.82015951767406, efficiency=12.530309119456355)"
[108   5],245,108,5,245,38.879999999999995,3.72069539565949,4.522747919369422,1467.3125372913867,7751.168796180007,0.12887346755420814,9.72,7.95246968954154,478.8712596645143,"ScoreBreakdown(accel=100.0, skidpad=75.0, autocross=70.44939861947591, endurance=221.54021648268525, efficiency=11.881644562353152)"
[108   5],250,108,5,250,38.879999999999995,3.736347465548562,4.533349610791845,1471.8797709450478,7793.186451830616,0.12340076064287671,9.72,7.994830629051963,474.8721588597316,"ScoreBreakdown(accel=100.0, skidpad=75.0, autocross=69.43384236471657, endurance=219.20646804165344, efficiency=11.231848453361648)"
[108   5],255,108,5,255,38.879999999999995,3.753710765628057,4.543751833798964,1476.5243046219423,7829.074035229719,0.11853682403261899,9.72,8.03276132716313,470.90109971794743,"ScoreBreakdown(accel=100.0, skidpad=75.0, autocross=68.40754101603481, endurance=216.84802737301476, efficiency=10.645531328897853)"
[108   5],260,108,5,260,38.879999999999995,3.7731330596000134,4.554205599096264,1481.177478857839,7868.9977051175065,0.11298212751007412,9.72,8.075581644281527,466.9130485708329,"ScoreBreakdown(accel=100.0, skidpad=75.0, autocross=67.38578469136395, endurance=214.50003117030312, efficiency=10.027232709165832)"
[108   5],265,108,5,265,38.879999999999995,3.7952596185436107,4.564290460655897,1485.8278600753263,7903.322715933758,0.10823788173935664,9.72,8.111856422096006,463.00850739120995,"ScoreBreakdown(accel=100.0, skidpad=75.0, autocross=66.37103558258374, endurance=212.16813755086457, efficiency=9.469334257761588)"
[108   5],270,108,5,270,38.879999999999995,3.821174457418792,4.5740298978115845,1490.3987597713503,7929.801089421591,0.10473304496274043,9.72,8.138072412401673,459.25155302182617,"ScoreBreakdown(accel=99.98691971511879, skidpad=75.0, autocross=65.37980102743818, endurance=209.890280379559, efficiency=8.994551899710189)"
[108   5],275,108,5,275,38.879999999999995,3.849749874109179,4.583512153122953,1494.8511959023547,7950.674527323286,0.1017066162833943,9.72,8.161603031044065,453.5471491968745,"ScoreBreakdown(accel=97.86042231271307, skidpad=75.0, autocross=64.42008449829825, endurance=207.68485163721584, efficiency=8.581790748647332)"
[108   5],280,108,5,280,38.879999999999995,3.8782795667071923,4.593257496777142,1499.267991276943,7971.62673503935,0.09879743007862772,9.72,8.184425222817916,447.9257924283847,"ScoreBreakdown(accel=95.76858873133177, skidpad=75.0, autocross=63.4736822418605, endurance=205.51001909573935, efficiency=8.173502359453055)"
[108   5],285,108,5,285,38.879999999999995,3.906724326227902,4.602689228761392,1503.6484204130402,7990.656632427669,0.09621458231984467,9.72,8.205224410274457,442.4074959825901,"ScoreBreakdown(accel=93.71339838354871, skidpad=75.0, autocross=62.54056372527503, endurance=203.3657125906355, efficiency=7.787821283130858)"
[108   5],290,108,5,290,38.879999999999995,3.935079819301123,4.6118214268334015,1507.9605129281097,8010.490980626249,0.09349352392459834,9.72,8.226738619955738,436.98977721509857,"ScoreBreakdown(accel=91.69422991893049, skidpad=75.0, autocross=61.627297244350444, endurance=201.26702606675673, efficiency=7.4012239850609225)"
[108   5],295,108,5,295,38.879999999999995,3.9633417441227863,4.620667299055384,1512.222119022113,8033.085331977823,0.09042642938337225,9.72,8.251200525180868,431.6404312044266,"ScoreBreakdown(accel=89.7104735538761, skidpad=75.0, autocross=60.72984061618817, endurance=199.20467058713476, efficiency=6.995446447227566)"
[108   5],300,108,5,300,38.879999999999995,3.9915058253446176,4.62980857849513,1516.4428989121454,8059.67118070267,0.08683774307096838,9.72,8.27931158899758,426.34064533999026,"ScoreBreakdown(accel=87.76153133710751, skidpad=75.0, autocross=59.84595355431294, endurance=197.17349797307972, efficiency=6.559662475490091)"
[112   5],200,112,5,200,40.32,3.6253038322989397,4.411893476136811,1429.5525666746744,7248.273393592825,0.23410845688260676,10.08,7.438692932500788,514.8646056250213,"ScoreBreakdown(accel=100.0, skidpad=75.0, autocross=79.09419184358396, endurance=241.40595273831494, efficiency=19.36446104312248)"
[112   5],205,112,5,205,40.32,3.63304424605127,4.42563881461237,1433.8614808304176,7313.854805401468,0.22505136289254613,10.08,7.510666220704844,510.53036088718886,"ScoreBreakdown(accel=100.0, skidpad=75.0, autocross=78.08469205027032, endurance=239.086122046685, efficiency=18.35954679023353)"
[112   5],210,112,5,210,40.32,3.6413066374271352,4.43876149137175,1438.0483589389064,7383.237247725493,0.21524042534264096,10.08,7.588791918910926,506.29355062438435,"ScoreBreakdown(accel=100.0, skidpad=75.0, autocross=77.1095781468328, endurance=236.84531013566473, efficiency=17.338662341886792)"
[112   5],215,112,5,215,40.32,3.6502306563926226,4.451909490984619,1442.194943818672,7453.227794161413,0.20505907250559846,10.08,7.669890391467991,502.12212933814845,"ScoreBreakdown(accel=100.0, skidpad=75.0, autocross=76.14942873472758, endurance=234.63888662819585, efficiency=16.333813975225063)"
[112   5],220,112,5,220,40.32,3.659836849872832,4.464692498941417,1446.374725439393,7516.457454346961,0.19688981640345438,10.08,7.734708537899566,498.03397727243566,"ScoreBreakdown(accel=100.0, skidpad=75.0, autocross=75.18716411240698, endurance=232.427602367303, efficiency=15.419210792725698)"
[112   5],225,112,5,225,40.32,3.6701055085420506,4.476935933773376,1450.6020206148514,7584.828995546939,0.18899661286427705,10.08,7.797616157155186,493.888594516309,"ScoreBreakdown(accel=100.0, skidpad=75.0, autocross=74.2196012474313, endurance=230.2041427439142, efficiency=14.46485052496354)"
[112   5],230,112,5,230,40.32,3.6811818926376247,4.4886810058795845,1454.9239696418576,7641.119847122671,0.18230273016362428,10.08,7.850563289510148,489.82799866329736,"ScoreBreakdown(accel=100.0, skidpad=75.0, autocross=73.23618634854068, endurance=227.94425514397284, efficiency=13.647557170783829)"
[112   5],235,112,5,235,40.32,3.69325466831323,4.500279849860846,1459.2784120121808,7695.0363341130615,0.17578570246535194,10.08,7.902365835607157,485.7979930055186,"ScoreBreakdown(accel=100.0, skidpad=75.0, autocross=72.25126894701948, endurance=225.68091479273875, efficiency=12.865809265760397)"
[112   5],240,112,5,240,40.32,3.706403470020561,4.511733862737842,1463.5468626757897,7733.971972452146,0.1707394457285552,10.08,7.942188639005524,482.0165515819418,"ScoreBreakdown(accel=100.0, skidpad=75.0, autocross=71.29149005314866, endurance=223.47534273623356, efficiency=12.249718792559626)"
[112   5],245,112,5,245,40.32,3.72069539565949,4.522747919369422,1467.8735223608992,7781.6705994129825,0.16484735039824905,10.08,7.98877525371708,478.1291398595753,"ScoreBreakdown(accel=100.0, skidpad=75.0, autocross=70.3243192285489, endurance=221.2527840216935, efficiency=11.552036609332848)"
[112   5],250,112,5,250,40.32,3.736347465548562,4.533349610791845,1472.314758724783,7830.087107529322,0.1587438472461467,10.08,8.037954038273638,474.17375775531997,"ScoreBreakdown(accel=100.0, skidpad=75.0, autocross=69.3374484153139, endurance=218.9849547300184, efficiency=10.851354609987718)"
[112   5],255,112,5,255,40.32,3.753710765628057,4.543751833798964,1476.8310356039458,7871.8467532391205,0.15321772159760128,10.08,8.082670118378177,470.2529879106096,"ScoreBreakdown(accel=100.0, skidpad=75.0, autocross=68.33998998929462, endurance=216.69279510241796, efficiency=10.220202818897008)"
[112   5],260,112,5,260,40.32,3.7731330596000134,4.554205599096264,1481.33349389868,7920.203912648126,0.1468029151148897,10.08,8.13399841916621,466.3090562719569,"ScoreBreakdown(accel=100.0, skidpad=75.0, autocross=67.3516377155828, endurance=214.4215614143228, efficiency=9.535857142051292)"
[112   5],265,112,5,265,40.32,3.7952596185436107,4.564290460655897,1485.844745605727,7961.070310212923,0.14130539044617282,10.08,8.177684540212004,462.45708170303953,"ScoreBreakdown(accel=100.0, skidpad=75.0, autocross=66.36736260314687, endurance=212.1596970435125, efficiency=8.93002205638013)"
[112   5],270,112,5,270,40.32,3.821174457418792,4.5740298978115845,1490.304535392823,7992.839743337036,0.13716414890457093,10.08,8.21000089713495,458.74163528292326,"ScoreBreakdown(accel=99.98691971511879, skidpad=75.0, autocross=65.40017292567606, endurance=209.93709500507157, efficiency=8.417447637056792)"
[112   5],275,112,5,275,40.32,3.849749874109179,4.583512153122953,1494.6595584040012,8017.718665886647,0.13371081187671405,10.08,8.237878510728114,453.0789946138084,"ScoreBreakdown(accel=97.86042231271307, skidpad=75.0, autocross=64.46127394574441, endurance=207.77950499424443, efficiency=7.97779336110647)"
[112   5],280,112,5,280,40.32,3.8782795667071923,4.593257496777142,1498.9785936031683,8042.877809575178,0.1303720446190856,10.08,8.265048862073419,447.49754391145916,"ScoreBreakdown(accel=95.76858873133177, skidpad=75.0, autocross=63.53552175417695, endurance=205.6521263052477, efficiency=7.5413071207027444)"
[112   5],285,112,5,285,40.32,3.906724326227902,4.602689228761392,1503.2859919659852,8064.206807230988,0.1274654408488583,10.08,8.289216673072621,442.01704781936644,"ScoreBreakdown(accel=93.71339838354871, skidpad=75.0, autocross=62.61756183884715, endurance=203.5426542683312, efficiency=7.143433328639386)"
[112   5],290,112,5,290,40.32,3.935079819301123,4.6118214268334015,1507.5244335152622,8086.883747167205,0.12447725175393479,10.08,8.313700157613619,436.63255398309917,"ScoreBreakdown(accel=91.69422991893049, skidpad=75.0, autocross=61.71941789043081, endurance=201.47871932665188, efficiency=6.740186847086048)"
[112   5],295,112,5,295,40.32,3.9633417441227863,4.620667299055384,1511.714343797279,8112.491676507732,0.1211514988490306,10.08,8.34115235656012,431.3136890224628,"ScoreBreakdown(accel=89.7104735538761, skidpad=75.0, autocross=60.83650806477919, endurance=199.44979240159978, efficiency=6.316915002207729)"
[112   5],300,112,5,300,40.32,3.9915058253446176,4.62980857849513,1515.8628669944183,8142.087412600587,0.11716472460800374,10.08,8.373361909312326,426.0453320319631,"ScoreBreakdown(accel=87.76153133710751, skidpad=75.0, autocross=59.967128165867464, endurance=197.45195725042907, efficiency=5.864715278559061)"
[116   5],200,116,5,200,41.75999999999999,3.6253038322989397,4.411893476136811,1430.8966882062216,7237.270808511047,0.2686621178189766,10.44,7.428357447603544,513.8726547020402,"ScoreBreakdown(accel=100.0, skidpad=75.0, autocross=78.77863627388328, endurance=240.68080598706757, efficiency=19.413212441089385)"
[116   5],205,116,5,205,41.75999999999999,3.63304424605127,4.42563881461237,1435.1687770214833,7304.039189407835,0.2600351071693587,10.44,7.500998104498035,509.5601044836847,"ScoreBreakdown(accel=100.0, skidpad=75.0, autocross=77.77961499876713, endurance=238.38505493198443, efficiency=18.395434552933175)"
[116   5],210,116,5,210,41.75999999999999,3.6413066374271352,4.43876149137175,1439.3212852029092,7373.532815626912,0.25070419734203925,10.44,7.579720754678034,505.3548798230877,"ScoreBreakdown(accel=100.0, skidpad=75.0, autocross=76.8142412355602, endurance=236.16662586482175, efficiency=17.37401272270572)"
[116   5],215,116,5,215,41.75999999999999,3.6502306563926226,4.451909490984619,1443.4349260561276,7443.808229765314,0.24093526764111473,10.44,7.662145045304988,501.21160870362036,"ScoreBreakdown(accel=100.0, skidpad=75.0, autocross=75.86338001656922, endurance=233.98154662666215, efficiency=16.366682060388985)"
[116   5],220,116,5,220,41.75999999999999,3.659836849872832,4.464692498941417,1447.583686404036,7507.399284373046,0.23310275364942962,10.44,7.7279412707012725,497.1491764218057,"ScoreBreakdown(accel=100.0, skidpad=75.0, autocross=74.90987456801433, endurance=231.79039094852817, efficiency=15.448910905263192)"
[116   5],225,116,5,225,41.75999999999999,3.6701055085420506,4.476935933773376,1451.7849636644098,7576.847322346396,0.2255379789464574,10.44,7.791864712761041,493.0178009439918,"ScoreBreakdown(accel=100.0, skidpad=75.0, autocross=73.94985278068191, endurance=229.58426072280818, efficiency=14.483687440501761)"
[116   5],230,116,5,230,41.75999999999999,3.6811818926376247,4.4886810058795845,1456.0817128683045,7633.431943982659,0.2190782115036983,10.44,7.846087676127282,488.9790304583323,"ScoreBreakdown(accel=100.0, skidpad=75.0, autocross=72.97374520441313, endurance=227.34116535145793, efficiency=13.664119902461275)"
[116   5],235,116,5,235,41.75999999999999,3.69325466831323,4.500279849860846,1460.4142613239521,7687.573606960964,0.21289227962866775,10.44,7.8983816252301375,484.968799112251,"ScoreBreakdown(accel=100.0, skidpad=75.0, autocross=71.99532066651182, endurance=225.0927456018937, efficiency=12.880732843845445)"
[116   5],240,116,5,240,41.75999999999999,3.706403470020561,4.511733862737842,1464.6602600860465,7725.837162877908,0.20814054713013597,10.44,7.9383601005404545,481.21640955276666,"ScoreBreakdown(accel=100.0, skidpad=75.0, autocross=71.04205792301228, endurance=222.90214766001685, efficiency=12.272203969737507)"
[116   5],245,116,5,245,41.75999999999999,3.72069539565949,4.522747919369422,1468.9559373586,7773.349211149231,0.2024797037470161,10.44,7.986008900726303,477.35949516144456,"ScoreBreakdown(accel=100.0, skidpad=75.0, autocross=70.08324981268726, endurance=220.69880646426017, efficiency=11.577438884497157)"
[116   5],250,116,5,250,41.75999999999999,3.736347465548562,4.533349610791845,1473.3763864838802,7822.26040038694,0.19657567460475778,10.44,8.036594287979568,473.419783975719,"ScoreBreakdown(accel=100.0, skidpad=75.0, autocross=69.10242906839926, endurance=218.444880232024, efficiency=10.872474675295736)"
[116   5],255,116,5,255,41.75999999999999,3.753710765628057,4.543751833798964,1477.873153489369,7865.067617604919,0.1912428152100459,10.44,8.082438770657769,469.5084836921379,"ScoreBreakdown(accel=100.0, skidpad=75.0, autocross=68.11069498160268, endurance=216.16587513690192, efficiency=10.231913573633284)"
[116   5],260,116,5,260,41.75999999999999,3.7731330596000134,4.554205599096264,1482.341846733824,7915.3230804590075,0.1848551404653492,10.44,8.136617004714168,465.57700853027035,"ScoreBreakdown(accel=100.0, skidpad=75.0, autocross=67.1311131210782, endurance=213.91479585975853, efficiency=9.531099549433574)"
[116   5],265,116,5,265,41.75999999999999,3.7952596185436107,4.564290460655897,1486.8145350128418,7959.301050364694,0.17926943859343603,10.44,8.183528337248864,461.73013023899944,"ScoreBreakdown(accel=100.0, skidpad=75.0, autocross=66.15655176971055, endurance=211.67525371348614, efficiency=8.8983247558027)"
[116   5],270,116,5,270,41.75999999999999,3.821174457418792,4.5740298978115845,1491.234058002451,7993.642950755437,0.17489672370615397,10.44,8.219502554176493,458.0262471024109,"ScoreBreakdown(accel=99.98691971511879, skidpad=75.0, autocross=65.19931691112883, endurance=209.4755278504953, efficiency=8.36448262566793)"
[116   5],275,116,5,275,41.75999999999999,3.849749874109179,4.583512153122953,1495.5487078412798,8020.862780748241,0.17132196059058047,10.44,8.249789186473146,452.37726724087526,"ScoreBreakdown(accel=97.86042231271307, skidpad=75.0, autocross=64.27025447726109, endurance=207.3405422241462, efficiency=7.906048226754901)"
[116   5],280,116,5,280,41.75999999999999,3.8782795667071923,4.593257496777142,1499.8187814450237,8049.111953544447,0.16776988534566958,10.44,8.280017049479424,446.8091813725802,"ScoreBreakdown(accel=95.76858873133177, skidpad=75.0, autocross=63.356053394209944, endurance=205.23970798442622, efficiency=7.444831262612315)"
[116   5],285,116,5,285,41.75999999999999,3.906724326227902,4.602689228761392,1504.0806066265864,8073.2773948145505,0.16469219799174883,10.44,8.306638884656852,441.341713747862,"ScoreBreakdown(accel=93.71339838354871, skidpad=75.0, autocross=62.448794045733145, endurance=203.1548258519038, efficiency=7.024695466676368)"
[116   5],290,116,5,290,41.75999999999999,3.935079819301123,4.6118214268334015,1508.2699739776565,8099.025664250065,0.16140902842208701,10.44,8.334565010330873,435.9707561887094,"ScoreBreakdown(accel=91.69422991893049, skidpad=75.0, autocross=61.56195671335917, endurance=201.1168735157558, efficiency=6.597696040663959)"
[116   5],295,116,5,295,41.75999999999999,3.9633417441227863,4.620667299055384,1512.3958055053133,8128.486319907356,0.1577147723906735,10.44,8.36615778493536,430.66978871988937,"ScoreBreakdown(accel=89.7104735538761, skidpad=75.0, autocross=60.69337104210155, endurance=199.12086349986518, efficiency=6.14508062404654)"
[116   5],300,116,5,300,41.75999999999999,3.9915058253446176,4.62980857849513,1516.4638135515638,8162.886616961397,0.15311446076742807,10.44,8.40466120933412,425.4234110271981,"ScoreBreakdown(accel=87.76153133710751, skidpad=75.0, autocross=59.84158600327925, endurance=197.16346134008342, efficiency=5.656832346727905)"
[120   5],200,120,5,200,43.199999999999996,3.6253038322989397,4.411893476136811,1432.3795835693122,7221.195253893743,0.30061506572102525,10.8,7.413775841995739,512.8268241720742,"ScoreBreakdown(accel=100.0, skidpad=75.0, autocross=78.43118826552222, endurance=239.88237040651518, efficiency=19.513265500036812)"
[120   5],205,120,5,205,43.199999999999996,3.63304424605127,4.42563881461237,1436.6176278234216,7287.916730048344,0.29234962695022004,10.8,7.487275706116606,508.5470683717917,"ScoreBreakdown(accel=100.0, skidpad=75.0, autocross=77.44215273383277, endurance=237.60956659147476, efficiency=18.49534904648416)"
[120   5],210,120,5,210,43.199999999999996,3.6413066374271352,4.43876149137175,1440.7369999403854,7357.691299026602,0.28344821282504623,10.8,7.566564124557404,504.36958416434675,"ScoreBreakdown(accel=100.0, skidpad=75.0, autocross=76.48638834605997, endurance=235.41321987064532, efficiency=17.46997594764144)"
[120   5],215,120,5,215,43.199999999999996,3.6502306563926226,4.451909490984619,1444.8229003444146,7427.870655544003,0.2741745270994864,10.8,7.649244517134138,500.2535198439379,"ScoreBreakdown(accel=100.0, skidpad=75.0, autocross=75.54377372861718, endurance=233.24709132420443, efficiency=16.462654791116346)"
[120   5],220,120,5,220,43.199999999999996,3.659836849872832,4.464692498941417,1448.9459205783833,7491.178158067754,0.26668473115866836,10.8,7.715689661248504,496.2186777784142,"ScoreBreakdown(accel=100.0, skidpad=75.0, autocross=74.5979844356825, endurance=231.0736673729592, efficiency=15.547025969772456)"
[120   5],225,120,5,225,43.199999999999996,3.6701055085420506,4.476935933773376,1453.1259692770225,7561.411863971181,0.2594621344977262,10.8,7.7801196268248765,492.0995417452214,"ScoreBreakdown(accel=100.0, skidpad=75.0, autocross=73.64459217801199, endurance=228.8827718074964, efficiency=14.572177759713043)"
[120   5],230,120,5,230,43.199999999999996,3.6811818926376247,4.4886810058795845,1457.4020448375277,7617.417948995806,0.2533390018073104,10.8,7.834448423055545,488.0873041806906,"ScoreBreakdown(accel=100.0, skidpad=75.0, autocross=72.67495680143821, endurance=226.65454955211308, efficiency=13.757797827139257)"
[120   5],235,120,5,235,43.199999999999996,3.69325466831323,4.500279849860846,1461.71167997439,7671.466949791812,0.24732162212879394,10.8,7.8880672708231145,484.10017262871037,"ScoreBreakdown(accel=100.0, skidpad=75.0, autocross=71.70345159661065, endurance=224.4220304310943, efficiency=12.974690601005435)"
[120   5],240,120,5,240,43.199999999999996,3.706403470020561,4.511733862737842,1465.9287148448902,7709.579944097004,0.2428422085747287,10.8,7.927881983429357,480.37638993779535,"ScoreBreakdown(accel=100.0, skidpad=75.0, autocross=70.75835033468597, endurance=222.25018757522358, efficiency=12.367852027885748)"
[120   5],245,120,5,245,43.199999999999996,3.72069539565949,4.522747919369422,1470.1999898245476,7757.008752838387,0.23745389636186692,10.8,7.9757698163249655,476.543252085773,"ScoreBreakdown(accel=100.0, skidpad=75.0, autocross=69.80661984109368, endurance=220.06311074388668, efficiency=11.673521500792681)"
[120   5],250,120,5,250,43.199999999999996,3.736347465548562,4.533349610791845,1474.5999769580212,7806.17976174107,0.23175152633554807,10.8,8.027258760063402,472.6207459793033,"ScoreBreakdown(accel=100.0, skidpad=75.0, autocross=68.83197477551413, endurance=217.82337622234144, efficiency=10.965394981447728)"
[120   5],255,120,5,255,43.199999999999996,3.753710765628057,4.543751833798964,1479.0776267351807,7848.786437786882,0.2267169113056288,10.8,8.073003529195145,468.7301529638224,"ScoreBreakdown(accel=100.0, skidpad=75.0, autocross=67.8460798042671, endurance=215.557789415716, efficiency=10.326283743839266)"
[120   5],260,120,5,260,43.199999999999996,3.7731330596000134,4.554205599096264,1483.526317636616,7899.048484011724,0.2205693549772195,10.8,8.128119693296114,464.8175854624983,"ScoreBreakdown(accel=100.0, skidpad=75.0, autocross=66.87245477723715, endurance=213.3203989429261, efficiency=9.62473174233503)"
[120   5],265,120,5,265,43.199999999999996,3.7952596185436107,4.564290460655897,1487.9809240190066,7942.868748307342,0.2152842640308542,10.8,8.175194456841679,460.9896647734462,"ScoreBreakdown(accel=100.0, skidpad=75.0, autocross=65.90336851648098, endurance=211.09343855578246, efficiency=8.992857701182759)"
[120   5],270,120,5,270,43.199999999999996,3.821174457418792,4.5740298978115845,1492.3872486255802,7977.611936573204,0.21109825602127277,10.8,8.21174599403261,457.2959055703068,"ScoreBreakdown(accel=99.98691971511879, skidpad=75.0, autocross=64.9504773201009, endurance=208.90369442924768, efficiency=8.454814105839422)"
[120   5],275,120,5,275,43.199999999999996,3.849749874109179,4.583512153122953,1496.6901840756054,8004.569582136641,0.20769935687014482,10.8,8.24229473971677,451.66198704893867,"ScoreBreakdown(accel=97.86042231271307, skidpad=75.0, autocross=64.02535936259918, endurance=206.7777732102387, efficiency=7.998432163387706)"
[120   5],280,120,5,280,43.199999999999996,3.8782795667071923,4.593257496777142,1500.9501105321804,8033.274455972826,0.2043673178948059,10.8,8.27241917266977,446.10106689427016,"ScoreBreakdown(accel=95.76858873133177, skidpad=75.0, autocross=63.11471321637068, endurance=204.6851082159237, efficiency=7.532656730644047)"
[120   5],285,120,5,285,43.199999999999996,3.906724326227902,4.602689228761392,1505.203799644422,8057.224987404672,0.2014412228823516,10.8,8.2992561129295,440.64531328876546,"ScoreBreakdown(accel=93.71339838354871, skidpad=75.0, autocross=62.21054361328242, endurance=202.60732631881396, efficiency=7.114044973120399)"
[120   5],290,120,5,290,43.199999999999996,3.935079819301123,4.6118214268334015,1509.3792961795934,8082.725580627695,0.1984390530064296,10.8,8.32648417761729,435.29036588738734,"ScoreBreakdown(accel=91.69422991893049, skidpad=75.0, autocross=61.32795127474284, endurance=200.57912897919812, efficiency=6.689055714515916)"
[120   5],295,120,5,295,43.199999999999996,3.9633417441227863,4.620667299055384,1513.4924906154279,8112.4161219112175,0.19491845385168172,10.8,8.358466506409664,429.99996396041973,"ScoreBreakdown(accel=89.7104735538761, skidpad=75.0, autocross=60.46328941902675, endurance=198.5921358920694, efficiency=6.2340650954474555)"
[120   5],300,120,5,300,43.199999999999996,3.9915058253446176,4.62980857849513,1517.545260840906,8146.663834866652,0.19057742353927692,10.8,8.397152336827599,424.7690940841401,"ScoreBreakdown(accel=87.76153133710751, skidpad=75.0, autocross=59.61591416207864, endurance=196.64486741176236, efficiency=5.746781173191589)"
[124   5],200,124,5,200,44.63999999999999,3.6253038322989397,4.411893476136811,1433.9683678532447,7201.281390870071,0.33006835020508996,11.16,7.396940832762507,511.7411670349389,"ScoreBreakdown(accel=100.0, skidpad=75.0, autocross=78.0597274893868, endurance=239.0287534816548, efficiency=19.65268606389733)"
[124   5],205,124,5,205,44.63999999999999,3.63304424605127,4.42563881461237,1438.1726811158555,7267.4529934526045,0.3222141701387984,11.16,7.470589900421819,507.49919613850915,"ScoreBreakdown(accel=100.0, skidpad=75.0, autocross=77.08071060521067, endurance=236.77897252025312, efficiency=18.639513013045384)"
[124   5],210,124,5,210,44.63999999999999,3.6413066374271352,4.43876149137175,1442.2596778254742,7336.005432674512,0.313756625504505,11.16,7.549996530856427,503.36501715793014,"ScoreBreakdown(accel=100.0, skidpad=75.0, autocross=76.13448322337753, endurance=234.604541840647, efficiency=17.625992093905634)"
[124   5],215,124,5,215,44.63999999999999,3.6502306563926226,4.451909490984619,1446.3176549877662,7406.176415912358,0.30489750666116466,11.16,7.633228604296495,499.2743674732063,"ScoreBreakdown(accel=100.0, skidpad=75.0, autocross=75.20026535588086, endurance=232.45770902696805, efficiency=16.61639309035738)"
[124   5],220,124,5,220,44.63999999999999,3.659836849872832,4.464692498941417,1450.4163342473826,7469.543960453471,0.29775463271321456,11.16,7.699969589775813,495.2615005358941,"ScoreBreakdown(accel=100.0, skidpad=75.0, autocross=74.2619835727063, endurance=230.3015373343903, efficiency=15.697979628797459)"
[124   5],225,124,5,225,44.63999999999999,3.6701055085420506,4.476935933773376,1454.5756858743257,7540.227386046822,0.2908721713354337,11.16,7.764619141283489,491.15687151175575,"ScoreBreakdown(accel=100.0, skidpad=75.0, autocross=73.31521823184423, endurance=228.12587042484697, efficiency=14.715782855064571)"
[124   5],230,124,5,230,44.63999999999999,3.6811818926376247,4.4886810058795845,1458.8335443511473,7595.658278699643,0.2850559027744813,11.16,7.8189658297153315,487.16862291617593,"ScoreBreakdown(accel=100.0, skidpad=75.0, autocross=72.35162247800692, endurance=225.91152722350898, efficiency=13.905473214660022)"
[124   5],235,124,5,235,44.63999999999999,3.69325466831323,4.500279849860846,1463.11560099915,7650.864499037869,0.2793531589667037,11.16,7.872490177665728,483.19503851486235,"ScoreBreakdown(accel=100.0, skidpad=75.0, autocross=71.38820671817784, endurance=223.69759764843153, efficiency=13.10923414825294)"
[124   5],240,124,5,240,44.63999999999999,3.706403470020561,4.511733862737842,1467.3094914581122,7687.492683900634,0.27502983551129834,11.16,7.912917026258154,479.5085281381121,"ScoreBreakdown(accel=100.0, skidpad=75.0, autocross=70.4500779912383, endurance=221.54177767910724, efficiency=12.516672467766574)"
[124   5],245,124,5,245,44.63999999999999,3.72069539565949,4.522747919369422,1471.5571176403125,7735.613409078339,0.26991047545229035,11.16,7.9608610433582365,475.6904871288718,"ScoreBreakdown(accel=100.0, skidpad=75.0, autocross=69.50537963717696, endurance=219.370860705573, efficiency=11.814246786121831)"
[124   5],250,124,5,250,44.63999999999999,3.736347465548562,4.533349610791845,1475.9376679730508,7784.439706051352,0.26444887975827347,11.16,8.012723910141867,471.7899716320684,"ScoreBreakdown(accel=100.0, skidpad=75.0, autocross=68.53681355968696, endurance=217.1450956996609, efficiency=11.108062372720486)"
[124   5],255,124,5,255,44.63999999999999,3.753710765628057,4.543751833798964,1480.3992389425903,7826.8988462906555,0.2595535966324019,11.16,8.059446484650136,467.9169774861039,"ScoreBreakdown(accel=100.0, skidpad=75.0, autocross=67.55622537540123, endurance=214.89170389034817, efficiency=10.469048220354535)"
[124   5],260,124,5,260,44.63999999999999,3.7731330596000134,4.554205599096264,1484.8308775728146,7877.050137801925,0.2537644912253165,11.16,8.114149410139415,464.0218249813798,"ScoreBreakdown(accel=100.0, skidpad=75.0, autocross=66.58804959098794, endurance=212.6668357779908, efficiency=9.766939612401044)"
[124   5],265,124,5,265,44.63999999999999,3.7952596185436107,4.564290460655897,1489.268597908129,7920.974669037818,0.24869704272013796,11.16,8.16167048006323,460.2092804367108,"ScoreBreakdown(accel=100.0, skidpad=75.0, autocross=65.6243190390279, endurance=210.4521828105444, efficiency=9.132778587138507)"
[124   5],270,124,5,270,44.63999999999999,3.821174457418792,4.5740298978115845,1493.6591200600108,7955.411959996986,0.24468416106830584,11.16,8.198613303067596,456.5340436544201,"ScoreBreakdown(accel=99.98691971511879, skidpad=75.0, autocross=64.67647394721892, endurance=208.2740346331468, efficiency=8.596615358935544)"
[124   5],275,124,5,275,44.63999999999999,3.849749874109179,4.583512153122953,1497.9497043847236,7982.828644391395,0.2414778531818972,11.16,8.22893944576036,450.90904759122793,"ScoreBreakdown(accel=97.86042231271307, skidpad=75.0, autocross=63.755571906702116, endurance=206.15780159206503, efficiency=8.135251779747707)"
[124   5],280,124,5,280,44.63999999999999,3.8782795667071923,4.593257496777142,1502.1973478464008,8011.6936913373565,0.23824847220478143,11.16,8.25960616889659,445.35952570857086,"ScoreBreakdown(accel=95.76858873133177, skidpad=75.0, autocross=62.84906826443352, endurance=204.07465607253351, efficiency=7.667212640272073)"
[124   5],285,124,5,285,44.63999999999999,3.906724326227902,4.602689228761392,1506.4422460462413,8035.374727894957,0.2355260554128465,11.16,8.285902160480594,439.9164985507385,"ScoreBreakdown(accel=93.71339838354871, skidpad=75.0, autocross=61.94825759304888, endurance=202.0045930010331, efficiency=7.250249573107806)"
[124   5],290,124,5,290,44.63999999999999,3.935079819301123,4.6118214268334015,1510.6058535040247,8060.883925356569,0.232592737636357,11.16,8.313807109764557,434.5738104441502,"ScoreBreakdown(accel=91.69422991893049, skidpad=75.0, autocross=61.069615817428634, endurance=199.98547405565756, efficiency=6.824490652133536)"
[124   5],295,124,5,295,44.63999999999999,3.9633417441227863,4.620667299055384,1514.7064329754935,8090.856661572368,0.22927281081551693,11.16,8.345562974790019,429.2934398751752,"ScoreBreakdown(accel=89.7104735538761, skidpad=75.0, autocross=60.20899604396782, endurance=198.0077696742185, efficiency=6.366200603112727)"
[124   5],300,124,5,300,44.63999999999999,3.9915058253446176,4.62980857849513,1518.746671667876,8124.67001374879,0.22514480192033504,11.16,8.384366605630888,424.07845877138703,"ScoreBreakdown(accel=87.76153133710751, skidpad=75.0, autocross=59.365585677927996, endurance=196.06961251387295, efficiency=5.8817292424785705)"
[128   5],200,128,5,200,46.08,3.6253038322989397,4.411893476136811,1435.6318109541928,7177.969028842345,0.35723130524029795,11.52,7.378767863604094,510.63746427802704,"ScoreBreakdown(accel=100.0, skidpad=75.0, autocross=77.67169237667173, endurance=238.13704872859898, efficiency=19.828723172756316)"
[128   5],205,128,5,205,46.08,3.63304424605127,4.42563881461237,1439.8096057800624,7242.989396056324,0.3498589132695382,11.52,7.451448998352544,506.4337421735922,"ScoreBreakdown(accel=100.0, skidpad=75.0, autocross=76.7010825404625, endurance=235.9065871648128, efficiency=18.82607246831692)"
[128   5],210,128,5,210,46.08,3.6413066374271352,4.43876149137175,1443.8725287049303,7311.271606312856,0.3417707004266158,11.52,7.531319553867632,502.3247548425913,"ScoreBreakdown(accel=100.0, skidpad=75.0, autocross=75.76254773386046, endurance=233.74983402435717, efficiency=17.81237308437361)"
[128   5],215,128,5,215,46.08,3.6502306563926226,4.451909490984619,1447.906074411958,7380.806776100885,0.3333437437439102,11.52,7.6145667271341635,498.2631917960014,"ScoreBreakdown(accel=100.0, skidpad=75.0, autocross=74.83600925739303, endurance=231.62064845253053, efficiency=16.80653408607787)"
[128   5],220,128,5,220,46.08,3.659836849872832,4.464692498941417,1451.979818459634,7444.156319268575,0.32648680068551433,11.52,7.681954105997543,494.2731654894996,"ScoreBreakdown(accel=100.0, skidpad=75.0, autocross=73.90546188132197, endurance=229.48225042875345, efficiency=15.885453179424179)"
[128   5],225,128,5,225,46.08,3.6701055085420506,4.476935933773376,1456.1108298220993,7515.394566167372,0.3199252429811482,11.52,7.746769142157646,490.1874960840838,"ScoreBreakdown(accel=100.0, skidpad=75.0, autocross=72.96715025485969, endurance=227.32601015629564, efficiency=14.894335672928499)"
[128   5],230,128,5,230,46.08,3.6811818926376247,4.4886810058795845,1460.3421417913685,7570.186572277123,0.31438336081016,11.52,7.801213548565794,486.23025815633747,"ScoreBreakdown(accel=100.0, skidpad=75.0, autocross=72.01155999026203, endurance=225.13006357055153, efficiency=14.088634595523938)"
[128   5],235,128,5,235,46.08,3.69325466831323,4.500279849860846,1464.603018679922,7625.599938042486,0.30897346125871267,11.52,7.854596523646298,482.2743586369949,"ScoreBreakdown(accel=100.0, skidpad=75.0, autocross=71.05487234998652, endurance=222.93159521531848, efficiency=13.287891071689886)"
[128   5],240,128,5,240,46.08,3.706403470020561,4.511733862737842,1468.775934408348,7661.839944344437,0.30483309535661135,11.52,7.895253923238396,478.6121919416985,"ScoreBreakdown(accel=100.0, skidpad=75.0, autocross=70.12331443253431, endurance=220.79087496728062, efficiency=12.698002541883593)"
[128   5],245,128,5,245,46.08,3.72069539565949,4.522747919369422,1473.0021251580902,7709.732738638719,0.29991424368464176,11.52,7.943611667345416,474.816367315086,"ScoreBreakdown(accel=100.0, skidpad=75.0, autocross=69.18524303619708, endurance=218.63518674368981, efficiency=11.99593753519906)"
[128   5],250,128,5,250,46.08,3.736347465548562,4.533349610791845,1477.3659736562843,7758.589855079908,0.2947615474179724,11.52,7.995032664729508,470.9317283852344,"ScoreBreakdown(accel=100.0, skidpad=75.0, autocross=68.2222482872706, endurance=216.42222465173623, efficiency=11.287255446227537)"
[128   5],255,128,5,255,46.08,3.753710765628057,4.543751833798964,1481.8137954728022,7800.891012875422,0.2901115635622216,11.52,8.04161356507273,467.0744664688779,"ScoreBreakdown(accel=100.0, skidpad=75.0, autocross=67.24655936337872, endurance=214.18009134361702, efficiency=10.64781576188221)"
[128   5],260,128,5,260,46.08,3.7731330596000134,4.554205599096264,1486.2293186549143,7851.077362771205,0.2845548721184354,11.52,8.096730163437423,463.19438822492344,"ScoreBreakdown(accel=100.0, skidpad=75.0, autocross=66.28373198465775, endurance=211.9675138684231, efficiency=9.943142371842603)"
[128   5],265,128,5,265,46.08,3.7952596185436107,4.564290460655897,1490.6517465143875,7894.482595061032,0.27971331369366015,11.52,8.144418358084065,459.4016949655565,"ScoreBreakdown(accel=100.0, skidpad=75.0, autocross=65.32511645633278, endurance=209.76461522613423, efficiency=9.311963283089485)"
[128   5],270,128,5,270,46.08,3.821174457418792,4.5740298978115845,1495.0287224682475,7928.765031687657,0.27584854284515875,11.52,8.181825381525071,455.7417815875068,"ScoreBreakdown(accel=99.98691971511879, skidpad=75.0, autocross=64.38193739437183, endurance=207.59718958609758, efficiency=8.77573489191852)"
[128   5],275,128,5,275,46.08,3.849749874109179,4.583512153122953,1499.3050482594385,7956.426601693876,0.27283891442411196,11.52,8.21173763746148,450.12905309345894,"ScoreBreakdown(accel=97.86042231271307, skidpad=75.0, autocross=63.465765499711736, endurance=205.49182642097503, efficiency=8.31103886005912)"
[128   5],280,128,5,280,46.08,3.8782795667071923,4.593257496777142,1503.5380066687032,7985.224291270253,0.26974759581712193,11.52,8.242538903940396,444.5947250437548,"ScoreBreakdown(accel=95.76858873133177, skidpad=75.0, autocross=62.5640172513324, endurance=203.41960879738588, efficiency=7.842510263704779)"
[128   5],285,128,5,285,46.08,3.906724326227902,4.602689228761392,1507.7738508026875,8009.264376923103,0.2671461619056173,11.52,8.268845147418718,439.1589581103609,"ScoreBreakdown(accel=93.71339838354871, skidpad=75.0, autocross=61.666722611845216, endurance=201.35762556776606, efficiency=7.421211547200917)"
[128   5],290,128,5,290,46.08,3.935079819301123,4.6118214268334015,1511.9260289364802,8035.0339633705125,0.26439803360262637,11.52,8.296327754621638,433.8259383608033,"ScoreBreakdown(accel=91.69422991893049, skidpad=75.0, autocross=60.79203103130703, endurance=199.34758417134094, efficiency=6.992093239224881)"
[128   5],295,128,5,295,46.08,3.9633417441227863,4.620667299055384,1516.0163791034124,8063.769816246821,0.2612490653365632,11.52,8.327947118230094,428.56722777789673,"ScoreBreakdown(accel=89.7104735538761, skidpad=75.0, autocross=59.935048890441806, endurance=197.37823907020692, efficiency=6.543466263371891)"
[128   5],300,128,5,300,46.08,3.9915058253446176,4.62980857849513,1520.0452407238813,8097.378614965713,0.25728710608613553,11.52,8.367062952558461,423.365128182088,"ScoreBreakdown(accel=87.76153133710751, skidpad=75.0, autocross=59.095458104899365, endurance=195.44885930647484, efficiency=6.059279433606284)"
[132   5],200,132,5,200,47.519999999999996,3.6253038322989397,4.411893476136811,1437.3758872105832,7152.986711071804,0.3823750070274445,11.88,7.359368401803136,509.4913180868962,"ScoreBreakdown(accel=100.0, skidpad=75.0, autocross=77.26581227378766, endurance=237.2043361851901, efficiency=20.021169627918397)"
[132   5],205,132,5,205,47.519999999999996,3.63304424605127,4.42563881461237,1441.5162983131545,7216.565127040817,0.375431882917881,11.88,7.431156724410348,505.33814090723007,"ScoreBreakdown(accel=100.0, skidpad=75.0, autocross=76.30619231426995, endurance=234.9991293598547, efficiency=19.032819233105457)"
[132   5],210,132,5,210,47.519999999999996,3.6413066374271352,4.43876149137175,1445.545963361315,7284.110677430982,0.3676920349523138,11.88,7.511313966013691,501.26688920309414,"ScoreBreakdown(accel=100.0, skidpad=75.0, autocross=75.37751848674161, endurance=232.86503675093763, efficiency=18.02433396541489)"
[132   5],215,132,5,215,47.519999999999996,3.6502306563926226,4.451909490984619,1449.5509092394154,7352.835442058493,0.3597067700418299,11.88,7.594077934289947,497.23938003443254,"ScoreBreakdown(accel=100.0, skidpad=75.0, autocross=74.45965732493178, endurance=230.7557916496262, efficiency=17.02393105987461)"
[132   5],220,132,5,220,47.519999999999996,3.659836849872832,4.464692498941417,1453.6025059978556,7416.580391656425,0.35307851519904027,11.88,7.662385524514539,493.26501096926944,"ScoreBreakdown(accel=100.0, skidpad=75.0, autocross=73.5362510969523, endurance=228.6338039853419, efficiency=16.09495588697523)"
[132   5],225,132,5,225,47.519999999999996,3.6701055085420506,4.476935933773376,1457.7111633830373,7487.37692243146,0.34682271772542583,11.88,7.727214917253698,489.20369789084555,"ScoreBreakdown(accel=100.0, skidpad=75.0, autocross=72.60508210613614, endurance=226.49397749077772, efficiency=15.104638293931659)"
[132   5],230,132,5,230,47.519999999999996,3.6811818926376247,4.4886810058795845,1461.9230959419986,7541.314165071636,0.34155975683941925,11.88,7.781491157540158,485.27371908753884,"ScoreBreakdown(accel=100.0, skidpad=75.0, autocross=71.65594025865197, endurance=224.31284936862446, efficiency=14.304929460262375)"
[132   5],235,132,5,235,47.519999999999996,3.69325466831323,4.500279849860846,1466.1617331646885,7596.73588150951,0.33642391240832037,11.88,7.834630840619553,481.3379888806183,"ScoreBreakdown(accel=100.0, skidpad=75.0, autocross=70.70628591233644, endurance=222.13054352407227, efficiency=13.501159444209573)"
[132   5],240,132,5,240,47.519999999999996,3.706403470020561,4.511733862737842,1470.3135399185571,7633.227601161604,0.33246307641126627,11.88,7.875444823082766,477.69358710310644,"ScoreBreakdown(accel=100.0, skidpad=75.0, autocross=69.78139393084857, endurance=220.00514159798036, efficiency=12.907051574277489)"
[132   5],245,132,5,245,47.519999999999996,3.72069539565949,4.522747919369422,1474.518957225036,7680.592154920028,0.3278052490822776,11.88,7.9235064022991955,473.92227452904626,"ScoreBreakdown(accel=100.0, skidpad=75.0, autocross=68.84986896139503, endurance=217.86449706444887, efficiency=12.207908503202333)"
[132   5],250,132,5,250,47.519999999999996,3.736347465548562,4.533349610791845,1478.8655165553284,7729.2484003817235,0.32284053956938313,11.88,7.975422489270733,470.0560030987558,"ScoreBreakdown(accel=100.0, skidpad=75.0, autocross=67.89264780382081, endurance=215.66480268637542, efficiency=11.498552608559569)"
[132   5],255,132,5,255,47.519999999999996,3.753710765628057,4.543751833798964,1483.2993299914217,7771.6340078555495,0.31842093855321824,11.88,8.021844323418982,466.21212685633276,"ScoreBreakdown(accel=100.0, skidpad=75.0, autocross=66.92199111362811, endurance=213.4342334521276, efficiency=10.855902290577037)"
[132   5],260,132,5,260,47.519999999999996,3.7731330596000134,4.554205599096264,1487.6982417936367,7822.254181648552,0.3131310899628794,11.88,8.076875074908369,462.34344077721016,"ScoreBreakdown(accel=100.0, skidpad=75.0, autocross=65.96469273299518, endurance=211.2343616154521, efficiency=10.144386428762909)"
[132   5],265,132,5,265,47.519999999999996,3.7952596185436107,4.564290460655897,1492.1059188599463,7865.118823415983,0.3085603024211436,11.88,8.124116949578964,458.5703236339246,"ScoreBreakdown(accel=100.0, skidpad=75.0, autocross=65.01114818997127, endurance=209.04311609822207, efficiency=9.51605934573124)"
[132   5],270,132,5,270,47.519999999999996,3.821174457418792,4.5740298978115845,1496.4682817651296,7899.262750527138,0.30485310540722316,11.88,8.161765173880042,454.9263519328598,"ScoreBreakdown(accel=99.98691971511879, skidpad=75.0, autocross=64.07293757465553, endurance=206.88710794939595, efficiency=8.979386693689575)"
[132   5],275,132,5,275,47.519999999999996,3.849749874109179,4.583512153122953,1500.7297378479102,7927.581789211085,0.3019919506984143,11.88,8.191543460967077,449.32249371609527,"ScoreBreakdown(accel=97.86042231271307, skidpad=75.0, autocross=63.16169556640137, endurance=204.79307366404777, efficiency=8.507302172933066)"
[132   5],280,132,5,280,47.519999999999996,3.8782795667071923,4.593257496777142,1504.949730398238,7955.850313980576,0.2990417288434157,11.88,8.222321398593296,443.806318732833,"ScoreBreakdown(accel=95.76858873133177, skidpad=75.0, autocross=62.2644053707073, endurance=202.73110064626516, efficiency=8.04222398452881)"
[132   5],285,132,5,285,47.519999999999996,3.906724326227902,4.602689228761392,1509.176197216759,7979.320223255106,0.29663512741412384,11.88,8.247835987464962,438.386465880312,"ScoreBreakdown(accel=93.71339838354871, skidpad=75.0, autocross=61.37076816188778, endurance=200.677522192923, efficiency=7.624777141952589)"
[132   5],290,132,5,290,47.519999999999996,3.935079819301123,4.6118214268334015,1513.316289299075,8004.927946944764,0.2939975361895681,11.88,8.275435799321482,433.0672928391611,"ScoreBreakdown(accel=91.69422991893049, skidpad=75.0, autocross=60.50023350203085, endurance=198.67703340090966, efficiency=7.19579601729011)"
[132   5],295,132,5,295,47.519999999999996,3.9633417441227863,4.620667299055384,1517.396304906259,8033.851768294791,0.29103700426525553,11.88,8.306592244851052,427.817633733892,"ScoreBreakdown(accel=89.7104735538761, skidpad=75.0, autocross=59.64697855394289, endurance=196.71625338939285, efficiency=6.743928236680197)"
[132   5],300,132,5,300,47.519999999999996,3.9915058253446176,4.62980857849513,1521.4153814181475,8066.480137242078,0.2873024996020814,11.88,8.345262001995911,422.6340580137046,"ScoreBreakdown(accel=87.76153133710751, skidpad=75.0, autocross=58.81094218707269, endurance=194.7950416803561, efficiency=6.266542809168284)"
[136   5],200,136,5,200,48.96,3.6253038322989397,4.411893476136811,1439.1692200229484,7126.135457021213,0.40574781077941874,12.24,7.338678885141207,508.3317277146116,"ScoreBreakdown(accel=100.0, skidpad=75.0, autocross=76.84949503182293, endurance=236.24763909445142, efficiency=20.23459358833722)"
[136   5],205,136,5,205,48.96,3.63304424605127,4.42563881461237,1443.2764161931848,7188.600019248474,0.3991791288024858,12.24,7.40971720325218,504.2216492484311,"ScoreBreakdown(accel=100.0, skidpad=75.0, autocross=75.89991890118135, endurance=234.06551298953062, efficiency=19.256217357719112)"
[136   5],210,136,5,210,48.96,3.6413066374271352,4.43876149137175,1447.2757945701085,7255.193021938342,0.39172534022239014,12.24,7.4904795749983935,500.18798761114033,"ScoreBreakdown(accel=100.0, skidpad=75.0, autocross=74.98044924704716, endurance=231.95257157259235, efficiency=18.25496679150083)"
[136   5],215,136,5,215,48.96,3.6502306563926226,4.451909490984619,1451.2450590126275,7323.718307300773,0.38416068915221707,12.24,7.572508960651035,496.1932108785091,"ScoreBreakdown(accel=100.0, skidpad=75.0, autocross=74.07291358271893, endurance=229.8670544661977, efficiency=17.25324282959249)"
[136   5],220,136,5,220,48.96,3.659836849872832,4.464692498941417,1455.2657938287018,7386.724295753799,0.37775869111140253,12.24,7.641580465415284,492.25373730030503,"ScoreBreakdown(accel=100.0, skidpad=75.0, autocross=73.15865704382823, endurance=227.76609278894927, efficiency=16.32898746752757)"
[136   5],225,136,5,225,48.96,3.6701055085420506,4.476935933773376,1459.3452013190329,7457.681195919962,0.3717551941094147,12.24,7.706669358383274,488.21539572237674,"ScoreBreakdown(accel=100.0, skidpad=75.0, autocross=72.23620785491995, endurance=225.64630440060859, efficiency=15.332883466848218)"
[136   5],230,136,5,230,48.96,3.6811818926376247,4.4886810058795845,1463.5363189096788,7511.110347477998,0.36674626408559213,12.24,7.760753389569857,484.3100074721812,"ScoreBreakdown(accel=100.0, skidpad=75.0, autocross=71.29385396537164, endurance=223.48077500691204, efficiency=14.535378499897531)"
[136   5],235,136,5,235,48.96,3.69325466831323,4.500279849860846,1467.755030022501,7566.510052873587,0.3618240996330532,12.24,7.814011748981565,480.39271579272275,"ScoreBreakdown(accel=100.0, skidpad=75.0, autocross=70.35073077167704, endurance=221.31347775216048, efficiency=13.728507268885265)"
[136   5],240,136,5,240,48.96,3.706403470020561,4.511733862737842,1471.8913768872494,7602.741339243747,0.35804553471236245,12.24,7.854753026109841,476.7667372155011,"ScoreBreakdown(accel=100.0, skidpad=75.0, autocross=69.43126973059228, endurance=219.20055612801124, efficiency=13.134911356897566)"
[136   5],245,136,5,245,48.96,3.72069539565949,4.522747919369422,1476.080206700573,7650.1620204866185,0.3536123393347154,12.24,7.902653818476674,473.01063288726493,"ScoreBreakdown(accel=100.0, skidpad=75.0, autocross=68.50539396168591, endurance=217.0728934582694, efficiency=12.432345467309615)"
[136   5],250,136,5,250,48.96,3.736347465548562,4.533349610791845,1480.412160128934,7699.43202513681,0.3488828041390816,12.24,7.954405334469701,469.15249309905596,"ScoreBreakdown(accel=100.0, skidpad=75.0, autocross=67.5533940706816, endurance=214.8851975516352, efficiency=11.713901476739101)"
[136   5],255,136,5,255,48.96,3.753710765628057,4.543751833798964,1484.8337718712894,7740.753565035526,0.34468597737931433,12.24,8.000518666572535,465.3319253415362,"ScoreBreakdown(accel=100.0, skidpad=75.0, autocross=66.58741916485337, endurance=212.66538705862942, efficiency=11.079119118053374)"
[136   5],260,136,5,260,48.96,3.7731330596000134,4.554205599096264,1489.2176958996495,7791.615822704704,0.3396319112162441,12.24,8.05555887232971,461.4750663913865,"ScoreBreakdown(accel=100.0, skidpad=75.0, autocross=65.63534076016421, endurance=210.47751072753442, efficiency=10.36221490368788)"
[136   5],265,136,5,265,48.96,3.7952596185436107,4.564290460655897,1493.6123424565608,7834.182180261737,0.3352700642965566,12.24,8.102758074557467,457.71789184093467,"ScoreBreakdown(accel=100.0, skidpad=75.0, autocross=64.68654313173406, endurance=208.29717362082422, efficiency=9.734175088376402)"
[136   5],270,136,5,270,48.96,3.821174457418792,4.5740298978115845,1497.9628879428712,7868.301473587288,0.3317558569518787,12.24,8.140159717883675,454.08668453266574,"ScoreBreakdown(accel=99.98691971511879, skidpad=75.0, autocross=63.75275040657837, endurance=206.15131778431493, efficiency=9.195696626653593)"
[136   5],275,136,5,275,48.96,3.849749874109179,4.583512153122953,1502.2132395780939,7896.594644902331,0.32905525660001284,12.24,8.169589701675463,448.49517975749745,"ScoreBreakdown(accel=97.86042231271307, skidpad=75.0, autocross=62.845686383073804, endurance=204.06688450861088, efficiency=8.722186553099716)"
[136   5],280,136,5,280,48.96,3.8782795667071923,4.593257496777142,1506.4242086432384,7923.93399503563,0.3262483335582143,12.24,8.200222584670266,442.9979560949517,"ScoreBreakdown(accel=95.76858873133177, skidpad=75.0, autocross=61.952074573679255, endurance=202.01336442315136, efficiency=8.263928366789342)"
[136   5],285,136,5,285,48.96,3.906724326227902,4.602689228761392,1510.6431953128813,7947.071280640003,0.3240000261146429,12.24,8.225160814416858,437.59051938619683,"ScoreBreakdown(accel=93.71339838354871, skidpad=75.0, autocross=61.061757528192025, endurance=199.9674157056949, efficiency=7.847947768761253)"
[136   5],290,136,5,290,48.96,3.935079819301123,4.6118214268334015,1514.7711289087765,7972.019141166808,0.32155302594701735,12.24,8.252011507719239,432.2897907245699,"ScoreBreakdown(accel=91.69422991893049, skidpad=75.0, autocross=60.19545515386378, endurance=197.9766527065249, efficiency=7.423452945250728)"
[136   5],295,136,5,295,48.96,3.9633417441227863,4.620667299055384,1518.8393138175327,8000.017074714354,0.3187919228948272,12.24,8.282459288133506,427.06020008168775,"ScoreBreakdown(accel=89.7104735538761, skidpad=75.0, autocross=59.346299011254324, endurance=196.02529175067423, efficiency=6.9781357658830805)"
[136   5],300,136,5,300,48.96,3.9915058253446176,4.62980857849513,1522.8423662113908,8032.1671541540545,0.3153223691395639,12.24,8.320132651764279,421.89518720448564,"ScoreBreakdown(accel=87.76153133710751, skidpad=75.0, autocross=58.51516660895916, endurance=194.11534935304002, efficiency=6.503139905378902)"
[140   5],200,140,5,200,50.4,3.6253038322989397,4.411893476136811,1441.0022294973528,7098.515483894452,0.42746271714693823,12.6,7.317825380795218,507.154052710285,"ScoreBreakdown(accel=100.0, skidpad=75.0, autocross=76.4250378218901, endurance=235.27223635597863, efficiency=20.45677853241625)"
[140   5],205,140,5,205,50.4,3.63304424605127,4.42563881461237,1445.0800375361307,7160.056828347996,0.42126695795736496,12.6,7.387718050772303,503.0816877988017,"ScoreBreakdown(accel=100.0, skidpad=75.0, autocross=75.48463062672622, endurance=233.1111804662987, efficiency=19.48587670577677)"
[140   5],210,140,5,210,50.4,3.6413066374271352,4.43876149137175,1449.0534503874278,7224.527187230065,0.4141197690965792,12.6,7.468491438684544,499.09561971120394,"ScoreBreakdown(accel=100.0, skidpad=75.0, autocross=74.57338993483681, endurance=231.0171492059569, efficiency=18.505080570410207)"
[140   5],215,140,5,215,50.4,3.6502306563926226,4.451909490984619,1452.9894452142537,7293.63257464638,0.40686580696939884,12.6,7.550542535296107,495.12246170994007,"ScoreBreakdown(accel=100.0, skidpad=75.0, autocross=73.6756441510286, endurance=228.95412924661295, efficiency=17.4926883122985)"
[140   5],220,140,5,220,50.4,3.659836849872832,4.464692498941417,1456.986251712801,7355.928109129456,0.4006932460647133,12.6,7.620097457483434,491.21196645676395,"ScoreBreakdown(accel=100.0, skidpad=75.0, autocross=72.76899151275917, endurance=226.870641334247, efficiency=16.572333609757766)"
[140   5],225,140,5,225,50.4,3.6701055085420506,4.476935933773376,1461.0405658950053,7425.882496802485,0.3949648496607396,12.6,7.684952630203891,487.2057143018468,"ScoreBreakdown(accel=100.0, skidpad=75.0, autocross=71.85436161725559, endurance=224.76882168344062, efficiency=15.582531001150572)"
[140   5],230,140,5,230,50.4,3.6811818926376247,4.4886810058795845,1465.2121780824414,7480.221304295057,0.3901631698895291,12.6,7.739092374153665,483.3086548628835,"ScoreBreakdown(accel=100.0, skidpad=75.0, autocross=70.91855340147171, endurance=222.61833424913507, efficiency=14.771767212276695)"
[140   5],235,140,5,235,50.4,3.69325466831323,4.500279849860846,1469.4116791412023,7535.277820643621,0.3855472113457749,12.6,7.791282981650449,479.41264288086774,"ScoreBreakdown(accel=100.0, skidpad=75.0, autocross=69.9818558000493, endurance=220.46580300648537, efficiency=13.964984074333056)"
[140   5],240,140,5,240,50.4,3.706403470020561,4.511733862737842,1473.5300500102896,7571.447775728108,0.3818480993277334,12.6,7.832886731469816,475.80510233182594,"ScoreBreakdown(accel=100.0, skidpad=75.0, autocross=69.06843964372939, endurance=218.36677252852354, efficiency=13.369890159573)"
[140   5],245,140,5,245,50.4,3.72069539565949,4.522747919369422,1477.7014031158942,7618.85498019904,0.37760332448052886,12.6,7.880793726250815,472.0656461245943,"ScoreBreakdown(accel=100.0, skidpad=75.0, autocross=68.14846259697066, endurance=216.2526651232501, efficiency=12.664518404373544)"
[140   5],250,140,5,250,50.4,3.736347465548562,4.533349610791845,1482.0096079595646,7668.001015687007,0.37311779927662375,12.6,7.932069433087835,468.23004428184714,"ScoreBreakdown(accel=100.0, skidpad=75.0, autocross=67.20373987735255, endurance=214.0816921576625, efficiency=11.944612246832119)"
[140   5],255,140,5,255,50.4,3.753710765628057,4.543751833798964,1486.4076730004522,7709.416925344941,0.3691467721386054,12.6,7.977642969802588,464.4301479810562,"ScoreBreakdown(accel=100.0, skidpad=75.0, autocross=66.24496110519874, endurance=211.87841838102793, efficiency=11.30676849482953)"
[140   5],260,140,5,260,50.4,3.7731330596000134,4.554205599096264,1490.7653678333397,7759.906078582271,0.36430309877337985,12.6,8.032731131035034,460.59964974279086,"ScoreBreakdown(accel=100.0, skidpad=75.0, autocross=65.30056258033957, endurance=209.70819041504987, efficiency=10.590896747401398)"
[140   5],265,140,5,265,50.4,3.7952596185436107,4.564290460655897,1495.1313415388227,7802.284918349234,0.36014781707290977,12.6,8.079716752742529,456.86916007602747,"ScoreBreakdown(accel=100.0, skidpad=75.0, autocross=64.35989062722786, endurance=207.54652611156232, efficiency=9.962743337237269)"
[140   5],270,140,5,270,50.4,3.821174457418792,4.5740298978115845,1499.4527520049442,7836.036740235569,0.3568206900037943,12.6,8.116753628882389,453.2668931612624,"ScoreBreakdown(accel=99.98691971511879, skidpad=75.0, autocross=63.43421440447619, endurance=205.41932199891687, efficiency=9.426437042750536)"
[140   5],275,140,5,275,50.4,3.849749874109179,4.583512153122953,1503.6697823386676,7863.83317038307,0.3542513237352679,12.6,8.146011553465826,447.70859447940387,"ScoreBreakdown(accel=97.86042231271307, skidpad=75.0, autocross=62.53602653132696, endurance=203.35528611819413, efficiency=8.956859517169702)"
[140   5],280,140,5,280,50.4,3.8782795667071923,4.593257496777142,1507.8508180282126,7890.122249156253,0.35160372347359803,12.6,8.176200577344488,442.2468090014542,"ScoreBreakdown(accel=95.76858873133177, skidpad=75.0, autocross=61.65046499183231, endurance=201.32026555429331, efficiency=8.507489723996796)"
[140   5],285,140,5,285,50.4,3.906724326227902,4.602689228761392,1512.0414493392288,7913.0576224571705,0.349542244794588,12.6,8.200128205671078,436.86568194587113,"ScoreBreakdown(accel=93.71339838354871, skidpad=75.0, autocross=60.76778536827037, endurance=199.29186763368145, efficiency=8.092630560370669)"
[140   5],290,140,5,290,50.4,3.935079819301123,4.6118214268334015,1516.1401714072713,7937.483802269036,0.34724779429410224,12.6,8.226467512103975,431.5942878786719,"ScoreBreakdown(accel=91.69422991893049, skidpad=75.0, autocross=59.909184865093316, endurance=197.3188035356878, efficiency=7.672069558960218)"
[140   5],295,140,5,295,50.4,3.9633417441227863,4.620667299055384,1520.178934332703,7965.0581903797265,0.34466763175122217,12.6,8.256229025725142,426.3926751929317,"ScoreBreakdown(accel=89.7104735538761, skidpad=75.0, autocross=59.06767344132848, endurance=195.38501014500358, efficiency=7.229518052723479)"
[140   5],300,140,5,300,50.4,3.9915058253446176,4.62980857849513,1524.1534532750434,7996.7840720644235,0.3414242172908373,12.6,8.293093023712444,421.254315303225,"ScoreBreakdown(accel=87.76153133710751, skidpad=75.0, autocross=58.24390170585625, endurance=193.49198256094337, efficiency=6.756899699317833)"
[144   5],200,144,5,200,51.83999999999999,3.6253038322989397,4.411893476136811,1442.908919533645,7070.13363280379,0.4477945560412612,12.96,7.295757084079976,505.930738814069,"ScoreBreakdown(accel=100.0, skidpad=75.0, autocross=75.98466323747212, endurance=234.26025548831214, efficiency=20.685820088284764)"
[144   5],205,144,5,205,51.83999999999999,3.63304424605127,4.42563881461237,1446.946796974861,7131.2189434031425,0.44186091908105524,12.96,7.365437977678867,501.89928339130296,"ScoreBreakdown(accel=100.0, skidpad=75.0, autocross=75.05589496265131, endurance=232.12594583950127, efficiency=19.71744258915036)"
[144   5],210,144,5,210,51.83999999999999,3.6413066374271352,4.43876149137175,1450.8788045995493,7193.932982088347,0.4350292441203012,12.96,7.445816882551227,497.96945999684425,"ScoreBreakdown(accel=100.0, skidpad=75.0, autocross=74.1564463167171, endurance=230.05901270271067, efficiency=18.754000977416492)"
[144   5],215,144,5,215,51.83999999999999,3.6502306563926226,4.451909490984619,1454.7649980191484,7263.012409246633,0.42809739017776927,12.96,7.527420157434742,494.0380549411778,"ScoreBreakdown(accel=100.0, skidpad=75.0, autocross=73.27225518936514, endurance=228.02714134614007, efficiency=17.738658405672588)"
[144   5],220,144,5,220,51.83999999999999,3.659836849872832,4.464692498941417,1458.7147696853701,7324.088166183554,0.42208209157874965,12.96,7.598017424955685,490.1806772116835,"ScoreBreakdown(accel=100.0, skidpad=75.0, autocross=72.37842609576548, endurance=225.97312194154142, efficiency=16.82912917437656)"
[144   5],225,144,5,225,51.83999999999999,3.6701055085420506,4.476935933773376,1462.7145835116887,7393.714135115503,0.41658798136852465,12.96,7.662790410450419,486.2223244996964,"ScoreBreakdown(accel=100.0, skidpad=75.0, autocross=71.47819185868698, endurance=223.90438351617166, efficiency=15.839749124837716)"
[144   5],230,144,5,230,51.83999999999999,3.6811818926376247,4.4886810058795845,1466.8355834248266,7448.427825337506,0.41194068951136414,12.96,7.7173645832457245,482.36344921839515,"ScoreBreakdown(accel=100.0, skidpad=75.0, autocross=70.55581733894738, endurance=221.78476671759273, efficiency=15.022865161855034)"
[144   5],235,144,5,235,51.83999999999999,3.69325466831323,4.500279849860846,1470.9848083684997,7504.012508357364,0.4075456084765852,12.96,7.7691428409825845,478.5034399810319,"ScoreBreakdown(accel=100.0, skidpad=75.0, autocross=69.63234673440459, endurance=219.6626311159552, efficiency=14.208462130672038)"
[144   5],240,144,5,240,51.83999999999999,3.706403470020561,4.511733862737842,1475.0565237114326,7540.775802173794,0.404050513960276,12.96,7.810124077873297,474.92943616332684,"ScoreBreakdown(accel=100.0, skidpad=75.0, autocross=68.73117766250468, endurance=217.5917444400115, efficiency=13.606514060810667)"
[144   5],245,144,5,245,51.83999999999999,3.72069539565949,4.522747919369422,1479.183062781768,7587.37270700696,0.39997186043310784,12.96,7.858131171811312,471.2354577579317,"ScoreBreakdown(accel=100.0, skidpad=75.0, autocross=67.82293668250564, endurance=215.50460651808882, efficiency=12.907914557337246)"
[144   5],250,144,5,250,51.83999999999999,3.736347465548562,4.533349610791845,1483.4499111651844,7636.607656878824,0.39565226423493677,12.96,7.90956961997015,467.4330128890061,"ScoreBreakdown(accel=100.0, skidpad=75.0, autocross=66.88912754580545, endurance=213.35871296784757, efficiency=12.185172375353051)"
[144   5],255,144,5,255,51.83999999999999,3.753710765628057,4.543751833798964,1487.812371472828,7677.840496694363,0.3918803435034135,12.96,7.954695603412299,463.6648981240207,"ScoreBreakdown(accel=100.0, skidpad=75.0, autocross=65.93993098489773, endurance=211.17745911423796, efficiency=11.547508024884978)"
[144   5],260,144,5,260,51.83999999999999,3.7731330596000134,4.554205599096264,1492.1340121578794,7727.937330151355,0.387263266645267,12.96,8.009454612313165,459.8675006931398,"ScoreBreakdown(accel=100.0, skidpad=75.0, autocross=65.00508863175867, endurance=209.02919123244965, efficiency=10.833220828931466)"
[144   5],265,144,5,265,51.83999999999999,3.7952596185436107,4.564290460655897,1496.4669885009057,7769.567147621933,0.3833078534018189,12.96,8.056110099081327,456.1714042315302,"ScoreBreakdown(accel=100.0, skidpad=75.0, autocross=64.07321490559741, endurance=206.8877452559462, efficiency=10.210444069986602)"
[144   5],270,144,5,270,51.83999999999999,3.821174457418792,4.5740298978115845,1500.7591474022297,7802.892915529419,0.38015262468062083,12.96,8.092763904823896,452.5977246566063,"ScoreBreakdown(accel=99.98691971511879, skidpad=75.0, autocross=63.15542479923626, endurance=204.77866344006742, efficiency=9.676716702183844)"
[144   5],275,144,5,275,51.83999999999999,3.849749874109179,4.583512153122953,1504.9466756882189,7830.488736033665,0.37774239050071906,12.96,8.121401473437718,447.06603462267583,"ScoreBreakdown(accel=97.86042231271307, skidpad=75.0, autocross=62.265053068778805, endurance=202.7325890565403, efficiency=9.207970184643685)"
[144   5],280,144,5,280,51.83999999999999,3.8782795667071923,4.593257496777142,1509.101644529431,7855.724491774778,0.3752648851711987,12.96,8.15087040051838,441.6360510445876,"ScoreBreakdown(accel=95.76858873133177, skidpad=75.0, autocross=61.38648809100664, endurance=200.71364659263247, efficiency=8.767327629616693)"
[144   5],285,144,5,285,51.83999999999999,3.906724326227902,4.602689228761392,1513.2707825291877,7877.681377390885,0.3734109762437126,12.96,8.1733897211597,436.28249494611566,"ScoreBreakdown(accel=93.71339838354871, skidpad=75.0, autocross=60.50977629223753, endurance=198.6989627343793, efficiency=8.360357535950142)"
[144   5],290,144,5,290,51.83999999999999,3.935079819301123,4.6118214268334015,1517.3509439927202,7901.081624166926,0.37126702651432575,12.96,8.199089638787404,431.03640029748635,"ScoreBreakdown(accel=91.69422991893049, skidpad=75.0, autocross=59.656439671768766, endurance=196.73799503971802, efficiency=7.947735667069088)"
[144   5],295,144,5,295,51.83999999999999,3.9633417441227863,4.620667299055384,1521.373273148993,7929.039002921901,0.36886706438932165,12.96,8.227991992080167,425.84506032521347,"ScoreBreakdown(accel=89.7104735538761, skidpad=75.0, autocross=58.819678527026404, endurance=194.81511779101135, efficiency=7.499790453299632)"
[144   5],300,144,5,300,51.83999999999999,3.9915058253446176,4.62980857849513,1525.3299298624593,7959.912615276888,0.36584856855912506,12.96,8.263824069130646,420.7287239714205,"ScoreBreakdown(accel=87.76153133710751, skidpad=75.0, autocross=58.000884780144446, endurance=192.9335296255533, efficiency=7.032778228615253)"
