time_ms,input_voltage,input_current,input_temperature,soc_percent,voltage_ocv,r0,capacity_ah,soh_percent,v_ct,v_dif,uncertainty,valid,bypassed
0.000,4.110000,0.000000,22.500,95.422295,4.110000,0.00500000,12.000000,88.954422,0.00000000,0.00000000,0.03316442,1,0
1000.000,4.110000,0.000000,22.500,95.422295,4.110000,0.00500000,12.000000,88.954422,0.00000000,0.00000000,0.02925983,1,0
2000.000,4.110000,0.000000,22.500,95.422295,4.110000,0.00500000,12.000000,88.954422,0.00000000,0.00000000,0.02581518,1,0
3000.000,4.110000,0.000000,22.500,95.422295,4.110000,0.00500000,12.000000,88.954422,0.00000000,0.00000000,0.02277622,1,0
4000.000,4.110000,0.000000,22.500,95.422295,4.110000,0.00500000,12.000000,88.954422,0.00000000,0.00000000,0.02009513,1,0
5000.000,4.110000,0.000000,22.500,95.422295,4.110000,0.00500000,12.000000,88.954422,0.00000000,0.00000000,0.01772972,1,0
6000.000,4.110000,0.000000,22.500,95.422295,4.110000,0.00500000,12.000000,88.954422,0.00000000,0.00000000,0.01564280,1,0
7000.000,4.110000,0.000000,22.500,95.422295,4.110000,0.00500000,12.000000,88.954422,0.00000000,0.00000000,0.01380156,1,0
8000.000,4.110000,0.000000,22.500,95.422295,4.110000,0.00500000,12.000000,88.954422,0.00000000,0.00000000,0.01217707,1,0
9000.000,4.110000,0.000000,22.500,95.422295,4.110000,0.00500000,12.000000,88.954422,0.00000000,0.00000000,0.01074380,1,0
10000.000,4.110000,0.000000,22.500,95.422295,4.110000,0.00500000,12.000000,88.954422,0.00000000,0.00000000,0.00947925,1,0
11000.000,4.110000,0.000000,22.500,95.422295,4.110000,0.00500000,12.000000,88.954422,0.00000000,0.00000000,0.00836354,1,0
12000.000,4.110000,0.000000,22.500,95.422295,4.110000,0.00500000,12.000000,88.954422,0.00000000,0.00000000,0.00737916,1,0
13000.000,4.110000,0.000000,22.500,95.422295,4.110000,0.00500000,12.000000,88.954422,0.00000000,0.00000000,0.00651064,1,0
14000.000,4.110000,0.000000,22.500,95.422295,4.110000,0.00500000,12.000000,88.954422,0.00000000,0.00000000,0.00574435,1,0
15000.000,4.110000,0.000000,22.500,95.422295,4.110000,0.00500000,12.000000,88.954422,0.00000000,0.00000000,0.00506825,1,0
16000.000,4.110000,0.000000,22.500,95.422295,4.110000,0.00500000,12.000000,88.954422,0.00000000,0.00000000,0.00447173,1,0
17000.000,4.110000,0.000000,22.500,95.422295,4.110000,0.00500000,12.000000,88.954422,0.00000000,0.00000000,0.00394542,1,0
18000.000,4.110000,0.000000,22.500,95.422295,4.110000,0.00500000,12.000000,88.954422,0.00000000,0.00000000,0.00348105,1,0
19000.000,4.110000,0.000000,22.500,95.422295,4.110000,0.00500000,12.000000,88.954422,0.00000000,0.00000000,0.00307134,1,0
20000.000,4.110000,0.000000,22.500,95.422295,4.110000,0.00500000,12.000000,88.954422,0.00000000,0.00000000,0.00270986,1,0
21000.000,4.110000,0.000000,22.500,95.422295,4.110000,0.00500000,12.000000,88.954422,0.00000000,0.00000000,0.00239091,1,0
22000.000,4.110000,0.000000,22.500,95.422295,4.110000,0.00500000,12.000000,88.954422,0.00000000,0.00000000,0.00210951,1,0
23000.000,4.110000,0.000000,22.500,95.422295,4.110000,0.00500000,12.000000,88.954422,0.00000000,0.00000000,0.00186123,1,0
24000.000,4.110000,0.000000,22.500,95.422295,4.110000,0.00500000,12.000000,88.954422,0.00000000,0.00000000,0.00164217,1,0
25000.000,4.110000,0.000000,22.500,95.422295,4.110000,0.00500000,12.000000,88.954422,0.00000000,0.00000000,0.00144889,1,0
26000.000,4.110000,0.000000,22.500,95.422295,4.110000,0.00500000,12.000000,88.954422,0.00000000,0.00000000,0.00127836,1,0
27000.000,4.110000,0.000000,22.500,95.422295,4.110000,0.00500000,12.000000,88.954422,0.00000000,0.00000000,0.00112790,1,0
28000.000,4.110000,0.000000,22.500,95.422295,4.110000,0.00500000,12.000000,88.954422,0.00000000,0.00000000,0.00099515,1,0
29000.000,4.110000,0.000000,22.500,95.422295,4.110000,0.00500000,12.000000,88.954422,0.00000000,0.00000000,0.00087802,1,0
30000.000,4.110000,0.000000,22.500,95.422295,4.110000,0.00500000,12.000000,88.954422,0.00000000,0.00000000,0.00077468,1,0
31000.000,4.110000,0.000000,22.500,95.422295,4.110000,0.00500000,12.000000,88.954422,0.00000000,0.00000000,0.00068351,1,0
32000.000,4.110000,0.000000,22.500,95.422295,4.110000,0.00500000,12.000000,88.954422,0.00000000,0.00000000,0.00060306,1,0
33000.000,4.110000,0.000000,22.500,95.422295,4.110000,0.00500000,12.000000,88.954422,0.00000000,0.00000000,0.00053208,1,0
34000.000,4.110000,0.000000,22.500,95.422295,4.110000,0.00500000,12.000000,88.954422,0.00000000,0.00000000,0.00046946,1,0
35000.000,4.110000,0.000000,22.500,95.422295,4.110000,0.00500000,12.000000,88.954422,0.00000000,0.00000000,0.00041420,1,0
36000.000,4.110000,0.000000,22.500,95.422295,4.110000,0.00500000,12.000000,88.954422,0.00000000,0.00000000,0.00036545,1,0
37000.000,4.110000,0.000000,22.500,95.422295,4.110000,0.00500000,12.000000,88.954422,0.00000000,0.00000000,0.00032244,1,0
38000.000,4.110000,0.000000,22.500,95.422295,4.110000,0.00500000,12.000000,88.954422,0.00000000,0.00000000,0.00028449,1,0
39000.000,4.110000,0.000000,22.500,95.422295,4.110000,0.00500000,12.000000,88.954422,0.00000000,0.00000000,0.00025101,1,0
40000.000,4.110000,0.000000,22.500,95.422295,4.110000,0.00500000,12.000000,88.954422,0.00000000,0.00000000,0.00022146,1,0
41000.000,4.110000,0.000000,22.500,95.422295,4.110000,0.00500000,12.000000,88.954422,0.00000000,0.00000000,0.00019540,1,0
42000.000,4.110000,0.000000,22.500,95.422295,4.110000,0.00500000,12.000000,88.954422,0.00000000,0.00000000,0.00017240,1,0
43000.000,4.110000,0.000000,22.500,95.422295,4.110000,0.00500000,12.000000,88.954422,0.00000000,0.00000000,0.00015211,1,0
44000.000,4.110000,0.000000,22.500,95.422295,4.110000,0.00500000,12.000000,88.954422,0.00000000,0.00000000,0.00013421,1,0
45000.000,4.110000,0.000000,22.500,95.422295,4.110000,0.00500000,12.000000,88.954422,0.00000000,0.00000000,0.00011841,1,0
46000.000,4.110000,0.000000,22.500,95.422295,4.110000,0.00500000,12.000000,88.954422,0.00000000,0.00000000,0.00010447,1,0
47000.000,4.110000,0.000000,22.500,95.422295,4.110000,0.00500000,12.000000,88.954422,0.00000000,0.00000000,0.00009218,1,0
48000.000,4.110000,0.000000,22.500,95.422295,4.110000,0.00500000,12.000000,88.954422,0.00000000,0.00000000,0.00008133,1,0
49000.000,4.110000,0.000000,22.500,95.422295,4.110000,0.00500000,12.000000,88.954422,0.00000000,0.00000000,0.00007176,1,0
50000.000,4.110000,0.000000,22.500,95.422295,4.110000,0.00500000,12.000000,88.954422,0.00000000,0.00000000,0.00006331,1,0
51000.000,4.110000,0.000000,22.500,95.422295,4.110000,0.00500000,12.000000,88.954422,0.00000000,0.00000000,0.00005586,1,0
52000.000,4.110000,0.000000,22.500,95.422295,4.110000,0.00500000,12.000000,88.954422,0.00000000,0.00000000,0.00004929,1,0
53000.000,4.110000,0.000000,22.500,95.422295,4.110000,0.00500000,12.000000,88.954422,0.00000000,0.00000000,0.00004348,1,0
54000.000,4.110000,0.000000,22.500,95.422295,4.110000,0.00500000,12.000000,88.954422,0.00000000,0.00000000,0.00003837,1,0
55000.000,4.110000,0.000000,22.500,95.422295,4.110000,0.00500000,12.000000,88.954422,0.00000000,0.00000000,0.00003385,1,0
56000.000,4.110000,0.000000,22.500,95.422295,4.110000,0.00500000,12.000000,88.954422,0.00000000,0.00000000,0.00002987,1,0
57000.000,4.110000,0.000000,22.500,95.422295,4.110000,0.00500000,12.000000,88.954422,0.00000000,0.00000000,0.00002635,1,0
58000.000,4.110000,0.000000,22.500,95.422295,4.110000,0.00500000,12.000000,88.954422,0.00000000,0.00000000,0.00002325,1,0
59000.000,4.110000,0.000000,22.500,95.422295,4.110000,0.00500000,12.000000,88.954422,0.00000000,0.00000000,0.00002051,1,0
60000.000,4.110000,0.000000,22.500,95.422295,4.110000,0.00500000,12.000000,88.954422,0.00000000,0.00000000,0.00001810,1,0
61000.000,4.110000,0.000000,22.500,95.422295,4.110000,0.00500000,12.000000,88.954422,0.00000000,0.00000000,0.00001597,1,0
62000.000,4.110000,0.000000,22.500,95.422295,4.110000,0.00500000,12.000000,88.954422,0.00000000,0.00000000,0.00001409,1,0
63000.000,4.110000,0.000000,22.500,95.422295,4.110000,0.00500000,12.000000,88.954422,0.00000000,0.00000000,0.00001243,1,0
64000.000,4.110000,0.000000,22.500,95.422295,4.110000,0.00500000,12.000000,88.954422,0.00000000,0.00000000,0.00001097,1,0
65000.000,4.110000,0.000000,22.500,95.422295,4.110000,0.00500000,12.000000,88.954422,0.00000000,0.00000000,0.00000968,1,0
66000.000,4.110000,0.000000,22.500,95.422295,4.110000,0.00500000,12.000000,88.954422,0.00000000,0.00000000,0.00000854,1,0
67000.000,4.110000,0.000000,22.500,95.422295,4.110000,0.00500000,12.000000,88.954422,0.00000000,0.00000000,0.00000753,1,0
68000.000,4.110000,0.000000,22.500,95.422295,4.110000,0.00500000,12.000000,88.954422,0.00000000,0.00000000,0.00000665,1,0
69000.000,4.110000,0.000000,22.500,95.422295,4.110000,0.00500000,12.000000,88.954422,0.00000000,0.00000000,0.00000586,1,0
70000.000,4.110000,0.000000,22.500,95.422295,4.110000,0.00500000,12.000000,88.954422,0.00000000,0.00000000,0.00000517,1,0
71000.000,4.110000,0.000000,22.500,95.422295,4.110000,0.00500000,12.000000,88.954422,0.00000000,0.00000000,0.00000457,1,0
72000.000,4.110000,0.000000,22.500,95.422295,4.110000,0.00500000,12.000000,88.954422,0.00000000,0.00000000,0.00000403,1,0
73000.000,4.110000,0.000000,22.500,95.422295,4.110000,0.00500000,12.000000,88.954422,0.00000000,0.00000000,0.00000355,1,0
74000.000,4.110000,0.000000,22.500,95.422295,4.110000,0.00500000,12.000000,88.954422,0.00000000,0.00000000,0.00000314,1,0
75000.000,4.110000,0.000000,22.500,95.422295,4.110000,0.00500000,12.000000,88.954422,0.00000000,0.00000000,0.00000277,1,0
76000.000,4.110000,0.000000,22.500,95.422295,4.110000,0.00500000,12.000000,88.954422,0.00000000,0.00000000,0.00000244,1,0
77000.000,4.110000,0.000000,22.500,95.422295,4.110000,0.00500000,12.000000,88.954422,0.00000000,0.00000000,0.00000215,1,0
78000.000,4.110000,0.000000,22.500,95.422295,4.110000,0.00500000,12.000000,88.954422,0.00000000,0.00000000,0.00000190,1,0
79000.000,4.110000,0.000000,22.500,95.422295,4.110000,0.00500000,12.000000,88.954422,0.00000000,0.00000000,0.00000168,1,0
80000.000,4.110000,0.000000,22.500,95.422295,4.110000,0.00500000,12.000000,88.954422,0.00000000,0.00000000,0.00000148,1,0
81000.000,4.110000,0.000000,22.500,95.422295,4.110000,0.00500000,12.000000,88.954422,0.00000000,0.00000000,0.00000131,1,0
82000.000,4.110000,0.000000,22.500,95.422295,4.110000,0.00500000,12.000000,88.954422,0.00000000,0.00000000,0.00000115,1,0
83000.000,4.110000,0.000000,22.500,95.422295,4.110000,0.00500000,12.000000,88.954422,0.00000000,0.00000000,0.00000102,1,0
84000.000,4.110000,0.000000,22.500,95.422295,4.110000,0.00500000,12.000000,88.954422,0.00000000,0.00000000,0.00000090,1,0
85000.000,4.110000,0.000000,22.500,95.422295,4.110000,0.00500000,12.000000,88.954422,0.00000000,0.00000000,0.00000079,1,0
86000.000,4.110000,0.000000,22.500,95.422295,4.110000,0.00500000,12.000000,88.954422,0.00000000,0.00000000,0.00000070,1,0
87000.000,4.110000,0.000000,22.500,95.422295,4.110000,0.00500000,12.000000,88.954422,0.00000000,0.00000000,0.00000062,1,0
88000.000,4.110000,0.000000,22.500,95.422295,4.110000,0.00500000,12.000000,88.954422,0.00000000,0.00000000,0.00000054,1,0
89000.000,4.110000,0.000000,22.500,95.422295,4.110000,0.00500000,12.000000,88.954422,0.00000000,0.00000000,0.00000048,1,0
90000.000,4.110000,0.000000,22.500,95.422295,4.110000,0.00500000,12.000000,88.954422,0.00000000,0.00000000,0.00000042,1,0
91000.000,4.110000,0.000000,22.750,95.422295,4.110000,0.00500000,12.000000,88.954422,0.00000000,0.00000000,0.00000037,1,0
92000.000,4.110000,0.000000,22.750,95.422295,4.110000,0.00500000,12.000000,88.954422,0.00000000,0.00000000,0.00000033,1,0
93000.000,4.110000,0.000000,22.750,95.422295,4.110000,0.00500000,12.000000,88.954422,0.00000000,0.00000000,0.00000029,1,0
94000.000,4.110000,0.000000,22.750,95.422295,4.110000,0.00500000,12.000000,88.954422,0.00000000,0.00000000,0.00000026,1,0
95000.000,4.110000,0.000000,22.750,95.422295,4.110000,0.00500000,12.000000,88.954422,0.00000000,0.00000000,0.00000023,1,0
96000.000,4.110000,0.000000,22.750,95.422295,4.110000,0.00500000,12.000000,88.954422,0.00000000,0.00000000,0.00000020,1,0
97000.000,4.110000,0.000000,22.750,95.422295,4.110000,0.00500000,12.000000,88.954422,0.00000000,0.00000000,0.00000018,1,0
98000.000,4.110000,0.000000,22.750,95.422295,4.110000,0.00500000,12.000000,88.954422,0.00000000,0.00000000,0.00000016,1,0
99000.000,4.110000,0.000000,22.750,95.422295,4.110000,0.00500000,12.000000,88.954422,0.00000000,0.00000000,0.00000014,1,0
100000.000,4.110000,0.000000,22.750,95.422295,4.110000,0.00500000,12.000000,88.954422,0.00000000,0.00000000,0.00000012,1,0
101000.000,4.110000,0.000000,22.750,95.422295,4.110000,0.00500000,12.000000,88.954422,0.00000000,0.00000000,0.00000011,1,0
102000.000,4.110000,0.000000,22.750,95.422295,4.110000,0.00500000,12.000000,88.954422,0.00000000,0.00000000,0.00000009,1,0
103000.000,4.110000,0.000000,22.750,95.422295,4.110000,0.00500000,12.000000,88.954422,0.00000000,0.00000000,0.00000008,1,0
104000.000,4.110000,0.000000,22.750,95.422295,4.110000,0.00500000,12.000000,88.954422,0.00000000,0.00000000,0.00000007,1,0
105000.000,4.110000,0.000000,22.750,95.422295,4.110000,0.00500000,12.000000,88.954422,0.00000000,0.00000000,0.00000006,1,0
106000.000,0.000000,0.000000,0.000,95.422295,4.110000,0.00500000,12.000000,88.954422,0.00000000,0.00000000,0.02995548,1,1
107000.000,4.110000,0.000000,22.750,95.422295,4.110000,0.00500000,12.000000,88.954422,0.00000000,0.00000000,0.00000005,1,0
108000.000,4.110000,0.000000,22.750,95.422295,4.110000,0.00500000,12.000000,88.954422,0.00000000,0.00000000,0.00000004,1,0
109000.000,4.110000,0.000000,22.750,95.422295,4.110000,0.00500000,12.000000,88.954422,0.00000000,0.00000000,0.00000004,1,0
110000.000,4.110000,0.000000,22.750,95.422295,4.110000,0.00500000,12.000000,88.954422,0.00000000,0.00000000,0.00000003,1,0
111000.000,4.110000,0.000000,22.750,95.422295,4.110000,0.00500000,12.000000,88.954422,0.00000000,0.00000000,0.00000003,1,0
112000.000,4.110000,0.000000,22.750,95.422295,4.110000,0.00500000,12.000000,88.954422,0.00000000,0.00000000,0.00000003,1,0
113000.000,4.110000,0.000000,22.750,95.422295,4.110000,0.00500000,12.000000,88.954422,0.00000000,0.00000000,0.00000002,1,0
114000.000,4.110000,0.000000,22.750,95.422295,4.110000,0.00500000,12.000000,88.954422,0.00000000,0.00000000,0.00000002,1,0
115000.000,4.110000,0.000000,22.750,95.422295,4.110000,0.00500000,12.000000,88.954422,0.00000000,0.00000000,0.00000002,1,0
116000.000,4.110000,0.000000,22.750,95.422295,4.110000,0.00500000,12.000000,88.954422,0.00000000,0.00000000,0.00000002,1,0
117000.000,4.110000,0.000000,22.750,95.422295,4.110000,0.00500000,12.000000,88.954422,0.00000000,0.00000000,0.00000001,1,0
118000.000,4.110000,0.000000,22.750,95.422295,4.110000,0.00500000,12.000000,88.954422,0.00000000,0.00000000,0.00000001,1,0
119000.000,4.110000,0.000000,22.750,95.422295,4.110000,0.00500000,12.000000,88.954422,0.00000000,0.00000000,0.00000001,1,0
120000.000,4.110000,0.000000,22.750,95.422295,4.110000,0.00500000,12.000000,88.954422,0.00000000,0.00000000,0.00000001,1,0
121000.000,4.110000,0.000000,22.750,95.422295,4.110000,0.00500000,12.000000,88.954422,0.00000000,0.00000000,0.00000001,1,0
122000.000,4.110000,0.000000,22.750,95.422295,4.110000,0.00500000,12.000000,88.954422,0.00000000,0.00000000,0.00000001,1,0
123000.000,4.110000,0.000000,22.750,95.422295,4.110000,0.00500000,12.000000,88.954422,0.00000000,0.00000000,0.00000001,1,0
124000.000,4.110000,0.000000,22.750,95.422295,4.110000,0.00500000,12.000000,88.954422,0.00000000,0.00000000,0.00000001,1,0
125000.000,4.110000,0.000000,22.750,95.422295,4.110000,0.00500000,12.000000,88.954422,0.00000000,0.00000000,0.00000001,1,0
126000.000,4.110000,0.000000,22.750,95.422295,4.110000,0.00500000,12.000000,88.954422,0.00000000,0.00000000,0.00000000,1,0
127000.000,4.110000,0.000000,22.750,95.422295,4.110000,0.00500000,12.000000,88.954422,0.00000000,0.00000000,0.00000000,1,0
128000.000,4.110000,0.000000,22.750,95.422295,4.110000,0.00500000,12.000000,88.954422,0.00000000,0.00000000,0.00000000,1,0
129000.000,4.110000,0.000000,22.750,95.422295,4.110000,0.00500000,12.000000,88.954422,0.00000000,0.00000000,0.00000000,1,0
130000.000,4.110000,0.000000,22.750,95.422295,4.110000,0.00500000,12.000000,88.954422,0.00000000,0.00000000,0.00000000,1,0
131000.000,4.110000,0.000000,22.750,95.422295,4.110000,0.00500000,12.000000,88.954422,0.00000000,0.00000000,0.00000000,1,0
132000.000,4.110000,0.000000,22.750,95.422295,4.110000,0.00500000,12.000000,88.954422,0.00000000,0.00000000,0.00000000,1,0
133000.000,4.110000,0.000000,22.750,95.422295,4.110000,0.00500000,12.000000,88.954422,0.00000000,0.00000000,0.00000000,1,0
134000.000,4.110000,0.000000,22.750,95.422295,4.110000,0.00500000,12.000000,88.954422,0.00000000,0.00000000,0.00000000,1,0
135000.000,4.110000,0.000000,22.750,95.422295,4.110000,0.00500000,12.000000,88.954422,0.00000000,0.00000000,0.00000000,1,0
136000.000,4.110000,0.000000,22.750,95.422295,4.110000,0.00500000,12.000000,88.954422,0.00000000,0.00000000,0.00000000,1,0
137000.000,4.110000,0.000000,22.750,95.422295,4.110000,0.00500000,12.000000,88.954422,0.00000000,0.00000000,0.00000000,1,0
138000.000,4.110000,0.000000,22.750,95.422295,4.110000,0.00500000,12.000000,88.954422,0.00000000,0.00000000,0.00000000,1,0
139000.000,4.110000,0.000000,22.750,95.422295,4.110000,0.00500000,12.000000,88.954422,0.00000000,0.00000000,0.00000000,1,0
140000.000,4.110000,0.000000,22.750,95.422295,4.110000,0.00500000,12.000000,88.954422,0.00000000,0.00000000,0.00000000,1,0
141000.000,4.110000,0.000000,22.750,95.422295,4.110000,0.00500000,12.000000,88.954422,0.00000000,0.00000000,0.00000000,1,0
142000.000,4.110000,0.000000,22.750,95.422295,4.110000,0.00500000,12.000000,88.954422,0.00000000,0.00000000,0.00000000,1,0
143000.000,4.110000,0.000000,22.750,95.422295,4.110000,0.00500000,12.000000,88.954422,0.00000000,0.00000000,0.00000000,1,0
144000.000,4.110000,0.000000,22.750,95.422295,4.110000,0.00500000,12.000000,88.954422,0.00000000,0.00000000,0.00000000,1,0
145000.000,4.110000,0.000000,22.750,95.422295,4.110000,0.00500000,12.000000,88.954422,0.00000000,0.00000000,0.00000000,1,0
146000.000,4.110000,0.000000,22.750,95.422295,4.110000,0.00500000,12.000000,88.954422,0.00000000,0.00000000,0.00000000,1,0
147000.000,4.110000,0.000000,22.750,95.422295,4.110000,0.00500000,12.000000,88.954422,0.00000000,0.00000000,0.00000000,1,0
148000.000,4.110000,0.000000,22.750,95.422295,4.110000,0.00500000,12.000000,88.954422,0.00000000,0.00000000,0.00000000,1,0
149000.000,4.110000,0.000000,22.750,95.422295,4.110000,0.00500000,12.000000,88.954422,0.00000000,0.00000000,0.00000000,1,0
150000.000,4.110000,0.000000,22.750,95.422295,4.110000,0.00500000,12.000000,88.954422,0.00000000,0.00000000,0.00000000,1,0
151000.000,4.110000,0.000000,22.750,95.422295,4.110000,0.00500000,12.000000,88.954422,0.00000000,0.00000000,0.00000000,1,0
152000.000,4.110000,0.000000,22.750,95.422295,4.110000,0.00500000,12.000000,88.954422,0.00000000,0.00000000,0.00000000,1,0
153000.000,4.110000,0.000000,22.750,95.422295,4.110000,0.00500000,12.000000,88.954422,0.00000000,0.00000000,0.00000000,1,0
154000.000,4.110000,0.000000,22.750,95.422295,4.110000,0.00500000,12.000000,88.954422,0.00000000,0.00000000,0.00000000,1,0
155000.000,4.110000,0.000000,22.750,95.422295,4.110000,0.00500000,12.000000,88.954422,0.00000000,0.00000000,0.00000000,1,0
156000.000,4.110000,0.000000,22.750,95.422295,4.110000,0.00500000,12.000000,88.954422,0.00000000,0.00000000,0.00000000,1,0
157000.000,4.110000,0.000000,22.750,95.422295,4.110000,0.00500000,12.000000,88.954422,0.00000000,0.00000000,0.00000000,1,0
158000.000,4.110000,0.000000,22.750,95.422295,4.110000,0.00500000,12.000000,88.954422,0.00000000,0.00000000,0.00000000,1,0
159000.000,4.110000,0.000000,22.750,95.422295,4.110000,0.00500000,12.000000,88.954422,0.00000000,0.00000000,0.00000000,1,0
160000.000,4.110000,0.000000,22.750,95.422295,4.110000,0.00500000,12.000000,88.954422,0.00000000,0.00000000,0.00000000,1,0
161000.000,4.110000,0.000000,22.750,95.422295,4.110000,0.00500000,12.000000,88.954422,0.00000000,0.00000000,0.00000000,1,0
162000.000,4.110000,0.000000,22.750,95.422295,4.110000,0.00500000,12.000000,88.954422,0.00000000,0.00000000,0.00000000,1,0
163000.000,4.110000,0.000000,22.750,95.422295,4.110000,0.00500000,12.000000,88.954422,0.00000000,0.00000000,0.00000000,1,0
164000.000,4.110000,0.000000,22.750,95.422295,4.110000,0.00500000,12.000000,88.954422,0.00000000,0.00000000,0.00000000,1,0
165000.000,4.110000,0.000000,22.750,95.422295,4.110000,0.00500000,12.000000,88.954422,0.00000000,0.00000000,0.00000000,1,0
166000.000,4.110000,0.000000,22.750,95.422295,4.110000,0.00500000,12.000000,88.954422,0.00000000,0.00000000,0.00000000,1,0
167000.000,4.110000,0.000000,22.750,95.422295,4.110000,0.00500000,12.000000,88.954422,0.00000000,0.00000000,0.00000000,1,0
168000.000,4.110000,0.000000,22.750,95.422295,4.110000,0.00500000,12.000000,88.954422,0.00000000,0.00000000,0.00000000,1,0
169000.000,4.110000,0.000000,22.750,95.422295,4.110000,0.00500000,12.000000,88.954422,0.00000000,0.00000000,0.00000000,1,0
170000.000,4.110000,0.000000,22.750,95.422295,4.110000,0.00500000,12.000000,88.954422,0.00000000,0.00000000,0.00000000,1,0
171000.000,4.110000,0.000000,22.750,95.422295,4.110000,0.00500000,12.000000,88.954422,0.00000000,0.00000000,0.00000000,1,0
172000.000,4.110000,0.000000,22.750,95.422295,4.110000,0.00500000,12.000000,88.954422,0.00000000,0.00000000,0.00000000,1,0
173000.000,4.110000,0.000000,22.750,95.422295,4.110000,0.00500000,12.000000,88.954422,0.00000000,0.00000000,0.00000000,1,0
174000.000,4.110000,0.000000,22.750,95.422295,4.110000,0.00500000,12.000000,88.954422,0.00000000,0.00000000,0.00000000,1,0
175000.000,4.110000,0.000000,22.750,95.422295,4.110000,0.00500000,12.000000,88.954422,0.00000000,0.00000000,0.00000000,1,0
176000.000,4.110000,0.000000,22.750,95.422295,4.110000,0.00500000,12.000000,88.954422,0.00000000,0.00000000,0.00000000,1,0
177000.000,4.110000,0.000000,22.750,95.422295,4.110000,0.00500000,12.000000,88.954422,0.00000000,0.00000000,0.00000000,1,0
178000.000,4.110000,0.000000,22.750,95.422295,4.110000,0.00500000,12.000000,88.954422,0.00000000,0.00000000,0.00000000,1,0
179000.000,4.110000,0.000000,22.750,95.422295,4.110000,0.00500000,12.000000,88.954422,0.00000000,0.00000000,0.00000000,1,0
180000.000,4.110000,0.000000,22.750,95.422295,4.110000,0.00500000,12.000000,88.954422,0.00000000,0.00000000,0.00000000,1,0
181000.000,4.110000,0.000000,22.750,95.422295,4.110000,0.00500000,12.000000,88.954422,0.00000000,0.00000000,0.00000000,1,0
182000.000,4.110000,0.000000,22.750,95.422295,4.110000,0.00500000,12.000000,88.954422,0.00000000,0.00000000,0.00000000,1,0
183000.000,4.110000,0.000000,22.750,95.422295,4.110000,0.00500000,12.000000,88.954422,0.00000000,0.00000000,0.00000000,1,0
184000.000,4.110000,0.000000,22.750,95.422295,4.110000,0.00500000,12.000000,88.954422,0.00000000,0.00000000,0.00000000,1,0
185000.000,4.110000,0.000000,22.750,95.422295,4.110000,0.00500000,12.000000,88.954422,0.00000000,0.00000000,0.00000000,1,0
186000.000,4.110000,0.000000,22.750,95.422295,4.110000,0.00500000,12.000000,88.954422,0.00000000,0.00000000,0.00000000,1,0
187000.000,4.110000,0.000000,22.750,95.422295,4.110000,0.00500000,12.000000,88.954422,0.00000000,0.00000000,0.00000000,1,0
188000.000,4.110000,0.000000,22.750,95.422295,4.110000,0.00500000,12.000000,88.954422,0.00000000,0.00000000,0.00000000,1,0
189000.000,4.110000,0.000000,22.750,95.422295,4.110000,0.00500000,12.000000,88.954422,0.00000000,0.00000000,0.00000000,1,0
190000.000,4.110000,0.000000,22.750,95.422295,4.110000,0.00500000,12.000000,88.954422,0.00000000,0.00000000,0.00000000,1,0
191000.000,4.110000,0.000000,22.750,95.422295,4.110000,0.00500000,12.000000,88.954422,0.00000000,0.00000000,0.00000000,1,0
192000.000,4.110000,0.000000,22.750,95.422295,4.110000,0.00500000,12.000000,88.954422,0.00000000,0.00000000,0.00000000,1,0
193000.000,4.110000,0.000000,22.750,95.422295,4.110000,0.00500000,12.000000,88.954422,0.00000000,0.00000000,0.00000000,1,0
194000.000,4.110000,0.000000,22.750,95.422295,4.110000,0.00500000,12.000000,88.954422,0.00000000,0.00000000,0.00000000,1,0
195000.000,4.110000,0.000000,22.750,95.422295,4.110000,0.00500000,12.000000,88.954422,0.00000000,0.00000000,0.00000000,1,0
196000.000,4.110000,0.000000,22.750,95.422295,4.110000,0.00500000,12.000000,88.954422,0.00000000,0.00000000,0.00000000,1,0
197000.000,4.110000,0.000000,22.750,95.422295,4.110000,0.00500000,12.000000,88.954422,0.00000000,0.00000000,0.00000000,1,0
198000.000,4.110000,0.000000,22.750,95.422295,4.110000,0.00500000,12.000000,88.954422,0.00000000,0.00000000,0.00000000,1,0
199000.000,4.110000,0.000000,22.750,95.422295,4.110000,0.00500000,12.000000,88.954422,0.00000000,0.00000000,0.00000000,1,0
200000.000,4.110000,0.000000,22.750,95.422295,4.110000,0.00500000,12.000000,88.954422,0.00000000,0.00000000,0.00000000,1,0
201000.000,4.110000,0.000000,22.750,95.422295,4.110000,0.00500000,12.000000,88.954422,0.00000000,0.00000000,0.00000000,1,0
202000.000,4.110000,0.000000,22.750,95.422295,4.110000,0.00500000,12.000000,88.954422,0.00000000,0.00000000,0.00000000,1,0
203000.000,4.110000,0.000000,22.750,95.422295,4.110000,0.00500000,12.000000,88.954422,0.00000000,0.00000000,0.00000000,1,0
204000.000,4.110000,0.000000,22.750,95.422295,4.110000,0.00500000,12.000000,88.954422,0.00000000,0.00000000,0.00000000,1,0
205000.000,4.110000,0.000000,22.750,95.422295,4.110000,0.00500000,12.000000,88.954422,0.00000000,0.00000000,0.00000000,1,0
206000.000,4.110000,0.200000,22.750,95.422211,4.109999,0.00498008,12.000000,88.600174,-0.00000000,-0.00000000,0.00000000,1,0
207000.000,4.110000,1.200000,22.750,95.421249,4.109991,0.00434462,12.000000,77.296059,0.00008643,0.00001185,0.00000000,1,0
208000.000,4.110000,0.800000,22.750,95.418190,4.109963,0.00406821,12.000000,72.382172,0.00059481,0.00008278,0.00000000,1,0
209000.000,4.110000,7.100000,22.750,95.413940,4.109925,0.00066889,12.000000,50.000000,0.00087043,0.00012876,0.00000000,1,0
210000.000,4.110000,7.100000,22.750,95.397163,4.109774,0.00008080,12.000000,50.000000,0.00383444,0.00054723,0.00000000,1,0
211000.000,4.060000,1.900000,22.750,95.375916,4.109583,0.00076574,12.000000,50.000000,0.00644593,0.00095808,0.00000000,1,0
212000.000,4.120000,-0.200000,22.750,95.372612,4.109553,0.00079671,12.000000,50.000000,0.00650574,0.00105386,0.00000000,1,0
213000.000,4.120000,-0.200000,22.750,95.374161,4.109567,0.00082610,12.000000,50.000000,0.00565406,0.00102382,0.00000000,1,0
214000.000,4.120000,0.000000,22.750,95.375687,4.109581,0.00082639,12.000000,50.000000,0.00490258,0.00099429,0.00000000,1,0
215000.000,4.100000,0.000000,22.750,95.374794,4.109573,0.00082623,12.000000,50.000000,0.00432566,0.00097710,0.00000000,1,0
216000.000,4.100000,0.000000,22.750,95.373894,4.109565,0.00082606,12.000000,50.000000,0.00381664,0.00096020,0.00000000,1,0
217000.000,4.110000,0.000000,22.750,95.373970,4.109566,0.00082612,12.000000,50.000000,0.00336751,0.00094360,0.00000000,1,0
218000.000,4.110000,0.000000,22.750,95.374039,4.109566,0.00082617,12.000000,50.000000,0.00297124,0.00092728,0.00000000,1,0
219000.000,4.110000,0.000000,22.750,95.374115,4.109567,0.00082621,12.000000,50.000000,0.00262159,0.00091125,0.00000000,1,0
220000.000,4.110000,0.000000,22.750,95.374176,4.109568,0.00082625,12.000000,50.000000,0.00231310,0.00089549,0.00000000,1,0
221000.000,4.110000,0.000000,22.750,95.374245,4.109568,0.00082629,12.000000,50.000000,0.00204090,0.00088000,0.00000000,1,0
222000.000,4.110000,0.000000,22.750,95.374313,4.109569,0.00082633,12.000000,50.000000,0.00180074,0.00086479,0.00000000,1,0
223000.000,4.110000,2.400000,22.750,95.374207,4.109568,0.00073117,12.000000,50.000000,0.00158883,0.00084983,0.00000000,1,0
224000.000,4.080000,6.000000,22.750,95.365463,4.109489,0.00155355,12.000000,50.000000,0.00243544,0.00097704,0.00000000,1,0
225000.000,4.080000,0.000000,22.750,95.348778,4.109339,0.00155291,12.000000,50.000000,0.00473118,0.00131472,0.00000000,1,0
226000.000,4.080000,-0.200000,22.750,95.346016,4.109314,0.00152172,12.000000,50.000000,0.00417448,0.00129200,0.00000000,1,0
227000.000,4.100000,0.000000,22.750,95.345619,4.109311,0.00152155,12.000000,50.000000,0.00359733,0.00125786,0.00000000,1,0
228000.000,4.100000,-1.000000,22.750,95.344872,4.109304,0.00148109,12.000000,50.000000,0.00317406,0.00123612,0.00000000,1,0
229000.000,4.100000,0.500000,22.750,95.346245,4.109316,0.00149675,12.000000,50.000000,0.00237084,0.00115572,0.00000000,1,0
230000.000,4.110000,-0.100000,22.750,95.345200,4.109307,0.00149932,12.000000,50.000000,0.00230677,0.00116526,0.00000000,1,0
231000.000,4.110000,0.000000,22.750,95.345520,4.109310,0.00149937,12.000000,50.000000,0.00199237,0.00113922,0.00000000,1,0
232000.000,4.110000,0.000000,22.750,95.345604,4.109311,0.00149941,12.000000,50.000000,0.00175794,0.00111952,0.00000000,1,0
233000.000,4.100000,0.000000,23.000,95.344727,4.109303,0.00149923,12.000000,50.000000,0.00155109,0.00110017,0.00000000,1,0
234000.000,4.100000,0.000000,23.000,95.343849,4.109295,0.00149904,12.000000,50.000000,0.00136858,0.00108116,0.00000000,1,0
235000.000,4.100000,0.000000,22.750,95.342979,4.109287,0.00149885,12.000000,50.000000,0.00120755,0.00106247,0.00000000,1,0
236000.000,4.100000,0.000000,22.750,95.342102,4.109279,0.00149866,12.000000,50.000000,0.00106546,0.00104411,0.00000000,1,0
237000.000,4.100000,0.000000,22.750,95.341232,4.109271,0.00149846,12.000000,50.000000,0.00094010,0.00102606,0.00000000,1,0
238000.000,4.100000,0.000000,22.750,95.340355,4.109263,0.00149827,12.000000,50.000000,0.00082948,0.00100832,0.00000000,1,0
239000.000,4.100000,0.000000,22.750,95.339485,4.109255,0.00149807,12.000000,50.000000,0.00073188,0.00099090,0.00000000,1,0
240000.000,4.110000,0.000000,22.750,95.339569,4.109256,0.00149811,12.000000,50.000000,0.00064577,0.00097377,0.00000000,1,0
241000.000,4.110000,0.000000,22.750,95.339653,4.109257,0.00149814,12.000000,50.000000,0.00056979,0.00095694,0.00000000,1,0
242000.000,4.110000,0.000000,22.750,95.339737,4.109258,0.00149817,12.000000,50.000000,0.00050274,0.00094040,0.00000000,1,0
243000.000,4.110000,0.000000,22.750,95.339813,4.109258,0.00149820,12.000000,50.000000,0.00044359,0.00092415,0.00000000,1,0
244000.000,4.110000,0.000000,22.750,95.339897,4.109259,0.00149823,12.000000,50.000000,0.00039140,0.00090818,0.00000000,1,0
245000.000,4.110000,0.000000,22.750,95.339973,4.109260,0.00149826,12.000000,50.000000,0.00034534,0.00089248,0.00000000,1,0
246000.000,4.110000,0.000000,22.750,95.340050,4.109261,0.00149829,12.000000,50.000000,0.00030471,0.00087706,0.00000000,1,0
247000.000,4.110000,0.000000,22.750,95.340126,4.109261,0.00149832,12.000000,50.000000,0.00026886,0.00086190,0.00000000,1,0
248000.000,4.110000,0.000000,22.750,95.340202,4.109262,0.00149835,12.000000,50.000000,0.00023722,0.00084700,0.00000000,1,0
249000.000,4.110000,0.000000,22.750,95.340279,4.109262,0.00149838,12.000000,50.000000,0.00020931,0.00083236,0.00000000,1,0
250000.000,4.110000,0.000000,22.750,95.340363,4.109263,0.00149840,12.000000,50.000000,0.00018468,0.00081798,0.00000000,1,0
251000.000,4.110000,0.000000,22.750,95.340439,4.109264,0.00149843,12.000000,50.000000,0.00016295,0.00080384,0.00000000,1,0
252000.000,4.110000,0.000000,22.750,95.340515,4.109265,0.00149845,12.000000,50.000000,0.00014378,0.00078995,0.00000000,1,0
253000.000,4.110000,0.000000,22.750,95.340591,4.109265,0.00149848,12.000000,50.000000,0.00012686,0.00077629,0.00000000,1,0
254000.000,4.110000,0.000000,22.750,95.340668,4.109266,0.00149851,12.000000,50.000000,0.00011193,0.00076288,0.00000000,1,0
255000.000,4.110000,0.000000,22.750,95.340744,4.109267,0.00149853,12.000000,50.000000,0.00009876,0.00074969,0.00000000,1,0
256000.000,4.110000,0.000000,22.750,95.340820,4.109267,0.00149856,12.000000,50.000000,0.00008714,0.00073674,0.00000000,1,0
257000.000,4.110000,0.000000,22.750,95.340904,4.109268,0.00149858,12.000000,50.000000,0.00007689,0.00072400,0.00000000,1,0
258000.000,4.110000,0.000000,22.750,95.340981,4.109269,0.00149860,12.000000,50.000000,0.00006784,0.00071149,0.00000000,1,0
259000.000,4.110000,0.000000,22.750,95.341057,4.109270,0.00149863,12.000000,50.000000,0.00005986,0.00069919,0.00000000,1,0
260000.000,4.110000,0.000000,22.750,95.341133,4.109270,0.00149865,12.000000,50.000000,0.00005282,0.00068711,0.00000000,1,0
261000.000,4.110000,0.000000,22.750,95.341209,4.109271,0.00149868,12.000000,50.000000,0.00004660,0.00067523,0.00000000,1,0
262000.000,4.110000,0.000000,22.750,95.341286,4.109272,0.00149870,12.000000,50.000000,0.00004112,0.00066356,0.00000000,1,0
263000.000,4.110000,0.000000,22.750,95.341370,4.109272,0.00149872,12.000000,50.000000,0.00003628,0.00065209,0.00000000,1,0
264000.000,4.110000,0.000000,22.750,95.341446,4.109273,0.00149875,12.000000,50.000000,0.00003201,0.00064082,0.00000000,1,0
265000.000,4.110000,0.000000,22.750,95.341522,4.109274,0.00149877,12.000000,50.000000,0.00002825,0.00062975,0.00000000,1,0
266000.000,4.110000,0.000000,22.750,95.341599,4.109274,0.00149879,12.000000,50.000000,0.00002492,0.00061886,0.00000000,1,0
267000.000,4.110000,0.000000,22.750,95.341675,4.109275,0.00149881,12.000000,50.000000,0.00002199,0.00060817,0.00000000,1,0
268000.000,4.110000,0.000000,22.750,95.341751,4.109276,0.00149884,12.000000,50.000000,0.00001940,0.00059766,0.00000000,1,0
269000.000,4.110000,0.000000,22.750,95.341820,4.109276,0.00149886,12.000000,50.000000,0.00001712,0.00058733,0.00000000,1,0
270000.000,4.110000,0.000000,22.750,95.341888,4.109277,0.00149888,12.000000,50.000000,0.00001510,0.00057717,0.00000000,1,0
271000.000,4.110000,0.000000,22.750,95.341965,4.109278,0.00149890,12.000000,50.000000,0.00001333,0.00056720,0.00000000,1,0
272000.000,4.110000,0.000000,22.750,95.342033,4.109278,0.00149892,12.000000,50.000000,0.00001176,0.00055740,0.00000000,1,0
273000.000,4.110000,0.000000,22.750,95.342102,4.109279,0.00149895,12.000000,50.000000,0.00001038,0.00054776,0.00000000,1,0
274000.000,4.110000,0.000000,22.750,95.342163,4.109280,0.00149897,12.000000,50.000000,0.00000915,0.00053829,0.00000000,1,0
275000.000,4.110000,0.000000,22.750,95.342232,4.109280,0.00149899,12.000000,50.000000,0.00000808,0.00052899,0.00000000,1,0
276000.000,4.110000,0.000000,22.750,95.342293,4.109281,0.00149901,12.000000,50.000000,0.00000713,0.00051985,0.00000000,1,0
277000.000,4.110000,0.000000,22.750,95.342361,4.109281,0.00149903,12.000000,50.000000,0.00000629,0.00051086,0.00000000,1,0
278000.000,4.110000,0.000000,22.750,95.342430,4.109282,0.00149905,12.000000,50.000000,0.00000555,0.00050203,0.00000000,1,0
279000.000,4.110000,0.000000,22.750,95.342491,4.109282,0.00149907,12.000000,50.000000,0.00000490,0.00049336,0.00000000,1,0
280000.000,4.110000,0.000000,22.750,95.342560,4.109283,0.00149909,12.000000,50.000000,0.00000432,0.00048483,0.00000000,1,0
281000.000,4.110000,0.000000,22.750,95.342621,4.109283,0.00149911,12.000000,50.000000,0.00000381,0.00047645,0.00000000,1,0
282000.000,4.110000,0.000000,22.750,95.342690,4.109284,0.00149914,12.000000,50.000000,0.00000336,0.00046821,0.00000000,1,0
283000.000,4.110000,0.000000,22.750,95.342758,4.109285,0.00149916,12.000000,50.000000,0.00000297,0.00046012,0.00000000,1,0
284000.000,4.110000,0.000000,22.750,95.342819,4.109285,0.00149918,12.000000,50.000000,0.00000262,0.00045217,0.00000000,1,0
285000.000,4.110000,0.000000,22.750,95.342888,4.109286,0.00149920,12.000000,50.000000,0.00000231,0.00044435,0.00000000,1,0
286000.000,4.100000,31.299999,22.750,95.338402,4.109246,0.00045299,12.000000,50.000000,0.00000204,0.00043667,0.00000000,1,0
287000.000,4.100000,-0.500000,22.750,95.265289,4.108588,0.00045601,12.000000,50.000000,0.01344663,0.00227612,0.00000000,1,0
288000.000,4.100000,0.000000,22.750,95.265755,4.108593,0.00045600,12.000000,50.000000,0.01165115,0.00220743,0.00000000,1,0
289000.000,4.110000,-0.100000,22.750,95.265976,4.108594,0.00045726,12.000000,50.000000,0.01028054,0.00216932,0.00000000,1,0
290000.000,4.100000,0.200000,23.000,95.265488,4.108590,0.00045677,12.000000,50.000000,0.00902843,0.00212599,0.00000000,1,0
291000.000,4.100000,0.000000,23.000,95.264313,4.108579,0.00045674,12.000000,50.000000,0.00805181,0.00210104,0.00000000,1,0
292000.000,4.100000,0.000000,22.750,95.263588,4.108573,0.00045671,12.000000,50.000000,0.00710461,0.00206476,0.00000000,1,0
293000.000,4.100000,0.000000,22.750,95.262871,4.108566,0.00045667,12.000000,50.000000,0.00626885,0.00202911,0.00000000,1,0
294000.000,4.100000,3.200000,22.750,95.262024,4.108559,0.00045547,12.000000,50.000000,0.00553140,0.00199408,0.00000000,1,0
295000.000,4.100000,7.600000,22.750,95.253632,4.108483,0.00043426,12.000000,50.000000,0.00624774,0.00214770,0.00000000,1,0
296000.000,4.060000,-0.200000,22.750,95.231720,4.108286,0.00042778,12.000000,50.000000,0.00875753,0.00255702,0.00000000,1,0
297000.000,4.060000,7.300000,22.750,95.227638,4.108250,0.00063026,12.000000,50.000000,0.00764214,0.00250116,0.00000000,1,0
298000.000,4.060000,7.100000,22.750,95.206131,4.108056,0.00079717,12.000000,50.000000,0.00985409,0.00288617,0.00000000,1,0
299000.000,4.060000,0.200000,22.750,95.185440,4.107870,0.00080182,12.000000,50.000000,0.01171602,0.00325234,0.00000000,1,0
300000.000,4.060000,0.000000,22.750,95.180725,4.107828,0.00080147,12.000000,50.000000,0.01042298,0.00320795,0.00000000,1,0
301000.000,4.110000,0.000000,23.000,95.181015,4.107830,0.00080153,12.000000,50.000000,0.00919706,0.00315263,0.00000000,1,0
302000.000,4.100000,0.000000,23.000,95.180382,4.107824,0.00080151,12.000000,50.000000,0.00811533,0.00309826,0.00000000,1,0
303000.000,4.100000,0.000000,23.000,95.179741,4.107819,0.00080148,12.000000,50.000000,0.00716083,0.00304483,0.00000000,1,0
304000.000,4.100000,0.000000,23.000,95.179100,4.107813,0.00080145,12.000000,50.000000,0.00631860,0.00299232,0.00000000,1,0
305000.000,4.100000,0.000000,23.000,95.178452,4.107807,0.00080142,12.000000,50.000000,0.00557543,0.00294071,0.00000000,1,0
306000.000,4.100000,0.000000,23.000,95.177803,4.107801,0.00080138,12.000000,50.000000,0.00491967,0.00289000,0.00000000,1,0
307000.000,4.100000,0.000000,23.000,95.177147,4.107795,0.00080134,12.000000,50.000000,0.00434104,0.00284016,0.00000000,1,0
308000.000,4.100000,0.000000,23.000,95.176491,4.107790,0.00080130,12.000000,50.000000,0.00383046,0.00279119,0.00000000,1,0
309000.000,4.100000,0.000000,22.750,95.175827,4.107784,0.00080126,12.000000,50.000000,0.00337994,0.00274305,0.00000000,1,0
310000.000,4.100000,0.000000,22.750,95.175163,4.107778,0.00080121,12.000000,50.000000,0.00298240,0.00269575,0.00000000,1,0
311000.000,4.100000,0.000000,22.750,95.174500,4.107772,0.00080117,12.000000,50.000000,0.00263162,0.00264926,0.00000000,1,0
312000.000,4.100000,0.000000,22.750,95.173836,4.107766,0.00080112,12.000000,50.000000,0.00232210,0.00260358,0.00000000,1,0
313000.000,4.100000,0.000000,22.750,95.173172,4.107759,0.00080107,12.000000,50.000000,0.00204899,0.00255868,0.00000000,1,0
314000.000,4.100000,0.000000,22.750,95.172501,4.107754,0.00080102,12.000000,50.000000,0.00180800,0.00251456,0.00000000,1,0
315000.000,4.100000,0.000000,22.750,95.171829,4.107748,0.00080097,12.000000,50.000000,0.00159535,0.00247120,0.00000000,1,0
316000.000,4.100000,0.000000,22.750,95.171165,4.107742,0.00080092,12.000000,50.000000,0.00140771,0.00242859,0.00000000,1,0
317000.000,4.100000,0.000000,22.750,95.170494,4.107736,0.00080087,12.000000,50.000000,0.00124214,0.00238671,0.00000000,1,0
318000.000,4.100000,0.000000,22.750,95.169823,4.107729,0.00080082,12.000000,50.000000,0.00109605,0.00234556,0.00000000,1,0
319000.000,0.000000,0.000000,0.000,95.169823,4.107729,0.00080082,12.000000,50.000000,0.00096714,0.00230511,0.02728249,1,1
320000.000,0.000000,0.000000,0.000,95.169823,4.107729,0.00080082,12.000000,50.000000,0.00085339,0.00226536,0.02728249,1,1
321000.000,4.110000,0.000000,23.000,95.170052,4.107732,0.00080085,12.000000,50.000000,0.00075302,0.00222630,0.00000000,1,0
322000.000,4.110000,0.000000,23.000,95.170273,4.107734,0.00080088,12.000000,50.000000,0.00066445,0.00218791,0.00000000,1,0
323000.000,0.000000,0.000000,0.000,95.170273,4.107734,0.00080088,12.000000,50.000000,0.00058630,0.00215019,0.02726057,1,1
324000.000,4.110000,0.000000,23.250,95.170486,4.107736,0.00080091,12.000000,50.000000,0.00051734,0.00211311,0.00000000,1,0
325000.000,0.000000,0.000000,0.000,95.170486,4.107736,0.00080091,12.000000,50.000000,0.00045650,0.00207667,0.02724963,1,1
326000.000,4.110000,0.000000,23.500,95.170700,4.107738,0.00080094,12.000000,50.000000,0.00040281,0.00204087,0.00000000,1,0
327000.000,4.110000,0.000000,23.500,95.170914,4.107739,0.00080096,12.000000,50.000000,0.00035543,0.00200567,0.00000000,1,0
328000.000,4.110000,0.000000,23.500,95.171127,4.107741,0.00080099,12.000000,50.000000,0.00031363,0.00197109,0.00000000,1,0
329000.000,4.110000,0.000000,23.500,95.171341,4.107743,0.00080102,12.000000,50.000000,0.00027674,0.00193710,0.00000000,1,0
330000.000,4.110000,0.000000,23.500,95.171562,4.107745,0.00080105,12.000000,50.000000,0.00024419,0.00190370,0.00000000,1,0
331000.000,0.000000,0.000000,0.000,95.171562,4.107745,0.00080105,12.000000,50.000000,0.00021547,0.00187087,0.02719513,1,1
332000.000,4.110000,0.000000,24.000,95.171776,4.107747,0.00080107,12.000000,50.000000,0.00019013,0.00183861,0.00000000,1,0
333000.000,4.110000,0.000000,24.000,95.171989,4.107749,0.00080110,12.000000,50.000000,0.00016777,0.00180691,0.00000000,1,0
334000.000,4.110000,0.000000,24.000,95.172203,4.107751,0.00080112,12.000000,50.000000,0.00014803,0.00177575,0.00000000,1,0
335000.000,4.110000,0.000000,24.000,95.172417,4.107753,0.00080115,12.000000,50.000000,0.00013062,0.00174513,0.00000000,1,0
336000.000,4.110000,0.000000,24.000,95.172630,4.107755,0.00080117,12.000000,50.000000,0.00011526,0.00171504,0.00000000,1,0
337000.000,4.110000,0.000000,24.000,95.172844,4.107757,0.00080120,12.000000,50.000000,0.00010170,0.00168547,0.00000000,1,0
338000.000,4.110000,0.000000,24.000,95.173050,4.107759,0.00080122,12.000000,50.000000,0.00008974,0.00165640,0.00000000,1,0
339000.000,4.110000,0.000000,24.000,95.173256,4.107760,0.00080125,12.000000,50.000000,0.00007919,0.00162784,0.00000000,1,0
340000.000,4.110000,0.000000,24.000,95.173470,4.107762,0.00080127,12.000000,50.000000,0.00006987,0.00159977,0.00000000,1,0
341000.000,4.110000,0.000000,24.000,95.173676,4.107764,0.00080130,12.000000,50.000000,0.00006165,0.00157218,0.00000000,1,0
342000.000,4.110000,0.000000,24.000,95.173882,4.107766,0.00080132,12.000000,50.000000,0.00005440,0.00154507,0.00000000,1,0
343000.000,4.110000,0.000000,24.000,95.174095,4.107768,0.00080135,12.000000,50.000000,0.00004800,0.00151843,0.00000000,1,0
344000.000,4.110000,0.000000,24.000,95.174294,4.107770,0.00080137,12.000000,50.000000,0.00004236,0.00149224,0.00000000,1,0
345000.000,4.110000,0.000000,24.000,95.174500,4.107772,0.00080139,12.000000,50.000000,0.00003738,0.00146651,0.00000000,1,0
346000.000,4.110000,0.000000,24.000,95.174698,4.107773,0.00080142,12.000000,50.000000,0.00003298,0.00144122,0.00000000,1,0
347000.000,4.110000,0.000000,24.000,95.174904,4.107775,0.00080144,12.000000,50.000000,0.00002910,0.00141637,0.00000000,1,0
348000.000,4.110000,0.000000,24.000,95.175102,4.107777,0.00080146,12.000000,50.000000,0.00002568,0.00139195,0.00000000,1,0
349000.000,4.110000,0.000000,24.000,95.175308,4.107779,0.00080149,12.000000,50.000000,0.00002266,0.00136794,0.00000000,1,0
350000.000,4.110000,0.000000,24.000,95.175514,4.107781,0.00080151,12.000000,50.000000,0.00001999,0.00134435,0.00000000,1,0
351000.000,4.110000,0.000000,24.000,95.175713,4.107782,0.00080153,12.000000,50.000000,0.00001764,0.00132117,0.00000000,1,0
352000.000,4.110000,0.000000,24.000,95.175919,4.107784,0.00080156,12.000000,50.000000,0.00001557,0.00129839,0.00000000,1,0
353000.000,4.110000,0.000000,24.000,95.176117,4.107786,0.00080158,12.000000,50.000000,0.00001374,0.00127600,0.00000000,1,0
354000.000,4.110000,0.000000,24.000,95.176323,4.107788,0.00080160,12.000000,50.000000,0.00001212,0.00125399,0.00000000,1,0
355000.000,4.110000,0.000000,24.000,95.176521,4.107790,0.00080162,12.000000,50.000000,0.00001069,0.00123237,0.00000000,1,0
356000.000,4.110000,0.000000,24.000,95.176727,4.107792,0.00080165,12.000000,50.000000,0.00000944,0.00121112,0.00000000,1,0
357000.000,4.110000,0.000000,24.000,95.176926,4.107793,0.00080167,12.000000,50.000000,0.00000833,0.00119023,0.00000000,1,0
358000.000,4.110000,0.000000,24.000,95.177132,4.107795,0.00080169,12.000000,50.000000,0.00000735,0.00116971,0.00000000,1,0
359000.000,4.110000,0.000000,24.000,95.177338,4.107797,0.00080171,12.000000,50.000000,0.00000648,0.00114954,0.00000000,1,0
360000.000,4.110000,0.000000,24.000,95.177536,4.107799,0.00080173,12.000000,50.000000,0.00000572,0.00112971,0.00000000,1,0
361000.000,4.110000,0.000000,24.000,95.177742,4.107801,0.00080176,12.000000,50.000000,0.00000505,0.00111023,0.00000000,1,0
362000.000,4.110000,0.000000,24.000,95.177940,4.107802,0.00080178,12.000000,50.000000,0.00000445,0.00109109,0.00000000,1,0
363000.000,4.110000,0.000000,24.000,95.178146,4.107804,0.00080180,12.000000,50.000000,0.00000393,0.00107227,0.00000000,1,0
364000.000,4.110000,0.000000,24.000,95.178345,4.107806,0.00080182,12.000000,50.000000,0.00000347,0.00105378,0.00000000,1,0
365000.000,4.110000,0.000000,24.000,95.178543,4.107808,0.00080184,12.000000,50.000000,0.00000306,0.00103561,0.00000000,1,0
366000.000,4.110000,0.000000,24.000,95.178734,4.107810,0.00080186,12.000000,50.000000,0.00000270,0.00101775,0.00000000,1,0
367000.000,4.110000,0.000000,24.000,95.178925,4.107811,0.00080189,12.000000,50.000000,0.00000238,0.00100020,0.00000000,1,0
368000.000,4.110000,0.000000,24.000,95.179115,4.107813,0.00080191,12.000000,50.000000,0.00000210,0.00098295,0.00000000,1,0
369000.000,4.110000,0.000000,24.000,95.179306,4.107815,0.00080193,12.000000,50.000000,0.00000186,0.00096600,0.00000000,1,0
370000.000,4.110000,0.000000,24.000,95.179497,4.107817,0.00080195,12.000000,50.000000,0.00000164,0.00094934,0.00000000,1,0
371000.000,4.110000,0.000000,24.000,95.179688,4.107818,0.00080197,12.000000,50.000000,0.00000144,0.00093297,0.00000000,1,0
372000.000,4.110000,0.000000,24.000,95.179878,4.107820,0.00080199,12.000000,50.000000,0.00000127,0.00091688,0.00000000,1,0
373000.000,4.110000,0.000000,24.000,95.180069,4.107822,0.00080201,12.000000,50.000000,0.00000112,0.00090106,0.00000000,1,0
374000.000,4.110000,0.200000,24.000,95.180252,4.107823,0.00080154,12.000000,50.000000,0.00000099,0.00088553,0.00000000,1,0
375000.000,4.100000,0.700000,24.000,95.179077,4.107813,0.00080484,12.000000,50.000000,0.00008582,0.00088195,0.00000000,1,0
376000.000,4.100000,0.800000,24.000,95.176750,4.107792,0.00080836,12.000000,50.000000,0.00037299,0.00090769,0.00000000,1,0
377000.000,4.100000,0.500000,24.000,95.174210,4.107769,0.00081050,12.000000,50.000000,0.00066880,0.00093884,0.00000000,1,0
378000.000,4.100000,0.200000,24.000,95.172394,4.107753,0.00081133,12.000000,50.000000,0.00080241,0.00095189,0.00000000,1,0
379000.000,4.100000,0.600000,24.000,95.171242,4.107742,0.00081379,12.000000,50.000000,0.00079292,0.00094717,0.00000000,1,0
380000.000,4.100000,0.200000,24.000,95.169189,4.107724,0.00081460,12.000000,50.000000,0.00095433,0.00096592,0.00000000,1,0
381000.000,4.100000,0.000000,24.000,95.168083,4.107714,0.00081454,12.000000,50.000000,0.00092696,0.00096096,0.00000000,1,0
382000.000,4.100000,0.600000,24.000,95.167397,4.107708,0.00081698,12.000000,50.000000,0.00081793,0.00094439,0.00000000,1,0
383000.000,4.100000,0.000000,24.000,95.165367,4.107689,0.00081692,12.000000,50.000000,0.00097632,0.00096318,0.00000000,1,0
384000.000,4.100000,0.000000,24.000,95.164719,4.107684,0.00081687,12.000000,50.000000,0.00086149,0.00094658,0.00000000,1,0
385000.000,4.100000,7.300000,24.000,95.163643,4.107674,0.00081697,12.000000,50.000000,0.00076017,0.00093026,0.00000000,1,0
386000.000,4.040000,6.500000,24.250,95.140739,4.107468,0.00107990,12.000000,50.000000,0.00376746,0.00134091,0.00000000,1,0
387000.000,4.040000,7.500000,24.000,95.119530,4.107277,0.00134281,12.000000,50.000000,0.00607721,0.00169725,0.00000000,1,0
388000.000,4.030000,7.300000,24.250,95.095108,4.107058,0.00161472,12.000000,50.000000,0.00853406,0.00210534,0.00000000,1,0
389000.000,4.030000,6.500000,24.250,95.071144,4.106842,0.00183612,12.000000,50.000000,0.01061208,0.00249419,0.00000000,1,0
390000.000,4.030000,8.700000,24.250,95.048691,4.106640,0.00207904,12.000000,50.000000,0.01210336,0.00282927,0.00000000,1,0
391000.000,4.030000,6.900000,24.250,95.021294,4.106394,0.00226072,12.000000,50.000000,0.01434060,0.00328593,0.00000000,1,0
392000.000,4.010000,4.900000,24.250,94.996696,4.106173,0.00244924,12.000000,50.000000,0.01555178,0.00362961,0.00000000,1,0
393000.000,4.020000,10.000000,24.250,94.976646,4.105992,0.00268060,12.000000,50.000000,0.01577707,0.00385100,0.00000000,1,0
394000.000,4.040000,6.000000,24.250,94.947037,4.105726,0.00276866,12.000000,50.000000,0.01810795,0.00436341,0.00000000,1,0
395000.000,4.040000,6.800000,24.250,94.926537,4.105542,0.00285321,12.000000,51.199501,0.01848498,0.00463502,0.00000000,1,0
396000.000,4.040000,8.900000,24.250,94.903755,4.105337,0.00292456,12.000000,52.500797,0.01914776,0.00494777,0.00000000,1,0
397000.000,4.040000,9.300000,24.250,94.876030,4.105087,0.00297818,12.000000,53.489174,0.02060265,0.00537573,0.00000000,1,0
398000.000,4.040000,5.300000,24.250,94.848183,4.104837,0.00303166,12.000000,54.476143,0.02204545,0.00581863,0.00000000,1,0
399000.000,4.030000,5.800000,24.250,94.828705,4.104662,0.00311173,12.000000,55.933880,0.02165147,0.00602328,0.00000000,1,0
400000.000,4.030000,7.700000,24.250,94.807640,4.104473,0.00319180,12.000000,57.394337,0.02150792,0.00625284,0.00000000,1,0
401000.000,4.010000,7.000000,24.250,94.780708,4.104230,0.00332690,12.000000,59.851749,0.02216366,0.00658706,0.00000000,1,0
402000.000,4.010000,9.300000,24.250,94.754829,4.103998,0.00346212,12.000000,62.312531,0.02244713,0.00687486,0.00000000,1,0
403000.000,4.030000,6.500000,24.250,94.725868,4.103737,0.00351770,12.000000,63.344913,0.02363994,0.00728873,0.00000000,1,0
404000.000,4.030000,7.700000,24.250,94.703094,4.103532,0.00356631,12.000000,64.245842,0.02353274,0.00753486,0.00000000,1,0
405000.000,4.020000,9.500000,24.250,94.676308,4.103292,0.00363278,12.000000,65.474007,0.02392663,0.00784479,0.00000000,1,0
406000.000,4.010000,7.900000,24.250,94.644943,4.103009,0.00372779,12.000000,67.223358,0.02500600,0.00825132,0.00000000,1,0
407000.000,4.030000,5.600000,24.250,94.619453,4.102780,0.00376618,12.000000,67.945885,0.02529517,0.00855908,0.00000000,1,0
408000.000,4.030000,8.700000,24.250,94.598495,4.102592,0.00378684,12.000000,68.343758,0.02460518,0.00873042,0.00000000,1,0
409000.000,4.030000,5.500000,24.250,94.571205,4.102346,0.00382127,12.000000,68.998062,0.02525692,0.00907432,0.00000000,1,0
410000.000,4.030000,7.300000,24.250,94.550858,4.102163,0.00384860,12.000000,69.516464,0.02452262,0.00923044,0.00000000,1,0
411000.000,4.040000,7.300000,24.250,94.527161,4.101950,0.00384756,12.000000,69.526466,0.02460294,0.00948542,0.00000000,1,0
412000.000,4.040000,6.800000,24.250,94.503624,4.101738,0.00384989,12.000000,69.597382,0.02466869,0.00973556,0.00000000,1,0
413000.000,4.040000,7.200000,24.250,94.481155,4.101536,0.00384782,12.000000,69.587364,0.02451907,0.00995274,0.00000000,1,0
414000.000,4.040000,6.400000,24.250,94.458000,4.101328,0.00385163,12.000000,69.684547,0.02454433,0.01018834,0.00000000,1,0
415000.000,4.020000,9.500000,24.250,94.434311,4.101115,0.00388206,12.000000,70.264290,0.02423860,0.01037442,0.00000000,1,0
416000.000,4.020000,5.800000,24.250,94.404427,4.100846,0.00392367,12.000000,71.054749,0.02521426,0.01073123,0.00000000,1,0
417000.000,4.030000,6.700000,24.250,94.383675,4.100660,0.00394228,12.000000,71.417984,0.02457795,0.01087343,0.00000000,1,0
418000.000,4.030000,7.900000,24.250,94.360527,4.100451,0.00395136,12.000000,71.611504,0.02437460,0.01106336,0.00000000,1,0
419000.000,4.020000,9.700000,24.250,94.333359,4.100207,0.00396823,12.000000,71.951660,0.02467200,0.01131686,0.00000000,1,0
420000.000,4.020000,9.500000,24.250,94.302101,4.099926,0.00398151,12.000000,72.232307,0.02564883,0.01166613,0.00000000,1,0
421000.000,4.020000,-0.200000,24.250,94.273933,4.099673,0.00397820,12.000000,72.208008,0.02642182,0.01199745,0.00000000,1,0
422000.000,4.020000,8.300000,24.250,94.265930,4.099601,0.00400557,12.000000,72.715019,0.02322722,0.01178149,0.00000000,1,0
423000.000,4.080000,7.100000,24.250,94.243362,4.099398,0.00391391,12.000000,71.079399,0.02379736,0.01204303,0.00000000,1,0
424000.000,4.080000,7.100000,24.250,94.223633,4.099220,0.00382409,12.000000,69.472351,0.02381721,0.01223279,0.00000000,1,0
425000.000,4.080000,6.800000,24.250,94.204048,4.099044,0.00374185,12.000000,68.001770,0.02383057,0.01241896,0.00000000,1,0
426000.000,4.080000,5.900000,24.250,94.185432,4.098877,0.00367723,12.000000,66.849342,0.02371914,0.01258491,0.00000000,1,0
427000.000,4.020000,7.300000,24.250,94.163834,4.098683,0.00370820,12.000000,67.438042,0.02326027,0.01269775,0.00000000,1,0
428000.000,4.020000,5.400000,24.250,94.139481,4.098464,0.00373987,12.000000,68.043304,0.02340592,0.01288597,0.00000000,1,0
429000.000,4.020000,6.800000,24.250,94.119179,4.098281,0.00377029,12.000000,68.621399,0.02277819,0.01296530,0.00000000,1,0
430000.000,4.000000,6.400000,24.250,94.094162,4.098056,0.00383378,12.000000,69.807777,0.02277377,0.01312046,0.00000000,1,0
431000.000,4.000000,8.400000,24.250,94.069557,4.097835,0.00389788,12.000000,71.005867,0.02260721,0.01325043,0.00000000,1,0
432000.000,4.000000,5.600000,24.250,94.041046,4.097579,0.00395325,12.000000,72.050789,0.02324240,0.01348815,0.00000000,1,0
433000.000,4.020000,6.700000,24.250,94.020309,4.097392,0.00397754,12.000000,72.520065,0.02269620,0.01356692,0.00000000,1,0
434000.000,4.020000,8.200000,24.250,93.996643,4.097179,0.00399373,12.000000,72.845879,0.02264229,0.01370461,0.00000000,1,0
435000.000,4.030000,7.900000,24.250,93.970398,4.096943,0.00398983,12.000000,72.808472,0.02317728,0.01392201,0.00000000,1,0
436000.000,4.030000,5.600000,24.250,93.945480,4.096719,0.00399845,12.000000,72.997986,0.02352553,0.01411869,0.00000000,1,0
437000.000,4.030000,5.700000,24.250,93.925873,4.096543,0.00400702,12.000000,73.180008,0.02292946,0.01418540,0.00000000,1,0
438000.000,4.030000,5.300000,24.250,93.906158,4.096365,0.00401718,12.000000,73.391258,0.02243946,0.01425619,0.00000000,1,0
439000.000,4.010000,7.100000,24.250,93.885330,4.096178,0.00405275,12.000000,74.068466,0.02184830,0.01430360,0.00000000,1,0
440000.000,4.010000,6.200000,24.250,93.860588,4.095955,0.00408759,12.000000,74.737862,0.02202317,0.01444834,0.00000000,1,0
441000.000,4.010000,9.000000,24.250,93.837181,4.095745,0.00411307,12.000000,75.235001,0.02182299,0.01454104,0.00000000,1,0
442000.000,4.070000,5.200000,24.250,93.813042,4.095528,0.00407295,12.000000,74.533127,0.02272681,0.01478448,0.00000000,1,0
443000.000,4.070000,5.500000,24.250,93.797653,4.095389,0.00403018,12.000000,73.770592,0.02204769,0.01481627,0.00000000,1,0
444000.000,4.000000,7.600000,24.250,93.775551,4.095191,0.00407753,12.000000,74.666748,0.02156239,0.01486365,0.00000000,1,0
445000.000,4.000000,7.300000,24.250,93.748680,4.094949,0.00412256,12.000000,75.527420,0.02194104,0.01502409,0.00000000,1,0
446000.000,4.000000,10.600000,24.250,93.721642,4.094706,0.00415329,12.000000,76.126915,0.02215333,0.01516501,0.00000000,1,0
447000.000,4.030000,0.200000,24.250,93.692139,4.094440,0.00415371,12.000000,76.174591,0.02360336,0.01548194,0.00000000,1,0
448000.000,4.030000,7.200000,24.250,93.684792,4.094375,0.00415056,12.000000,76.126816,0.02088204,0.01522970,0.00000000,1,0
449000.000,4.030000,6.600000,24.250,93.661430,4.094164,0.00415030,12.000000,76.153694,0.02116780,0.01536055,0.00000000,1,0
450000.000,4.010000,6.500000,24.250,93.637947,4.093953,0.00417741,12.000000,76.683197,0.02118496,0.01545633,0.00000000,1,0
451000.000,4.010000,4.000000,24.250,93.615395,4.093750,0.00420210,12.000000,77.167580,0.02115723,0.01554471,0.00000000,1,0
452000.000,4.020000,9.000000,24.250,93.598030,4.093595,0.00420160,12.000000,77.182251,0.02017392,0.01549641,0.00000000,1,0
453000.000,4.020000,8.500000,24.250,93.569267,4.093336,0.00420211,12.000000,77.231171,0.02121186,0.01571817,0.00000000,1,0
454000.000,4.010000,6.000000,24.250,93.541595,4.093087,0.00422564,12.000000,77.702011,0.02192891,0.01590861,0.00000000,1,0
455000.000,4.020000,6.500000,24.250,93.520370,4.092896,0.00423520,12.000000,77.907318,0.02160410,0.01596091,0.00000000,1,0
456000.000,4.020000,6.500000,24.250,93.498001,4.092695,0.00424436,12.000000,78.107056,0.02150371,0.01603886,0.00000000,1,0
457000.000,4.020000,7.300000,24.250,93.475433,4.092492,0.00424939,12.000000,78.231102,0.02141087,0.01611513,0.00000000,1,0
458000.000,4.020000,7.100000,24.250,93.451088,4.092273,0.00425456,12.000000,78.360497,0.02162734,0.01623259,0.00000000,1,0
459000.000,4.020000,10.100000,24.250,93.426392,4.092051,0.00423649,12.000000,78.062096,0.02173728,0.01633693,0.00000000,1,0
460000.000,4.020000,8.700000,24.250,93.395195,4.091770,0.00422818,12.000000,77.952454,0.02296040,0.01659933,0.00000000,1,0
461000.000,4.020000,6.900000,24.250,93.367767,4.091524,0.00423016,12.000000,78.027237,0.02350212,0.01678182,0.00000000,1,0
462000.000,4.010000,6.200000,24.250,93.343941,4.091309,0.00424653,12.000000,78.362694,0.02329610,0.01686474,0.00000000,1,0
463000.000,4.010000,6.700000,24.250,93.321617,4.091108,0.00426165,12.000000,78.673096,0.02284700,0.01690863,0.00000000,1,0
464000.000,4.010000,6.700000,24.250,93.298141,4.090898,0.00427642,12.000000,78.979149,0.02263443,0.01697801,0.00000000,1,0
465000.000,3.980000,6.800000,24.250,93.272400,4.090666,0.00432714,12.000000,79.952766,0.02244241,0.01704584,0.00000000,1,0
466000.000,3.980000,6.000000,24.250,93.246635,4.090434,0.00437463,12.000000,80.867645,0.02230538,0.01711740,0.00000000,1,0
467000.000,4.020000,6.400000,24.500,93.225662,4.090246,0.00437762,12.000000,80.953392,0.02188112,0.01714497,0.00000000,1,0
468000.000,4.020000,6.900000,24.500,93.203636,4.090047,0.00437815,12.000000,80.995125,0.02165251,0.01719294,0.00000000,1,0
469000.000,4.020000,9.800000,24.500,93.179642,4.089832,0.00435702,12.000000,80.638969,0.02163278,0.01726617,0.00000000,1,0
470000.000,4.000000,8.400000,24.500,93.147865,4.089546,0.00437459,12.000000,81.010422,0.02268704,0.01749082,0.00000000,1,0
471000.000,4.000000,8.700000,24.500,93.119263,4.089289,0.00438923,12.000000,81.323433,0.02308784,0.01763712,0.00000000,1,0
472000.000,4.020000,8.600000,24.500,93.091537,4.089039,0.00437406,12.000000,81.082733,0.02354464,0.01779615,0.00000000,1,0
473000.000,4.020000,7.300000,24.500,93.064445,4.088796,0.00436734,12.000000,80.997673,0.02390285,0.01794664,0.00000000,1,0
474000.000,4.010000,6.700000,24.500,93.039795,4.088574,0.00437492,12.000000,81.174232,0.02373225,0.01802580,0.00000000,1,0
475000.000,4.010000,-0.400000,24.500,93.018555,4.088383,0.00437151,12.000000,81.142067,0.02335581,0.01807174,0.00000000,1,0
476000.000,4.010000,8.800000,24.500,93.011139,4.088316,0.00437315,12.000000,81.183372,0.02041095,0.01774479,0.00000000,1,0
477000.000,4.060000,6.600000,24.500,92.986908,4.088099,0.00433034,12.000000,80.423668,0.02119778,0.01790495,0.00000000,1,0
478000.000,4.060000,5.200000,24.500,92.968193,4.087930,0.00430197,12.000000,79.923721,0.02107741,0.01794687,0.00000000,1,0
479000.000,3.980000,7.500000,24.500,92.946060,4.087731,0.00434530,12.000000,80.761108,0.02045486,0.01791465,0.00000000,1,0
480000.000,4.010000,7.800000,24.500,92.920746,4.087503,0.00435052,12.000000,80.895065,0.02074460,0.01800272,0.00000000,1,0
481000.000,4.010000,5.600000,24.500,92.895378,4.087276,0.00436182,12.000000,81.142250,0.02110355,0.01810448,0.00000000,1,0
482000.000,4.010000,8.000000,24.500,92.874435,4.087087,0.00436539,12.000000,81.239449,0.02061140,0.01808954,0.00000000,1,0
483000.000,4.000000,5.400000,24.500,92.847946,4.086849,0.00438462,12.000000,81.636391,0.02104860,0.01819937,0.00000000,1,0
484000.000,4.000000,6.800000,24.500,92.827080,4.086661,0.00440279,12.000000,82.005547,0.02048185,0.01817181,0.00000000,1,0
485000.000,4.020000,6.900000,24.500,92.804489,4.086458,0.00439935,12.000000,81.974968,0.02048791,0.01821709,0.00000000,1,0
486000.000,4.020000,9.200000,24.500,92.781036,4.086247,0.00438059,12.000000,81.660027,0.02052485,0.01826642,0.00000000,1,0
487000.000,4.020000,5.900000,24.500,92.753235,4.085997,0.00438022,12.000000,81.694382,0.02138516,0.01843358,0.00000000,1,0
488000.000,4.000000,6.500000,24.500,92.731400,4.085801,0.00439677,12.000000,82.035324,0.02094197,0.01842672,0.00000000,1,0
489000.000,4.000000,6.800000,24.500,92.708107,4.085591,0.00441249,12.000000,82.363548,0.02076462,0.01845065,0.00000000,1,0
490000.000,3.990000,6.400000,24.500,92.683502,4.085370,0.00443784,12.000000,82.873596,0.02071209,0.01848929,0.00000000,1,0
491000.000,4.010000,6.400000,24.500,92.661324,4.085170,0.00444433,12.000000,83.028183,0.02051686,0.01850628,0.00000000,1,0
492000.000,4.010000,7.600000,24.500,92.638840,4.084968,0.00444613,12.000000,83.095688,0.02034078,0.01852265,0.00000000,1,0
493000.000,4.010000,0.000000,24.500,92.615738,4.084761,0.00444531,12.000000,83.115257,0.02061214,0.01860009,0.00000000,1,0
494000.000,4.010000,6.300000,24.500,92.608452,4.084695,0.00445389,12.000000,83.286659,0.01812214,0.01828550,0.00000000,1,0
495000.000,4.010000,5.700000,24.500,92.586761,4.084500,0.00446346,12.000000,83.498428,0.01818909,0.01829967,0.00000000,1,0
496000.000,4.000000,5.500000,24.500,92.565781,4.084311,0.00448102,12.000000,83.859024,0.01802922,0.01828251,0.00000000,1,0
497000.000,4.000000,7.300000,24.500,92.544762,4.084122,0.00449605,12.000000,84.172325,0.01781352,0.01825511,0.00000000,1,0
498000.000,4.000000,7.700000,24.500,92.519493,4.083895,0.00450894,12.000000,84.452423,0.01826249,0.01832003,0.00000000,1,0
499000.000,4.000000,5.600000,24.500,92.493912,4.083665,0.00452472,12.000000,84.787407,0.01879423,0.01840387,0.00000000,1,0
500000.000,4.000000,4.300000,24.500,92.473579,4.083482,0.00454014,12.000000,85.108017,0.01850902,0.01837860,0.00000000,1,0
501000.000,3.960000,7.100000,24.500,92.452576,4.083293,0.00459307,12.000000,86.133041,0.01779298,0.01828718,0.00000000,1,0
502000.000,3.960000,5.600000,24.500,92.425514,4.083050,0.00463885,12.000000,87.034515,0.01815397,0.01833978,0.00000000,1,0
503000.000,4.010000,8.700000,24.500,92.404671,4.082862,0.00463361,12.000000,86.969200,0.01793429,0.01831470,0.00000000,1,0
504000.000,4.010000,6.000000,24.500,92.377464,4.082618,0.00463901,12.000000,87.113663,0.01883410,0.01844738,0.00000000,1,0
505000.000,3.970000,4.300000,24.500,92.354088,4.082407,0.00467011,12.000000,87.735023,0.01866455,0.01844016,0.00000000,1,0
506000.000,3.970000,-0.200000,24.500,92.335930,4.082244,0.00466662,12.000000,87.698677,0.01791178,0.01834651,0.00000000,1,0
507000.000,4.050000,0.700000,24.500,92.333908,4.082226,0.00466592,12.000000,87.688744,0.01566280,0.01802618,0.00000000,1,0
508000.000,4.060000,4.300000,24.500,92.329475,4.082186,0.00464848,12.000000,87.367889,0.01400423,0.01775689,0.00000000,1,0
509000.000,3.990000,8.800000,24.500,92.310242,4.082013,0.00467065,12.000000,87.815437,0.01381465,0.01767454,0.00000000,1,0
510000.000,4.020000,8.000000,24.500,92.283028,4.081769,0.00466077,12.000000,87.673332,0.01522806,0.01782117,0.00000000,1,0
511000.000,4.000000,3.400000,24.500,92.257561,4.081539,0.00467414,12.000000,87.965614,0.01618213,0.01792432,0.00000000,1,0
512000.000,4.000000,21.400000,24.500,92.237671,4.081360,0.00453407,12.000000,85.360626,0.01540179,0.01779296,0.00000000,1,0
513000.000,4.000000,20.799999,24.500,92.176537,4.080811,0.00440187,12.000000,82.964516,0.02101636,0.01857173,0.00000000,1,0
514000.000,4.000000,20.400000,24.500,92.117157,4.080276,0.00427496,12.000000,80.660263,0.02570498,0.01930407,0.00000000,1,0
515000.000,3.880000,18.900000,24.500,92.050018,4.079673,0.00441579,12.000000,83.419975,0.02965069,0.02000106,0.00000000,1,0
516000.000,3.880000,14.800000,24.500,91.987518,4.079111,0.00454095,12.000000,85.882782,0.03255881,0.02060807,0.00000000,1,0
517000.000,3.880000,18.900000,24.500,91.933136,4.078622,0.00465193,12.000000,88.069740,0.03366470,0.02099762,0.00000000,1,0
518000.000,3.880000,17.299999,24.500,91.869713,4.078052,0.00475347,12.000000,90.097160,0.03602080,0.02158264,0.00000000,1,0
519000.000,3.880000,16.400000,24.500,91.810234,4.077517,0.00484712,12.000000,91.972878,0.03750605,0.02207565,0.00000000,1,0
520000.000,3.920000,0.600000,24.750,91.760895,4.077073,0.00485100,12.000000,92.130196,0.03847164,0.02251344,0.00000000,1,0
521000.000,3.920000,0.500000,24.750,91.748138,4.076958,0.00485420,12.000000,92.212692,0.03391872,0.02216231,0.00000000,1,0
522000.000,4.040000,0.300000,25.000,91.744408,4.076924,0.00485357,12.000000,92.206947,0.02989292,0.02181216,0.00000000,1,0
523000.000,4.040000,21.000000,25.000,91.734947,4.076839,0.00463281,12.000000,88.028389,0.02629666,0.02145806,0.00000000,1,0
524000.000,4.040000,4.500000,25.000,91.682594,4.076369,0.00461727,12.000000,87.817932,0.03017593,0.02213017,0.00000000,1,0
525000.000,3.940000,20.500000,24.750,91.656586,4.076135,0.00460065,12.000000,87.543892,0.02795911,0.02197711,0.00000000,1,0
526000.000,4.050000,22.900000,24.750,91.601028,4.075635,0.00433887,12.000000,82.647446,0.03142163,0.02261213,0.00000000,1,0
527000.000,4.050000,24.700001,24.750,91.539879,4.075085,0.00405660,12.000000,77.358139,0.03523339,0.02335137,0.00000000,1,0
528000.000,3.880000,27.900000,25.000,91.461067,4.074377,0.00409333,12.000000,78.172806,0.03913885,0.02416287,0.00000000,1,0
529000.000,3.880000,17.100000,25.000,91.378090,4.073630,0.00416207,12.000000,79.608032,0.04357563,0.02511200,0.00000000,1,0
530000.000,3.880000,14.400000,25.000,91.320869,4.073115,0.00422826,12.000000,80.960007,0.04380471,0.02551615,0.00000000,1,0
531000.000,3.880000,21.900000,25.000,91.267677,4.072637,0.00427540,12.000000,81.943748,0.04307961,0.02578064,0.00000000,1,0
532000.000,3.880000,19.500000,25.000,91.197838,4.072009,0.00432442,12.000000,82.991043,0.04489854,0.02640080,0.00000000,1,0
533000.000,3.860000,18.000000,25.250,91.132370,4.071420,0.00439726,12.000000,84.492027,0.04565451,0.02689159,0.00000000,1,0
534000.000,3.860000,19.400000,25.250,91.069862,4.070858,0.00446296,12.000000,85.854446,0.04578445,0.02729926,0.00000000,1,0
535000.000,3.890000,-1.000000,25.250,91.012611,4.070343,0.00445419,12.000000,85.777611,0.04631975,0.02776445,0.00000000,1,0
536000.000,3.890000,-0.300000,25.250,91.002365,4.070251,0.00445046,12.000000,85.722145,0.04011065,0.02724602,0.00000000,1,0
537000.000,4.020000,16.600000,25.250,90.995209,4.070187,0.00435825,12.000000,83.957222,0.03491610,0.02676976,0.00000000,1,0
538000.000,4.000000,21.600000,25.250,90.946388,4.069748,0.00423896,12.000000,81.733948,0.03587744,0.02710721,0.00000000,1,0
539000.000,4.000000,19.799999,25.250,90.886650,4.069211,0.00414033,12.000000,79.921509,0.03831406,0.02767495,0.00000000,1,0
540000.000,3.840000,20.799999,25.250,90.818382,4.068597,0.00423151,12.000000,81.786217,0.03982237,0.02814481,0.00000000,1,0
541000.000,3.840000,19.400000,25.250,90.748177,4.067966,0.00431602,12.000000,83.529663,0.04142035,0.02865100,0.00000000,1,0
542000.000,3.840000,23.799999,25.250,90.679710,4.067349,0.00438628,12.000000,84.998856,0.04232184,0.02907934,0.00000000,1,0
543000.000,3.880000,24.400000,25.250,90.604332,4.066672,0.00439238,12.000000,85.237869,0.04447234,0.02970432,0.00000000,1,0
544000.000,3.880000,14.700000,25.250,90.530647,4.066009,0.00442669,12.000000,86.023071,0.04648468,0.03034288,0.00000000,1,0
545000.000,3.880000,19.900000,25.250,90.477844,4.065534,0.00444852,12.000000,86.533478,0.04511211,0.03051358,0.00000000,1,0
546000.000,3.880000,20.200001,25.250,90.412941,4.064950,0.00446688,12.000000,86.997238,0.04553121,0.03092194,0.00000000,1,0
547000.000,3.880000,22.900000,25.250,90.346512,4.064353,0.00447123,12.000000,87.191574,0.04594899,0.03133444,0.00000000,1,0
548000.000,3.880000,14.500000,25.250,90.276512,4.063724,0.00449901,12.000000,87.849731,0.04711555,0.03186207,0.00000000,1,0
549000.000,3.880000,-0.500000,25.250,90.230438,4.063309,0.00449501,12.000000,87.848381,0.04545778,0.03198915,0.00000000,1,0
550000.000,3.880000,16.600000,25.250,90.213951,4.063161,0.00452480,12.000000,88.458176,0.03932174,0.03142090,0.00000000,1,0
551000.000,3.880000,24.600000,25.500,90.155312,4.062634,0.00452405,12.000000,88.542213,0.03930826,0.03165017,0.00000000,1,0
552000.000,3.880000,20.299999,25.500,90.079674,4.061954,0.00453830,12.000000,88.948845,0.04174460,0.03224103,0.00000000,1,0
553000.000,3.810000,13.500000,25.500,90.010300,4.061329,0.00460895,12.000000,90.453079,0.04247787,0.03262080,0.00000000,1,0
554000.000,3.990000,22.700001,25.500,89.968193,4.060938,0.00449757,12.000000,90.453079,0.04097791,0.03268039,0.00000000,1,0
555000.000,3.990000,18.200001,25.500,89.906166,4.060355,0.00442603,12.000000,90.453079,0.04248742,0.03315707,0.00000000,1,0
556000.000,3.880000,20.700001,25.500,89.845589,4.059786,0.00443618,12.000000,90.453079,0.04240074,0.03341788,0.00000000,1,0
557000.000,3.880000,17.100000,25.500,89.780357,4.059173,0.00445475,12.000000,90.453079,0.04306797,0.03378507,0.00000000,1,0
558000.000,3.860000,17.100000,25.500,89.721901,4.058623,0.00448723,12.000000,90.453079,0.04254026,0.03398018,0.00000000,1,0
559000.000,3.880000,21.500000,25.500,89.663704,4.058076,0.00449100,12.000000,90.453079,0.04206881,0.03416965,0.00000000,1,0
560000.000,3.830000,21.400000,25.500,89.591064,4.057394,0.00453711,12.000000,90.453079,0.04295989,0.03455152,0.00000000,1,0
561000.000,3.830000,16.000000,25.500,89.520493,4.056730,0.00458508,12.000000,90.453079,0.04367975,0.03491886,0.00000000,1,0
562000.000,3.830000,21.400000,25.500,89.460548,4.056167,0.00462689,12.000000,90.453079,0.04268894,0.03503514,0.00000000,1,0
563000.000,3.880000,13.000000,25.750,89.395111,4.055552,0.00464480,12.000000,90.453079,0.04340097,0.03538795,0.00000000,1,0
564000.000,3.880000,18.799999,25.750,89.347305,4.055102,0.00465178,12.000000,90.453079,0.04154630,0.03535811,0.00000000,1,0
565000.000,3.830000,22.600000,25.750,89.280518,4.054475,0.00468711,12.000000,90.453079,0.04161353,0.03558461,0.00000000,1,0
566000.000,3.830000,13.200000,25.750,89.208260,4.053795,0.00472775,12.000000,90.453079,0.04275310,0.03597245,0.00000000,1,0
567000.000,3.830000,21.200001,25.750,89.154922,4.053294,0.00476317,12.000000,90.453079,0.04101687,0.03593544,0.00000000,1,0
568000.000,3.830000,18.100000,25.750,89.084190,4.052629,0.00480108,12.000000,90.453079,0.04178797,0.03624935,0.00000000,1,0
569000.000,3.890000,16.000000,25.750,89.026360,4.052086,0.00480443,12.000000,90.453079,0.04155453,0.03641850,0.00000000,1,0
570000.000,3.890000,22.100000,25.750,88.971451,4.051570,0.00478599,12.000000,90.453079,0.04074188,0.03649043,0.00000000,1,0
571000.000,3.880000,14.100000,25.750,88.904312,4.050939,0.00479760,12.000000,90.453079,0.04174309,0.03682534,0.00000000,1,0
572000.000,3.880000,16.400000,25.750,88.854965,4.050475,0.00480514,12.000000,90.453079,0.04034889,0.03680291,0.00000000,1,0
573000.000,3.880000,16.900000,25.750,88.800171,4.049960,0.00481134,12.000000,90.453079,0.03976810,0.03687907,0.00000000,1,0
574000.000,3.830000,-1.500000,25.750,88.746284,4.049453,0.00480193,12.000000,90.453079,0.03938900,0.03697347,0.00000000,1,0
575000.000,3.990000,0.700000,25.750,88.745705,4.049448,0.00480136,12.000000,90.453079,0.03394862,0.03626844,0.00000000,1,0
576000.000,4.000000,21.600000,25.750,88.734909,4.049346,0.00471131,12.000000,90.453079,0.02981182,0.03567075,0.00000000,1,0
577000.000,4.000000,17.600000,25.750,88.676987,4.048802,0.00464942,12.000000,90.453079,0.03198865,0.03598661,0.00000000,1,0
578000.000,3.830000,21.799999,25.750,88.613861,4.048209,0.00468339,12.000000,90.453079,0.03276522,0.03612174,0.00000000,1,0
579000.000,3.830000,20.900000,25.750,88.541351,4.047527,0.00471588,12.000000,90.453079,0.03457782,0.03643256,0.00000000,1,0
580000.000,3.830000,20.100000,25.750,88.471222,4.046868,0.00474723,12.000000,90.453079,0.03588964,0.03669588,0.00000000,1,0
581000.000,3.830000,-0.100000,25.750,88.409752,4.046290,0.00474535,12.000000,90.453079,0.03679570,0.03691712,0.00000000,1,0
582000.000,3.830000,18.299999,25.750,88.388893,4.046094,0.00478021,12.000000,90.453079,0.03211734,0.03627048,0.00000000,1,0
583000.000,3.880000,18.799999,26.000,88.329506,4.045536,0.00478301,12.000000,90.453079,0.03299022,0.03641870,0.00000000,1,0
584000.000,3.880000,21.299999,26.000,88.268181,4.044960,0.00477707,12.000000,90.453079,0.03387078,0.03658306,0.00000000,1,0
585000.000,3.880000,19.799999,26.000,88.201660,4.044334,0.00477463,12.000000,90.453079,0.03529060,0.03684786,0.00000000,1,0
586000.000,3.860000,17.900000,26.000,88.137650,4.043733,0.00478747,12.000000,90.453079,0.03611166,0.03704145,0.00000000,1,0
587000.000,3.860000,23.500000,26.000,88.076088,4.043154,0.00478437,12.000000,90.453079,0.03630873,0.03714866,0.00000000,1,0
588000.000,3.860000,-0.900000,26.000,88.009689,4.042531,0.00478021,12.000000,90.453079,0.03793910,0.03748689,0.00000000,1,0
589000.000,3.860000,14.900000,26.000,87.994728,4.042390,0.00479781,12.000000,90.453079,0.03295356,0.03679251,0.00000000,1,0
590000.000,3.860000,16.600000,26.000,87.942657,4.041900,0.00481306,12.000000,90.453079,0.03272569,0.03677232,0.00000000,1,0
591000.000,3.860000,18.400000,26.000,87.886032,4.041368,0.00482458,12.000000,90.453079,0.03295880,0.03682166,0.00000000,1,0
592000.000,3.860000,16.100000,26.000,87.826103,4.040805,0.00483898,12.000000,90.453079,0.03361660,0.03694297,0.00000000,1,0
593000.000,3.850000,18.799999,26.000,87.769714,4.040275,0.00485363,12.000000,90.453079,0.03358251,0.03696383,0.00000000,1,0
594000.000,3.820000,20.900000,26.000,87.703804,4.039655,0.00488054,12.000000,90.453079,0.03423472,0.03709422,0.00000000,1,0
595000.000,3.840000,20.200001,26.000,87.635017,4.039009,0.00489535,12.000000,90.453079,0.03532556,0.03730640,0.00000000,1,0
596000.000,3.880000,17.500000,26.000,87.572189,4.038418,0.00489404,12.000000,90.453079,0.03608161,0.03748264,0.00000000,1,0
597000.000,3.880000,0.000000,26.000,87.521210,4.037939,0.00489314,12.000000,90.453079,0.03604127,0.03754162,0.00000000,1,0
598000.000,3.880000,-0.200000,26.000,87.510780,4.037841,0.00489171,12.000000,90.453079,0.03157402,0.03687793,0.00000000,1,0
599000.000,3.980000,18.100000,26.000,87.502525,4.037764,0.00484350,12.000000,90.453079,0.02761076,0.03621762,0.00000000,1,0
600000.000,3.980000,23.600000,26.000,87.450478,4.037274,0.00476376,12.000000,90.453079,0.02875487,0.03632066,0.00000000,1,0
601000.000,3.830000,17.100000,26.000,87.376076,4.036575,0.00478934,12.000000,90.453079,0.03112553,0.03664514,0.00000000,1,0
602000.000,3.830000,10.700000,26.000,87.318993,4.036038,0.00481336,12.000000,90.453079,0.03155164,0.03669431,0.00000000,1,0
603000.000,3.830000,13.200000,26.000,87.275856,4.035633,0.00483909,12.000000,90.453079,0.03031842,0.03647923,0.00000000,1,0
604000.000,3.840000,17.200001,26.250,87.226372,4.035168,0.00485910,12.000000,90.453079,0.02985245,0.03636841,0.00000000,1,0
605000.000,3.840000,19.700001,26.250,87.166771,4.034608,0.00487476,12.000000,90.453079,0.03042466,0.03642033,0.00000000,1,0
606000.000,3.870000,21.799999,26.250,87.103203,4.034010,0.00486786,12.000000,90.453079,0.03152762,0.03657017,0.00000000,1,0
607000.000,3.870000,19.400000,26.250,87.035713,4.033376,0.00486649,12.000000,90.453079,0.03299167,0.03679932,0.00000000,1,0
608000.000,3.850000,18.400000,26.250,86.972504,4.032782,0.00487620,12.000000,90.453079,0.03366889,0.03692425,0.00000000,1,0
609000.000,3.810000,1.100000,26.250,86.914284,4.032235,0.00487897,12.000000,90.453079,0.03400290,0.03700383,0.00000000,1,0
610000.000,3.810000,-1.000000,26.250,86.896774,4.032070,0.00487342,12.000000,90.453079,0.03009595,0.03638512,0.00000000,1,0
611000.000,3.810000,1.000000,26.250,86.883476,4.031945,0.00487603,12.000000,90.453079,0.02616164,0.03569296,0.00000000,1,0
612000.000,3.810000,15.600000,26.250,86.860535,4.031730,0.00490966,12.000000,90.453079,0.02319369,0.03509320,0.00000000,1,0
613000.000,3.810000,16.100000,26.250,86.803619,4.031195,0.00494237,12.000000,90.453079,0.02410931,0.03508851,0.00000000,1,0
614000.000,3.860000,22.400000,26.250,86.747513,4.030667,0.00494126,12.000000,90.453079,0.02502016,0.03510164,0.00000000,1,0
615000.000,3.810000,19.900000,26.250,86.673584,4.029973,0.00496919,12.000000,90.453079,0.02731337,0.03536345,0.00000000,1,0
616000.000,3.810000,18.400000,26.250,86.606026,4.029337,0.00499685,12.000000,90.453079,0.02870689,0.03551745,0.00000000,1,0
617000.000,3.810000,19.000000,26.250,86.541740,4.028733,0.00502285,12.000000,90.453079,0.02955569,0.03560604,0.00000000,1,0
618000.000,3.830000,19.900000,26.500,86.477448,4.028129,0.00503716,12.000000,90.453079,0.03042587,0.03571390,0.00000000,1,0
619000.000,3.870000,15.700000,26.500,86.415939,4.027551,0.00504053,12.000000,90.453079,0.03138421,0.03585239,0.00000000,1,0
620000.000,3.850000,21.600000,26.500,86.360420,4.027029,0.00504006,12.000000,90.453079,0.03122667,0.03582017,0.00000000,1,0
621000.000,3.840000,20.900000,26.500,86.290718,4.026374,0.00504517,12.000000,90.453079,0.03245116,0.03601799,0.00000000,1,0
622000.000,3.840000,21.299999,26.500,86.222549,4.025733,0.00504844,12.000000,90.453079,0.03334327,0.03618131,0.00000000,1,0
623000.000,3.810000,13.700000,26.500,86.153786,4.025087,0.00507122,12.000000,90.453079,0.03419955,0.03635394,0.00000000,1,0
624000.000,3.810000,-0.300000,26.500,86.107559,4.024652,0.00506889,12.000000,90.453079,0.03318551,0.03622384,0.00000000,1,0
625000.000,3.970000,0.200000,26.500,86.104767,4.024626,0.00506867,12.000000,90.453079,0.02908006,0.03554976,0.00000000,1,0
626000.000,3.960000,13.900000,26.500,86.096306,4.024547,0.00504698,12.000000,90.453079,0.02558861,0.03490741,0.00000000,1,0
627000.000,3.830000,17.799999,26.500,86.044914,4.024064,0.00506375,12.000000,90.453079,0.02565769,0.03480931,0.00000000,1,0
628000.000,3.830000,16.500000,26.500,85.985001,4.023501,0.00508091,12.000000,90.453079,0.02659845,0.03486238,0.00000000,1,0
629000.000,3.850000,23.600000,26.500,85.927185,4.022957,0.00507512,12.000000,90.453079,0.02711492,0.03486149,0.00000000,1,0
630000.000,3.850000,17.299999,26.500,85.855331,4.022282,0.00508197,12.000000,90.453079,0.02916284,0.03513243,0.00000000,1,0
631000.000,3.780000,19.900000,26.500,85.791489,4.021682,0.00511411,12.000000,90.453079,0.02951930,0.03515185,0.00000000,1,0
632000.000,3.780000,13.600000,26.500,85.723816,4.021046,0.00514454,12.000000,90.453079,0.03040102,0.03526802,0.00000000,1,0
633000.000,3.820000,15.500000,26.750,85.673347,4.020572,0.00516247,12.000000,90.453079,0.02975029,0.03513726,0.00000000,1,0
634000.000,3.820000,12.500000,26.750,85.619614,4.020066,0.00518075,12.000000,90.453079,0.02959259,0.03507964,0.00000000,1,0
635000.000,3.850000,15.000000,26.750,85.574402,4.019641,0.00518905,12.000000,90.453079,0.02877736,0.03490626,0.00000000,1,0
636000.000,3.850000,19.000000,26.750,85.521957,4.019149,0.00519100,12.000000,90.453079,0.02860673,0.03482969,0.00000000,1,0
637000.000,3.860000,0.700000,26.750,85.467407,4.018636,0.00519149,12.000000,90.453079,0.02932837,0.03490457,0.00000000,1,0
638000.000,3.950000,21.000000,26.750,85.455231,4.018521,0.00514568,12.000000,90.453079,0.02592764,0.03428061,0.00000000,1,0
639000.000,3.950000,15.600000,26.750,85.397949,4.017983,0.00512065,12.000000,90.453079,0.02739610,0.03443846,0.00000000,1,0
640000.000,3.950000,17.200001,26.750,85.352722,4.017558,0.00509023,12.000000,90.453079,0.02748911,0.03438599,0.00000000,1,0
641000.000,3.840000,14.200000,26.750,85.296432,4.017029,0.00510196,12.000000,90.453079,0.02791051,0.03439307,0.00000000,1,0
642000.000,3.750000,0.500000,26.750,85.244682,4.016542,0.00510240,12.000000,90.453079,0.02761590,0.03428429,0.00000000,1,0
643000.000,3.750000,15.300000,26.750,85.219452,4.016305,0.00514270,12.000000,90.453079,0.02437915,0.03365954,0.00000000,1,0
644000.000,3.820000,17.700001,26.750,85.164665,4.015790,0.00515872,12.000000,90.453079,0.02473576,0.03360277,0.00000000,1,0
645000.000,3.820000,1.400000,26.750,85.110153,4.015278,0.00516133,12.000000,90.453079,0.02555540,0.03363486,0.00000000,1,0
646000.000,3.820000,11.200000,26.750,85.089966,4.015089,0.00517921,12.000000,90.453079,0.02276121,0.03305309,0.00000000,1,0
647000.000,3.940000,16.700001,26.750,85.054466,4.014755,0.00515562,12.000000,90.453079,0.02240777,0.03284875,0.00000000,1,0
648000.000,3.940000,20.700001,26.750,85.004974,4.014290,0.00511752,12.000000,90.453079,0.02326934,0.03285264,0.00000000,1,0
649000.000,3.940000,17.000000,26.750,84.947548,4.013750,0.00509244,12.000000,90.453079,0.02486933,0.03300357,0.00000000,1,0
650000.000,3.940000,16.799999,26.750,84.898819,4.013292,0.00506792,12.000000,90.453079,0.02547294,0.03301096,0.00000000,1,0
651000.000,3.940000,22.100000,26.750,84.848907,4.012823,0.00502386,12.000000,90.453079,0.02595008,0.03300858,0.00000000,1,0
652000.000,3.940000,19.100000,26.750,84.787796,4.012249,0.00499128,12.000000,90.453079,0.02747865,0.03320070,0.00000000,1,0
653000.000,3.850000,-1.400000,27.000,84.733513,4.011738,0.00498737,12.000000,90.453079,0.02817255,0.03327487,0.00000000,1,0
654000.000,3.850000,19.799999,27.000,84.719696,4.011608,0.00498871,12.000000,90.453079,0.02446608,0.03258736,0.00000000,1,0
655000.000,3.830000,21.799999,27.000,84.654518,4.010996,0.00499359,12.000000,90.453079,0.02565455,0.03269580,0.00000000,1,0
656000.000,3.830000,18.000000,27.000,84.586121,4.010353,0.00500326,12.000000,90.453079,0.02709986,0.03287266,0.00000000,1,0
657000.000,3.800000,16.100000,27.000,84.524765,4.009776,0.00502353,12.000000,90.453079,0.02756010,0.03290286,0.00000000,1,0
658000.000,3.800000,16.400000,27.000,84.467735,4.009240,0.00504336,12.000000,90.453079,0.02755626,0.03285987,0.00000000,1,0
659000.000,3.800000,22.000000,27.000,84.408134,4.008680,0.00505783,12.000000,90.453079,0.02760267,0.03282611,0.00000000,1,0
660000.000,3.850000,11.900000,27.000,84.343163,4.008070,0.00506517,12.000000,90.453079,0.02878287,0.03299481,0.00000000,1,0
661000.000,3.850000,20.500000,27.000,84.298569,4.007650,0.00506166,12.000000,90.453079,0.02773101,0.03278874,0.00000000,1,0
662000.000,3.820000,18.500000,27.000,84.232399,4.007028,0.00507169,12.000000,90.453079,0.02855760,0.03289774,0.00000000,1,0
663000.000,3.820000,-1.300000,27.000,84.177658,4.006514,0.00506740,12.000000,90.453079,0.02885891,0.03292861,0.00000000,1,0
664000.000,3.820000,-0.100000,27.000,84.168358,4.006426,0.00506607,12.000000,90.453079,0.02509162,0.03223893,0.00000000,1,0
665000.000,3.820000,17.500000,27.000,84.150269,4.006257,0.00507938,12.000000,90.453079,0.02202507,0.03160595,0.00000000,1,0
666000.000,3.820000,22.900000,27.000,84.089561,4.005686,0.00508457,12.000000,90.453079,0.02289688,0.03162180,0.00000000,1,0
667000.000,3.790000,21.000000,27.000,84.014771,4.004983,0.00510325,12.000000,90.453079,0.02473930,0.03182946,0.00000000,1,0
668000.000,3.790000,16.299999,27.000,83.945961,4.004336,0.00512384,12.000000,90.453079,0.02595406,0.03196052,0.00000000,1,0
669000.000,3.770000,19.799999,27.000,83.885399,4.003767,0.00514921,12.000000,90.453079,0.02606157,0.03191652,0.00000000,1,0
670000.000,3.770000,0.200000,27.000,83.823624,4.003186,0.00514842,12.000000,90.453079,0.02684114,0.03199602,0.00000000,1,0
671000.000,3.940000,16.000000,27.000,83.814774,4.003103,0.00512663,12.000000,90.453079,0.02361404,0.03136962,0.00000000,1,0
672000.000,3.840000,20.500000,27.000,83.760216,4.002590,0.00512651,12.000000,90.453079,0.02391841,0.03132041,0.00000000,1,0
673000.000,3.830000,16.700001,27.000,83.695854,4.001986,0.00513444,12.000000,90.453079,0.02506541,0.03143024,0.00000000,1,0
674000.000,3.830000,20.200001,27.000,83.639069,4.001452,0.00513740,12.000000,90.453079,0.02530601,0.03139919,0.00000000,1,0
675000.000,3.810000,23.200001,27.250,83.571632,4.000818,0.00514196,12.000000,90.453079,0.02619302,0.03149040,0.00000000,1,0
676000.000,3.810000,21.500000,27.250,83.497871,4.000124,0.00514847,12.000000,90.453079,0.02754189,0.03168261,0.00000000,1,0
677000.000,3.810000,0.800000,27.250,83.435349,3.999537,0.00514914,12.000000,90.453079,0.02837268,0.03180664,0.00000000,1,0
678000.000,3.810000,-0.300000,27.250,83.421082,3.999403,0.00514734,12.000000,90.453079,0.02506151,0.03119427,0.00000000,1,0
679000.000,3.810000,11.300000,27.250,83.405396,3.999256,0.00516170,12.000000,90.453079,0.02194067,0.03055502,0.00000000,1,0
680000.000,3.830000,15.600000,27.250,83.362946,3.998857,0.00517061,12.000000,90.453079,0.02145137,0.03033713,0.00000000,1,0
681000.000,3.890000,18.200001,27.250,83.314400,3.998400,0.00515815,12.000000,90.453079,0.02184750,0.03027321,0.00000000,1,0
682000.000,3.890000,15.400000,27.250,83.260788,3.997896,0.00515110,12.000000,90.453079,0.02268708,0.03029965,0.00000000,1,0
683000.000,3.890000,22.200001,27.250,83.211456,3.997433,0.00512780,12.000000,90.453079,0.02287258,0.03022464,0.00000000,1,0
684000.000,3.890000,18.000000,27.250,83.147881,3.996835,0.00511498,12.000000,90.453079,0.02433009,0.03038690,0.00000000,1,0
685000.000,3.890000,17.700001,27.250,83.094177,3.996330,0.00510267,12.000000,90.453079,0.02478817,0.03039557,0.00000000,1,0
686000.000,3.800000,0.100000,27.250,83.040222,3.995823,0.00510177,12.000000,90.453079,0.02512021,0.03039083,0.00000000,1,0
687000.000,3.950000,0.000000,27.250,83.037270,3.995795,0.00510163,12.000000,90.453079,0.02205430,0.02977083,0.00000000,1,0
688000.000,3.950000,0.300000,27.250,83.034447,3.995769,0.00510146,12.000000,90.453079,0.01934578,0.02915997,0.00000000,1,0
689000.000,3.940000,1.900000,27.250,83.029854,3.995726,0.00510125,12.000000,90.453079,0.01702680,0.02857200,0.00000000,1,0
690000.000,3.930000,19.500000,27.250,83.015816,3.995594,0.00507568,12.000000,90.453079,0.01529635,0.02805164,0.00000000,1,0
691000.000,3.930000,21.299999,27.250,82.960548,3.995075,0.00504407,12.000000,90.453079,0.01711778,0.02815364,0.00000000,1,0
692000.000,3.790000,29.500000,27.250,82.887772,3.994390,0.00504681,12.000000,90.453079,0.01904278,0.02831318,0.00000000,1,0
693000.000,3.790000,20.500000,27.250,82.798996,3.993556,0.00506199,12.000000,90.453079,0.02225711,0.02874942,0.00000000,1,0
694000.000,3.790000,15.900000,27.250,82.732597,3.992932,0.00507891,12.000000,90.453079,0.02335710,0.02886023,0.00000000,1,0
695000.000,3.700000,12.800000,27.250,82.671150,3.992354,0.00511338,12.000000,90.453079,0.02344496,0.02880669,0.00000000,1,0
696000.000,3.700000,16.600000,27.250,82.615807,3.991834,0.00515315,12.000000,90.453079,0.02293177,0.02864468,0.00000000,1,0
697000.000,3.800000,17.299999,27.500,82.558769,3.991298,0.00516599,12.000000,90.453079,0.02317718,0.02861389,0.00000000,1,0
698000.000,3.830000,12.100000,27.500,82.504395,3.990787,0.00517402,12.000000,90.453079,0.02350914,0.02860483,0.00000000,1,0
699000.000,3.800000,30.900000,27.500,82.453354,3.990308,0.00516275,12.000000,90.453079,0.02282843,0.02841543,0.00000000,1,0
700000.000,3.800000,26.100000,27.500,82.360474,3.989434,0.00516169,12.000000,90.453079,0.02568102,0.02886909,0.00000000,1,0
701000.000,3.790000,23.200001,27.500,82.278992,3.988669,0.00516861,12.000000,90.453079,0.02726693,0.02914357,0.00000000,1,0
702000.000,3.790000,23.600000,27.500,82.204140,3.987965,0.00517418,12.000000,90.453079,0.02810079,0.02930868,0.00000000,1,0
703000.000,3.690000,37.500000,27.500,82.118301,3.987158,0.00519775,12.000000,90.453079,0.02888092,0.02947925,0.00000000,1,0
704000.000,3.710000,42.700001,27.750,82.000160,3.986048,0.00519123,12.000000,90.453079,0.03204774,0.03010974,0.00000000,1,0
705000.000,3.710000,33.099998,27.750,81.872757,3.984851,0.00520710,12.000000,90.453079,0.03569887,0.03089205,0.00000000,1,0
706000.000,3.710000,25.500000,27.750,81.769508,3.983880,0.00523202,12.000000,90.453079,0.03711664,0.03132518,0.00000000,1,0
707000.000,3.700000,36.500000,28.250,81.680527,3.983044,0.00524259,12.000000,90.453079,0.03696537,0.03148750,0.00000000,1,0
708000.000,3.700000,-0.900000,28.250,81.576767,3.982069,0.00523827,12.000000,90.453079,0.03874199,0.03200576,0.00000000,1,0
709000.000,3.700000,40.500000,28.250,81.547783,3.981796,0.00523940,12.000000,90.453079,0.03368498,0.03126486,0.00000000,1,0
710000.000,3.700000,26.600000,28.250,81.426788,3.980659,0.00526418,12.000000,90.453079,0.03651635,0.03190954,0.00000000,1,0
711000.000,3.700000,-1.700000,28.250,81.346390,3.979903,0.00525754,12.000000,90.453079,0.03651003,0.03207093,0.00000000,1,0
712000.000,3.700000,0.000000,28.250,81.330910,3.979758,0.00525596,12.000000,90.453079,0.03156997,0.03129221,0.00000000,1,0
713000.000,3.910000,-0.800000,28.500,81.327026,3.979721,0.00525554,12.000000,90.453079,0.02755137,0.03058626,0.00000000,1,0
714000.000,3.910000,32.099998,28.500,81.314507,3.979604,0.00518956,12.000000,90.453079,0.02390542,0.02986977,0.00000000,1,0
715000.000,3.620000,24.400000,28.250,81.208870,3.978611,0.00524440,12.000000,90.453079,0.02641510,0.03024956,0.00000000,1,0
716000.000,3.620000,37.200001,28.250,81.117233,3.977750,0.00529347,12.000000,90.453079,0.02723945,0.03036045,0.00000000,1,0
717000.000,3.630000,22.100000,28.250,81.001205,3.976659,0.00533991,12.000000,90.453079,0.03012106,0.03088001,0.00000000,1,0
718000.000,3.630000,27.799999,28.250,80.918404,3.975881,0.00538677,12.000000,90.453079,0.03001148,0.03088671,0.00000000,1,0
719000.000,3.630000,18.299999,28.250,80.825165,3.975004,0.00542805,12.000000,90.453079,0.03085600,0.03107217,0.00000000,1,0
720000.000,3.630000,25.000000,28.250,80.752029,3.974317,0.00547304,12.000000,90.453079,0.02995488,0.03093890,0.00000000,1,0
721000.000,3.650000,25.600000,28.750,80.664551,3.973495,0.00551063,12.000000,90.453079,0.03027522,0.03101974,0.00000000,1,0
722000.000,3.650000,33.799999,28.750,80.573151,3.972636,0.00554024,12.000000,90.453079,0.03062415,0.03111123,0.00000000,1,0
723000.000,3.690000,32.500000,28.750,80.465904,3.971628,0.00555386,12.000000,90.453079,0.03226060,0.03145628,0.00000000,1,0
724000.000,3.690000,-1.100000,28.750,80.371651,3.970742,0.00554936,12.000000,90.453079,0.03342199,0.03174205,0.00000000,1,0
725000.000,3.690000,0.800000,28.750,80.354515,3.970581,0.00554994,12.000000,90.453079,0.02885382,0.03094214,0.00000000,1,0
726000.000,3.890000,13.000000,29.000,80.343735,3.970479,0.00554214,12.000000,90.453079,0.02519590,0.03022107,0.00000000,1,0
727000.000,3.810000,30.700001,28.750,80.292435,3.969997,0.00551753,12.000000,90.453079,0.02402465,0.02990512,0.00000000,1,0
728000.000,3.810000,-0.200000,28.750,80.211266,3.969234,0.00551651,12.000000,90.453079,0.02590089,0.03015580,0.00000000,1,0
729000.000,3.810000,0.200000,28.750,80.201485,3.969143,0.00551599,12.000000,90.453079,0.02244829,0.02941401,0.00000000,1,0
730000.000,3.810000,17.000000,28.750,80.184677,3.968985,0.00551863,12.000000,90.453079,0.01951583,0.02870246,0.00000000,1,0
731000.000,3.770000,15.600000,28.750,80.126549,3.968438,0.00552957,12.000000,90.453079,0.01971142,0.02853939,0.00000000,1,0
732000.000,3.770000,13.900000,28.750,80.072281,3.967928,0.00554067,12.000000,90.453079,0.01963935,0.02833193,0.00000000,1,0
733000.000,3.800000,-0.200000,28.750,80.029381,3.967525,0.00553954,12.000000,90.453079,0.01928848,0.02807214,0.00000000,1,0
734000.000,3.800000,5.100000,28.750,80.017258,3.967411,0.00554449,12.000000,90.453079,0.01669135,0.02737153,0.00000000,1,0
735000.000,3.820000,10.400000,28.750,79.992455,3.967175,0.00554962,12.000000,90.453079,0.01529637,0.02685454,0.00000000,1,0
736000.000,3.820000,32.500000,28.750,79.947525,3.966732,0.00552000,12.000000,90.453079,0.01494160,0.02651639,0.00000000,1,0
737000.000,3.630000,34.900002,28.750,79.839104,3.965663,0.00555806,12.000000,90.453079,0.01820146,0.02688434,0.00000000,1,0
738000.000,3.630000,38.500000,28.750,79.724358,3.964532,0.00558804,12.000000,90.453079,0.02139916,0.02732346,0.00000000,1,0
739000.000,3.660000,0.600000,28.750,79.614014,3.963444,0.00558809,12.000000,90.453079,0.02473233,0.02787084,0.00000000,1,0
740000.000,3.880000,35.099998,29.000,79.595444,3.963261,0.00552360,12.000000,90.453079,0.02152836,0.02720410,0.00000000,1,0
741000.000,3.850000,23.500000,29.000,79.499100,3.962311,0.00550474,12.000000,90.453079,0.02427885,0.02765211,0.00000000,1,0
742000.000,3.850000,32.200001,29.000,79.426666,3.961597,0.00546195,12.000000,90.453079,0.02479348,0.02772306,0.00000000,1,0
743000.000,3.660000,38.500000,29.000,79.320442,3.960550,0.00547543,12.000000,90.453079,0.02661999,0.02807284,0.00000000,1,0
744000.000,3.660000,25.299999,29.000,79.203705,3.959399,0.00550221,12.000000,90.453079,0.02919042,0.02862039,0.00000000,1,0
745000.000,3.630000,22.700001,29.250,79.116402,3.958539,0.00553621,12.000000,90.453079,0.02930190,0.02873528,0.00000000,1,0
746000.000,3.630000,36.599998,29.250,79.030853,3.957695,0.00556081,12.000000,90.453079,0.02897609,0.02876654,0.00000000,1,0
747000.000,3.630000,33.599998,29.250,78.914108,3.956544,0.00558732,12.000000,90.453079,0.03088279,0.02924911,0.00000000,1,0
748000.000,3.630000,26.500000,29.250,78.806564,3.955484,0.00561773,12.000000,90.453079,0.03204204,0.02962788,0.00000000,1,0
749000.000,3.720000,0.900000,29.500,78.728989,3.954719,0.00561814,12.000000,90.453079,0.03191242,0.02977104,0.00000000,1,0
750000.000,3.720000,0.400000,29.500,78.710854,3.954540,0.00561770,12.000000,90.453079,0.02776957,0.02907901,0.00000000,1,0
751000.000,3.870000,12.500000,29.500,78.700821,3.954442,0.00561238,12.000000,90.453079,0.02410384,0.02838767,0.00000000,1,0
752000.000,3.870000,37.500000,29.500,78.653809,3.953978,0.00554363,12.000000,90.453079,0.02282928,0.02810792,0.00000000,1,0
753000.000,3.660000,38.400002,29.500,78.535828,3.952815,0.00555219,12.000000,90.453079,0.02564254,0.02865264,0.00000000,1,0
754000.000,3.660000,-3.800000,29.500,78.428162,3.951754,0.00554089,12.000000,90.453079,0.02819983,0.02921901,0.00000000,1,0
755000.000,3.580000,-0.800000,29.750,78.412010,3.951595,0.00553635,12.000000,90.453079,0.02381255,0.02838948,0.00000000,1,0
756000.000,3.580000,15.200000,29.750,78.384674,3.951325,0.00557116,12.000000,90.453079,0.02048322,0.02767873,0.00000000,1,0
757000.000,3.730000,27.299999,29.750,78.325882,3.950745,0.00557582,12.000000,90.453079,0.02009488,0.02751197,0.00000000,1,0
758000.000,3.730000,40.200001,29.750,78.235756,3.949857,0.00555349,12.000000,90.453079,0.02163759,0.02774954,0.00000000,1,0
759000.000,3.630000,36.400002,29.750,78.110512,3.948622,0.00557434,12.000000,90.453079,0.02496539,0.02841095,0.00000000,1,0
760000.000,3.630000,31.700001,29.750,77.995575,3.947489,0.00559870,12.000000,90.453079,0.02723514,0.02893639,0.00000000,1,0
761000.000,3.640000,-0.800000,30.000,77.901367,3.946561,0.00559522,12.000000,90.453079,0.02845457,0.02929791,0.00000000,1,0
762000.000,3.640000,0.600000,30.000,77.881912,3.946369,0.00559512,12.000000,90.453079,0.02448591,0.02857017,0.00000000,1,0
763000.000,3.640000,13.700000,30.000,77.855690,3.946110,0.00561739,12.000000,90.453079,0.02126880,0.02790675,0.00000000,1,0
764000.000,3.640000,8.200000,30.000,77.800575,3.945567,0.00563253,12.000000,90.453079,0.02050317,0.02769711,0.00000000,1,0
765000.000,3.770000,38.700001,30.000,77.757660,3.945144,0.00559897,12.000000,90.453079,0.01899119,0.02730968,0.00000000,1,0
766000.000,3.770000,31.200001,30.000,77.646225,3.944046,0.00558318,12.000000,90.453079,0.02236813,0.02795404,0.00000000,1,0
767000.000,3.580000,28.100000,29.750,77.541580,3.943014,0.00562176,12.000000,90.453079,0.02412082,0.02833609,0.00000000,1,0
768000.000,3.580000,32.799999,29.750,77.443657,3.942049,0.00565766,12.000000,90.453079,0.02514785,0.02860862,0.00000000,1,0
769000.000,3.630000,0.800000,30.000,77.346077,3.941087,0.00565797,12.000000,90.453079,0.02674041,0.02903709,0.00000000,1,0
770000.000,3.630000,0.300000,30.000,77.322731,3.940856,0.00565714,12.000000,90.453079,0.02323061,0.02837454,0.00000000,1,0
771000.000,3.630000,-0.200000,30.000,77.300735,3.940639,0.00565511,12.000000,90.453079,0.02012064,0.02771098,0.00000000,1,0
772000.000,3.630000,0.000000,30.000,77.279831,3.940434,0.00565355,12.000000,90.453079,0.01735649,0.02704639,0.00000000,1,0
773000.000,3.860000,0.000000,30.000,77.275093,3.940387,0.00565325,12.000000,90.453079,0.01499786,0.02640453,0.00000000,1,0
774000.000,3.860000,1.300000,30.000,77.269913,3.940336,0.00565335,12.000000,90.453079,0.01295966,0.02577795,0.00000000,1,0
775000.000,3.860000,0.000000,30.000,77.262154,3.940259,0.00565303,12.000000,90.453079,0.01139596,0.02521044,0.00000000,1,0
776000.000,3.860000,13.100000,30.000,77.253029,3.940169,0.00564926,12.000000,90.453079,0.00984707,0.02461229,0.00000000,1,0
777000.000,3.860000,8.100000,30.000,77.215271,3.939797,0.00564885,12.000000,90.453079,0.01049899,0.02447368,0.00000000,1,0
778000.000,3.860000,39.200001,30.000,77.178139,3.939431,0.00558551,12.000000,90.453079,0.01030107,0.02416898,0.00000000,1,0
779000.000,3.640000,39.099998,29.750,77.056023,3.938227,0.00559817,12.000000,90.453079,0.01484605,0.02493151,0.00000000,1,0
780000.000,3.590000,36.799999,29.750,76.932991,3.937014,0.00562814,12.000000,90.453079,0.01873925,0.02567817,0.00000000,1,0
781000.000,3.620000,42.000000,30.000,76.815697,3.935858,0.00563827,12.000000,90.453079,0.02173613,0.02633393,0.00000000,1,0
782000.000,3.620000,26.400000,30.000,76.689827,3.934617,0.00566284,12.000000,90.453079,0.02508908,0.02715840,0.00000000,1,0
783000.000,3.690000,25.799999,30.250,76.604568,3.933777,0.00567166,12.000000,90.453079,0.02562154,0.02743060,0.00000000,1,0
784000.000,3.690000,24.600000,30.250,76.521065,3.932954,0.00568106,12.000000,90.453079,0.02598088,0.02767849,0.00000000,1,0
785000.000,3.640000,27.299999,30.500,76.436630,3.932121,0.00569908,12.000000,90.453079,0.02610151,0.02788167,0.00000000,1,0
786000.000,3.640000,35.599998,30.500,76.343422,3.931202,0.00570785,12.000000,90.453079,0.02659858,0.02817678,0.00000000,1,0
787000.000,3.630000,25.100000,30.500,76.233696,3.930121,0.00572755,12.000000,90.453079,0.02825169,0.02875798,0.00000000,1,0
788000.000,3.630000,30.600000,30.500,76.146599,3.929262,0.00574328,12.000000,90.453079,0.02810082,0.02896259,0.00000000,1,0
789000.000,3.610000,27.299999,30.750,76.046562,3.928276,0.00576522,12.000000,90.453079,0.02877550,0.02935840,0.00000000,1,0
790000.000,3.610000,30.600000,30.750,75.953171,3.927355,0.00578455,12.000000,90.453079,0.02885492,0.02963258,0.00000000,1,0
791000.000,3.610000,29.200001,30.750,75.852638,3.926364,0.00580413,12.000000,90.453079,0.02939835,0.03002020,0.00000000,1,0
792000.000,3.640000,22.299999,30.750,75.759506,3.925446,0.00582028,12.000000,90.453079,0.02964620,0.03035307,0.00000000,1,0
793000.000,3.610000,32.200001,30.750,75.677399,3.924637,0.00583654,12.000000,90.453079,0.02883224,0.03043653,0.00000000,1,0
794000.000,3.660000,28.000000,30.750,75.576904,3.923646,0.00584431,12.000000,90.453079,0.02957418,0.03087310,0.00000000,1,0
795000.000,3.660000,34.000000,30.750,75.484291,3.922733,0.00584405,12.000000,90.453079,0.02958338,0.03115356,0.00000000,1,0
796000.000,3.660000,33.200001,30.750,75.378120,3.921686,0.00584437,12.000000,90.453079,0.03045564,0.03164580,0.00000000,1,0
797000.000,3.660000,26.100000,30.750,75.276138,3.920681,0.00585243,12.000000,90.453079,0.03107369,0.03210239,0.00000000,1,0
798000.000,3.630000,-0.900000,31.000,75.196327,3.919894,0.00584948,12.000000,90.453079,0.03055695,0.03229670,0.00000000,1,0
799000.000,3.630000,-0.200000,31.000,75.178764,3.919721,0.00584779,12.000000,90.453079,0.02617923,0.03151342,0.00000000,1,0
800000.000,3.840000,7.900000,31.000,75.171806,3.919653,0.00584628,12.000000,90.453079,0.02251086,0.03077374,0.00000000,1,0
801000.000,3.840000,9.100000,31.000,75.145691,3.919395,0.00584423,12.000000,90.453079,0.02052819,0.03034426,0.00000000,1,0
802000.000,3.840000,41.799999,31.000,75.105438,3.918998,0.00577470,12.000000,90.453079,0.01899372,0.02996855,0.00000000,1,0
803000.000,3.590000,36.000000,30.750,74.977745,3.917740,0.00579168,12.000000,90.453079,0.02241097,0.03078733,0.00000000,1,0
804000.000,3.590000,35.000000,30.750,74.863678,3.916615,0.00580835,12.000000,90.453079,0.02449260,0.03138267,0.00000000,1,0
805000.000,3.590000,27.900000,30.750,74.752922,3.915523,0.00582909,12.000000,90.453079,0.02612224,0.03193288,0.00000000,1,0
806000.000,3.590000,30.000000,30.750,74.658325,3.914591,0.00584814,12.000000,90.453079,0.02648571,0.03221513,0.00000000,1,0
807000.000,3.690000,22.299999,31.250,74.566994,3.913690,0.00585276,12.000000,90.453079,0.02708726,0.03257146,0.00000000,1,0
808000.000,3.690000,33.900002,31.250,74.490288,3.912934,0.00584314,12.000000,90.453079,0.02648817,0.03263934,0.00000000,1,0
809000.000,3.690000,25.700001,31.250,74.389198,3.911938,0.00584428,12.000000,90.453079,0.02762376,0.03313649,0.00000000,1,0
810000.000,3.580000,-7.500000,31.250,74.309769,3.911155,0.00582546,12.000000,90.453079,0.02741366,0.03332267,0.00000000,1,0
811000.000,3.600000,-0.800000,31.250,74.306534,3.911123,0.00582253,12.000000,90.453079,0.02249071,0.03227380,0.00000000,1,0
812000.000,3.830000,9.800000,31.250,74.300125,3.911060,0.00582031,12.000000,90.453079,0.01921469,0.03149810,0.00000000,1,0
813000.000,3.830000,25.799999,31.250,74.263336,3.910697,0.00579758,12.000000,90.453079,0.01790955,0.03113429,0.00000000,1,0
814000.000,3.830000,36.400002,31.250,74.186028,3.909935,0.00574932,12.000000,90.453079,0.01906380,0.03137477,0.00000000,1,0
815000.000,3.630000,-0.500000,31.250,74.083031,3.908920,0.00574726,12.000000,90.453079,0.02155367,0.03200768,0.00000000,1,0
816000.000,3.650000,-0.500000,31.250,74.066833,3.908760,0.00574534,12.000000,90.453079,0.01844317,0.03124999,0.00000000,1,0
817000.000,3.820000,10.600000,31.250,74.058876,3.908681,0.00574357,12.000000,90.453079,0.01577076,0.03050985,0.00000000,1,0
818000.000,3.750000,13.100000,31.250,74.019295,3.908291,0.00574646,12.000000,90.453079,0.01504875,0.03020249,0.00000000,1,0
819000.000,3.710000,16.900000,31.250,73.970070,3.907806,0.00575239,12.000000,90.453079,0.01478030,0.02999660,0.00000000,1,0
820000.000,3.710000,5.400000,31.250,73.915833,3.907271,0.00575624,12.000000,90.453079,0.01508409,0.02993910,0.00000000,1,0
821000.000,3.770000,12.300000,31.250,73.890030,3.907017,0.00575768,12.000000,90.453079,0.01371514,0.02945156,0.00000000,1,0
822000.000,3.780000,31.900000,31.000,73.842712,3.906550,0.00573430,12.000000,90.453079,0.01351331,0.02923531,0.00000000,1,0
823000.000,3.780000,33.500000,31.000,73.749733,3.905634,0.00570701,12.000000,90.453079,0.01610306,0.02976396,0.00000000,1,0
824000.000,3.780000,32.799999,31.000,73.653343,3.904684,0.00568070,12.000000,90.453079,0.01853983,0.03034478,0.00000000,1,0
825000.000,3.780000,-0.200000,31.000,73.569679,3.903859,0.00568013,12.000000,90.453079,0.02051968,0.03088985,0.00000000,1,0
826000.000,3.780000,-0.200000,31.000,73.562393,3.903787,0.00567954,12.000000,90.453079,0.01757655,0.03017062,0.00000000,1,0
827000.000,3.780000,30.600000,31.000,73.544678,3.903612,0.00565868,12.000000,90.453079,0.01505126,0.02946798,0.00000000,1,0
828000.000,3.670000,35.400002,31.250,73.448219,3.902662,0.00565405,12.000000,90.453079,0.01720361,0.02995414,0.00000000,1,0
829000.000,3.670000,37.500000,31.250,73.340103,3.901596,0.00564514,12.000000,90.453079,0.01970967,0.03061629,0.00000000,1,0
830000.000,3.600000,32.200001,31.500,73.224655,3.900458,0.00565823,12.000000,90.453079,0.02213652,0.03134867,0.00000000,1,0
831000.000,3.600000,29.100000,31.500,73.122238,3.899448,0.00567268,12.000000,90.453079,0.02346094,0.03186597,0.00000000,1,0
832000.000,3.600000,31.900000,31.500,73.026421,3.898504,0.00568459,12.000000,90.453079,0.02415045,0.03225607,0.00000000,1,0
833000.000,3.610000,29.299999,31.750,72.925385,3.897507,0.00569580,12.000000,90.453079,0.02511654,0.03274932,0.00000000,1,0
834000.000,3.620000,26.299999,31.750,72.831963,3.896586,0.00570661,12.000000,90.453079,0.02556931,0.03313451,0.00000000,1,0
835000.000,3.620000,1.100000,31.750,72.752281,3.895801,0.00570698,12.000000,90.453079,0.02552934,0.03339759,0.00000000,1,0
836000.000,3.620000,-1.300000,31.750,72.731590,3.895597,0.00570382,12.000000,90.453079,0.02200864,0.03267287,0.00000000,1,0
837000.000,3.620000,1.000000,31.750,72.715828,3.895442,0.00570409,12.000000,90.453079,0.01866239,0.03187104,0.00000000,1,0
838000.000,3.620000,17.500000,31.750,72.690620,3.895193,0.00571787,12.000000,90.453079,0.01611405,0.03117760,0.00000000,1,0
839000.000,3.680000,30.900000,31.750,72.626999,3.894566,0.00571503,12.000000,90.453079,0.01620437,0.03114614,0.00000000,1,0
840000.000,3.630000,31.799999,31.750,72.529030,3.893600,0.00572065,12.000000,90.453079,0.01811950,0.03164265,0.00000000,1,0
841000.000,3.630000,0.500000,31.750,72.437561,3.892699,0.00572021,12.000000,90.453079,0.01986931,0.03216723,0.00000000,1,0
842000.000,3.630000,0.100000,31.750,72.418686,3.892512,0.00571922,12.000000,90.453079,0.01706499,0.03144788,0.00000000,1,0
843000.000,3.630000,17.900000,31.750,72.396210,3.892291,0.00573158,12.000000,90.453079,0.01461055,0.03072929,0.00000000,1,0
844000.000,3.630000,31.000000,31.750,72.328697,3.891625,0.00573822,12.000000,90.453079,0.01494727,0.03073097,0.00000000,1,0
845000.000,3.630000,25.400000,31.750,72.232643,3.890678,0.00574814,12.000000,90.453079,0.01702039,0.03125337,0.00000000,1,0
846000.000,3.610000,18.600000,31.750,72.150414,3.889868,0.00576185,12.000000,90.453079,0.01801672,0.03154516,0.00000000,1,0
847000.000,3.610000,26.600000,31.750,72.081528,3.889189,0.00577381,12.000000,90.453079,0.01793274,0.03156200,0.00000000,1,0
848000.000,3.610000,3.600000,31.750,72.000519,3.888390,0.00577744,12.000000,90.453079,0.01894243,0.03189986,0.00000000,1,0
849000.000,3.610000,-0.200000,31.750,71.973717,3.888126,0.00577595,12.000000,90.453079,0.01667225,0.03131134,0.00000000,1,0
850000.000,3.610000,4.300000,31.750,71.954582,3.887937,0.00578055,12.000000,90.453079,0.01421563,0.03058407,0.00000000,1,0
851000.000,3.800000,13.900000,32.000,71.934204,3.887736,0.00577701,12.000000,90.453079,0.01272678,0.03005409,0.00000000,1,0
852000.000,3.800000,34.000000,32.000,71.885124,3.887253,0.00574356,12.000000,90.453079,0.01275583,0.02992192,0.00000000,1,0
853000.000,3.650000,31.799999,31.750,71.781776,3.886234,0.00574409,12.000000,90.453079,0.01549996,0.03060223,0.00000000,1,0
854000.000,3.580000,40.799999,31.750,71.679184,3.885222,0.00574862,12.000000,90.453079,0.01753230,0.03118293,0.00000000,1,0
855000.000,3.580000,0.200000,31.750,71.564903,3.884096,0.00574767,12.000000,90.453079,0.02046774,0.03211934,0.00000000,1,0
856000.000,3.580000,20.900000,31.750,71.538918,3.883840,0.00576411,12.000000,90.453079,0.01749063,0.03138952,0.00000000,1,0
857000.000,3.580000,-0.800000,31.750,71.471008,3.883170,0.00576154,12.000000,90.453079,0.01773336,0.03151906,0.00000000,1,0
858000.000,3.580000,-0.500000,31.750,71.453255,3.882995,0.00575944,12.000000,90.453079,0.01501881,0.03076219,0.00000000,1,0
859000.000,3.810000,0.000000,32.000,71.449921,3.882962,0.00575920,12.000000,90.453079,0.01274296,0.03003492,0.00000000,1,0
860000.000,3.810000,13.100000,32.000,71.440842,3.882873,0.00575539,12.000000,90.453079,0.01086882,0.02934477,0.00000000,1,0
861000.000,3.810000,36.299999,32.000,71.393944,3.882411,0.00571514,12.000000,90.453079,0.01102841,0.02920553,0.00000000,1,0
862000.000,3.810000,35.599998,32.000,71.293655,3.881422,0.00567605,12.000000,90.453079,0.01427247,0.03001941,0.00000000,1,0
863000.000,3.810000,29.299999,32.000,71.196976,3.880469,0.00564991,12.000000,90.453079,0.01693137,0.03079094,0.00000000,1,0
864000.000,3.760000,23.000000,32.000,71.113678,3.879648,0.00564096,12.000000,90.453079,0.01834280,0.03129004,0.00000000,1,0
865000.000,3.760000,24.900000,32.000,71.044464,3.878965,0.00562956,12.000000,90.453079,0.01869484,0.03152082,0.00000000,1,0
866000.000,3.660000,26.799999,32.250,70.965126,3.878183,0.00563132,12.000000,90.453079,0.01923980,0.03182718,0.00000000,1,0
867000.000,3.660000,26.200001,32.250,70.881630,3.877360,0.00563324,12.000000,90.453079,0.01994689,0.03220814,0.00000000,1,0
868000.000,3.660000,36.900002,32.250,70.796432,3.876520,0.00562255,12.000000,90.453079,0.02045864,0.03255847,0.00000000,1,0
869000.000,3.660000,28.600000,32.250,70.689003,3.875461,0.00562152,12.000000,90.453079,0.02230063,0.03335086,0.00000000,1,0
870000.000,3.610000,27.400000,32.500,70.598129,3.874565,0.00562926,12.000000,90.453079,0.02275375,0.03378261,0.00000000,1,0
871000.000,3.610000,22.900000,32.500,70.511414,3.873711,0.00563875,12.000000,90.453079,0.02296793,0.03415760,0.00000000,1,0
872000.000,3.630000,22.700001,32.500,70.436447,3.872972,0.00564558,12.000000,90.453079,0.02254525,0.03433741,0.00000000,1,0
873000.000,3.630000,29.200001,32.500,70.360069,3.872219,0.00564817,12.000000,90.453079,0.02214992,0.03450701,0.00000000,1,0
874000.000,3.550000,24.400000,32.750,70.265633,3.871288,0.00566491,12.000000,90.453079,0.02265749,0.03495090,0.00000000,1,0
875000.000,3.550000,26.700001,32.750,70.182114,3.870464,0.00568105,12.000000,90.453079,0.02244607,0.03518414,0.00000000,1,0
876000.000,3.650000,20.000000,32.750,70.100388,3.869659,0.00568577,12.000000,90.453079,0.02255616,0.03551308,0.00000000,1,0
877000.000,3.650000,18.799999,32.750,70.034508,3.869009,0.00569089,12.000000,90.453079,0.02176323,0.03555058,0.00000000,1,0
878000.000,3.630000,30.799999,32.750,69.966911,3.868388,0.00569112,12.000000,90.453079,0.02092555,0.03553751,0.00000000,1,0
879000.000,3.630000,33.299999,32.750,69.870865,3.867572,0.00568830,12.000000,90.453079,0.02178065,0.03604073,0.00000000,1,0
880000.000,3.580000,34.200001,32.750,69.767090,3.866691,0.00569359,12.000000,90.453079,0.02285196,0.03663726,0.00000000,1,0
881000.000,3.580000,0.700000,32.750,69.669357,3.865861,0.00569334,12.000000,90.453079,0.02390102,0.03725589,0.00000000,1,0
882000.000,3.550000,-0.200000,32.750,69.647827,3.865678,0.00569179,12.000000,90.453079,0.02040787,0.03643636,0.00000000,1,0
883000.000,3.550000,-0.400000,32.750,69.628433,3.865514,0.00568993,12.000000,90.453079,0.01732196,0.03559799,0.00000000,1,0
884000.000,3.800000,26.100000,32.750,69.616486,3.865412,0.00566997,12.000000,90.453079,0.01467360,0.03477081,0.00000000,1,0
885000.000,3.800000,28.700001,32.750,69.542435,3.864783,0.00564549,12.000000,90.453079,0.01591234,0.03508502,0.00000000,1,0
886000.000,3.800000,40.000000,32.750,69.459526,3.864079,0.00559706,12.000000,90.453079,0.01731981,0.03550087,0.00000000,1,0
887000.000,3.800000,38.299999,32.750,69.351044,3.863158,0.00555253,12.000000,90.453079,0.02002494,0.03638150,0.00000000,1,0
888000.000,3.560000,21.400000,32.750,69.237503,3.862194,0.00556609,12.000000,90.453079,0.02212426,0.03716718,0.00000000,1,0
889000.000,3.560000,19.500000,32.750,69.163666,3.861567,0.00557941,12.000000,90.453079,0.02168710,0.03722629,0.00000000,1,0
890000.000,3.660000,22.900000,33.000,69.099220,3.861019,0.00558052,12.000000,90.453079,0.02107281,0.03720470,0.00000000,1,0
891000.000,3.660000,30.600000,33.000,69.024887,3.860388,0.00557491,12.000000,90.453079,0.02101286,0.03732470,0.00000000,1,0
892000.000,3.660000,25.700001,33.000,68.934212,3.859618,0.00557367,12.000000,90.453079,0.02200374,0.03776034,0.00000000,1,0
893000.000,3.660000,30.000000,33.000,68.853706,3.858934,0.00556824,12.000000,90.453079,0.02220772,0.03798249,0.00000000,1,0
894000.000,3.630000,7.000000,33.250,68.767426,3.858202,0.00557224,12.000000,90.453079,0.02297330,0.03837578,0.00000000,1,0
895000.000,3.630000,-0.800000,33.250,68.736412,3.857938,0.00557060,12.000000,90.453079,0.02054245,0.03781592,0.00000000,1,0
896000.000,3.770000,0.800000,33.250,68.732468,3.857905,0.00557044,12.000000,90.453079,0.01741938,0.03694954,0.00000000,1,0
897000.000,3.770000,31.200001,33.250,68.715302,3.857759,0.00554687,12.000000,90.453079,0.01497075,0.03616789,0.00000000,1,0
898000.000,3.770000,32.299999,33.250,68.627602,3.857014,0.00552111,12.000000,90.453079,0.01698535,0.03664799,0.00000000,1,0
899000.000,3.770000,0.200000,33.250,68.547371,3.856333,0.00552088,12.000000,90.453079,0.01886813,0.03716069,0.00000000,1,0
900000.000,3.620000,-0.500000,33.250,68.531479,3.856198,0.00551945,12.000000,90.453079,0.01613717,0.03635507,0.00000000,1,0
901000.000,3.770000,22.400000,33.250,68.519905,3.856100,0.00550864,12.000000,90.453079,0.01371126,0.03553908,0.00000000,1,0
902000.000,3.770000,21.100000,33.250,68.455795,3.855555,0.00549911,12.000000,90.453079,0.01474772,0.03567161,0.00000000,1,0
903000.000,3.770000,14.000000,33.250,68.396957,3.855056,0.00549555,12.000000,90.453079,0.01546435,0.03574814,0.00000000,1,0
904000.000,3.770000,1.900000,33.250,68.358597,3.854730,0.00549551,12.000000,90.453079,0.01511719,0.03553559,0.00000000,1,0
905000.000,3.770000,2.000000,33.250,68.348213,3.854641,0.00549550,12.000000,90.453079,0.01317519,0.03483925,0.00000000,1,0
906000.000,3.770000,25.700001,33.250,68.329971,3.854487,0.00548108,12.000000,90.453079,0.01153005,0.03416234,0.00000000,1,0
907000.000,3.770000,34.400002,33.250,68.254860,3.853849,0.00545287,12.000000,90.453079,0.01335800,0.03445668,0.00000000,1,0
908000.000,3.550000,31.700001,33.000,68.149361,3.852953,0.00546495,12.000000,90.453079,0.01611950,0.03509372,0.00000000,1,0
909000.000,3.550000,27.000000,33.000,68.050659,3.852115,0.00547814,12.000000,90.453079,0.01812845,0.03560617,0.00000000,1,0
910000.000,3.590000,4.900000,33.250,67.970345,3.851433,0.00548177,12.000000,90.453079,0.01921723,0.03591791,0.00000000,1,0
911000.000,3.590000,19.400000,33.250,67.937553,3.851154,0.00549119,12.000000,90.453079,0.01711644,0.03534200,0.00000000,1,0
912000.000,3.780000,27.799999,33.250,67.879372,3.850660,0.00547131,12.000000,90.453079,0.01732085,0.03535569,0.00000000,1,0
913000.000,3.780000,29.900000,33.250,67.801292,3.849997,0.00544798,12.000000,90.453079,0.01866317,0.03570233,0.00000000,1,0
914000.000,3.630000,31.100000,33.250,67.709991,3.849221,0.00544610,12.000000,90.453079,0.02011507,0.03612356,0.00000000,1,0
915000.000,3.630000,27.900000,33.250,67.616875,3.848431,0.00544648,12.000000,90.453079,0.02154011,0.03658163,0.00000000,1,0
916000.000,3.570000,27.299999,33.500,67.527916,3.847675,0.00545522,12.000000,90.453079,0.02233183,0.03690250,0.00000000,1,0
917000.000,3.570000,26.400000,33.500,67.440521,3.846933,0.00546402,12.000000,90.453079,0.02294128,0.03719191,0.00000000,1,0
918000.000,3.570000,26.799999,33.500,67.355194,3.846209,0.00547242,12.000000,90.453079,0.02335226,0.03743902,0.00000000,1,0
919000.000,3.550000,28.799999,33.500,67.268257,3.845470,0.00548253,12.000000,90.453079,0.02377459,0.03769561,0.00000000,1,0
920000.000,3.550000,0.600000,33.500,67.183289,3.844749,0.00548214,12.000000,90.453079,0.02443215,0.03802354,0.00000000,1,0
921000.000,3.780000,-0.100000,33.500,67.178055,3.844704,0.00548197,12.000000,90.453079,0.02103932,0.03725190,0.00000000,1,0
922000.000,3.780000,10.600000,33.500,67.170845,3.844643,0.00547917,12.000000,90.453079,0.01803108,0.03646942,0.00000000,1,0
923000.000,3.780000,32.799999,33.500,67.132317,3.844316,0.00545097,12.000000,90.453079,0.01695875,0.03611749,0.00000000,1,0
924000.000,3.780000,35.000000,33.500,67.042007,3.843549,0.00541852,12.000000,90.453079,0.01917336,0.03663110,0.00000000,1,0
925000.000,3.550000,41.400002,33.500,66.935089,3.842641,0.00541953,12.000000,90.453079,0.02140023,0.03721699,0.00000000,1,0
926000.000,3.550000,-0.300000,33.500,66.821426,3.841676,0.00541812,12.000000,90.453079,0.02423920,0.03803396,0.00000000,1,0
927000.000,3.750000,15.100000,33.750,66.811569,3.841592,0.00541416,12.000000,90.453079,0.02076818,0.03723682,0.00000000,1,0
928000.000,3.750000,24.200001,33.750,66.763397,3.841183,0.00540217,12.000000,90.453079,0.01998034,0.03704480,0.00000000,1,0
929000.000,3.600000,36.400002,33.750,66.683548,3.840505,0.00539879,12.000000,90.453079,0.02060603,0.03720408,0.00000000,1,0
930000.000,3.600000,29.500000,33.750,66.576744,3.839598,0.00540074,12.000000,90.453079,0.02289764,0.03782358,0.00000000,1,0
931000.000,3.560000,27.000000,33.750,66.484627,3.838815,0.00540910,12.000000,90.453079,0.02389871,0.03816642,0.00000000,1,0
932000.000,3.560000,28.100000,33.750,66.398247,3.838082,0.00541676,12.000000,90.453079,0.02441573,0.03840658,0.00000000,1,0
933000.000,3.570000,0.600000,33.750,66.316521,3.837388,0.00541638,12.000000,90.453079,0.02503270,0.03868241,0.00000000,1,0
934000.000,3.570000,-0.500000,33.750,66.298706,3.837236,0.00541489,12.000000,90.453079,0.02160759,0.03791885,0.00000000,1,0
935000.000,3.770000,5.500000,34.000,66.293968,3.837196,0.00541420,12.000000,90.453079,0.01850501,0.03712995,0.00000000,1,0
936000.000,3.770000,37.400002,34.000,66.266342,3.836962,0.00537974,12.000000,90.453079,0.01670433,0.03658237,0.00000000,1,0
937000.000,3.770000,35.500000,34.000,66.165428,3.836105,0.00534839,12.000000,90.453079,0.01976888,0.03724245,0.00000000,1,0
938000.000,3.550000,29.200001,33.750,66.059273,3.835203,0.00535705,12.000000,90.453079,0.02214833,0.03781575,0.00000000,1,0
939000.000,3.550000,0.000000,33.750,65.974358,3.834482,0.00535603,12.000000,90.453079,0.02329934,0.03814071,0.00000000,1,0
940000.000,3.750000,18.400000,34.000,65.963394,3.834389,0.00534942,12.000000,90.453079,0.02004770,0.03737404,0.00000000,1,0
941000.000,3.750000,10.100000,34.000,65.912346,3.833956,0.00534781,12.000000,90.453079,0.01993319,0.03730587,0.00000000,1,0
942000.000,3.750000,-0.200000,34.000,65.883804,3.833713,0.00534754,12.000000,90.453079,0.01862869,0.03693162,0.00000000,1,0
943000.000,3.760000,0.000000,34.000,65.879715,3.833678,0.00534733,12.000000,90.453079,0.01600309,0.03618398,0.00000000,1,0
944000.000,3.760000,0.000000,34.000,65.875153,3.833640,0.00534711,12.000000,90.453079,0.01377280,0.03545882,0.00000000,1,0
945000.000,3.770000,23.700001,33.750,65.863937,3.833544,0.00533443,12.000000,90.453079,0.01185346,0.03474829,0.00000000,1,0
946000.000,3.510000,34.700001,33.750,65.783676,3.832863,0.00534803,12.000000,90.453079,0.01366745,0.03492881,0.00000000,1,0
947000.000,3.510000,33.400002,33.750,65.678154,3.831967,0.00536129,12.000000,90.453079,0.01685113,0.03551086,0.00000000,1,0
948000.000,3.510000,36.599998,33.750,65.575401,3.831094,0.00537216,12.000000,90.453079,0.01941963,0.03603132,0.00000000,1,0
949000.000,3.530000,38.000000,34.000,65.465721,3.830163,0.00537778,12.000000,90.453079,0.02212152,0.03665671,0.00000000,1,0
950000.000,3.530000,22.299999,34.000,65.354446,3.829217,0.00538888,12.000000,90.453079,0.02467735,0.03731837,0.00000000,1,0
951000.000,3.570000,28.400000,34.250,65.280029,3.828586,0.00539370,12.000000,90.453079,0.02457245,0.03739352,0.00000000,1,0
952000.000,3.570000,25.900000,34.250,65.191971,3.827838,0.00539936,12.000000,90.453079,0.02539978,0.03768813,0.00000000,1,0
953000.000,3.630000,26.700001,34.250,65.113052,3.827168,0.00539736,12.000000,90.453079,0.02575486,0.03788556,0.00000000,1,0
954000.000,3.630000,27.200001,34.250,65.032204,3.826481,0.00539484,12.000000,90.453079,0.02619298,0.03810734,0.00000000,1,0
955000.000,3.630000,33.299999,34.250,64.948616,3.825771,0.00538671,12.000000,90.453079,0.02665870,0.03834206,0.00000000,1,0
956000.000,3.630000,29.799999,34.250,64.851929,3.824950,0.00538164,12.000000,90.453079,0.02799009,0.03879029,0.00000000,1,0
957000.000,3.570000,19.900000,34.250,64.762573,3.824191,0.00538792,12.000000,90.453079,0.02862989,0.03910308,0.00000000,1,0
958000.000,3.580000,29.200001,34.500,64.694321,3.823611,0.00538965,12.000000,90.453079,0.02770290,0.03905572,0.00000000,1,0
959000.000,3.610000,20.700001,34.500,64.608574,3.822883,0.00539206,12.000000,90.453079,0.02831941,0.03934017,0.00000000,1,0
960000.000,3.610000,29.299999,34.500,64.540222,3.822303,0.00538965,12.000000,90.453079,0.02757708,0.03931661,0.00000000,1,0
961000.000,3.580000,31.900000,34.500,64.450104,3.821538,0.00538907,12.000000,90.453079,0.02825292,0.03959792,0.00000000,1,0
962000.000,3.580000,23.500000,34.500,64.355759,3.820736,0.00539295,12.000000,90.453079,0.02924823,0.03996465,0.00000000,1,0
963000.000,3.560000,0.500000,34.500,64.285591,3.820141,0.00539249,12.000000,90.453079,0.02884143,0.04002747,0.00000000,1,0
964000.000,3.560000,29.200001,34.500,64.261993,3.819940,0.00539657,12.000000,90.453079,0.02497846,0.03928118,0.00000000,1,0
965000.000,3.570000,26.600000,34.750,64.172592,3.819181,0.00540042,12.000000,90.453079,0.02604233,0.03955670,0.00000000,1,0
966000.000,3.570000,0.000000,34.750,64.095963,3.818530,0.00539958,12.000000,90.453079,0.02657672,0.03973508,0.00000000,1,0
967000.000,3.610000,-0.500000,34.750,64.083000,3.818420,0.00539853,12.000000,90.453079,0.02295377,0.03898108,0.00000000,1,0
968000.000,3.740000,-0.500000,34.500,64.079437,3.818390,0.00539827,12.000000,90.453079,0.01974807,0.03822422,0.00000000,1,0
969000.000,3.740000,20.500000,34.500,64.069473,3.818305,0.00539009,12.000000,90.453079,0.01697942,0.03748181,0.00000000,1,0
970000.000,3.740000,20.799999,34.500,64.010864,3.817807,0.00538155,12.000000,90.453079,0.01782513,0.03748604,0.00000000,1,0
971000.000,3.640000,32.500000,34.500,63.943558,3.817236,0.00537323,12.000000,90.453079,0.01860890,0.03750054,0.00000000,1,0
972000.000,3.540000,32.799999,34.500,63.845299,3.816401,0.00537823,12.000000,90.453079,0.02110429,0.03792103,0.00000000,1,0
973000.000,3.540000,-0.800000,34.500,63.753235,3.815620,0.00537653,12.000000,90.453079,0.02332422,0.03834253,0.00000000,1,0
974000.000,3.540000,29.100000,34.500,63.732498,3.815444,0.00538340,12.000000,90.453079,0.02003096,0.03759465,0.00000000,1,0
975000.000,3.650000,32.099998,34.750,63.646881,3.814716,0.00537336,12.000000,90.453079,0.02184101,0.03789294,0.00000000,1,0
976000.000,3.760000,0.500000,34.750,63.569195,3.814057,0.00537322,12.000000,90.453079,0.02388760,0.03828795,0.00000000,1,0
977000.000,3.760000,0.000000,34.750,63.564808,3.814019,0.00537310,12.000000,90.453079,0.02072609,0.03758974,0.00000000,1,0
978000.000,3.760000,28.900000,34.750,63.553082,3.813920,0.00535334,12.000000,90.453079,0.01791523,0.03688751,0.00000000,1,0
979000.000,3.760000,27.100000,34.750,63.474934,3.813256,0.00533570,12.000000,90.453079,0.02001002,0.03719020,0.00000000,1,0
980000.000,3.760000,35.700001,34.750,63.399143,3.812613,0.00530531,12.000000,90.453079,0.02155092,0.03742478,0.00000000,1,0
981000.000,3.550000,6.500000,34.500,63.299568,3.811767,0.00530905,12.000000,90.453079,0.02424734,0.03794799,0.00000000,1,0
982000.000,3.550000,-0.300000,34.500,63.269085,3.811508,0.00530791,12.000000,90.453079,0.02199203,0.03746576,0.00000000,1,0
983000.000,3.740000,22.000000,34.750,63.258839,3.811421,0.00529811,12.000000,90.453079,0.01896985,0.03676161,0.00000000,1,0
984000.000,3.640000,31.600000,34.750,63.189651,3.810833,0.00529032,12.000000,90.453079,0.01987898,0.03682885,0.00000000,1,0
985000.000,3.640000,34.700001,34.750,63.097511,3.810051,0.00527898,12.000000,90.453079,0.02219357,0.03722028,0.00000000,1,0
986000.000,3.640000,0.100000,34.750,63.006477,3.809278,0.00527847,12.000000,90.453079,0.02470370,0.03770810,0.00000000,1,0
987000.000,3.640000,0.000000,34.750,62.995560,3.809185,0.00527791,12.000000,90.453079,0.02138516,0.03701830,0.00000000,1,0
988000.000,3.640000,11.000000,34.750,62.982281,3.809072,0.00527995,12.000000,90.453079,0.01849888,0.03633801,0.00000000,1,0
989000.000,3.640000,12.900000,34.750,62.943150,3.808740,0.00528194,12.000000,90.453079,0.01775462,0.03604126,0.00000000,1,0
990000.000,3.640000,7.900000,34.750,62.900723,3.808380,0.00528382,12.000000,90.453079,0.01741665,0.03581423,0.00000000,1,0
991000.000,3.640000,1.300000,34.750,62.871437,3.808131,0.00528385,12.000000,90.453079,0.01632927,0.03542348,0.00000000,1,0
992000.000,3.640000,3.500000,34.750,62.856834,3.808007,0.00528476,12.000000,90.453079,0.01433526,0.03481847,0.00000000,1,0
993000.000,3.740000,31.700001,34.750,62.835960,3.807830,0.00526482,12.000000,90.453079,0.01296222,0.03429866,0.00000000,1,0
994000.000,3.540000,29.600000,34.500,62.740730,3.807021,0.00527142,12.000000,90.453079,0.01628718,0.03473497,0.00000000,1,0
995000.000,3.520000,32.700001,34.750,62.649601,3.806247,0.00527872,12.000000,90.453079,0.01884338,0.03509166,0.00000000,1,0
996000.000,3.500000,30.900000,34.750,62.551022,3.805410,0.00528875,12.000000,90.453079,0.02156917,0.03554418,0.00000000,1,0
997000.000,3.500000,-0.400000,34.750,62.462067,3.804655,0.00528733,12.000000,90.453079,0.02365553,0.03592712,0.00000000,1,0
998000.000,3.500000,2.100000,34.750,62.444912,3.804509,0.00528840,12.000000,90.453079,0.02041042,0.03526353,0.00000000,1,0
999000.000,3.740000,26.299999,35.000,62.428699,3.804371,0.00527421,12.000000,90.453079,0.01800677,0.03469515,0.00000000,1,0
1000000.000,3.740000,25.299999,35.000,62.356750,3.803760,0.00526090,12.000000,90.453079,0.01984796,0.03493940,0.00000000,1,0
1001000.000,3.570000,35.799999,35.000,62.276871,3.803082,0.00525841,12.000000,90.453079,0.02129007,0.03514553,0.00000000,1,0
1002000.000,3.480000,24.299999,35.000,62.171513,3.802187,0.00527086,12.000000,90.453079,0.02425957,0.03569377,0.00000000,1,0
1003000.000,3.480000,31.400000,35.000,62.092144,3.801513,0.00528214,12.000000,90.453079,0.02497321,0.03585208,0.00000000,1,0
1004000.000,3.480000,25.600000,35.000,61.996956,3.800705,0.00529398,12.000000,90.453079,0.02676515,0.03624001,0.00000000,1,0
1005000.000,3.480000,29.000000,35.000,61.914921,3.800008,0.00530515,12.000000,90.453079,0.02738151,0.03643002,0.00000000,1,0
1006000.000,3.540000,31.200001,35.250,61.826431,3.799257,0.00530794,12.000000,90.453079,0.02848762,0.03672703,0.00000000,1,0
1007000.000,3.540000,-1.300000,35.250,61.739532,3.798519,0.00530607,12.000000,90.453079,0.02982394,0.03708946,0.00000000,1,0
1008000.000,3.730000,-0.500000,35.250,61.738480,3.798510,0.00530589,12.000000,90.453079,0.02561603,0.03638922,0.00000000,1,0
1009000.000,3.730000,28.900000,35.250,61.727661,3.798418,0.00528893,12.000000,90.453079,0.02210394,0.03572739,0.00000000,1,0
1010000.000,3.730000,21.200001,35.250,61.650501,3.797763,0.00527976,12.000000,90.453079,0.02393190,0.03603171,0.00000000,1,0
1011000.000,3.610000,32.200001,35.250,61.582428,3.797184,0.00527353,12.000000,90.453079,0.02424958,0.03608049,0.00000000,1,0
1012000.000,3.550000,32.000000,35.250,61.486961,3.796374,0.00527464,12.000000,90.453079,0.02636384,0.03648371,0.00000000,1,0
1013000.000,3.550000,-0.600000,35.250,61.398750,3.795624,0.00527342,12.000000,90.453079,0.02817975,0.03687212,0.00000000,1,0
1014000.000,3.710000,-0.400000,35.250,61.394901,3.795592,0.00527314,12.000000,90.453079,0.02431287,0.03620471,0.00000000,1,0
1015000.000,3.710000,27.299999,35.250,61.383469,3.795495,0.00526029,12.000000,90.453079,0.02099635,0.03555553,0.00000000,1,0
1016000.000,3.710000,25.000000,35.500,61.308468,3.794858,0.00524951,12.000000,90.453079,0.02276183,0.03580792,0.00000000,1,0
1017000.000,3.710000,28.200001,35.500,61.238171,3.794261,0.00523535,12.000000,90.453079,0.02391721,0.03598149,0.00000000,1,0
1018000.000,3.530000,30.000000,35.250,61.151878,3.793528,0.00523985,12.000000,90.453079,0.02546697,0.03625394,0.00000000,1,0
1019000.000,3.490000,27.200001,35.500,61.060722,3.792754,0.00524930,12.000000,90.453079,0.02712769,0.03657828,0.00000000,1,0
1020000.000,3.490000,0.000000,35.500,60.980659,3.792074,0.00524834,12.000000,90.453079,0.02810901,0.03680687,0.00000000,1,0
1021000.000,3.490000,-0.100000,35.500,60.963589,3.791929,0.00524729,12.000000,90.453079,0.02435816,0.03616714,0.00000000,1,0
1022000.000,3.490000,25.200001,35.500,60.942356,3.791749,0.00525757,12.000000,90.453079,0.02109104,0.03553566,0.00000000,1,0
1023000.000,3.720000,15.300000,35.500,60.875225,3.791179,0.00525326,12.000000,90.453079,0.02255718,0.03571796,0.00000000,1,0
1024000.000,3.720000,31.700001,35.500,60.827362,3.790772,0.00523392,12.000000,90.453079,0.02215254,0.03558327,0.00000000,1,0
1025000.000,3.500000,32.000000,35.500,60.732300,3.789965,0.00524080,12.000000,90.453079,0.02460223,0.03596948,0.00000000,1,0
1026000.000,3.500000,23.000000,35.500,60.637451,3.789159,0.00524936,12.000000,90.453079,0.02679414,0.03635729,0.00000000,1,0
1027000.000,3.500000,20.200001,35.500,60.563755,3.788533,0.00525780,12.000000,90.453079,0.02716785,0.03645428,0.00000000,1,0
1028000.000,3.590000,0.500000,35.500,60.505112,3.788036,0.00525744,12.000000,90.453079,0.02702048,0.03646145,0.00000000,1,0
1029000.000,3.550000,-0.200000,35.750,60.490299,3.787910,0.00525656,12.000000,90.453079,0.02350611,0.03585136,0.00000000,1,0
1030000.000,3.550000,0.000000,35.750,60.477066,3.787797,0.00525581,12.000000,90.453079,0.02033953,0.03523005,0.00000000,1,0
1031000.000,3.720000,7.100000,35.750,60.470791,3.787744,0.00525500,12.000000,90.453079,0.01762944,0.03462587,0.00000000,1,0
1032000.000,3.720000,32.799999,35.750,60.441895,3.787499,0.00523496,12.000000,90.453079,0.01650503,0.03425433,0.00000000,1,0
1033000.000,3.520000,30.200001,35.500,60.345226,3.786678,0.00524043,12.000000,90.453079,0.01996840,0.03469294,0.00000000,1,0
1034000.000,3.520000,30.400000,35.500,60.254616,3.785908,0.00524535,12.000000,90.453079,0.02253862,0.03504166,0.00000000,1,0
1035000.000,3.490000,21.200001,35.500,60.163708,3.785136,0.00525452,12.000000,90.453079,0.02481735,0.03538964,0.00000000,1,0
1036000.000,3.490000,22.500000,35.500,60.094025,3.784544,0.00526361,12.000000,90.453079,0.02520620,0.03544531,0.00000000,1,0
1037000.000,3.530000,22.900000,35.750,60.022362,3.783936,0.00526912,12.000000,90.453079,0.02577916,0.03554008,0.00000000,1,0
1038000.000,3.530000,20.200001,35.750,59.950073,3.783362,0.00527486,12.000000,90.453079,0.02635555,0.03564531,0.00000000,1,0
1039000.000,3.540000,26.500000,36.000,59.883732,3.782852,0.00527824,12.000000,90.453079,0.02638370,0.03566479,0.00000000,1,0
1040000.000,3.540000,23.500000,36.000,59.803146,3.782232,0.00528237,12.000000,90.453079,0.02750813,0.03587811,0.00000000,1,0
1041000.000,3.540000,34.200001,36.000,59.728546,3.781658,0.00528126,12.000000,90.453079,0.02795491,0.03599429,0.00000000,1,0
1042000.000,3.490000,2.600000,36.000,59.632504,3.780919,0.00528244,12.000000,90.453079,0.03020840,0.03643961,0.00000000,1,0
1043000.000,3.710000,-0.200000,36.000,59.622162,3.780839,0.00528226,12.000000,90.453079,0.02664198,0.03589551,0.00000000,1,0
1044000.000,3.710000,-0.200000,36.000,59.618290,3.780810,0.00528207,12.000000,90.453079,0.02306160,0.03527356,0.00000000,1,0
1045000.000,3.710000,32.000000,36.000,59.606464,3.780719,0.00526334,12.000000,90.453079,0.01995770,0.03466221,0.00000000,1,0
1046000.000,3.710000,28.700001,36.000,59.520870,3.780060,0.00524809,12.000000,90.453079,0.02288457,0.03506155,0.00000000,1,0
1047000.000,3.710000,34.099998,36.000,59.441860,3.779453,0.00522617,12.000000,90.453079,0.02484208,0.03535099,0.00000000,1,0
1048000.000,3.460000,33.099998,35.750,59.341080,3.778677,0.00523546,12.000000,90.453079,0.02747583,0.03580315,0.00000000,1,0
1049000.000,3.460000,38.000000,35.750,59.242226,3.777917,0.00524210,12.000000,90.453079,0.02957935,0.03621592,0.00000000,1,0
1050000.000,3.480000,31.299999,36.000,59.133232,3.777078,0.00524867,12.000000,90.453079,0.03224923,0.03677419,0.00000000,1,0
1051000.000,3.520000,26.100000,36.250,59.041309,3.776371,0.00525261,12.000000,90.453079,0.03339367,0.03711271,0.00000000,1,0
1052000.000,3.520000,23.799999,36.250,58.961689,3.775759,0.00525710,12.000000,90.453079,0.03347909,0.03728172,0.00000000,1,0
1053000.000,3.520000,25.000000,36.250,58.887321,3.775187,0.00526123,12.000000,90.453079,0.03315112,0.03737484,0.00000000,1,0
1054000.000,3.540000,2.400000,36.500,58.815838,3.774637,0.00526187,12.000000,90.453079,0.03307173,0.03750326,0.00000000,1,0
1055000.000,3.700000,0.600000,36.500,58.805561,3.774558,0.00526170,12.000000,90.453079,0.02908861,0.03691759,0.00000000,1,0
1056000.000,3.700000,0.800000,36.500,58.799381,3.774510,0.00526154,12.000000,90.453079,0.02532372,0.03628537,0.00000000,1,0
1057000.000,3.700000,29.299999,36.250,58.785839,3.774406,0.00524653,12.000000,90.453079,0.02209418,0.03567047,0.00000000,1,0
1058000.000,3.700000,22.200001,36.250,58.707874,3.773806,0.00523794,12.000000,90.453079,0.02422516,0.03596334,0.00000000,1,0
1059000.000,3.700000,41.000000,36.250,58.642239,3.773302,0.00520752,12.000000,90.453079,0.02484145,0.03602671,0.00000000,1,0
1060000.000,3.470000,38.400002,36.250,58.525806,3.772406,0.00521187,12.000000,90.453079,0.02862139,0.03668149,0.00000000,1,0
1061000.000,3.480000,26.200001,36.500,58.416843,3.771568,0.00521920,12.000000,90.453079,0.03144198,0.03724230,0.00000000,1,0
1062000.000,3.480000,20.799999,36.500,58.336670,3.770951,0.00522684,12.000000,90.453079,0.03177754,0.03740639,0.00000000,1,0
1063000.000,3.520000,26.600000,36.500,58.269508,3.770434,0.00523020,12.000000,90.453079,0.03113497,0.03739554,0.00000000,1,0
1064000.000,3.520000,24.900000,36.500,58.189129,3.769816,0.00523396,12.000000,90.453079,0.03157388,0.03756818,0.00000000,1,0
1065000.000,3.520000,33.799999,36.500,58.111912,3.769222,0.00523362,12.000000,90.453079,0.03165856,0.03768291,0.00000000,1,0
1066000.000,3.500000,27.600000,36.750,58.014225,3.768471,0.00523804,12.000000,90.453079,0.03325829,0.03807800,0.00000000,1,0
1067000.000,3.490000,-6.100000,36.750,57.936661,3.767874,0.00523207,12.000000,90.453079,0.03357549,0.03826770,0.00000000,1,0
1068000.000,3.490000,0.300000,36.750,57.935543,3.767865,0.00523147,12.000000,90.453079,0.02806593,0.03737755,0.00000000,1,0
1069000.000,3.690000,11.400000,36.750,57.927006,3.767800,0.00522950,12.000000,90.453079,0.02438664,0.03670783,0.00000000,1,0
1070000.000,3.690000,32.599998,36.750,57.888348,3.767502,0.00521162,12.000000,90.453079,0.02310041,0.03640443,0.00000000,1,0
1071000.000,3.650000,31.700001,36.500,57.798748,3.766813,0.00519884,12.000000,90.453079,0.02561947,0.03678310,0.00000000,1,0
1072000.000,3.650000,0.900000,36.500,57.718151,3.766193,0.00519866,12.000000,90.453079,0.02764465,0.03712553,0.00000000,1,0
1073000.000,3.680000,1.200000,36.750,57.710545,3.766135,0.00519852,12.000000,90.453079,0.02412435,0.03647451,0.00000000,1,0
1074000.000,3.680000,20.000000,36.750,57.697754,3.766036,0.00519296,12.000000,90.453079,0.02112330,0.03584485,0.00000000,1,0
1075000.000,3.680000,21.600000,36.750,57.641159,3.765601,0.00518629,12.000000,90.453079,0.02173847,0.03582887,0.00000000,1,0
1076000.000,3.680000,6.300000,36.750,57.584320,3.765164,0.00518592,12.000000,90.453079,0.02254367,0.03586379,0.00000000,1,0
1077000.000,3.540000,2.500000,36.500,57.556828,3.764952,0.00518663,12.000000,90.453079,0.02062443,0.03540622,0.00000000,1,0
1078000.000,3.540000,9.800000,36.500,57.536430,3.764795,0.00519012,12.000000,90.453079,0.01831061,0.03483449,0.00000000,1,0
1079000.000,3.670000,27.000000,36.500,57.501942,3.764530,0.00518055,12.000000,90.453079,0.01755152,0.03450740,0.00000000,1,0
1080000.000,3.520000,37.500000,36.500,57.419987,3.763900,0.00517922,12.000000,90.453079,0.01983055,0.03473868,0.00000000,1,0
1081000.000,3.520000,33.700001,36.500,57.314144,3.763085,0.00517967,12.000000,90.453079,0.02359496,0.03530302,0.00000000,1,0
1082000.000,3.520000,37.400002,36.500,57.216827,3.762337,0.00517727,12.000000,90.453079,0.02620466,0.03573406,0.00000000,1,0
1083000.000,3.460000,-0.100000,36.500,57.113987,3.761546,0.00517631,12.000000,90.453079,0.02909230,0.03627607,0.00000000,1,0
1084000.000,3.460000,19.700001,36.500,57.095100,3.761400,0.00518491,12.000000,90.453079,0.02520953,0.03559432,0.00000000,1,0
1085000.000,3.590000,27.100000,37.000,57.033710,3.760928,0.00518154,12.000000,90.453079,0.02521090,0.03556568,0.00000000,1,0
1086000.000,3.530000,36.200001,37.000,56.952202,3.760301,0.00517848,12.000000,90.453079,0.02646816,0.03577652,0.00000000,1,0
1087000.000,3.530000,35.799999,37.000,56.849735,3.759513,0.00517524,12.000000,90.453079,0.02910054,0.03627787,0.00000000,1,0
1088000.000,3.530000,37.900002,37.000,56.748081,3.758731,0.00517004,12.000000,90.453079,0.03130915,0.03675631,0.00000000,1,0
1089000.000,3.460000,38.299999,37.000,56.639862,3.757898,0.00517306,12.000000,90.453079,0.03357432,0.03729355,0.00000000,1,0
1090000.000,3.460000,33.099998,37.000,56.531258,3.757063,0.00517815,12.000000,90.453079,0.03559952,0.03783316,0.00000000,1,0
1091000.000,3.490000,38.700001,37.250,56.434982,3.756322,0.00517634,12.000000,90.453079,0.03646920,0.03819210,0.00000000,1,0
1092000.000,3.440000,31.400000,37.250,56.325237,3.755478,0.00518354,12.000000,90.453079,0.03816453,0.03872667,0.00000000,1,0
1093000.000,3.440000,1.000000,37.250,56.235481,3.754788,0.00518343,12.000000,90.453079,0.03839531,0.03901111,0.00000000,1,0
1094000.000,3.660000,-0.200000,37.500,56.227665,3.754728,0.00518318,12.000000,90.453079,0.03346337,0.03829112,0.00000000,1,0
1095000.000,3.660000,15.600000,37.500,56.218952,3.754661,0.00518017,12.000000,90.453079,0.02898423,0.03754543,0.00000000,1,0
1096000.000,3.580000,39.099998,37.250,56.165535,3.754250,0.00516751,12.000000,90.453079,0.02776462,0.03733279,0.00000000,1,0
1097000.000,3.580000,47.299999,37.250,56.057060,3.753415,0.00514522,12.000000,90.453079,0.03066661,0.03789579,0.00000000,1,0
1098000.000,3.350000,44.200001,37.250,55.925159,3.752401,0.00515910,12.000000,90.453079,0.03455677,0.03871742,0.00000000,1,0
1099000.000,3.330000,-0.500000,37.500,55.803150,3.751462,0.00515741,12.000000,90.453079,0.03739865,0.03942068,0.00000000,1,0
1100000.000,3.330000,17.000000,37.500,55.783039,3.751307,0.00517102,12.000000,90.453079,0.03234686,0.03863150,0.00000000,1,0
1101000.000,3.330000,32.000000,37.500,55.721546,3.750834,0.00518951,12.000000,90.453079,0.03090469,0.03843620,0.00000000,1,0
1102000.000,3.470000,34.500000,37.750,55.628174,3.750116,0.00519220,12.000000,90.453079,0.03216961,0.03874042,0.00000000,1,0
1103000.000,3.470000,34.700001,37.750,55.529076,3.749354,0.00519447,12.000000,90.453079,0.03368077,0.03912068,0.00000000,1,0
1104000.000,3.430000,43.599998,37.750,55.427814,3.748575,0.00519621,12.000000,90.453079,0.03501913,0.03949924,0.00000000,1,0
1105000.000,3.370000,-1.000000,38.000,55.308533,3.747657,0.00519421,12.000000,90.453079,0.03766323,0.04016564,0.00000000,1,0
1106000.000,3.370000,-0.500000,38.000,55.292439,3.747534,0.00519270,12.000000,90.453079,0.03249339,0.03933081,0.00000000,1,0
1107000.000,3.370000,15.600000,38.000,55.273735,3.747390,0.00520330,12.000000,90.453079,0.02809382,0.03852884,0.00000000,1,0
1108000.000,3.570000,23.299999,38.000,55.222736,3.746997,0.00520208,12.000000,90.453079,0.02696862,0.03827964,0.00000000,1,0
1109000.000,3.570000,48.500000,38.000,55.150986,3.746445,0.00517971,12.000000,90.453079,0.02727745,0.03829164,0.00000000,1,0
1110000.000,3.380000,40.599998,37.750,55.017418,3.745418,0.00518976,12.000000,90.453079,0.03174786,0.03914506,0.00000000,1,0
1111000.000,3.380000,-1.300000,37.750,54.905586,3.744558,0.00518755,12.000000,90.453079,0.03429731,0.03971643,0.00000000,1,0
1112000.000,3.650000,26.600000,38.000,54.897438,3.744495,0.00517785,12.000000,90.453079,0.02952530,0.03886850,0.00000000,1,0
1113000.000,3.650000,15.600000,38.000,54.826992,3.743953,0.00517485,12.000000,90.453079,0.03003152,0.03897458,0.00000000,1,0
1114000.000,3.560000,0.000000,38.250,54.781013,3.743599,0.00517436,12.000000,90.453079,0.02863760,0.03870765,0.00000000,1,0
1115000.000,3.560000,-0.300000,38.250,54.771198,3.743524,0.00517376,12.000000,90.453079,0.02483376,0.03792021,0.00000000,1,0
1116000.000,3.650000,0.000000,38.000,54.766472,3.743488,0.00517352,12.000000,90.453079,0.02148529,0.03713841,0.00000000,1,0
1117000.000,3.650000,20.799999,38.000,54.756557,3.743411,0.00516870,12.000000,90.453079,0.01863146,0.03638250,0.00000000,1,0
1118000.000,3.650000,39.000000,38.000,54.694378,3.742933,0.00514817,12.000000,90.453079,0.01961441,0.03634200,0.00000000,1,0
1119000.000,3.650000,41.299999,38.000,54.589634,3.742127,0.00512446,12.000000,90.453079,0.02348836,0.03691482,0.00000000,1,0
1120000.000,3.470000,39.099998,38.000,54.475075,3.741246,0.00512455,12.000000,90.453079,0.02722283,0.03755307,0.00000000,1,0
1121000.000,3.470000,34.500000,38.000,54.366089,3.740408,0.00512662,12.000000,90.453079,0.03008887,0.03810332,0.00000000,1,0
1122000.000,3.440000,27.100000,38.250,54.267735,3.739651,0.00513349,12.000000,90.453079,0.03180552,0.03848565,0.00000000,1,0
1123000.000,3.430000,36.700001,38.250,54.185455,3.739018,0.00513843,12.000000,90.453079,0.03206432,0.03860791,0.00000000,1,0
1124000.000,3.430000,38.299999,38.500,54.080879,3.738214,0.00514226,12.000000,90.453079,0.03387214,0.03905294,0.00000000,1,0
1125000.000,3.430000,37.099998,38.500,53.972782,3.737382,0.00514625,12.000000,90.453079,0.03569783,0.03954232,0.00000000,1,0
1126000.000,3.450000,41.900002,38.500,53.867592,3.736573,0.00514483,12.000000,90.453079,0.03707632,0.03997966,0.00000000,1,0
1127000.000,3.450000,36.099998,38.500,53.751873,3.735683,0.00514640,12.000000,90.453079,0.03905644,0.04057099,0.00000000,1,0
1128000.000,3.470000,38.299999,38.750,53.649937,3.734899,0.00514429,12.000000,90.453079,0.03981084,0.04095036,0.00000000,1,0
1129000.000,3.470000,37.799999,38.750,53.543026,3.734076,0.00514226,12.000000,90.453079,0.04082087,0.04139611,0.00000000,1,0
1130000.000,3.370000,34.400002,38.750,53.435326,3.733248,0.00515209,12.000000,90.453079,0.04160792,0.04181416,0.00000000,1,0
1131000.000,3.370000,9.300000,38.750,53.337627,3.732496,0.00515764,12.000000,90.453079,0.04172579,0.04210500,0.00000000,1,0
1132000.000,3.610000,38.000000,38.750,53.301353,3.732217,0.00513995,12.000000,90.453079,0.03770702,0.04152209,0.00000000,1,0
1133000.000,3.360000,30.799999,38.750,53.193317,3.731386,0.00515126,12.000000,90.453079,0.03892573,0.04194181,0.00000000,1,0
1134000.000,3.400000,31.500000,39.000,53.102856,3.730690,0.00515870,12.000000,90.453079,0.03879697,0.04210220,0.00000000,1,0
1135000.000,3.570000,38.299999,39.000,53.014362,3.730010,0.00514487,12.000000,90.453079,0.03879529,0.04228198,0.00000000,1,0
1136000.000,3.360000,0.300000,39.000,52.908432,3.729195,0.00514421,12.000000,90.453079,0.03990079,0.04269253,0.00000000,1,0
1137000.000,3.360000,0.500000,39.000,52.890438,3.729056,0.00514372,12.000000,90.453079,0.03464784,0.04177144,0.00000000,1,0
1138000.000,3.620000,3.100000,39.000,52.882565,3.728996,0.00514367,12.000000,90.453079,0.03012550,0.04087679,0.00000000,1,0
1139000.000,3.620000,13.600000,39.000,52.866600,3.728873,0.00514228,12.000000,90.453079,0.02662851,0.04009186,0.00000000,1,0
1140000.000,3.530000,15.000000,38.750,52.821499,3.728526,0.00514425,12.000000,90.453079,0.02530995,0.03968899,0.00000000,1,0
1141000.000,3.590000,15.900000,38.750,52.776165,3.728177,0.00514355,12.000000,90.453079,0.02439400,0.03934257,0.00000000,1,0
1142000.000,3.590000,38.299999,38.750,52.724396,3.727779,0.00512945,12.000000,90.453079,0.02374541,0.03903404,0.00000000,1,0
1143000.000,3.590000,44.700001,38.750,52.620304,3.726978,0.00510839,12.000000,90.453079,0.02683287,0.03951262,0.00000000,1,0
1144000.000,3.390000,42.900002,38.750,52.497162,3.726031,0.00511344,12.000000,90.453079,0.03054584,0.04020342,0.00000000,1,0
1145000.000,3.390000,33.200001,38.750,52.378738,3.725120,0.00512146,12.000000,90.453079,0.03346381,0.04081517,0.00000000,1,0
1146000.000,3.440000,29.000000,39.000,52.284397,3.724394,0.00512587,12.000000,90.453079,0.03440997,0.04107191,0.00000000,1,0
1147000.000,3.440000,38.500000,39.000,52.199001,3.723737,0.00512644,12.000000,90.453079,0.03454357,0.04117388,0.00000000,1,0
1148000.000,3.400000,41.700001,39.250,52.090645,3.722904,0.00512951,12.000000,90.453079,0.03619613,0.04160669,0.00000000,1,0
1149000.000,3.400000,0.000000,39.250,51.978374,3.722040,0.00512871,12.000000,90.453079,0.03814077,0.04214147,0.00000000,1,0
1150000.000,3.590000,0.100000,39.250,51.971371,3.721987,0.00512842,12.000000,90.453079,0.03307055,0.04118854,0.00000000,1,0
1151000.000,3.590000,14.900000,39.250,51.961224,3.721909,0.00512753,12.000000,90.453079,0.02869051,0.04026045,0.00000000,1,0
1152000.000,3.520000,21.000000,39.250,51.912071,3.721530,0.00512861,12.000000,90.453079,0.02728758,0.03987648,0.00000000,1,0
1153000.000,3.520000,36.400002,39.250,51.847488,3.721034,0.00512270,12.000000,90.453079,0.02705654,0.03971590,0.00000000,1,0
1154000.000,3.410000,-0.700000,39.000,51.747902,3.720268,0.00512142,12.000000,90.453079,0.02934326,0.04010340,0.00000000,1,0
1155000.000,3.410000,-0.300000,39.000,51.734150,3.720162,0.00512041,12.000000,90.453079,0.02532899,0.03916356,0.00000000,1,0
1156000.000,3.410000,18.299999,39.000,51.717865,3.720037,0.00512781,12.000000,90.453079,0.02191300,0.03825887,0.00000000,1,0
1157000.000,3.410000,7.300000,39.000,51.659512,3.719588,0.00513144,12.000000,90.453079,0.02195397,0.03803509,0.00000000,1,0
1158000.000,3.410000,7.600000,39.000,51.626606,3.719334,0.00513526,12.000000,90.453079,0.02021288,0.03742392,0.00000000,1,0
1159000.000,3.550000,-0.200000,39.000,51.600403,3.719133,0.00513478,12.000000,90.453079,0.01875124,0.03683647,0.00000000,1,0
1160000.000,3.550000,1.300000,39.000,51.591969,3.719068,0.00513476,12.000000,90.453079,0.01622577,0.03598405,0.00000000,1,0
1161000.000,3.550000,6.200000,39.000,51.579105,3.718969,0.00513588,12.000000,90.453079,0.01427796,0.03520433,0.00000000,1,0
1162000.000,3.600000,4.700000,38.750,51.557446,3.718802,0.00513620,12.000000,90.453079,0.01337911,0.03461663,0.00000000,1,0
1163000.000,3.600000,31.900000,38.750,51.533379,3.718617,0.00512758,12.000000,90.453079,0.01235776,0.03398841,0.00000000,1,0
1164000.000,3.600000,44.799999,38.750,51.444977,3.717937,0.00510679,12.000000,90.453079,0.01585552,0.03434354,0.00000000,1,0
1165000.000,3.370000,35.500000,38.750,51.322277,3.716993,0.00511699,12.000000,90.453079,0.02096096,0.03515019,0.00000000,1,0
1166000.000,3.370000,1.300000,38.750,51.223938,3.716237,0.00511716,12.000000,90.453079,0.02388311,0.03560510,0.00000000,1,0
1167000.000,3.370000,0.100000,38.750,51.204872,3.716090,0.00511638,12.000000,90.453079,0.02091567,0.03482252,0.00000000,1,0
1168000.000,3.620000,24.900000,39.000,51.194370,3.716009,0.00511028,12.000000,90.453079,0.01815003,0.03401455,0.00000000,1,0
1169000.000,3.480000,36.599998,39.000,51.120216,3.715439,0.00510919,12.000000,90.453079,0.01973608,0.03411460,0.00000000,1,0
1170000.000,3.480000,32.400002,39.000,51.019405,3.714664,0.00510968,12.000000,90.453079,0.02298643,0.03463143,0.00000000,1,0
1171000.000,3.340000,43.099998,39.250,50.924980,3.713937,0.00512014,12.000000,90.453079,0.02512507,0.03498427,0.00000000,1,0
1172000.000,3.340000,24.299999,39.250,50.806610,3.713027,0.00513172,12.000000,90.453079,0.02868887,0.03571346,0.00000000,1,0
1173000.000,3.340000,39.500000,39.250,50.731182,3.712446,0.00514245,12.000000,90.453079,0.02876155,0.03574577,0.00000000,1,0
1174000.000,3.380000,39.599998,39.500,50.621193,3.711600,0.00514835,12.000000,90.453079,0.03125265,0.03632587,0.00000000,1,0
1175000.000,3.380000,34.099998,39.500,50.511230,3.710754,0.00515558,12.000000,90.453079,0.03342140,0.03689494,0.00000000,1,0
1176000.000,3.380000,-0.300000,39.500,50.417007,3.710030,0.00515457,12.000000,90.453079,0.03441681,0.03724973,0.00000000,1,0
1177000.000,3.380000,-0.700000,39.500,50.402443,3.709918,0.00515326,12.000000,90.453079,0.02978896,0.03634315,0.00000000,1,0
1178000.000,3.380000,12.900000,39.500,50.387627,3.709804,0.00515963,12.000000,90.453079,0.02571315,0.03544330,0.00000000,1,0
1179000.000,3.380000,16.500000,39.500,50.341034,3.709445,0.00516723,12.000000,90.453079,0.02434783,0.03505971,0.00000000,1,0
1180000.000,3.520000,27.000000,39.500,50.288563,3.709042,0.00516610,12.000000,90.453079,0.02373686,0.03481535,0.00000000,1,0
1181000.000,3.500000,42.099998,39.500,50.210052,3.708438,0.00515777,12.000000,90.453079,0.02487812,0.03495868,0.00000000,1,0
1182000.000,3.500000,0.200000,39.500,50.102390,3.707610,0.00515735,12.000000,90.453079,0.02826736,0.03564888,0.00000000,1,0
1183000.000,3.590000,-0.400000,39.750,50.095947,3.707560,0.00515702,12.000000,90.453079,0.02453649,0.03478815,0.00000000,1,0
1184000.000,3.590000,12.200000,39.750,50.088459,3.707502,0.00515672,12.000000,90.453079,0.02120682,0.03392620,0.00000000,1,0
1185000.000,3.590000,29.700001,39.750,50.047844,3.707190,0.00514917,12.000000,90.453079,0.02032343,0.03354628,0.00000000,1,0
1186000.000,3.430000,38.299999,39.750,49.961899,3.706506,0.00515098,12.000000,90.453079,0.02233777,0.03381576,0.00000000,1,0
1187000.000,3.430000,35.799999,39.750,49.856339,3.705630,0.00515342,12.000000,90.453079,0.02544871,0.03439160,0.00000000,1,0
1188000.000,3.430000,30.900000,39.750,49.757042,3.704806,0.00515722,12.000000,90.453079,0.02775078,0.03485756,0.00000000,1,0
1189000.000,3.350000,0.200000,39.750,49.669880,3.704083,0.00515654,12.000000,90.453079,0.02896963,0.03513107,0.00000000,1,0
1190000.000,3.590000,-0.200000,40.000,49.663628,3.704031,0.00515625,12.000000,90.453079,0.02514513,0.03429141,0.00000000,1,0
1191000.000,3.590000,-0.200000,40.000,49.658287,3.703986,0.00515596,12.000000,90.453079,0.02176611,0.03345783,0.00000000,1,0
1192000.000,3.590000,8.300000,40.000,49.651310,3.703928,0.00515613,12.000000,90.453079,0.01883689,0.03264453,0.00000000,1,0
1193000.000,3.580000,30.600000,39.750,49.619308,3.703663,0.00514893,12.000000,90.453079,0.01764963,0.03215639,0.00000000,1,0
1194000.000,3.580000,40.200001,39.750,49.534924,3.702963,0.00513398,12.000000,90.453079,0.02016812,0.03248005,0.00000000,1,0
1195000.000,3.370000,44.599998,39.750,49.423702,3.702040,0.00513880,12.000000,90.453079,0.02388073,0.03313584,0.00000000,1,0
1196000.000,3.370000,34.700001,39.750,49.302719,3.701036,0.00514647,12.000000,90.453079,0.02780252,0.03392636,0.00000000,1,0
1197000.000,3.370000,27.600000,39.750,49.205162,3.700227,0.00515482,12.000000,90.453079,0.02962885,0.03434256,0.00000000,1,0
1198000.000,3.400000,1.000000,40.250,49.127068,3.699578,0.00515471,12.000000,90.453079,0.03008294,0.03449678,0.00000000,1,0
1199000.000,3.400000,-0.500000,40.250,49.110668,3.699442,0.00515366,12.000000,90.453079,0.02623811,0.03371857,0.00000000,1,0
1200000.000,3.600000,0.000000,40.250,49.106709,3.699409,0.00515344,12.000000,90.453079,0.02266596,0.03290696,0.00000000,1,0
1201000.000,3.600000,0.000000,40.000,49.101582,3.699367,0.00515322,12.000000,90.453079,0.01964900,0.03213201,0.00000000,1,0
1202000.000,3.600000,34.000000,40.000,49.089275,3.699265,0.00514183,12.000000,90.453079,0.01703360,0.03137546,0.00000000,1,0
1203000.000,3.600000,40.500000,40.000,48.997784,3.698506,0.00512443,12.000000,90.453079,0.02018654,0.03181954,0.00000000,1,0
1204000.000,3.330000,2.100000,39.750,48.888199,3.697596,0.00512523,12.000000,90.453079,0.02395840,0.03247472,0.00000000,1,0
1205000.000,3.330000,33.099998,39.750,48.865341,3.697407,0.00513702,12.000000,90.453079,0.02110453,0.03178881,0.00000000,1,0
1206000.000,3.420000,31.900000,40.000,48.772552,3.696637,0.00514117,12.000000,90.453079,0.02357692,0.03218411,0.00000000,1,0
1207000.000,3.420000,33.500000,40.000,48.682461,3.695889,0.00514457,12.000000,90.453079,0.02553066,0.03252606,0.00000000,1,0
1208000.000,3.390000,32.099998,40.250,48.588131,3.695106,0.00515056,12.000000,90.453079,0.02748171,0.03291168,0.00000000,1,0
1209000.000,3.390000,32.299999,40.250,48.497078,3.694351,0.00515627,12.000000,90.453079,0.02895149,0.03323789,0.00000000,1,0
1210000.000,3.390000,30.000000,40.250,48.405811,3.693594,0.00516222,12.000000,90.453079,0.03025950,0.03356057,0.00000000,1,0
1211000.000,3.370000,34.200001,40.500,48.319221,3.692875,0.00516875,12.000000,90.453079,0.03102768,0.03379609,0.00000000,1,0
1212000.000,3.370000,35.599998,40.500,48.222916,3.692076,0.00517465,12.000000,90.453079,0.03236693,0.03416400,0.00000000,1,0
1213000.000,3.330000,31.500000,40.750,48.123020,3.691247,0.00518441,12.000000,90.453079,0.03375402,0.03456680,0.00000000,1,0
1214000.000,3.330000,35.099998,40.750,48.032539,3.690496,0.00519352,12.000000,90.453079,0.03430269,0.03482185,0.00000000,1,0
1215000.000,3.330000,34.900002,40.750,47.933788,3.689677,0.00520241,12.000000,90.453079,0.03535651,0.03518686,0.00000000,1,0
1216000.000,3.360000,32.099998,41.000,47.836067,3.688866,0.00520910,12.000000,90.453079,0.03624032,0.03553392,0.00000000,1,0
1217000.000,3.360000,35.500000,41.000,47.744759,3.688108,0.00521483,12.000000,90.453079,0.03656011,0.03577920,0.00000000,1,0
1218000.000,3.350000,26.700001,41.000,47.645840,3.687287,0.00522255,12.000000,90.453079,0.03738420,0.03612648,0.00000000,1,0
1219000.000,3.350000,37.799999,41.000,47.566910,3.686632,0.00522823,12.000000,90.453079,0.03668992,0.03618000,0.00000000,1,0
1220000.000,3.350000,36.099998,41.000,47.462410,3.685765,0.00523417,12.000000,90.453079,0.03786974,0.03658644,0.00000000,1,0
1221000.000,3.350000,36.700001,41.000,47.361877,3.684931,0.00523973,12.000000,90.453079,0.03862234,0.03692614,0.00000000,1,0
1222000.000,3.380000,1.300000,41.000,47.263256,3.684113,0.00523976,12.000000,90.453079,0.03937347,0.03727423,0.00000000,1,0
1223000.000,3.380000,0.200000,41.000,47.246666,3.683975,0.00523918,12.000000,90.453079,0.03434233,0.03649586,0.00000000,1,0
1224000.000,3.580000,0.100000,41.250,47.241146,3.683929,0.00523898,12.000000,90.453079,0.02980410,0.03570039,0.00000000,1,0
1225000.000,3.580000,6.200000,41.250,47.234676,3.683876,0.00523893,12.000000,90.453079,0.02585378,0.03491939,0.00000000,1,0
1226000.000,3.500000,11.100000,41.000,47.209091,3.683663,0.00524037,12.000000,90.453079,0.02340885,0.03434769,0.00000000,1,0
1227000.000,3.500000,20.500000,41.000,47.170914,3.683347,0.00524096,12.000000,90.453079,0.02207643,0.03394295,0.00000000,1,0
1228000.000,3.460000,36.099998,40.750,47.108746,3.682831,0.00523848,12.000000,90.453079,0.02243165,0.03384225,0.00000000,1,0
1229000.000,3.460000,35.799999,40.750,47.010555,3.682016,0.00523581,12.000000,90.453079,0.02524710,0.03423110,0.00000000,1,0
1230000.000,3.330000,34.799999,40.750,46.910736,3.681188,0.00524434,12.000000,90.453079,0.02764194,0.03459897,0.00000000,1,0
1231000.000,3.330000,38.900002,40.750,46.813148,3.680378,0.00525155,12.000000,90.453079,0.02955959,0.03492480,0.00000000,1,0
1232000.000,3.340000,37.299999,41.000,46.706326,3.679491,0.00525793,12.000000,90.453079,0.03188384,0.03536704,0.00000000,1,0
1233000.000,3.340000,34.599998,41.000,46.603359,3.678637,0.00526470,12.000000,90.453079,0.03364397,0.03574699,0.00000000,1,0
1234000.000,3.380000,25.100000,41.250,46.507969,3.677845,0.00526993,12.000000,90.453079,0.03473765,0.03603319,0.00000000,1,0
1235000.000,3.380000,-2.400000,41.250,46.436943,3.677256,0.00526784,12.000000,90.453079,0.03415776,0.03602244,0.00000000,1,0
1236000.000,3.570000,-0.300000,41.500,46.437469,3.677260,0.00526759,12.000000,90.453079,0.02922551,0.03517959,0.00000000,1,0
1237000.000,3.570000,-0.500000,41.500,46.433163,3.677225,0.00526731,12.000000,90.453079,0.02528797,0.03441824,0.00000000,1,0
1238000.000,3.560000,0.500000,41.500,46.428684,3.677187,0.00526714,12.000000,90.453079,0.02184219,0.03366723,0.00000000,1,0
1239000.000,3.560000,32.500000,41.500,46.415825,3.677081,0.00525847,12.000000,90.453079,0.01901609,0.03296260,0.00000000,1,0
1240000.000,3.380000,33.900002,41.250,46.324669,3.676324,0.00526309,12.000000,90.453079,0.02172224,0.03323980,0.00000000,1,0
1241000.000,3.380000,-0.800000,41.250,46.233219,3.675565,0.00526194,12.000000,90.453079,0.02429586,0.03355086,0.00000000,1,0
1242000.000,3.560000,0.000000,41.250,46.229622,3.675536,0.00526169,12.000000,90.453079,0.02093370,0.03281413,0.00000000,1,0
1243000.000,3.560000,8.800000,41.250,46.222477,3.675477,0.00526184,12.000000,90.453079,0.01814795,0.03211708,0.00000000,1,0
1244000.000,3.560000,16.799999,41.250,46.193138,3.675233,0.00526068,12.000000,90.453079,0.01715197,0.03169826,0.00000000,1,0
1245000.000,3.560000,10.100000,41.250,46.146843,3.674849,0.00526073,12.000000,90.453079,0.01757889,0.03152759,0.00000000,1,0
1246000.000,3.560000,3.400000,41.250,46.117409,3.674605,0.00526089,12.000000,90.453079,0.01686877,0.03116067,0.00000000,1,0
1247000.000,3.530000,14.200000,41.000,46.099682,3.674458,0.00526137,12.000000,90.453079,0.01517247,0.03060228,0.00000000,1,0
1248000.000,3.530000,23.100000,41.000,46.055393,3.674090,0.00525972,12.000000,90.453079,0.01544436,0.03037717,0.00000000,1,0
1249000.000,3.540000,32.700001,40.750,45.989975,3.673547,0.00525263,12.000000,90.453079,0.01711662,0.03042093,0.00000000,1,0
1250000.000,3.540000,43.700001,40.750,45.901470,3.672813,0.00523685,12.000000,90.453079,0.02011684,0.03074689,0.00000000,1,0
1251000.000,3.540000,42.900002,40.750,45.787655,3.671868,0.00522131,12.000000,90.453079,0.02449579,0.03138767,0.00000000,1,0
1252000.000,3.540000,-0.700000,40.750,45.682465,3.670995,0.00522092,12.000000,90.453079,0.02816603,0.03198684,0.00000000,1,0
1253000.000,3.560000,10.900000,41.250,45.676785,3.670948,0.00522064,12.000000,90.453079,0.02430478,0.03129837,0.00000000,1,0
1254000.000,3.560000,32.400002,41.250,45.640327,3.670646,0.00521170,12.000000,90.453079,0.02283202,0.03096244,0.00000000,1,0
1255000.000,3.360000,34.500000,41.250,45.549587,3.669893,0.00521719,12.000000,90.453079,0.02503064,0.03125916,0.00000000,1,0
1256000.000,3.360000,43.500000,41.250,45.453747,3.669098,0.00521906,12.000000,90.453079,0.02727814,0.03160827,0.00000000,1,0
1257000.000,3.360000,36.099998,41.250,45.337395,3.668132,0.00522336,12.000000,90.453079,0.03068453,0.03220702,0.00000000,1,0
1258000.000,3.360000,34.200001,41.250,45.238289,3.667310,0.00522794,12.000000,90.453079,0.03244337,0.03257658,0.00000000,1,0
1259000.000,3.330000,32.799999,41.750,45.143276,3.666521,0.00523493,12.000000,90.453079,0.03366290,0.03288144,0.00000000,1,0
1260000.000,3.330000,27.400000,41.750,45.051731,3.665762,0.00524233,12.000000,90.453079,0.03449553,0.03313779,0.00000000,1,0
1261000.000,3.300000,1.000000,42.000,44.974026,3.665117,0.00524224,12.000000,90.453079,0.03434442,0.03323390,0.00000000,1,0
1262000.000,3.560000,0.300000,42.000,44.966858,3.665057,0.00524206,12.000000,90.453079,0.02993622,0.03258226,0.00000000,1,0
1263000.000,3.560000,0.200000,42.000,44.961323,3.665011,0.00524188,12.000000,90.453079,0.02600118,0.03192435,0.00000000,1,0
1264000.000,3.560000,19.400000,42.000,44.951981,3.664934,0.00523934,12.000000,90.453079,0.02257357,0.03127717,0.00000000,1,0
1265000.000,3.560000,44.400002,42.000,44.895248,3.664463,0.00522026,12.000000,90.453079,0.02271407,0.03118431,0.00000000,1,0
1266000.000,3.380000,39.799999,41.750,44.777264,3.663484,0.00522134,12.000000,90.453079,0.02688958,0.03179544,0.00000000,1,0
1267000.000,3.380000,-0.800000,41.750,44.673008,3.662619,0.00522029,12.000000,90.453079,0.02976678,0.03226098,0.00000000,1,0
1268000.000,3.380000,0.900000,41.750,44.662586,3.662533,0.00522011,12.000000,90.453079,0.02567584,0.03158436,0.00000000,1,0
1269000.000,3.380000,5.700000,41.750,44.647835,3.662410,0.00522213,12.000000,90.453079,0.02240515,0.03096892,0.00000000,1,0
1270000.000,3.550000,26.000000,42.000,44.624245,3.662215,0.00521738,12.000000,90.453079,0.02034866,0.03049957,0.00000000,1,0
1271000.000,3.550000,38.000000,42.000,44.552727,3.661621,0.00520491,12.000000,90.453079,0.02186055,0.03060339,0.00000000,1,0
1272000.000,3.300000,40.799999,42.000,44.448616,3.660757,0.00521300,12.000000,90.453079,0.02512060,0.03103598,0.00000000,1,0
1273000.000,3.280000,36.099998,42.000,44.337975,3.659839,0.00522330,12.000000,90.453079,0.02840417,0.03153381,0.00000000,1,0
1274000.000,3.280000,0.600000,42.000,44.240082,3.659027,0.00522292,12.000000,90.453079,0.03049007,0.03188917,0.00000000,1,0
1275000.000,3.280000,0.400000,42.000,44.224377,3.658896,0.00522241,12.000000,90.453079,0.02653020,0.03126629,0.00000000,1,0
1276000.000,3.550000,2.100000,42.250,44.218178,3.658845,0.00522240,12.000000,90.453079,0.02306477,0.03065071,0.00000000,1,0
1277000.000,3.550000,6.300000,42.250,44.207253,3.658754,0.00522255,12.000000,90.453079,0.02033686,0.03009389,0.00000000,1,0
1278000.000,3.550000,28.700001,42.250,44.182289,3.658547,0.00521640,12.000000,90.453079,0.01865477,0.02966278,0.00000000,1,0
1279000.000,3.370000,33.700001,42.000,44.101074,3.657873,0.00522061,12.000000,90.453079,0.02083858,0.02985003,0.00000000,1,0
1280000.000,3.370000,38.099998,42.000,44.008202,3.657103,0.00522311,12.000000,90.453079,0.02354652,0.03016759,0.00000000,1,0
1281000.000,3.370000,38.000000,42.000,43.905216,3.656248,0.00522525,12.000000,90.453079,0.02661205,0.03059535,0.00000000,1,0
1282000.000,3.330000,30.500000,42.250,43.802219,3.655393,0.00523200,12.000000,90.453079,0.02925593,0.03100889,0.00000000,1,0
1283000.000,3.340000,0.800000,42.250,43.718945,3.654702,0.00523177,12.000000,90.453079,0.03032927,0.03121057,0.00000000,1,0
1284000.000,3.550000,0.000000,42.500,43.712460,3.654649,0.00523157,12.000000,90.453079,0.02642352,0.03061474,0.00000000,1,0
1285000.000,3.550000,-0.100000,42.250,43.707836,3.654610,0.00523135,12.000000,90.453079,0.02290720,0.03000946,0.00000000,1,0
1286000.000,3.550000,-0.200000,42.250,43.703453,3.654574,0.00523111,12.000000,90.453079,0.01984254,0.02941355,0.00000000,1,0
1287000.000,3.550000,32.200001,42.250,43.693497,3.654491,0.00522287,12.000000,90.453079,0.01716941,0.02882683,0.00000000,1,0
1288000.000,3.480000,35.299999,42.000,43.606739,3.653771,0.00521777,12.000000,90.453079,0.02013028,0.02911476,0.00000000,1,0
1289000.000,3.300000,39.799999,42.000,43.509441,3.652964,0.00522549,12.000000,90.453079,0.02320416,0.02947731,0.00000000,1,0
1290000.000,3.300000,42.099998,42.000,43.401718,3.652070,0.00523206,12.000000,90.453079,0.02660488,0.02994911,0.00000000,1,0
1291000.000,3.300000,37.299999,42.250,43.288895,3.651134,0.00523946,12.000000,90.453079,0.02993101,0.03046885,0.00000000,1,0
1292000.000,3.300000,27.400000,42.250,43.187557,3.650293,0.00524764,12.000000,90.453079,0.03203437,0.03084910,0.00000000,1,0
1293000.000,3.300000,30.600000,42.250,43.109077,3.649642,0.00525562,12.000000,90.453079,0.03224418,0.03096121,0.00000000,1,0
1294000.000,3.300000,33.299999,42.250,43.023148,3.648929,0.00526316,12.000000,90.453079,0.03295003,0.03115302,0.00000000,1,0
1295000.000,3.350000,23.600000,42.750,42.932190,3.648174,0.00526830,12.000000,90.453079,0.03400473,0.03140935,0.00000000,1,0
1296000.000,3.350000,30.100000,42.750,42.863331,3.647603,0.00527273,12.000000,90.453079,0.03333593,0.03140866,0.00000000,1,0
1297000.000,3.320000,36.400002,43.000,42.778866,3.646902,0.00527779,12.000000,90.453079,0.03381969,0.03157432,0.00000000,1,0
1298000.000,3.320000,36.500000,43.000,42.679867,3.646080,0.00528259,12.000000,90.453079,0.03527088,0.03189665,0.00000000,1,0
1299000.000,3.320000,36.400002,43.000,42.580696,3.645257,0.00528720,12.000000,90.453079,0.03654766,0.03221289,0.00000000,1,0
1300000.000,3.310000,1.900000,43.250,42.483650,3.644452,0.00528758,12.000000,90.453079,0.03764055,0.03251810,0.00000000,1,0
1301000.000,3.310000,31.900000,43.250,42.464626,3.644294,0.00529406,12.000000,90.453079,0.03294223,0.03194215,0.00000000,1,0
1302000.000,3.530000,37.900002,43.250,42.380157,3.643593,0.00528121,12.000000,90.453079,0.03378095,0.03213600,0.00000000,1,0
1303000.000,3.330000,43.400002,43.250,42.277821,3.642744,0.00528221,12.000000,90.453079,0.03549250,0.03247570,0.00000000,1,0
1304000.000,3.330000,39.700001,43.250,42.162933,3.641791,0.00528442,12.000000,90.453079,0.03787999,0.03294434,0.00000000,1,0
1305000.000,3.330000,37.500000,43.250,42.056744,3.640910,0.00528718,12.000000,90.453079,0.03934649,0.03330816,0.00000000,1,0
1306000.000,3.350000,28.500000,43.250,41.956261,3.640076,0.00529072,12.000000,90.453079,0.04025979,0.03360756,0.00000000,1,0
1307000.000,3.350000,-0.700000,43.250,41.878944,3.639434,0.00528978,12.000000,90.453079,0.03957744,0.03367602,0.00000000,1,0
1308000.000,3.510000,0.100000,43.500,41.875080,3.639402,0.00528955,12.000000,90.453079,0.03419514,0.03302118,0.00000000,1,0
1309000.000,3.510000,3.900000,43.500,41.868500,3.639348,0.00528969,12.000000,90.453079,0.02966047,0.03239853,0.00000000,1,0
1310000.000,3.500000,11.200000,43.250,41.850998,3.639202,0.00528992,12.000000,90.453079,0.02635300,0.03188153,0.00000000,1,0
1311000.000,3.500000,22.700001,43.250,41.815254,3.638906,0.00528782,12.000000,90.453079,0.02468394,0.03155450,0.00000000,1,0
1312000.000,3.430000,41.599998,43.000,41.749794,3.638363,0.00528138,12.000000,90.453079,0.02512511,0.03151691,0.00000000,1,0
1313000.000,3.400000,31.600000,43.000,41.640778,3.637458,0.00528165,12.000000,90.453079,0.02861196,0.03194359,0.00000000,1,0
1314000.000,3.270000,38.500000,43.000,41.552734,3.636727,0.00528942,12.000000,90.453079,0.02999498,0.03211465,0.00000000,1,0
1315000.000,3.310000,31.400000,43.250,41.449543,3.635871,0.00529525,12.000000,90.453079,0.03232966,0.03244905,0.00000000,1,0
1316000.000,3.270000,38.500000,43.250,41.362072,3.635145,0.00530251,12.000000,90.453079,0.03318897,0.03260235,0.00000000,1,0
1317000.000,3.270000,39.900002,43.250,41.258179,3.634283,0.00530913,12.000000,90.453079,0.03510338,0.03292297,0.00000000,1,0
1318000.000,3.330000,39.400002,43.500,41.151939,3.633402,0.00531067,12.000000,90.453079,0.03699598,0.03326883,0.00000000,1,0
1319000.000,3.330000,36.900002,43.500,41.046997,3.632531,0.00531288,12.000000,90.453079,0.03855716,0.03359359,0.00000000,1,0
1320000.000,3.330000,-0.100000,43.500,40.950203,3.631728,0.00531222,12.000000,90.453079,0.03950158,0.03385005,0.00000000,1,0
1321000.000,3.510000,0.900000,43.750,40.945217,3.631686,0.00531209,12.000000,90.453079,0.03422726,0.03321911,0.00000000,1,0
1322000.000,3.510000,25.200001,43.750,40.933804,3.631592,0.00530791,12.000000,90.453079,0.02981971,0.03262375,0.00000000,1,0
1323000.000,3.510000,40.299999,43.750,40.864964,3.631020,0.00529459,12.000000,90.453079,0.03000228,0.03261750,0.00000000,1,0
1324000.000,3.510000,-0.500000,43.750,40.766846,3.630206,0.00529432,12.000000,90.453079,0.03265014,0.03296876,0.00000000,1,0
1325000.000,3.310000,0.000000,43.500,40.756218,3.630118,0.00529365,12.000000,90.453079,0.02822172,0.03234698,0.00000000,1,0
1326000.000,3.510000,1.300000,43.500,40.750961,3.630074,0.00529358,12.000000,90.453079,0.02446518,0.03174864,0.00000000,1,0
1327000.000,3.510000,6.800000,43.500,40.741478,3.629996,0.00529379,12.000000,90.453079,0.02142300,0.03119213,0.00000000,1,0
1328000.000,3.470000,7.700000,43.500,40.717091,3.629793,0.00529455,12.000000,90.453079,0.01969261,0.03077585,0.00000000,1,0
1329000.000,3.470000,4.200000,43.500,40.691406,3.629580,0.00529498,12.000000,90.453079,0.01834106,0.03038861,0.00000000,1,0
1330000.000,3.450000,4.200000,43.250,40.672836,3.629426,0.00529555,12.000000,90.453079,0.01659234,0.02992617,0.00000000,1,0
1331000.000,3.450000,13.600000,43.250,40.653446,3.629265,0.00529697,12.000000,90.453079,0.01507644,0.02947240,0.00000000,1,0
1332000.000,3.380000,36.500000,43.250,40.609081,3.628897,0.00529739,12.000000,90.453079,0.01531281,0.02924830,0.00000000,1,0
1333000.000,3.380000,33.599998,43.250,40.511864,3.628090,0.00529846,12.000000,90.453079,0.01929593,0.02956611,0.00000000,1,0
1334000.000,3.270000,40.599998,43.250,40.419716,3.627326,0.00530553,12.000000,90.453079,0.02227261,0.02980804,0.00000000,1,0
1335000.000,3.270000,35.500000,43.250,40.311588,3.626428,0.00531322,12.000000,90.453079,0.02601081,0.03020695,0.00000000,1,0
1336000.000,3.270000,1.300000,43.250,40.216892,3.625643,0.00531328,12.000000,90.453079,0.02841195,0.03047736,0.00000000,1,0
1337000.000,3.270000,1.300000,43.500,40.201363,3.625514,0.00531335,12.000000,90.453079,0.02484462,0.02994948,0.00000000,1,0
1338000.000,3.510000,0.000000,43.750,40.193642,3.625450,0.00531313,12.000000,90.453079,0.02175217,0.02943141,0.00000000,1,0
1339000.000,3.510000,33.000000,43.750,40.184036,3.625370,0.00530558,12.000000,90.453079,0.01885656,0.02889283,0.00000000,1,0
1340000.000,3.330000,29.799999,43.500,40.094589,3.624628,0.00531035,12.000000,90.453079,0.02179992,0.02912686,0.00000000,1,0
1341000.000,3.330000,33.500000,43.500,40.012489,3.623947,0.00531422,12.000000,90.453079,0.02382441,0.02928122,0.00000000,1,0
1342000.000,3.330000,31.700001,43.750,39.921932,3.623000,0.00531824,12.000000,90.453079,0.02619291,0.02951642,0.00000000,1,0
1343000.000,3.280000,32.799999,43.750,39.834888,3.622060,0.00532511,12.000000,90.453079,0.02794174,0.02970936,0.00000000,1,0
1344000.000,3.310000,35.400002,44.000,39.745670,3.621096,0.00532920,12.000000,90.453079,0.02963057,0.02992826,0.00000000,1,0
1345000.000,3.310000,28.400000,44.000,39.650707,3.620070,0.00533433,12.000000,90.453079,0.03151456,0.03020801,0.00000000,1,0
1346000.000,3.310000,-0.500000,44.000,39.573853,3.619240,0.00533344,12.000000,90.453079,0.03197191,0.03032349,0.00000000,1,0
1347000.000,3.510000,-0.300000,44.250,39.570686,3.619206,0.00533321,12.000000,90.453079,0.02755502,0.02975965,0.00000000,1,0
1348000.000,3.510000,1.200000,44.250,39.566715,3.619163,0.00533313,12.000000,90.453079,0.02376957,0.02921078,0.00000000,1,0
1349000.000,3.510000,0.000000,44.250,39.559521,3.619085,0.00533292,12.000000,90.453079,0.02074604,0.02870724,0.00000000,1,0
1350000.000,3.430000,37.599998,44.000,39.548058,3.618962,0.00532821,12.000000,90.453079,0.01793219,0.02818461,0.00000000,1,0
1351000.000,3.430000,41.200001,44.000,39.449337,3.617895,0.00532107,12.000000,90.453079,0.02174860,0.02855814,0.00000000,1,0
1352000.000,3.280000,30.400000,43.750,39.340637,3.616721,0.00532795,12.000000,90.453079,0.02564058,0.02901568,0.00000000,1,0
1353000.000,3.510000,0.400000,44.000,39.265934,3.615914,0.00532780,12.000000,90.453079,0.02719489,0.02921353,0.00000000,1,0
1354000.000,3.510000,0.500000,44.000,39.260639,3.615857,0.00532765,12.000000,90.453079,0.02352644,0.02869141,0.00000000,1,0
1355000.000,3.510000,13.600000,44.000,39.252235,3.615766,0.00532702,12.000000,90.453079,0.02037778,0.02818119,0.00000000,1,0
1356000.000,3.500000,28.799999,44.000,39.211761,3.615329,0.00532182,12.000000,90.453079,0.01984532,0.02799481,0.00000000,1,0
1357000.000,3.390000,34.799999,44.000,39.133213,3.614481,0.00532070,12.000000,90.453079,0.02191831,0.02817851,0.00000000,1,0
1358000.000,3.390000,30.299999,44.000,39.041172,3.613487,0.00532089,12.000000,90.453079,0.02470183,0.02850734,0.00000000,1,0
1359000.000,3.260000,37.599998,44.000,38.957428,3.612582,0.00532774,12.000000,90.453079,0.02634102,0.02872547,0.00000000,1,0
1360000.000,3.260000,0.700000,44.000,38.858425,3.611513,0.00532744,12.000000,90.453079,0.02896578,0.02912194,0.00000000,1,0
1361000.000,3.280000,-0.500000,44.000,38.845379,3.611372,0.00532649,12.000000,90.453079,0.02503412,0.02860872,0.00000000,1,0
1362000.000,3.280000,6.400000,44.000,38.834553,3.611255,0.00532903,12.000000,90.453079,0.02144905,0.02807529,0.00000000,1,0
1363000.000,3.510000,3.500000,44.250,38.814915,3.611043,0.00532908,12.000000,90.453079,0.01952003,0.02772160,0.00000000,1,0
1364000.000,3.510000,25.100000,44.000,38.798542,3.610866,0.00532500,12.000000,90.453079,0.01737285,0.02730295,0.00000000,1,0
1365000.000,3.510000,26.900000,44.000,38.732071,3.610148,0.00531999,12.000000,90.453079,0.01914513,0.02742556,0.00000000,1,0
1366000.000,3.510000,32.700001,44.000,38.661022,3.609380,0.00531178,12.000000,90.453079,0.02096631,0.02759308,0.00000000,1,0
1367000.000,3.280000,13.000000,44.000,38.572979,3.608429,0.00531658,12.000000,90.453079,0.02349960,0.02790496,0.00000000,1,0
1368000.000,3.500000,23.000000,44.000,38.534718,3.608016,0.00531343,12.000000,90.453079,0.02235815,0.02772183,0.00000000,1,0
1369000.000,3.500000,0.500000,44.000,38.476990,3.607393,0.00531329,12.000000,90.453079,0.02305492,0.02779397,0.00000000,1,0
1370000.000,3.510000,-0.200000,44.250,38.471985,3.607339,0.00531309,12.000000,90.453079,0.01986241,0.02729939,0.00000000,1,0
1371000.000,3.510000,0.000000,44.000,38.468544,3.607301,0.00531290,12.000000,90.453079,0.01700526,0.02679618,0.00000000,1,0
1372000.000,3.510000,0.200000,44.000,38.464588,3.607259,0.00531274,12.000000,90.453079,0.01458755,0.02630717,0.00000000,1,0
1373000.000,3.510000,8.500000,44.000,38.458363,3.607192,0.00531277,12.000000,90.453079,0.01254686,0.02583214,0.00000000,1,0
1374000.000,3.510000,8.300000,44.000,38.432980,3.606917,0.00531282,12.000000,90.453079,0.01219230,0.02557530,0.00000000,1,0
1375000.000,3.510000,22.500000,44.000,38.405891,3.606625,0.00530994,12.000000,90.453079,0.01185299,0.02531837,0.00000000,1,0
1376000.000,3.450000,0.200000,43.750,38.347000,3.605989,0.00530964,12.000000,90.453079,0.01395089,0.02542615,0.00000000,1,0
1377000.000,3.510000,4.900000,43.750,38.341614,3.605931,0.00530977,12.000000,90.453079,0.01199053,0.02496686,0.00000000,1,0
1378000.000,3.510000,-0.500000,43.750,38.326515,3.605767,0.00530952,12.000000,90.453079,0.01110175,0.02463551,0.00000000,1,0
1379000.000,3.470000,0.000000,43.750,38.321873,3.605717,0.00530922,12.000000,90.453079,0.00942927,0.02417277,0.00000000,1,0
1380000.000,3.500000,-0.400000,43.750,38.317604,3.605671,0.00530894,12.000000,90.453079,0.00808003,0.02373120,0.00000000,1,0
1381000.000,3.500000,0.000000,43.750,38.314178,3.605634,0.00530872,12.000000,90.453079,0.00685623,0.02328750,0.00000000,1,0
1382000.000,3.520000,0.000000,43.500,38.310757,3.605597,0.00530855,12.000000,90.453079,0.00587484,0.02286207,0.00000000,1,0
1383000.000,3.520000,1.000000,43.500,38.307148,3.605558,0.00530848,12.000000,90.453079,0.00503379,0.02244441,0.00000000,1,0
1384000.000,3.520000,0.300000,43.500,38.301357,3.605496,0.00530834,12.000000,90.453079,0.00448156,0.02205987,0.00000000,1,0
1385000.000,3.520000,4.300000,43.500,38.296341,3.605442,0.00530848,12.000000,90.453079,0.00389028,0.02166449,0.00000000,1,0
1386000.000,3.530000,0.500000,43.500,38.283295,3.605301,0.00530838,12.000000,90.453079,0.00405775,0.02137838,0.00000000,1,0
1387000.000,3.490000,0.400000,43.500,38.277222,3.605235,0.00530820,12.000000,90.453079,0.00356042,0.02100051,0.00000000,1,0
1388000.000,3.490000,0.000000,43.500,38.271461,3.605173,0.00530794,12.000000,90.453079,0.00311739,0.02062698,0.00000000,1,0
1389000.000,3.520000,0.200000,43.250,38.268013,3.605136,0.00530779,12.000000,90.453079,0.00267033,0.02025004,0.00000000,1,0
1390000.000,3.520000,0.000000,43.250,38.264141,3.605094,0.00530761,12.000000,90.453079,0.00232105,0.01988509,0.00000000,1,0
1391000.000,3.520000,0.100000,43.250,38.260712,3.605057,0.00530745,12.000000,90.453079,0.00198809,0.01952168,0.00000000,1,0
1392000.000,3.530000,0.400000,43.250,38.257404,3.605021,0.00530733,12.000000,90.453079,0.00171971,0.01916747,0.00000000,1,0
1393000.000,3.530000,0.000000,43.250,38.253479,3.604979,0.00530718,12.000000,90.453079,0.00154038,0.01882739,0.00000000,1,0
1394000.000,3.530000,0.000000,43.250,38.250481,3.604946,0.00530702,12.000000,90.453079,0.00131930,0.01848329,0.00000000,1,0
1395000.000,3.530000,0.000000,43.250,38.247482,3.604914,0.00530687,12.000000,90.453079,0.00112993,0.01814546,0.00000000,1,0
1396000.000,3.530000,0.000000,43.250,38.244484,3.604882,0.00530671,12.000000,90.453079,0.00096772,0.01781381,0.00000000,1,0
1397000.000,3.530000,0.000000,43.250,38.241486,3.604849,0.00530655,12.000000,90.453079,0.00082878,0.01748821,0.00000000,1,0
1398000.000,3.530000,0.000000,43.250,38.238487,3.604817,0.00530639,12.000000,90.453079,0.00070977,0.01716855,0.00000000,1,0
1399000.000,3.540000,0.000000,43.250,38.235901,3.604789,0.00530626,12.000000,90.453079,0.00060783,0.01685472,0.00000000,1,0
1400000.000,3.540000,0.000000,43.250,38.233315,3.604761,0.00530613,12.000000,90.453079,0.00052053,0.01654663,0.00000000,1,0
1401000.000,3.540000,0.000000,43.250,38.230732,3.604733,0.00530599,12.000000,90.453079,0.00044576,0.01624416,0.00000000,1,0
1402000.000,3.540000,0.000000,43.250,38.228149,3.604705,0.00530585,12.000000,90.453079,0.00038172,0.01594722,0.00000000,1,0
1403000.000,3.540000,0.000000,43.250,38.225563,3.604677,0.00530572,12.000000,90.453079,0.00032687,0.01565570,0.00000000,1,0
1404000.000,3.540000,0.000000,43.250,38.222984,3.604649,0.00530558,12.000000,90.453079,0.00027990,0.01536950,0.00000000,1,0
1405000.000,3.540000,0.000000,43.250,38.220402,3.604621,0.00530545,12.000000,90.453079,0.00023968,0.01508852,0.00000000,1,0
1406000.000,3.540000,0.000000,43.250,38.217823,3.604594,0.00530531,12.000000,90.453079,0.00020523,0.01481268,0.00000000,1,0
1407000.000,3.540000,0.000000,43.250,38.215244,3.604566,0.00530517,12.000000,90.453079,0.00017573,0.01454187,0.00000000,1,0
1408000.000,3.540000,0.000000,43.250,38.212666,3.604538,0.00530504,12.000000,90.453079,0.00015046,0.01427601,0.00000000,1,0
1409000.000,3.540000,0.000000,43.000,38.210087,3.604510,0.00530490,12.000000,90.453079,0.00012883,0.01401501,0.00000000,1,0
1410000.000,3.540000,0.000000,43.000,38.207512,3.604482,0.00530476,12.000000,90.453079,0.00011030,0.01375877,0.00000000,1,0
1411000.000,3.540000,0.000000,43.000,38.204937,3.604454,0.00530463,12.000000,90.453079,0.00009444,0.01350721,0.00000000,1,0
1412000.000,3.540000,0.000000,43.000,38.202366,3.604427,0.00530449,12.000000,90.453079,0.00008086,0.01326024,0.00000000,1,0
1413000.000,3.550000,0.000000,43.000,38.200203,3.604403,0.00530437,12.000000,90.453079,0.00006923,0.01301779,0.00000000,1,0
1414000.000,3.550000,0.000000,43.000,38.198040,3.604380,0.00530426,12.000000,90.453079,0.00005927,0.01277976,0.00000000,1,0
1415000.000,3.550000,0.000000,43.000,38.195877,3.604357,0.00530415,12.000000,90.453079,0.00005074,0.01254609,0.00000000,1,0
1416000.000,3.550000,0.000000,43.000,38.193714,3.604333,0.00530403,12.000000,90.453079,0.00004344,0.01231668,0.00000000,1,0
1417000.000,3.550000,0.000000,43.000,38.191555,3.604310,0.00530392,12.000000,90.453079,0.00003719,0.01209146,0.00000000,1,0
1418000.000,3.550000,0.000000,43.000,38.189392,3.604286,0.00530380,12.000000,90.453079,0.00003184,0.01187035,0.00000000,1,0
1419000.000,3.550000,0.000000,43.000,38.187237,3.604263,0.00530369,12.000000,90.453079,0.00002726,0.01165329,0.00000000,1,0
1420000.000,3.550000,0.000000,43.000,38.185078,3.604240,0.00530357,12.000000,90.453079,0.00002333,0.01144019,0.00000000,1,0
1421000.000,3.550000,0.000000,43.000,38.182922,3.604217,0.00530346,12.000000,90.453079,0.00001997,0.01123098,0.00000000,1,0
1422000.000,3.550000,0.000000,43.000,38.180767,3.604193,0.00530334,12.000000,90.453079,0.00001710,0.01102560,0.00000000,1,0
1423000.000,3.550000,0.000000,43.000,38.178616,3.604170,0.00530323,12.000000,90.453079,0.00001464,0.01082397,0.00000000,1,0
1424000.000,3.550000,0.000000,43.000,38.176460,3.604147,0.00530311,12.000000,90.453079,0.00001253,0.01062602,0.00000000,1,0
1425000.000,3.550000,0.000000,43.000,38.174309,3.604123,0.00530299,12.000000,90.453079,0.00001072,0.01043169,0.00000000,1,0
1426000.000,3.550000,0.000000,43.000,38.172157,3.604100,0.00530288,12.000000,90.453079,0.00000918,0.01024091,0.00000000,1,0
1427000.000,3.550000,0.000000,43.000,38.170010,3.604077,0.00530276,12.000000,90.453079,0.00000786,0.01005361,0.00000000,1,0
1428000.000,3.550000,0.000000,43.000,38.167862,3.604054,0.00530265,12.000000,90.453079,0.00000673,0.00986974,0.00000000,1,0
1429000.000,3.550000,0.000000,43.000,38.165710,3.604031,0.00530253,12.000000,90.453079,0.00000576,0.00968922,0.00000000,1,0
1430000.000,3.550000,0.000000,43.000,38.163567,3.604007,0.00530241,12.000000,90.453079,0.00000493,0.00951201,0.00000000,1,0
1431000.000,3.560000,0.000000,43.000,38.161823,3.603989,0.00530232,12.000000,90.453079,0.00000422,0.00933803,0.00000000,1,0
1432000.000,3.560000,0.000000,43.000,38.160084,3.603970,0.00530223,12.000000,90.453079,0.00000361,0.00916723,0.00000000,1,0
1433000.000,3.560000,0.000000,43.000,38.158340,3.603951,0.00530213,12.000000,90.453079,0.00000309,0.00899955,0.00000000,1,0
1434000.000,3.560000,0.000000,43.000,38.156605,3.603932,0.00530204,12.000000,90.453079,0.00000264,0.00883494,0.00000000,1,0
1435000.000,3.560000,0.000000,43.000,38.154869,3.603914,0.00530195,12.000000,90.453079,0.00000226,0.00867334,0.00000000,1,0
1436000.000,3.560000,0.000000,43.000,38.153133,3.603895,0.00530185,12.000000,90.453079,0.00000194,0.00851469,0.00000000,1,0
1437000.000,3.560000,0.000000,43.000,38.151394,3.603876,0.00530176,12.000000,90.453079,0.00000166,0.00835894,0.00000000,1,0
1438000.000,3.560000,0.000000,43.000,38.149658,3.603857,0.00530167,12.000000,90.453079,0.00000142,0.00820603,0.00000000,1,0
1439000.000,3.560000,0.000000,43.000,38.147923,3.603838,0.00530157,12.000000,90.453079,0.00000121,0.00805592,0.00000000,1,0
1440000.000,3.560000,0.000000,43.000,38.146191,3.603820,0.00530148,12.000000,90.453079,0.00000104,0.00790856,0.00000000,1,0
1441000.000,3.560000,0.000000,43.000,38.144459,3.603801,0.00530139,12.000000,90.453079,0.00000089,0.00776389,0.00000000,1,0
1442000.000,3.560000,0.000000,43.000,38.142727,3.603782,0.00530129,12.000000,90.453079,0.00000076,0.00762186,0.00000000,1,0
1443000.000,3.560000,0.000000,43.000,38.140999,3.603764,0.00530120,12.000000,90.453079,0.00000065,0.00748243,0.00000000,1,0
1444000.000,3.560000,0.000000,43.000,38.139267,3.603745,0.00530110,12.000000,90.453079,0.00000056,0.00734555,0.00000000,1,0
1445000.000,3.560000,0.000000,43.000,38.137539,3.603726,0.00530101,12.000000,90.453079,0.00000048,0.00721116,0.00000000,1,0
1446000.000,3.560000,0.000000,43.000,38.135807,3.603708,0.00530091,12.000000,90.453079,0.00000041,0.00707924,0.00000000,1,0
1447000.000,3.560000,0.000000,43.000,38.134083,3.603689,0.00530082,12.000000,90.453079,0.00000035,0.00694973,0.00000000,1,0
1448000.000,3.560000,0.000000,43.000,38.132359,3.603670,0.00530073,12.000000,90.453079,0.00000030,0.00682258,0.00000000,1,0
1449000.000,3.560000,0.000000,43.000,38.130634,3.603652,0.00530063,12.000000,90.453079,0.00000026,0.00669776,0.00000000,1,0
1450000.000,3.560000,0.000000,43.000,38.128914,3.603633,0.00530054,12.000000,90.453079,0.00000022,0.00657522,0.00000000,1,0
1451000.000,3.560000,0.000000,43.000,38.127190,3.603615,0.00530044,12.000000,90.453079,0.00000019,0.00645492,0.00000000,1,0
1452000.000,3.560000,0.000000,43.000,38.125469,3.603596,0.00530035,12.000000,90.453079,0.00000016,0.00633682,0.00000000,1,0
1453000.000,3.560000,0.000000,42.750,38.123749,3.603577,0.00530025,12.000000,90.453079,0.00000014,0.00622088,0.00000000,1,0
1454000.000,3.560000,0.000000,42.750,38.122028,3.603559,0.00530016,12.000000,90.453079,0.00000012,0.00610706,0.00000000,1,0
1455000.000,3.560000,0.000000,42.750,38.120308,3.603540,0.00530006,12.000000,90.453079,0.00000010,0.00599532,0.00000000,1,0
1456000.000,3.560000,0.000000,42.750,38.118591,3.603522,0.00529997,12.000000,90.453079,0.00000009,0.00588562,0.00000000,1,0
1457000.000,3.560000,0.000000,42.750,38.116875,3.603503,0.00529987,12.000000,90.453079,0.00000007,0.00577793,0.00000000,1,0
1458000.000,3.560000,0.000000,42.750,38.115162,3.603485,0.00529978,12.000000,90.453079,0.00000006,0.00567220,0.00000000,1,0
1459000.000,3.560000,0.000000,42.750,38.113449,3.603466,0.00529968,12.000000,90.453079,0.00000005,0.00556841,0.00000000,1,0
1460000.000,3.560000,0.000000,42.750,38.111732,3.603448,0.00529959,12.000000,90.453079,0.00000005,0.00546652,0.00000000,1,0
1461000.000,3.570000,0.000000,42.750,38.110420,3.603433,0.00529952,12.000000,90.453079,0.00000004,0.00536649,0.00000000,1,0
1462000.000,3.570000,0.000000,42.750,38.109108,3.603419,0.00529944,12.000000,90.453079,0.00000003,0.00526829,0.00000000,1,0
1463000.000,3.570000,0.000000,42.750,38.107796,3.603405,0.00529937,12.000000,90.453079,0.00000003,0.00517189,0.00000000,1,0
1464000.000,3.570000,0.000000,42.750,38.106487,3.603391,0.00529930,12.000000,90.453079,0.00000002,0.00507724,0.00000000,1,0
1465000.000,3.570000,0.000000,42.750,38.105179,3.603377,0.00529923,12.000000,90.453079,0.00000002,0.00498433,0.00000000,1,0
1466000.000,3.570000,0.000000,42.750,38.103870,3.603363,0.00529916,12.000000,90.453079,0.00000002,0.00489312,0.00000000,1,0
1467000.000,3.570000,0.000000,42.750,38.102562,3.603348,0.00529908,12.000000,90.453079,0.00000002,0.00480358,0.00000000,1,0
1468000.000,3.570000,0.000000,42.750,38.101257,3.603334,0.00529901,12.000000,90.453079,0.00000001,0.00471567,0.00000000,1,0
1469000.000,3.570000,0.000000,42.750,38.099949,3.603320,0.00529894,12.000000,90.453079,0.00000001,0.00462937,0.00000000,1,0
1470000.000,3.570000,0.000000,42.750,38.098640,3.603306,0.00529887,12.000000,90.453079,0.00000001,0.00454465,0.00000000,1,0
1471000.000,3.570000,0.000000,42.750,38.097336,3.603292,0.00529880,12.000000,90.453079,0.00000001,0.00446148,0.00000000,1,0
1472000.000,3.570000,0.000000,42.750,38.096027,3.603278,0.00529872,12.000000,90.453079,0.00000001,0.00437983,0.00000000,1,0
1473000.000,3.570000,0.000000,42.750,38.094723,3.603264,0.00529865,12.000000,90.453079,0.00000001,0.00429967,0.00000000,1,0
1474000.000,3.570000,0.000000,42.750,38.093422,3.603250,0.00529858,12.000000,90.453079,0.00000001,0.00422098,0.00000000,1,0
1475000.000,3.570000,0.000000,42.750,38.092117,3.603236,0.00529851,12.000000,90.453079,0.00000000,0.00414373,0.00000000,1,0
1476000.000,3.570000,0.000000,42.750,38.090816,3.603222,0.00529843,12.000000,90.453079,0.00000000,0.00406790,0.00000000,1,0
1477000.000,3.570000,0.000000,42.750,38.089516,3.603208,0.00529836,12.000000,90.453079,0.00000000,0.00399344,0.00000000,1,0
1478000.000,3.570000,0.000000,42.750,38.088219,3.603194,0.00529829,12.000000,90.453079,0.00000000,0.00392035,0.00000000,1,0
1479000.000,3.570000,0.000000,42.750,38.086918,3.603179,0.00529822,12.000000,90.453079,0.00000000,0.00384860,0.00000000,1,0
1480000.000,3.570000,0.000000,42.750,38.085621,3.603166,0.00529814,12.000000,90.453079,0.00000000,0.00377816,0.00000000,1,0
1481000.000,3.570000,0.000000,42.750,38.084324,3.603152,0.00529807,12.000000,90.453079,0.00000000,0.00370901,0.00000000,1,0
1482000.000,3.570000,0.000000,42.750,38.083031,3.603137,0.00529800,12.000000,90.453079,0.00000000,0.00364112,0.00000000,1,0
1483000.000,3.570000,0.000000,42.750,38.081734,3.603124,0.00529793,12.000000,90.453079,0.00000000,0.00357448,0.00000000,1,0
1484000.000,3.570000,0.000000,42.750,38.080441,3.603110,0.00529786,12.000000,90.453079,0.00000000,0.00350905,0.00000000,1,0
1485000.000,3.570000,0.000000,42.750,38.079147,3.603096,0.00529778,12.000000,90.453079,0.00000000,0.00344482,0.00000000,1,0
1486000.000,3.570000,0.000000,42.750,38.077854,3.603082,0.00529771,12.000000,90.453079,0.00000000,0.00338177,0.00000000,1,0
1487000.000,3.570000,0.000000,42.750,38.076561,3.603068,0.00529764,12.000000,90.453079,0.00000000,0.00331987,0.00000000,1,0
1488000.000,3.570000,0.000000,42.750,38.075268,3.603054,0.00529756,12.000000,90.453079,0.00000000,0.00325910,0.00000000,1,0
1489000.000,3.570000,0.000000,42.750,38.073978,3.603040,0.00529749,12.000000,90.453079,0.00000000,0.00319944,0.00000000,1,0
1490000.000,3.570000,0.000000,42.750,38.072689,3.603026,0.00529742,12.000000,90.453079,0.00000000,0.00314088,0.00000000,1,0
1491000.000,3.570000,0.000000,42.750,38.071396,3.603012,0.00529735,12.000000,90.453079,0.00000000,0.00308338,0.00000000,1,0
1492000.000,3.570000,0.000000,42.750,38.070110,3.602998,0.00529727,12.000000,90.453079,0.00000000,0.00302694,0.00000000,1,0
1493000.000,3.570000,0.000000,42.750,38.068821,3.602984,0.00529720,12.000000,90.453079,0.00000000,0.00297153,0.00000000,1,0
1494000.000,3.570000,0.000000,42.750,38.067535,3.602970,0.00529713,12.000000,90.453079,0.00000000,0.00291713,0.00000000,1,0
1495000.000,3.570000,0.000000,42.750,38.066250,3.602956,0.00529706,12.000000,90.453079,0.00000000,0.00286373,0.00000000,1,0
1496000.000,3.570000,0.000000,42.500,38.064964,3.602942,0.00529698,12.000000,90.453079,0.00000000,0.00281131,0.00000000,1,0
1497000.000,3.570000,0.000000,42.500,38.063683,3.602929,0.00529691,12.000000,90.453079,0.00000000,0.00275984,0.00000000,1,0
1498000.000,3.570000,0.000000,42.500,38.062401,3.602915,0.00529684,12.000000,90.453079,0.00000000,0.00270932,0.00000000,1,0
1499000.000,3.570000,0.000000,42.500,38.061119,3.602901,0.00529677,12.000000,90.453079,0.00000000,0.00265972,0.00000000,1,0
1500000.000,3.570000,0.000000,42.500,38.059837,3.602887,0.00529669,12.000000,90.453079,0.00000000,0.00261103,0.00000000,1,0
1501000.000,3.570000,0.000000,42.500,38.058559,3.602873,0.00529662,12.000000,90.453079,0.00000000,0.00256322,0.00000000,1,0
1502000.000,3.570000,0.000000,42.500,38.057281,3.602859,0.00529655,12.000000,90.453079,0.00000000,0.00251630,0.00000000,1,0
1503000.000,3.570000,0.000000,42.500,38.056000,3.602846,0.00529648,12.000000,90.453079,0.00000000,0.00247023,0.00000000,1,0
1504000.000,3.570000,0.000000,42.500,38.054726,3.602832,0.00529640,12.000000,90.453079,0.00000000,0.00242501,0.00000000,1,0
1505000.000,3.570000,0.000000,42.500,38.053452,3.602818,0.00529633,12.000000,90.453079,0.00000000,0.00238061,0.00000000,1,0
1506000.000,3.570000,0.000000,42.500,38.052174,3.602804,0.00529626,12.000000,90.453079,0.00000000,0.00233702,0.00000000,1,0
1507000.000,3.570000,0.000000,42.500,38.050903,3.602791,0.00529619,12.000000,90.453079,0.00000000,0.00229423,0.00000000,1,0
1508000.000,3.570000,0.000000,42.500,38.049629,3.602777,0.00529611,12.000000,90.453079,0.00000000,0.00225223,0.00000000,1,0
1509000.000,3.570000,0.000000,42.500,38.048355,3.602763,0.00529604,12.000000,90.453079,0.00000000,0.00221099,0.00000000,1,0
1510000.000,3.570000,0.000000,42.500,38.047089,3.602749,0.00529597,12.000000,90.453079,0.00000000,0.00217051,0.00000000,1,0
1511000.000,3.570000,0.000000,42.500,38.045818,3.602736,0.00529590,12.000000,90.453079,0.00000000,0.00213077,0.00000000,1,0
1512000.000,3.570000,0.000000,42.500,38.044548,3.602722,0.00529582,12.000000,90.453079,0.00000000,0.00209176,0.00000000,1,0
1513000.000,3.570000,0.000000,42.500,38.043282,3.602708,0.00529575,12.000000,90.453079,0.00000000,0.00205346,0.00000000,1,0
1514000.000,3.570000,0.000000,42.500,38.042015,3.602695,0.00529568,12.000000,90.453079,0.00000000,0.00201586,0.00000000,1,0
1515000.000,3.570000,0.000000,42.500,38.040749,3.602681,0.00529561,12.000000,90.453079,0.00000000,0.00197894,0.00000000,1,0
1516000.000,3.570000,0.000000,42.500,38.039486,3.602667,0.00529553,12.000000,90.453079,0.00000000,0.00194271,0.00000000,1,0
1517000.000,3.570000,0.000000,42.500,38.038219,3.602654,0.00529546,12.000000,90.453079,0.00000000,0.00190714,0.00000000,1,0
1518000.000,3.570000,0.000000,42.500,38.036957,3.602640,0.00529539,12.000000,90.453079,0.00000000,0.00187221,0.00000000,1,0
1519000.000,3.570000,0.000000,42.500,38.035698,3.602626,0.00529532,12.000000,90.453079,0.00000000,0.00183793,0.00000000,1,0
1520000.000,3.570000,0.000000,42.500,38.034435,3.602613,0.00529525,12.000000,90.453079,0.00000000,0.00180428,0.00000000,1,0
1521000.000,3.570000,0.000000,42.500,38.033176,3.602599,0.00529517,12.000000,90.453079,0.00000000,0.00177124,0.00000000,1,0
1522000.000,3.570000,0.000000,42.500,38.031918,3.602586,0.00529510,12.000000,90.453079,0.00000000,0.00173880,0.00000000,1,0
1523000.000,3.570000,0.000000,42.500,38.030659,3.602572,0.00529503,12.000000,90.453079,0.00000000,0.00170696,0.00000000,1,0
1524000.000,3.570000,0.000000,42.500,38.029404,3.602558,0.00529496,12.000000,90.453079,0.00000000,0.00167570,0.00000000,1,0
1525000.000,3.570000,0.000000,42.500,38.028145,3.602545,0.00529489,12.000000,90.453079,0.00000000,0.00164501,0.00000000,1,0
1526000.000,3.570000,0.000000,42.500,38.026890,3.602531,0.00529481,12.000000,90.453079,0.00000000,0.00161489,0.00000000,1,0
1527000.000,3.570000,0.000000,42.500,38.025635,3.602518,0.00529474,12.000000,90.453079,0.00000000,0.00158532,0.00000000,1,0
1528000.000,3.570000,0.000000,42.500,38.024380,3.602504,0.00529467,12.000000,90.453079,0.00000000,0.00155628,0.00000000,1,0
1529000.000,3.570000,0.000000,42.500,38.023129,3.602491,0.00529460,12.000000,90.453079,0.00000000,0.00152778,0.00000000,1,0
1530000.000,3.570000,0.000000,42.500,38.021877,3.602477,0.00529453,12.000000,90.453079,0.00000000,0.00149980,0.00000000,1,0
1531000.000,3.570000,0.000000,42.500,38.020626,3.602463,0.00529445,12.000000,90.453079,0.00000000,0.00147234,0.00000000,1,0
1532000.000,3.570000,0.000000,42.500,38.019379,3.602450,0.00529438,12.000000,90.453079,0.00000000,0.00144537,0.00000000,1,0
1533000.000,3.570000,0.000000,42.500,38.018127,3.602437,0.00529431,12.000000,90.453079,0.00000000,0.00141890,0.00000000,1,0
1534000.000,3.570000,0.000000,42.500,38.016880,3.602423,0.00529424,12.000000,90.453079,0.00000000,0.00139291,0.00000000,1,0
1535000.000,3.570000,0.000000,42.500,38.015633,3.602410,0.00529417,12.000000,90.453079,0.00000000,0.00136740,0.00000000,1,0
1536000.000,3.570000,0.000000,42.500,38.014389,3.602396,0.00529410,12.000000,90.453079,0.00000000,0.00134236,0.00000000,1,0
1537000.000,3.570000,0.000000,42.500,38.013142,3.602383,0.00529402,12.000000,90.453079,0.00000000,0.00131777,0.00000000,1,0
1538000.000,3.570000,0.000000,42.500,38.011898,3.602369,0.00529395,12.000000,90.453079,0.00000000,0.00129364,0.00000000,1,0
1539000.000,3.570000,0.000000,42.500,38.010658,3.602356,0.00529388,12.000000,90.453079,0.00000000,0.00126994,0.00000000,1,0
1540000.000,3.570000,0.000000,42.500,38.009415,3.602342,0.00529381,12.000000,90.453079,0.00000000,0.00124668,0.00000000,1,0
1541000.000,3.570000,0.000000,42.500,38.008175,3.602329,0.00529374,12.000000,90.453079,0.00000000,0.00122385,0.00000000,1,0
1542000.000,3.570000,0.000000,42.500,38.006935,3.602316,0.00529367,12.000000,90.453079,0.00000000,0.00120143,0.00000000,1,0
1543000.000,3.570000,0.000000,42.500,38.005695,3.602302,0.00529360,12.000000,90.453079,0.00000000,0.00117942,0.00000000,1,0
1544000.000,3.570000,0.000000,42.500,38.004456,3.602289,0.00529352,12.000000,90.453079,0.00000000,0.00115782,0.00000000,1,0
1545000.000,3.570000,0.000000,42.500,38.003220,3.602276,0.00529345,12.000000,90.453079,0.00000000,0.00113661,0.00000000,1,0
1546000.000,3.570000,0.000000,42.250,38.001980,3.602262,0.00529338,12.000000,90.453079,0.00000000,0.00111579,0.00000000,1,0
1547000.000,3.570000,0.000000,42.250,38.000744,3.602249,0.00529331,12.000000,90.453079,0.00000000,0.00109536,0.00000000,1,0
1548000.000,3.570000,0.000000,42.250,37.999512,3.602236,0.00529324,12.000000,90.453079,0.00000000,0.00107529,0.00000000,1,0
1549000.000,3.570000,0.000000,42.250,37.998276,3.602222,0.00529317,12.000000,90.453079,0.00000000,0.00105559,0.00000000,1,0
1550000.000,3.570000,0.000000,42.250,37.997044,3.602209,0.00529310,12.000000,90.453079,0.00000000,0.00103626,0.00000000,1,0
1551000.000,3.570000,0.000000,42.250,37.995811,3.602196,0.00529303,12.000000,90.453079,0.00000000,0.00101727,0.00000000,1,0
1552000.000,3.570000,0.000000,42.250,37.994583,3.602182,0.00529295,12.000000,90.453079,0.00000000,0.00099864,0.00000000,1,0
1553000.000,3.570000,0.000000,42.250,37.993351,3.602169,0.00529288,12.000000,90.453079,0.00000000,0.00098034,0.00000000,1,0
1554000.000,3.570000,0.000000,42.250,37.992123,3.602156,0.00529281,12.000000,90.453079,0.00000000,0.00096239,0.00000000,1,0
1555000.000,3.570000,0.000000,42.250,37.990894,3.602142,0.00529274,12.000000,90.453079,0.00000000,0.00094476,0.00000000,1,0
1556000.000,3.570000,0.000000,42.250,37.989666,3.602129,0.00529267,12.000000,90.453079,0.00000000,0.00092745,0.00000000,1,0
1557000.000,3.570000,0.000000,42.250,37.988441,3.602116,0.00529260,12.000000,90.453079,0.00000000,0.00091046,0.00000000,1,0
1558000.000,3.570000,0.000000,42.250,37.987217,3.602103,0.00529253,12.000000,90.453079,0.00000000,0.00089378,0.00000000,1,0
1559000.000,3.570000,0.000000,42.250,37.985992,3.602089,0.00529246,12.000000,90.453079,0.00000000,0.00087740,0.00000000,1,0
1560000.000,3.570000,0.000000,42.250,37.984768,3.602076,0.00529239,12.000000,90.453079,0.00000000,0.00086133,0.00000000,1,0
1561000.000,3.570000,0.000000,42.250,37.983547,3.602063,0.00529231,12.000000,90.453079,0.00000000,0.00084555,0.00000000,1,0
1562000.000,3.570000,0.000000,42.250,37.982323,3.602050,0.00529224,12.000000,90.453079,0.00000000,0.00083006,0.00000000,1,0
1563000.000,3.570000,0.000000,42.250,37.981102,3.602037,0.00529217,12.000000,90.453079,0.00000000,0.00081485,0.00000000,1,0
1564000.000,3.570000,0.000000,42.250,37.979881,3.602023,0.00529210,12.000000,90.453079,0.00000000,0.00079992,0.00000000,1,0
1565000.000,3.570000,0.000000,42.250,37.978664,3.602010,0.00529203,12.000000,90.453079,0.00000000,0.00078527,0.00000000,1,0
1566000.000,3.570000,0.000000,42.250,37.977444,3.601997,0.00529196,12.000000,90.453079,0.00000000,0.00077088,0.00000000,1,0
1567000.000,3.570000,0.000000,42.250,37.976231,3.601984,0.00529189,12.000000,90.453079,0.00000000,0.00075675,0.00000000,1,0
1568000.000,3.570000,0.000000,42.250,37.975014,3.601971,0.00529182,12.000000,90.453079,0.00000000,0.00074289,0.00000000,1,0
1569000.000,3.570000,0.000000,42.250,37.973797,3.601958,0.00529175,12.000000,90.453079,0.00000000,0.00072928,0.00000000,1,0
1570000.000,3.570000,0.000000,42.250,37.972580,3.601945,0.00529168,12.000000,90.453079,0.00000000,0.00071591,0.00000000,1,0
1571000.000,3.570000,0.000000,42.250,37.971367,3.601932,0.00529161,12.000000,90.453079,0.00000000,0.00070280,0.00000000,1,0
1572000.000,3.570000,0.000000,42.250,37.970154,3.601918,0.00529154,12.000000,90.453079,0.00000000,0.00068992,0.00000000,1,0
1573000.000,3.570000,0.000000,42.250,37.968941,3.601905,0.00529147,12.000000,90.453079,0.00000000,0.00067728,0.00000000,1,0
1574000.000,3.570000,0.000000,42.250,37.967731,3.601892,0.00529139,12.000000,90.453079,0.00000000,0.00066487,0.00000000,1,0
1575000.000,3.570000,0.000000,42.250,37.966522,3.601879,0.00529132,12.000000,90.453079,0.00000000,0.00065268,0.00000000,1,0
1576000.000,3.570000,0.000000,42.250,37.965313,3.601866,0.00529125,12.000000,90.453079,0.00000000,0.00064072,0.00000000,1,0
1577000.000,3.570000,0.000000,42.250,37.964104,3.601853,0.00529118,12.000000,90.453079,0.00000000,0.00062898,0.00000000,1,0
1578000.000,3.570000,0.000000,42.250,37.962898,3.601840,0.00529111,12.000000,90.453079,0.00000000,0.00061746,0.00000000,1,0
1579000.000,3.570000,0.000000,42.250,37.961693,3.601827,0.00529104,12.000000,90.453079,0.00000000,0.00060614,0.00000000,1,0
1580000.000,3.570000,0.000000,42.250,37.960484,3.601814,0.00529097,12.000000,90.453079,0.00000000,0.00059504,0.00000000,1,0
1581000.000,3.570000,0.000000,42.250,37.959282,3.601801,0.00529090,12.000000,90.453079,0.00000000,0.00058413,0.00000000,1,0
1582000.000,3.570000,0.000000,42.250,37.958076,3.601788,0.00529083,12.000000,90.453079,0.00000000,0.00057343,0.00000000,1,0
1583000.000,3.570000,0.000000,42.250,37.956871,3.601775,0.00529076,12.000000,90.453079,0.00000000,0.00056292,0.00000000,1,0
1584000.000,3.570000,0.000000,42.250,37.955673,3.601762,0.00529069,12.000000,90.453079,0.00000000,0.00055260,0.00000000,1,0
1585000.000,3.570000,0.000000,42.250,37.954472,3.601749,0.00529062,12.000000,90.453079,0.00000000,0.00054248,0.00000000,1,0
1586000.000,3.570000,0.000000,42.250,37.953270,3.601736,0.00529055,12.000000,90.453079,0.00000000,0.00053253,0.00000000,1,0
1587000.000,3.570000,0.000000,42.250,37.952072,3.601723,0.00529048,12.000000,90.453079,0.00000000,0.00052277,0.00000000,1,0
1588000.000,3.570000,0.000000,42.250,37.950874,3.601710,0.00529041,12.000000,90.453079,0.00000000,0.00051319,0.00000000,1,0
1589000.000,3.570000,0.000000,42.250,37.949677,3.601697,0.00529034,12.000000,90.453079,0.00000000,0.00050379,0.00000000,1,0
1590000.000,3.580000,0.000000,42.000,37.948856,3.601688,0.00529030,12.000000,90.453079,0.00000000,0.00049456,0.00000000,1,0
1591000.000,3.580000,0.000000,42.000,37.948040,3.601680,0.00529025,12.000000,90.453079,0.00000000,0.00048549,0.00000000,1,0
1592000.000,3.580000,0.000000,42.000,37.947224,3.601671,0.00529020,12.000000,90.453079,0.00000000,0.00047659,0.00000000,1,0
1593000.000,3.580000,0.000000,42.000,37.946407,3.601662,0.00529015,12.000000,90.453079,0.00000000,0.00046786,0.00000000,1,0
1594000.000,3.580000,0.000000,42.000,37.945591,3.601653,0.00529011,12.000000,90.453079,0.00000000,0.00045928,0.00000000,1,0
1595000.000,3.580000,0.000000,42.000,37.944775,3.601644,0.00529006,12.000000,90.453079,0.00000000,0.00045087,0.00000000,1,0
1596000.000,3.580000,0.000000,42.000,37.943958,3.601635,0.00529001,12.000000,90.453079,0.00000000,0.00044260,0.00000000,1,0
1597000.000,3.580000,0.000000,42.000,37.943146,3.601627,0.00528996,12.000000,90.453079,0.00000000,0.00043449,0.00000000,1,0
1598000.000,3.580000,0.000000,42.000,37.942333,3.601618,0.00528992,12.000000,90.453079,0.00000000,0.00042653,0.00000000,1,0
1599000.000,3.580000,0.000000,42.000,37.941517,3.601609,0.00528987,12.000000,90.453079,0.00000000,0.00041871,0.00000000,1,0
1600000.000,3.580000,0.000000,42.000,37.940704,3.601600,0.00528982,12.000000,90.453079,0.00000000,0.00041104,0.00000000,1,0
1601000.000,3.580000,0.000000,42.000,37.939896,3.601592,0.00528977,12.000000,90.453079,0.00000000,0.00040350,0.00000000,1,0
1602000.000,3.580000,0.000000,42.000,37.939083,3.601583,0.00528973,12.000000,90.453079,0.00000000,0.00039611,0.00000000,1,0
1603000.000,3.580000,0.000000,42.000,37.938274,3.601574,0.00528968,12.000000,90.453079,0.00000000,0.00038885,0.00000000,1,0
1604000.000,3.580000,0.000000,42.000,37.937462,3.601565,0.00528963,12.000000,90.453079,0.00000000,0.00038172,0.00000000,1,0
1605000.000,3.580000,0.000000,42.000,37.936653,3.601557,0.00528959,12.000000,90.453079,0.00000000,0.00037472,0.00000000,1,0
1606000.000,3.580000,0.000000,42.000,37.935844,3.601548,0.00528954,12.000000,90.453079,0.00000000,0.00036785,0.00000000,1,0
1607000.000,3.580000,0.000000,42.000,37.935036,3.601539,0.00528949,12.000000,90.453079,0.00000000,0.00036111,0.00000000,1,0
1608000.000,3.580000,0.000000,42.000,37.934227,3.601530,0.00528945,12.000000,90.453079,0.00000000,0.00035449,0.00000000,1,0
1609000.000,3.580000,0.000000,42.000,37.933422,3.601522,0.00528940,12.000000,90.453079,0.00000000,0.00034799,0.00000000,1,0
1610000.000,3.580000,0.000000,42.000,37.932613,3.601513,0.00528935,12.000000,90.453079,0.00000000,0.00034161,0.00000000,1,0
1611000.000,3.580000,0.000000,42.000,37.931808,3.601504,0.00528930,12.000000,90.453079,0.00000000,0.00033535,0.00000000,1,0
1612000.000,3.580000,0.000000,42.000,37.931004,3.601496,0.00528926,12.000000,90.453079,0.00000000,0.00032921,0.00000000,1,0
1613000.000,3.580000,0.000000,42.000,37.930199,3.601487,0.00528921,12.000000,90.453079,0.00000000,0.00032317,0.00000000,1,0
1614000.000,3.580000,0.000000,42.000,37.929394,3.601478,0.00528916,12.000000,90.453079,0.00000000,0.00031725,0.00000000,1,0
1615000.000,3.580000,0.000000,42.000,37.928589,3.601470,0.00528912,12.000000,90.453079,0.00000000,0.00031143,0.00000000,1,0
1616000.000,3.580000,0.000000,42.000,37.927788,3.601461,0.00528907,12.000000,90.453079,0.00000000,0.00030572,0.00000000,1,0
1617000.000,3.580000,0.000000,42.000,37.926987,3.601452,0.00528902,12.000000,90.453079,0.00000000,0.00030012,0.00000000,1,0
1618000.000,3.580000,0.000000,42.000,37.926186,3.601444,0.00528898,12.000000,90.453079,0.00000000,0.00029462,0.00000000,1,0
1619000.000,3.580000,0.000000,42.000,37.925385,3.601435,0.00528893,12.000000,90.453079,0.00000000,0.00028922,0.00000000,1,0
1620000.000,3.580000,0.000000,42.000,37.924583,3.601426,0.00528888,12.000000,90.453079,0.00000000,0.00028391,0.00000000,1,0
1621000.000,3.580000,0.000000,42.000,37.923782,3.601418,0.00528884,12.000000,90.453079,0.00000000,0.00027871,0.00000000,1,0
1622000.000,3.580000,0.000000,42.000,37.922985,3.601409,0.00528879,12.000000,90.453079,0.00000000,0.00027360,0.00000000,1,0
1623000.000,3.580000,0.000000,42.000,37.922184,3.601400,0.00528874,12.000000,90.453079,0.00000000,0.00026858,0.00000000,1,0
1624000.000,3.580000,0.000000,42.000,37.921387,3.601392,0.00528870,12.000000,90.453079,0.00000000,0.00026366,0.00000000,1,0
1625000.000,3.580000,0.000000,42.000,37.920589,3.601383,0.00528865,12.000000,90.453079,0.00000000,0.00025883,0.00000000,1,0
1626000.000,3.580000,0.000000,42.000,37.919792,3.601374,0.00528860,12.000000,90.453079,0.00000000,0.00025408,0.00000000,1,0
1627000.000,3.580000,0.000000,42.000,37.918999,3.601366,0.00528856,12.000000,90.453079,0.00000000,0.00024942,0.00000000,1,0
1628000.000,3.580000,0.000000,42.000,37.918201,3.601357,0.00528851,12.000000,90.453079,0.00000000,0.00024485,0.00000000,1,0
1629000.000,3.580000,0.000000,42.000,37.917408,3.601349,0.00528847,12.000000,90.453079,0.00000000,0.00024036,0.00000000,1,0
1630000.000,3.580000,0.000000,42.000,37.916615,3.601340,0.00528842,12.000000,90.453079,0.00000000,0.00023596,0.00000000,1,0
1631000.000,3.580000,0.000000,42.000,37.915825,3.601331,0.00528837,12.000000,90.453079,0.00000000,0.00023163,0.00000000,1,0
1632000.000,3.580000,0.000000,42.000,37.915035,3.601323,0.00528833,12.000000,90.453079,0.00000000,0.00022738,0.00000000,1,0
1633000.000,3.580000,0.000000,42.000,37.914246,3.601315,0.00528828,12.000000,90.453079,0.00000000,0.00022321,0.00000000,1,0
1634000.000,3.580000,0.000000,42.000,37.913456,3.601306,0.00528824,12.000000,90.453079,0.00000000,0.00021912,0.00000000,1,0
1635000.000,3.580000,0.000000,42.000,37.912666,3.601297,0.00528819,12.000000,90.453079,0.00000000,0.00021510,0.00000000,1,0
1636000.000,3.580000,0.000000,42.000,37.911880,3.601289,0.00528814,12.000000,90.453079,0.00000000,0.00021116,0.00000000,1,0
1637000.000,3.580000,0.000000,42.000,37.911095,3.601280,0.00528810,12.000000,90.453079,0.00000000,0.00020729,0.00000000,1,0
1638000.000,3.580000,0.000000,42.000,37.910305,3.601272,0.00528805,12.000000,90.453079,0.00000000,0.00020349,0.00000000,1,0
1639000.000,3.580000,0.100000,42.000,37.909500,3.601263,0.00528801,12.000000,90.453079,0.00000000,0.00019976,0.00000000,1,0
1640000.000,3.580000,0.600000,42.000,37.908386,3.601251,0.00528798,12.000000,90.453079,0.00001693,0.00019871,0.00000000,1,0
1641000.000,3.570000,0.200000,42.000,37.905811,3.601223,0.00528793,12.000000,90.453079,0.00011602,0.00021078,0.00000000,1,0
1642000.000,3.570000,1.000000,42.000,37.904037,3.601204,0.00528791,12.000000,90.453079,0.00013297,0.00021215,0.00000000,1,0
1643000.000,3.570000,1.500000,41.750,37.900333,3.601164,0.00528792,12.000000,90.453079,0.00028287,0.00023445,0.00000000,1,0
1644000.000,3.560000,1.800000,41.750,37.895054,3.601107,0.00528794,12.000000,90.453079,0.00049557,0.00026944,0.00000000,1,0
1645000.000,3.560000,0.000000,41.750,37.889374,3.601046,0.00528785,12.000000,90.453079,0.00072805,0.00031167,0.00000000,1,0
1646000.000,3.560000,-0.200000,41.750,37.887894,3.601030,0.00528775,12.000000,90.453079,0.00062187,0.00030595,0.00000000,1,0
1647000.000,3.570000,1.400000,41.750,37.886990,3.601020,0.00528774,12.000000,90.453079,0.00049730,0.00029510,0.00000000,1,0
1648000.000,3.560000,1.500000,41.750,37.882000,3.600966,0.00528775,12.000000,90.453079,0.00066180,0.00032639,0.00000000,1,0
1649000.000,3.560000,0.500000,41.750,37.876942,3.600912,0.00528770,12.000000,90.453079,0.00081924,0.00035975,0.00000000,1,0
1650000.000,3.560000,0.100000,41.750,37.874268,3.600883,0.00528762,12.000000,90.453079,0.00078435,0.00036627,0.00000000,1,0
1651000.000,3.570000,0.100000,41.750,37.872879,3.600868,0.00528756,12.000000,90.453079,0.00068682,0.00036217,0.00000000,1,0
1652000.000,3.570000,0.000000,41.750,37.871517,3.600853,0.00528750,12.000000,90.453079,0.00060351,0.00035815,0.00000000,1,0
1653000.000,3.570000,0.000000,41.750,37.870384,3.600841,0.00528743,12.000000,90.453079,0.00051542,0.00035158,0.00000000,1,0
1654000.000,3.570000,0.200000,41.750,37.869217,3.600828,0.00528738,12.000000,90.453079,0.00044018,0.00034513,0.00000000,1,0
1655000.000,3.570000,1.200000,41.750,37.867432,3.600809,0.00528737,12.000000,90.453079,0.00040980,0.00034405,0.00000000,1,0
1656000.000,3.560000,1.000000,41.750,37.862999,3.600761,0.00528735,12.000000,90.453079,0.00055319,0.00036925,0.00000000,1,0
1657000.000,3.560000,1.200000,41.750,37.858997,3.600718,0.00528735,12.000000,90.453079,0.00064178,0.00038873,0.00000000,1,0
1658000.000,3.560000,0.000000,41.750,37.854733,3.600672,0.00528726,12.000000,90.453079,0.00075129,0.00041312,0.00000000,1,0
1659000.000,3.570000,0.200000,41.750,37.853577,3.600659,0.00528721,12.000000,90.453079,0.00064155,0.00040554,0.00000000,1,0
1660000.000,3.570000,0.200000,41.750,37.851955,3.600642,0.00528715,12.000000,90.453079,0.00058171,0.00040336,0.00000000,1,0
1661000.000,3.570000,0.000000,41.750,37.850372,3.600625,0.00528709,12.000000,90.453079,0.00053060,0.00040122,0.00000000,1,0
1662000.000,3.570000,3.200000,41.750,37.848743,3.600607,0.00528710,12.000000,90.453079,0.00045308,0.00039385,0.00000000,1,0
1663000.000,3.570000,14.200000,41.750,37.837845,3.600489,0.00528573,12.000000,90.453079,0.00092892,0.00047074,0.00000000,1,0
1664000.000,3.570000,16.500000,41.750,37.801071,3.600092,0.00528365,12.000000,90.453079,0.00319870,0.00083564,0.00000000,1,0
1665000.000,3.440000,4.300000,41.750,37.755920,3.599604,0.00528442,12.000000,90.453079,0.00552669,0.00125542,0.00000000,1,0
1666000.000,3.440000,0.000000,41.750,37.739666,3.599429,0.00528407,12.000000,90.453079,0.00544496,0.00134610,0.00000000,1,0
1667000.000,3.560000,18.100000,41.750,37.735062,3.599379,0.00528174,12.000000,90.453079,0.00464554,0.00132137,0.00000000,1,0
1668000.000,3.450000,38.599998,42.000,37.684086,3.598829,0.00527661,12.000000,90.453079,0.00703309,0.00177655,0.00000000,1,0
1669000.000,3.340000,38.000000,42.000,37.584122,3.597749,0.00527940,12.000000,90.453079,0.01254817,0.00276992,0.00000000,1,0
1670000.000,3.340000,35.299999,42.000,37.485683,3.596686,0.00528248,12.000000,90.453079,0.01714858,0.00373595,0.00000000,1,0
1671000.000,3.370000,34.599998,42.250,37.393921,3.595695,0.00528336,12.000000,90.453079,0.02060554,0.00461828,0.00000000,1,0
1672000.000,3.370000,29.400000,42.250,37.304028,3.594723,0.00528537,12.000000,90.453079,0.02342349,0.00547133,0.00000000,1,0
1673000.000,3.320000,6.800000,42.500,37.226776,3.593889,0.00528765,12.000000,90.453079,0.02492686,0.00617251,0.00000000,1,0
1674000.000,3.490000,30.600000,42.750,37.203579,3.593638,0.00528227,12.000000,90.453079,0.02234194,0.00624488,0.00000000,1,0
1675000.000,3.380000,36.000000,42.750,37.122917,3.592767,0.00528137,12.000000,90.453079,0.02420235,0.00697024,0.00000000,1,0
1676000.000,3.380000,39.599998,42.750,37.029713,3.591761,0.00527861,12.000000,90.453079,0.02669642,0.00783607,0.00000000,1,0
1677000.000,3.380000,9.600000,42.750,36.930008,3.590684,0.00528053,12.000000,90.453079,0.02941869,0.00879239,0.00000000,1,0
1678000.000,3.380000,26.700001,42.750,36.898575,3.590344,0.00528198,12.000000,90.453079,0.02658222,0.00889792,0.00000000,1,0
1679000.000,3.330000,1.800000,43.000,36.828308,3.589585,0.00528225,12.000000,90.453079,0.02709945,0.00948225,0.00000000,1,0
1680000.000,3.530000,28.400000,43.250,36.817818,3.589472,0.00527534,12.000000,90.453079,0.02326266,0.00935641,0.00000000,1,0
1681000.000,3.530000,29.000000,43.250,36.745747,3.588693,0.00526798,12.000000,90.453079,0.02456830,0.00998436,0.00000000,1,0
1682000.000,3.530000,23.299999,43.250,36.672718,3.587905,0.00526330,12.000000,90.453079,0.02576853,0.01062160,0.00000000,1,0
1683000.000,3.530000,-0.200000,43.250,36.616848,3.587301,0.00526320,12.000000,90.453079,0.02579716,0.01108833,0.00000000,1,0
1684000.000,3.510000,41.500000,43.250,36.609795,3.587225,0.00524913,12.000000,90.453079,0.02177867,0.01087516,0.00000000,1,0
1685000.000,3.270000,26.100000,43.250,36.503174,3.586073,0.00525583,12.000000,90.453079,0.02554028,0.01186197,0.00000000,1,0
1686000.000,3.270000,0.000000,43.250,36.433422,3.585320,0.00525526,12.000000,90.453079,0.02606227,0.01239404,0.00000000,1,0
1687000.000,3.270000,-0.600000,43.250,36.424118,3.585219,0.00525435,12.000000,90.453079,0.02200321,0.01216126,0.00000000,1,0
1688000.000,3.270000,0.700000,43.250,36.416111,3.585133,0.00525416,12.000000,90.453079,0.01847162,0.01191536,0.00000000,1,0
1689000.000,3.510000,0.300000,43.250,36.411755,3.585086,0.00525405,12.000000,90.453079,0.01571294,0.01171185,0.00000000,1,0
1690000.000,3.510000,-0.200000,43.250,36.408417,3.585050,0.00525390,12.000000,90.453079,0.01331492,0.01150051,0.00000000,1,0
1691000.000,3.510000,0.600000,43.250,36.406082,3.585025,0.00525382,12.000000,90.453079,0.01120439,0.01127857,0.00000000,1,0
1692000.000,3.510000,3.800000,43.250,36.401291,3.584973,0.00525393,12.000000,90.453079,0.00956044,0.01108408,0.00000000,1,0
1693000.000,3.490000,11.700000,43.000,36.386757,3.584816,0.00525404,12.000000,90.453079,0.00872327,0.01098645,0.00000000,1,0
1694000.000,3.490000,19.700001,43.000,36.353333,3.584455,0.00525274,12.000000,90.453079,0.00937576,0.01112106,0.00000000,1,0
1695000.000,3.390000,12.600000,43.000,36.299931,3.583878,0.00525496,12.000000,90.453079,0.01130250,0.01148771,0.00000000,1,0
1696000.000,3.430000,11.400000,42.750,36.263855,3.583488,0.00525622,12.000000,90.453079,0.01170235,0.01164111,0.00000000,1,0
1697000.000,3.430000,6.200000,42.750,36.230927,3.583133,0.00525708,12.000000,90.453079,0.01183051,0.01175713,0.00000000,1,0
1698000.000,3.430000,26.600000,42.750,36.208660,3.582892,0.00525634,12.000000,90.453079,0.01103979,0.01171820,0.00000000,1,0
1699000.000,3.320000,34.900002,43.000,36.137051,3.582119,0.00525951,12.000000,90.453079,0.01389031,0.01228309,0.00000000,1,0
1700000.000,3.320000,27.900000,43.000,36.046463,3.581141,0.00526362,12.000000,90.453079,0.01772127,0.01308782,0.00000000,1,0
1701000.000,3.310000,6.600000,43.000,35.973095,3.580348,0.00526571,12.000000,90.453079,0.01973213,0.01367453,0.00000000,1,0
1702000.000,3.310000,21.700001,43.000,35.948109,3.580078,0.00527048,12.000000,90.453079,0.01773420,0.01361343,0.00000000,1,0
1703000.000,3.310000,-0.200000,43.000,35.889591,3.579446,0.00526989,12.000000,90.453079,0.01866294,0.01400894,0.00000000,1,0
1704000.000,3.500000,0.500000,43.250,35.887085,3.579419,0.00526980,12.000000,90.453079,0.01564769,0.01373625,0.00000000,1,0
1705000.000,3.500000,3.700000,43.250,35.882359,3.579368,0.00526988,12.000000,90.453079,0.01323487,0.01348993,0.00000000,1,0
1706000.000,3.500000,0.000000,43.250,35.870914,3.579244,0.00526974,12.000000,90.453079,0.01176087,0.01334525,0.00000000,1,0
1707000.000,3.500000,19.000000,43.250,35.865040,3.579181,0.00526799,12.000000,90.453079,0.00988092,0.01309112,0.00000000,1,0
1708000.000,3.500000,12.700000,43.250,35.815826,3.578649,0.00526751,12.000000,90.453079,0.01159037,0.01341831,0.00000000,1,0
1709000.000,3.500000,2.100000,43.250,35.783199,3.578297,0.00526754,12.000000,90.453079,0.01193275,0.01354924,0.00000000,1,0
1710000.000,3.500000,-0.200000,43.000,35.775532,3.578214,0.00526737,12.000000,90.453079,0.01038140,0.01335473,0.00000000,1,0
1711000.000,3.500000,12.400000,43.000,35.770832,3.578163,0.00526700,12.000000,90.453079,0.00867991,0.01309365,0.00000000,1,0
1712000.000,3.500000,2.700000,43.000,35.738792,3.577817,0.00526707,12.000000,90.453079,0.00943488,0.01322266,0.00000000,1,0
1713000.000,3.450000,-0.200000,43.000,35.727642,3.577697,0.00526676,12.000000,90.453079,0.00838550,0.01305268,0.00000000,1,0
1714000.000,3.450000,4.800000,43.000,35.722275,3.577639,0.00526726,12.000000,90.453079,0.00700143,0.01279701,0.00000000,1,0
1715000.000,3.450000,0.000000,43.000,35.706226,3.577466,0.00526700,12.000000,90.453079,0.00670677,0.01269960,0.00000000,1,0
1716000.000,3.500000,12.800000,42.750,35.701015,3.577409,0.00526664,12.000000,90.453079,0.00562644,0.01245666,0.00000000,1,0
1717000.000,3.500000,23.400000,42.750,35.665310,3.577024,0.00526355,12.000000,90.453079,0.00693984,0.01261174,0.00000000,1,0
1718000.000,3.500000,6.900000,42.750,35.607090,3.576395,0.00526363,12.000000,90.453079,0.00987972,0.01309143,0.00000000,1,0
1719000.000,3.500000,3.000000,42.750,35.587799,3.576186,0.00526371,12.000000,90.453079,0.00947880,0.01305393,0.00000000,1,0
1720000.000,3.480000,28.000000,42.750,35.574131,3.576039,0.00525966,12.000000,90.453079,0.00846440,0.01289639,0.00000000,1,0
1721000.000,3.320000,31.400000,42.750,35.499699,3.575235,0.00526318,12.000000,90.453079,0.01195531,0.01351801,0.00000000,1,0
1722000.000,3.320000,33.400002,42.750,35.417397,3.574346,0.00526595,12.000000,90.453079,0.01546852,0.01423848,0.00000000,1,0
1723000.000,3.310000,0.500000,43.000,35.332027,3.573424,0.00526568,12.000000,90.453079,0.01875339,0.01501376,0.00000000,1,0
1724000.000,3.310000,28.900000,43.000,35.321297,3.573308,0.00526975,12.000000,90.453079,0.01576610,0.01473914,0.00000000,1,0
1725000.000,3.360000,0.000000,43.000,35.247395,3.572510,0.00526935,12.000000,90.453079,0.01821308,0.01536953,0.00000000,1,0
1726000.000,3.360000,24.299999,43.000,35.238754,3.572416,0.00527152,12.000000,90.453079,0.01521534,0.01507139,0.00000000,1,0
1727000.000,3.360000,0.400000,43.000,35.175499,3.571733,0.00527126,12.000000,90.453079,0.01694561,0.01555402,0.00000000,1,0
1728000.000,3.500000,15.200000,43.000,35.169296,3.571666,0.00527003,12.000000,90.453079,0.01421675,0.01526442,0.00000000,1,0
1729000.000,3.380000,0.700000,43.000,35.127491,3.571214,0.00526987,12.000000,90.453079,0.01451955,0.01545515,0.00000000,1,0
1730000.000,3.380000,36.099998,43.000,35.117012,3.571101,0.00526780,12.000000,90.453079,0.01223829,0.01517669,0.00000000,1,0
1731000.000,3.500000,18.299999,43.000,35.028030,3.570140,0.00526564,12.000000,90.453079,0.01651221,0.01604404,0.00000000,1,0
1732000.000,3.500000,7.500000,43.000,34.981804,3.569641,0.00526548,12.000000,90.453079,0.01696307,0.01632444,0.00000000,1,0
1733000.000,3.480000,0.700000,43.000,34.960999,3.569416,0.00526538,12.000000,90.453079,0.01544660,0.01624929,0.00000000,1,0
1734000.000,3.480000,0.000000,43.000,34.956059,3.569363,0.00526522,12.000000,90.453079,0.01299180,0.01595387,0.00000000,1,0
1735000.000,3.480000,30.799999,43.000,34.949444,3.569291,0.00525931,12.000000,90.453079,0.01082367,0.01564134,0.00000000,1,0
1736000.000,3.480000,34.700001,43.000,34.871319,3.568448,0.00525102,12.000000,90.453079,0.01440223,0.01634103,0.00000000,1,0
1737000.000,3.480000,23.799999,43.000,34.784950,3.567515,0.00524763,12.000000,90.453079,0.01806147,0.01716100,0.00000000,1,0
1738000.000,3.410000,23.700001,43.000,34.722492,3.566840,0.00524721,12.000000,90.453079,0.01919143,0.01761110,0.00000000,1,0
1739000.000,3.350000,-0.600000,43.250,34.660748,3.566173,0.00524661,12.000000,90.453079,0.02010688,0.01805240,0.00000000,1,0
1740000.000,3.350000,-0.600000,43.250,34.655243,3.566114,0.00524599,12.000000,90.453079,0.01659840,0.01767484,0.00000000,1,0
1741000.000,3.490000,0.000000,43.250,34.653862,3.566099,0.00524586,12.000000,90.453079,0.01368301,0.01730467,0.00000000,1,0
1742000.000,3.490000,0.000000,43.250,34.651085,3.566069,0.00524573,12.000000,90.453079,0.01136629,0.01696191,0.00000000,1,0
1743000.000,3.500000,0.200000,43.000,34.648685,3.566043,0.00524562,12.000000,90.453079,0.00944156,0.01662591,0.00000000,1,0
1744000.000,3.480000,39.500000,43.000,34.641171,3.565962,0.00523473,12.000000,90.453079,0.00787767,0.01630324,0.00000000,1,0
1745000.000,3.270000,13.400000,43.000,34.540470,3.564874,0.00523914,12.000000,90.453079,0.01347268,0.01730471,0.00000000,1,0
1746000.000,3.270000,19.100000,43.000,34.500061,3.564438,0.00524455,12.000000,90.453079,0.01353246,0.01741372,0.00000000,1,0
1747000.000,3.380000,-0.300000,43.250,34.449608,3.563893,0.00524411,12.000000,90.453079,0.01458008,0.01771508,0.00000000,1,0
1748000.000,3.380000,0.200000,43.250,34.444023,3.563832,0.00524382,12.000000,90.453079,0.01203434,0.01735117,0.00000000,1,0
1749000.000,3.490000,0.200000,43.250,34.440830,3.563798,0.00524370,12.000000,90.453079,0.01001124,0.01701149,0.00000000,1,0
1750000.000,3.490000,22.100000,43.000,34.434761,3.563732,0.00524080,12.000000,90.453079,0.00833389,0.01667856,0.00000000,1,0
1751000.000,3.490000,24.600000,43.000,34.377861,3.563118,0.00523684,12.000000,90.453079,0.01079357,0.01709982,0.00000000,1,0
1752000.000,3.350000,20.799999,43.000,34.312763,3.562415,0.00523934,12.000000,90.453079,0.01326949,0.01760142,0.00000000,1,0
1753000.000,3.350000,0.200000,43.000,34.257851,3.561821,0.00523901,12.000000,90.453079,0.01464742,0.01796577,0.00000000,1,0
1754000.000,3.350000,17.299999,43.000,34.249489,3.561731,0.00524163,12.000000,90.453079,0.01215480,0.01761119,0.00000000,1,0
1755000.000,3.290000,4.400000,43.250,34.201263,3.561210,0.00524295,12.000000,90.453079,0.01310404,0.01785699,0.00000000,1,0
1756000.000,3.290000,-1.900000,43.250,34.183319,3.561016,0.00524156,12.000000,90.453079,0.01161188,0.01765015,0.00000000,1,0
1757000.000,3.290000,-0.500000,43.250,34.179863,3.560979,0.00524083,12.000000,90.453079,0.00926567,0.01722754,0.00000000,1,0
1758000.000,3.490000,0.100000,43.250,34.178410,3.560963,0.00524071,12.000000,90.453079,0.00757238,0.01686228,0.00000000,1,0
1759000.000,3.490000,0.700000,43.250,34.175453,3.560931,0.00524064,12.000000,90.453079,0.00627811,0.01652533,0.00000000,1,0
1760000.000,3.490000,-0.100000,43.250,34.171253,3.560886,0.00524050,12.000000,90.453079,0.00531371,0.01621609,0.00000000,1,0
1761000.000,3.490000,14.700000,43.250,34.166477,3.560834,0.00523963,12.000000,90.453079,0.00437517,0.01588509,0.00000000,1,0
1762000.000,3.440000,10.100000,43.000,34.126801,3.560406,0.00524026,12.000000,90.453079,0.00620877,0.01607809,0.00000000,1,0
1763000.000,3.440000,8.600000,43.000,34.097889,3.560094,0.00524087,12.000000,90.453079,0.00691209,0.01610708,0.00000000,1,0
1764000.000,3.440000,7.300000,43.000,34.072548,3.559820,0.00524144,12.000000,90.453079,0.00722742,0.01608324,0.00000000,1,0
1765000.000,3.440000,3.800000,43.000,34.050457,3.559581,0.00524174,12.000000,90.453079,0.00725731,0.01601439,0.00000000,1,0
1766000.000,3.440000,16.200001,43.000,34.035652,3.559422,0.00524190,12.000000,90.453079,0.00666302,0.01582349,0.00000000,1,0
1767000.000,3.380000,23.400000,43.000,33.990551,3.558934,0.00524302,12.000000,90.453079,0.00836112,0.01607506,0.00000000,1,0
1768000.000,3.380000,0.200000,43.000,33.930340,3.558284,0.00524273,12.000000,90.453079,0.01103309,0.01657893,0.00000000,1,0
1769000.000,3.380000,2.800000,43.000,33.923660,3.558212,0.00524312,12.000000,90.453079,0.00913373,0.01624768,0.00000000,1,0
1770000.000,3.480000,-0.200000,43.000,33.914322,3.558111,0.00524295,12.000000,90.453079,0.00802655,0.01601600,0.00000000,1,0
1771000.000,3.490000,-0.100000,43.000,33.912315,3.558089,0.00524282,12.000000,90.453079,0.00658258,0.01568171,0.00000000,1,0
1772000.000,3.490000,0.000000,43.000,33.910061,3.558065,0.00524269,12.000000,90.453079,0.00540959,0.01535779,0.00000000,1,0
1773000.000,3.490000,10.700000,43.000,33.905624,3.558017,0.00524241,12.000000,90.453079,0.00446005,0.01504403,0.00000000,1,0
1774000.000,3.490000,25.200001,43.000,33.875294,3.557689,0.00523831,12.000000,90.453079,0.00556897,0.01511961,0.00000000,1,0
1775000.000,3.490000,10.000000,43.000,33.812714,3.557014,0.00523799,12.000000,90.453079,0.00904706,0.01571473,0.00000000,1,0
1776000.000,3.490000,-0.200000,43.000,33.787178,3.556738,0.00523786,12.000000,90.453079,0.00922138,0.01575325,0.00000000,1,0
1777000.000,3.490000,13.600000,43.000,33.782887,3.556691,0.00523703,12.000000,90.453079,0.00755756,0.01542235,0.00000000,1,0
1778000.000,3.490000,36.900002,43.000,33.745155,3.556284,0.00522659,12.000000,90.453079,0.00863056,0.01559775,0.00000000,1,0
1779000.000,3.490000,34.200001,43.000,33.653725,3.555296,0.00521741,12.000000,90.453079,0.01363909,0.01661713,0.00000000,1,0
1780000.000,3.270000,40.599998,43.250,33.565125,3.554339,0.00521991,12.000000,90.453079,0.01727809,0.01752659,0.00000000,1,0
1781000.000,3.240000,42.400002,43.250,33.461388,3.553219,0.00522361,12.000000,90.453079,0.02139821,0.01866265,0.00000000,1,0
1782000.000,3.240000,28.500000,43.250,33.353882,3.552058,0.00522941,12.000000,90.453079,0.02509078,0.01985513,0.00000000,1,0
1783000.000,3.230000,30.700001,43.500,33.278419,3.551243,0.00523548,12.000000,90.453079,0.02563298,0.02051284,0.00000000,1,0
1784000.000,3.230000,37.700001,43.500,33.197735,3.550371,0.00524031,12.000000,90.453079,0.02645561,0.02124649,0.00000000,1,0
1785000.000,3.240000,38.200001,43.750,33.100994,3.549326,0.00524405,12.000000,90.453079,0.02836162,0.02223991,0.00000000,1,0
1786000.000,3.240000,30.299999,43.750,33.003338,3.548271,0.00524900,12.000000,90.453079,0.02999208,0.02324297,0.00000000,1,0
1787000.000,3.220000,28.100000,44.000,32.923828,3.547412,0.00525505,12.000000,90.453079,0.02989453,0.02392820,0.00000000,1,0
1788000.000,3.230000,9.300000,44.000,32.850025,3.546615,0.00525819,12.000000,90.453079,0.02940438,0.02451942,0.00000000,1,0
1789000.000,3.230000,3.800000,44.000,32.819897,3.546290,0.00525938,12.000000,90.453079,0.02562692,0.02435904,0.00000000,1,0
1790000.000,3.230000,32.000000,44.000,32.801773,3.546094,0.00526495,12.000000,90.453079,0.02155798,0.02398374,0.00000000,1,0
1791000.000,3.230000,32.400002,44.000,32.718410,3.545194,0.00527026,12.000000,90.453079,0.02328406,0.02473920,0.00000000,1,0
1792000.000,3.210000,0.900000,44.250,32.634712,3.544290,0.00527016,12.000000,90.453079,0.02474838,0.02550268,0.00000000,1,0
1793000.000,3.330000,1.100000,44.250,32.626175,3.544198,0.00527012,12.000000,90.453079,0.02028076,0.02498205,0.00000000,1,0
1794000.000,3.330000,4.400000,44.250,32.616955,3.544098,0.00527096,12.000000,90.453079,0.01668297,0.02448066,0.00000000,1,0
1795000.000,3.330000,37.500000,44.250,32.598515,3.543899,0.00526921,12.000000,90.453079,0.01434842,0.02412389,0.00000000,1,0
1796000.000,3.330000,4.800000,44.250,32.505066,3.542889,0.00527011,12.000000,90.453079,0.01838218,0.02512058,0.00000000,1,0
1797000.000,3.330000,-0.500000,44.250,32.487656,3.542701,0.00526958,12.000000,90.453079,0.01578262,0.02476459,0.00000000,1,0
1798000.000,3.450000,-0.100000,44.250,32.485313,3.542676,0.00526940,12.000000,90.453079,0.01271881,0.02419819,0.00000000,1,0
1799000.000,3.450000,0.100000,44.250,32.482010,3.542640,0.00526924,12.000000,90.453079,0.01030384,0.02366065,0.00000000,1,0
1800000.000,3.450000,-0.100000,44.250,32.478271,3.542600,0.00526905,12.000000,90.453079,0.00837958,0.02314308,0.00000000,1,0
1801000.000,3.460000,1.600000,44.250,32.475094,3.542566,0.00526903,12.000000,90.453079,0.00678183,0.02262857,0.00000000,1,0
1802000.000,3.460000,1.600000,44.250,32.467979,3.542489,0.00526901,12.000000,90.453079,0.00579024,0.02219534,0.00000000,1,0
1803000.000,3.460000,19.100000,44.000,32.459145,3.542393,0.00526733,12.000000,90.453079,0.00498524,0.02177149,0.00000000,1,0
1804000.000,3.460000,17.700001,44.000,32.409927,3.541862,0.00526590,12.000000,90.453079,0.00747334,0.02207884,0.00000000,1,0
1805000.000,3.460000,9.600000,44.000,32.364498,3.541371,0.00526574,12.000000,90.453079,0.00923865,0.02232395,0.00000000,1,0
1806000.000,3.410000,19.000000,44.000,32.336273,3.541066,0.00526553,12.000000,90.453079,0.00921187,0.02222818,0.00000000,1,0
1807000.000,3.330000,13.000000,44.000,32.285194,3.540514,0.00526776,12.000000,90.453079,0.01087780,0.02252780,0.00000000,1,0
1808000.000,3.330000,-1.200000,44.000,32.248940,3.540123,0.00526698,12.000000,90.453079,0.01114470,0.02257128,0.00000000,1,0
1809000.000,3.330000,1.500000,44.000,32.245369,3.540084,0.00526708,12.000000,90.453079,0.00880296,0.02201556,0.00000000,1,0
1810000.000,3.330000,8.100000,44.000,32.235126,3.539974,0.00526875,12.000000,90.453079,0.00739337,0.02158612,0.00000000,1,0
1811000.000,3.290000,0.400000,44.000,32.209362,3.539696,0.00526847,12.000000,90.453079,0.00743959,0.02144494,0.00000000,1,0
1812000.000,3.290000,32.000000,44.000,32.200027,3.539595,0.00527127,12.000000,90.453079,0.00608960,0.02098077,0.00000000,1,0
1813000.000,3.260000,41.700001,44.000,32.117020,3.538698,0.00527295,12.000000,90.453079,0.01068518,0.02186721,0.00000000,1,0
1814000.000,3.260000,13.100000,44.000,32.012329,3.537567,0.00527651,12.000000,90.453079,0.01614564,0.02315858,0.00000000,1,0
1815000.000,3.260000,15.900000,44.000,31.973785,3.537151,0.00528053,12.000000,90.453079,0.01539078,0.02319937,0.00000000,1,0
1816000.000,3.260000,-0.400000,44.000,31.929598,3.536674,0.00527988,12.000000,90.453079,0.01528186,0.02336203,0.00000000,1,0
1817000.000,3.450000,4.300000,44.250,31.926464,3.536640,0.00527995,12.000000,90.453079,0.01224639,0.02281042,0.00000000,1,0
1818000.000,3.450000,-0.300000,44.250,31.913280,3.536497,0.00527976,12.000000,90.453079,0.01064752,0.02247678,0.00000000,1,0
1819000.000,3.450000,37.099998,44.250,31.907740,3.536438,0.00527037,12.000000,90.453079,0.00852698,0.02194918,0.00000000,1,0
1820000.000,3.450000,12.900000,44.250,31.817249,3.535460,0.00526980,12.000000,90.453079,0.01356974,0.02307191,0.00000000,1,0
1821000.000,3.280000,-0.300000,44.250,31.780437,3.535063,0.00526924,12.000000,90.453079,0.01325426,0.02311116,0.00000000,1,0
1822000.000,3.420000,0.000000,44.250,31.776793,3.535023,0.00526902,12.000000,90.453079,0.01061000,0.02256385,0.00000000,1,0
1823000.000,3.420000,24.000000,44.250,31.770906,3.534960,0.00526706,12.000000,90.453079,0.00853630,0.02204239,0.00000000,1,0
1824000.000,3.400000,5.700000,44.250,31.710300,3.534305,0.00526755,12.000000,90.453079,0.01120641,0.02260054,0.00000000,1,0
1825000.000,3.430000,0.600000,44.250,31.692991,3.534118,0.00526742,12.000000,90.453079,0.01003972,0.02233108,0.00000000,1,0
1826000.000,3.430000,0.500000,44.250,31.687502,3.534059,0.00526728,12.000000,90.453079,0.00817749,0.02183879,0.00000000,1,0
1827000.000,3.450000,13.100000,44.000,31.681755,3.533997,0.00526684,12.000000,90.453079,0.00666226,0.02135327,0.00000000,1,0
1828000.000,3.450000,6.100000,44.000,31.647310,3.533625,0.00526693,12.000000,90.453079,0.00772422,0.02144518,0.00000000,1,0
1829000.000,3.400000,31.799999,44.000,31.626484,3.533400,0.00526321,12.000000,90.453079,0.00730856,0.02122016,0.00000000,1,0
1830000.000,3.450000,-0.200000,44.000,31.549776,3.532571,0.00526305,12.000000,90.453079,0.01162653,0.02216280,0.00000000,1,0
1831000.000,3.450000,39.400002,44.000,31.544033,3.532509,0.00525204,12.000000,90.453079,0.00929091,0.02163288,0.00000000,1,0
1832000.000,3.450000,13.300000,44.000,31.448355,3.531476,0.00525130,12.000000,90.453079,0.01459248,0.02292371,0.00000000,1,0
1833000.000,3.450000,35.200001,44.000,31.411711,3.531080,0.00524242,12.000000,90.453079,0.01410356,0.02299515,0.00000000,1,0
1834000.000,3.340000,24.200001,44.000,31.323061,3.530123,0.00524310,12.000000,90.453079,0.01768109,0.02408190,0.00000000,1,0
1835000.000,3.260000,0.200000,44.250,31.259933,3.529441,0.00524273,12.000000,90.453079,0.01853750,0.02464055,0.00000000,1,0
1836000.000,3.260000,5.100000,44.250,31.252041,3.529355,0.00524414,12.000000,90.453079,0.01485155,0.02405785,0.00000000,1,0
1837000.000,3.260000,0.100000,44.250,31.233130,3.529151,0.00524373,12.000000,90.453079,0.01279502,0.02372049,0.00000000,1,0
1838000.000,3.260000,25.900000,44.250,31.224766,3.529061,0.00524797,12.000000,90.453079,0.01024035,0.02315397,0.00000000,1,0
1839000.000,3.260000,0.100000,44.250,31.157738,3.528337,0.00524755,12.000000,90.453079,0.01288863,0.02382464,0.00000000,1,0
1840000.000,3.390000,38.799999,44.250,31.150549,3.528259,0.00524062,12.000000,90.453079,0.01030483,0.02325216,0.00000000,1,0
1841000.000,3.450000,21.700001,44.250,31.055897,3.527237,0.00523761,12.000000,90.453079,0.01528231,0.02454578,0.00000000,1,0
1842000.000,3.450000,22.900000,44.250,31.000778,3.526641,0.00523411,12.000000,90.453079,0.01613188,0.02499699,0.00000000,1,0
1843000.000,3.300000,38.700001,44.250,30.939930,3.525984,0.00523258,12.000000,90.453079,0.01702022,0.02550010,0.00000000,1,0
1844000.000,3.300000,36.900002,44.250,30.842607,3.524933,0.00523134,12.000000,90.453079,0.02059944,0.02677252,0.00000000,1,0
1845000.000,3.200000,29.100000,44.500,30.748569,3.523917,0.00523712,12.000000,90.453079,0.02310417,0.02794201,0.00000000,1,0
1846000.000,3.200000,36.799999,44.500,30.672438,3.523095,0.00524181,12.000000,90.453079,0.02365245,0.02870616,0.00000000,1,0
1847000.000,3.230000,6.100000,44.750,30.579597,3.522092,0.00524355,12.000000,90.453079,0.02547910,0.02985225,0.00000000,1,0
1848000.000,3.350000,-0.300000,45.000,30.560398,3.521885,0.00524320,12.000000,90.453079,0.02129054,0.02940586,0.00000000,1,0
1849000.000,3.350000,-0.200000,45.000,30.555994,3.521837,0.00524287,12.000000,90.453079,0.01679854,0.02864010,0.00000000,1,0
1850000.000,3.350000,35.400002,45.000,30.549414,3.521766,0.00523929,12.000000,90.453079,0.01326017,0.02789874,0.00000000,1,0
1851000.000,3.430000,-0.200000,45.000,30.464033,3.520844,0.00523912,12.000000,90.453079,0.01697338,0.02901536,0.00000000,1,0
1852000.000,3.430000,0.200000,44.750,30.460974,3.520811,0.00523897,12.000000,90.453079,0.01338099,0.02825794,0.00000000,1,0
1853000.000,3.430000,10.100000,44.750,30.456274,3.520760,0.00523883,12.000000,90.453079,0.01061397,0.02754072,0.00000000,1,0
1854000.000,3.280000,9.300000,44.750,30.425924,3.520432,0.00524097,12.000000,90.453079,0.01023954,0.02735958,0.00000000,1,0
1855000.000,3.290000,13.100000,44.750,30.397377,3.520124,0.00524348,12.000000,90.453079,0.00979403,0.02714122,0.00000000,1,0
1856000.000,3.290000,-0.100000,44.750,30.360886,3.519730,0.00524306,12.000000,90.453079,0.01013579,0.02712885,0.00000000,1,0
1857000.000,3.290000,0.000000,44.750,30.354940,3.519666,0.00524267,12.000000,90.453079,0.00798226,0.02641829,0.00000000,1,0
1858000.000,3.440000,5.200000,44.500,30.351225,3.519626,0.00524271,12.000000,90.453079,0.00630018,0.02573111,0.00000000,1,0
1859000.000,3.440000,23.400000,44.500,30.334326,3.519443,0.00523958,12.000000,90.453079,0.00592576,0.02533748,0.00000000,1,0
1860000.000,3.440000,22.299999,44.500,30.275408,3.518807,0.00523666,12.000000,90.453079,0.00896691,0.02592157,0.00000000,1,0
1861000.000,3.230000,36.599998,44.500,30.215523,3.518160,0.00524009,12.000000,90.453079,0.01116105,0.02643765,0.00000000,1,0
1862000.000,3.230000,0.200000,44.500,30.123621,3.517167,0.00523971,12.000000,90.453079,0.01551096,0.02771899,0.00000000,1,0
1863000.000,3.320000,42.099998,44.750,30.115810,3.517083,0.00523495,12.000000,90.453079,0.01223788,0.02699235,0.00000000,1,0
1864000.000,3.320000,5.100000,44.750,30.012596,3.515968,0.00523574,12.000000,90.453079,0.01736222,0.02858105,0.00000000,1,0
1865000.000,3.320000,-0.500000,44.750,29.995378,3.515790,0.00523527,12.000000,90.453079,0.01457305,0.02809552,0.00000000,1,0
1866000.000,3.430000,-0.500000,44.750,29.993320,3.515771,0.00523508,12.000000,90.453079,0.01135021,0.02731056,0.00000000,1,0
1867000.000,3.430000,0.000000,44.750,29.991161,3.515752,0.00523492,12.000000,90.453079,0.00881971,0.02654674,0.00000000,1,0
1868000.000,3.430000,7.600000,44.750,29.987257,3.515716,0.00523496,12.000000,90.453079,0.00692484,0.02583136,0.00000000,1,0
1869000.000,3.430000,0.000000,44.750,29.966354,3.515526,0.00523480,12.000000,90.453079,0.00683550,0.02555878,0.00000000,1,0
1870000.000,3.440000,13.000000,44.750,29.962301,3.515490,0.00523417,12.000000,90.453079,0.00536660,0.02486996,0.00000000,1,0
1871000.000,3.440000,1.200000,44.750,29.929102,3.515188,0.00523411,12.000000,90.453079,0.00660635,0.02492449,0.00000000,1,0
1872000.000,3.400000,22.799999,44.500,29.920933,3.515114,0.00523263,12.000000,90.453079,0.00540722,0.02431961,0.00000000,1,0
1873000.000,3.440000,18.299999,44.500,29.863823,3.514595,0.00523081,12.000000,90.453079,0.00844438,0.02493623,0.00000000,1,0
1874000.000,3.440000,6.200000,44.500,29.817911,3.514179,0.00523076,12.000000,90.453079,0.01000167,0.02528608,0.00000000,1,0
1875000.000,3.440000,22.200001,44.500,29.799011,3.514007,0.00522776,12.000000,90.453079,0.00899329,0.02495081,0.00000000,1,0
1876000.000,3.430000,34.400002,44.500,29.742163,3.513491,0.00521980,12.000000,90.453079,0.01115431,0.02551944,0.00000000,1,0
1877000.000,3.430000,-0.200000,44.500,29.659409,3.512739,0.00521964,12.000000,90.453079,0.01510564,0.02675690,0.00000000,1,0
1878000.000,3.430000,-0.500000,44.500,29.656782,3.512715,0.00521945,12.000000,90.453079,0.01181366,0.02602367,0.00000000,1,0
1879000.000,3.430000,-0.100000,44.750,29.654774,3.512697,0.00521929,12.000000,90.453079,0.00917550,0.02529341,0.00000000,1,0
1880000.000,3.430000,0.000000,44.750,29.651821,3.512670,0.00521914,12.000000,90.453079,0.00717977,0.02460527,0.00000000,1,0
1881000.000,3.430000,0.600000,44.750,29.648525,3.512640,0.00521904,12.000000,90.453079,0.00563255,0.02394130,0.00000000,1,0
1882000.000,3.360000,27.000000,44.750,29.640865,3.512571,0.00521809,12.000000,90.453079,0.00452968,0.02332889,0.00000000,1,0
1883000.000,3.370000,39.000000,44.500,29.571878,3.511944,0.00521164,12.000000,90.453079,0.00854744,0.02421377,0.00000000,1,0
1884000.000,3.370000,6.400000,44.500,29.476892,3.511082,0.00521217,12.000000,90.453079,0.01392514,0.02575051,0.00000000,1,0
1885000.000,3.390000,11.200000,44.750,29.457447,3.510905,0.00521248,12.000000,90.453079,0.01210626,0.02541522,0.00000000,1,0
1886000.000,3.390000,37.700001,44.750,29.425365,3.510614,0.00520508,12.000000,90.453079,0.01157010,0.02535922,0.00000000,1,0
1887000.000,3.180000,37.500000,44.750,29.329676,3.509745,0.00521062,12.000000,90.453079,0.01606727,0.02679746,0.00000000,1,0
1888000.000,3.170000,34.000000,44.750,29.234468,3.508880,0.00521687,12.000000,90.453079,0.01956321,0.02818911,0.00000000,1,0
1889000.000,3.170000,38.799999,44.750,29.147297,3.508089,0.00522213,12.000000,90.453079,0.02165859,0.02934883,0.00000000,1,0
1890000.000,3.150000,42.500000,45.250,29.048759,3.507194,0.00522758,12.000000,90.453079,0.02419970,0.03075182,0.00000000,1,0
1891000.000,3.150000,6.200000,45.250,28.942541,3.506230,0.00522986,12.000000,90.453079,0.02688719,0.03233049,0.00000000,1,0
1892000.000,3.150000,41.299999,45.250,28.919538,3.506021,0.00523553,12.000000,90.453079,0.02221460,0.03180775,0.00000000,1,0
1893000.000,3.190000,36.299999,45.750,28.815901,3.505080,0.00523931,12.000000,90.453079,0.02511761,0.03329506,0.00000000,1,0
1894000.000,3.150000,36.599998,45.750,28.723431,3.504240,0.00524522,12.000000,90.453079,0.02646144,0.03446145,0.00000000,1,0
1895000.000,3.150000,46.500000,45.750,28.630081,3.503392,0.00524853,12.000000,90.453079,0.02757436,0.03561662,0.00000000,1,0
1896000.000,3.200000,42.500000,46.000,28.514519,3.502343,0.00524910,12.000000,90.453079,0.03030911,0.03730986,0.00000000,1,0
1897000.000,3.200000,6.000000,46.000,28.409094,3.501385,0.00525068,12.000000,90.453079,0.03170482,0.03873333,0.00000000,1,0
1898000.000,3.200000,21.700001,46.000,28.387794,3.501192,0.00525481,12.000000,90.453079,0.02592520,0.03802679,0.00000000,1,0
1899000.000,3.200000,41.400002,46.000,28.329721,3.500665,0.00525596,12.000000,90.453079,0.02436374,0.03824131,0.00000000,1,0
1900000.000,3.180000,43.000000,46.500,28.225842,3.499722,0.00525764,12.000000,90.453079,0.02685984,0.03958400,0.00000000,1,0
1901000.000,3.180000,-2.400000,46.500,28.119331,3.498754,0.00525610,12.000000,90.453079,0.02912051,0.04098666,0.00000000,1,0
1902000.000,3.180000,45.400002,46.500,28.116816,3.498732,0.00525719,12.000000,90.453079,0.02230224,0.03973429,0.00000000,1,0
1903000.000,3.380000,9.700000,46.750,28.007645,3.497740,0.00525705,12.000000,90.453079,0.02602074,0.04127609,0.00000000,1,0
1904000.000,3.380000,6.000000,46.750,27.981333,3.497501,0.00525713,12.000000,90.453079,0.02216709,0.04071511,0.00000000,1,0
1905000.000,3.380000,7.900000,46.750,27.963463,3.497339,0.00525722,12.000000,90.453079,0.01845432,0.03995530,0.00000000,1,0
1906000.000,3.350000,38.000000,46.500,27.939215,3.497119,0.00525033,12.000000,90.453079,0.01591407,0.03932622,0.00000000,1,0
1907000.000,3.360000,16.500000,46.500,27.846428,3.496276,0.00524990,12.000000,90.453079,0.01964187,0.04045840,0.00000000,1,0
1908000.000,3.360000,28.900000,46.500,27.802664,3.495879,0.00524623,12.000000,90.453079,0.01847407,0.04031522,0.00000000,1,0
1909000.000,3.360000,10.600000,46.500,27.731346,3.495231,0.00524640,12.000000,90.453079,0.01992075,0.04089691,0.00000000,1,0
1910000.000,3.360000,1.600000,46.500,27.702940,3.494973,0.00524639,12.000000,90.453079,0.01756938,0.04040003,0.00000000,1,0
1911000.000,3.300000,-0.500000,46.250,27.694372,3.494895,0.00524596,12.000000,90.453079,0.01401942,0.03939297,0.00000000,1,0
1912000.000,3.390000,12.800000,46.250,27.691507,3.494869,0.00524560,12.000000,90.453079,0.01084807,0.03829105,0.00000000,1,0
1913000.000,3.390000,-0.300000,46.250,27.658669,3.494571,0.00524541,12.000000,90.453079,0.01090615,0.03799348,0.00000000,1,0
1914000.000,3.390000,33.200001,46.250,27.654108,3.494530,0.00523905,12.000000,90.453079,0.00845517,0.03694110,0.00000000,1,0
1915000.000,3.160000,37.200001,46.000,27.569345,3.493760,0.00524411,12.000000,90.453079,0.01292746,0.03786924,0.00000000,1,0
1916000.000,3.150000,32.000000,46.000,27.475374,3.492907,0.00525000,12.000000,90.453079,0.01718749,0.03900830,0.00000000,1,0
1917000.000,3.150000,28.400000,46.000,27.393564,3.492164,0.00525586,12.000000,90.453079,0.01952468,0.03981574,0.00000000,1,0
1918000.000,3.150000,26.600000,46.000,27.320158,3.491497,0.00526162,12.000000,90.453079,0.02066341,0.04039285,0.00000000,1,0
1919000.000,3.220000,39.599998,46.250,27.251444,3.490873,0.00526142,12.000000,90.453079,0.02120966,0.04085061,0.00000000,1,0
1920000.000,3.270000,6.000000,46.250,27.154213,3.489990,0.00526232,12.000000,90.453079,0.02413131,0.04206102,0.00000000,1,0
1921000.000,3.270000,-0.400000,46.250,27.135139,3.489817,0.00526188,12.000000,90.453079,0.01996165,0.04126522,0.00000000,1,0
1922000.000,3.270000,6.200000,46.250,27.130465,3.489775,0.00526290,12.000000,90.453079,0.01548145,0.04011447,0.00000000,1,0
1923000.000,3.270000,-0.200000,46.250,27.110895,3.489597,0.00526250,12.000000,90.453079,0.01325760,0.03938363,0.00000000,1,0
1924000.000,3.380000,25.600000,46.500,27.106607,3.489558,0.00525933,12.000000,90.453079,0.01029398,0.03829589,0.00000000,1,0
1925000.000,3.160000,32.700001,46.250,27.039742,3.488951,0.00526461,12.000000,90.453079,0.01294356,0.03875732,0.00000000,1,0
1926000.000,3.160000,14.800000,46.250,26.956881,3.488199,0.00526887,12.000000,90.453079,0.01637798,0.03962643,0.00000000,1,0
1927000.000,3.160000,0.000000,46.250,26.915785,3.487825,0.00526837,12.000000,90.453079,0.01561048,0.03941712,0.00000000,1,0
1928000.000,3.380000,0.800000,46.500,26.912609,3.487797,0.00526828,12.000000,90.453079,0.01215968,0.03833906,0.00000000,1,0
1929000.000,3.380000,8.400000,46.500,26.907114,3.487747,0.00526837,12.000000,90.453079,0.00962586,0.03733776,0.00000000,1,0
1930000.000,3.370000,2.700000,46.250,26.884190,3.487539,0.00526845,12.000000,90.453079,0.00911751,0.03681318,0.00000000,1,0
1931000.000,3.370000,0.000000,46.250,26.874620,3.487452,0.00526827,12.000000,90.453079,0.00762220,0.03596587,0.00000000,1,0
1932000.000,3.380000,0.000000,46.250,26.871479,3.487423,0.00526810,12.000000,90.453079,0.00593659,0.03498197,0.00000000,1,0
1933000.000,3.390000,6.800000,46.000,26.868105,3.487392,0.00526822,12.000000,90.453079,0.00462370,0.03402497,0.00000000,1,0
1934000.000,3.390000,-0.200000,46.000,26.849417,3.487223,0.00526804,12.000000,90.453079,0.00491310,0.03349650,0.00000000,1,0
1935000.000,3.390000,-0.200000,46.000,26.846928,3.487200,0.00526786,12.000000,90.453079,0.00378773,0.03256819,0.00000000,1,0
1936000.000,3.390000,0.100000,46.000,26.844418,3.487177,0.00526771,12.000000,90.453079,0.00291127,0.03166525,0.00000000,1,0
1937000.000,3.400000,0.000000,46.000,26.841398,3.487150,0.00526757,12.000000,90.453079,0.00228657,0.03080477,0.00000000,1,0
1938000.000,3.400000,0.000000,45.750,26.838612,3.487125,0.00526742,12.000000,90.453079,0.00178074,0.02996190,0.00000000,1,0
1939000.000,3.400000,0.000000,45.750,26.835819,3.487099,0.00526727,12.000000,90.453079,0.00138680,0.02914208,0.00000000,1,0
1940000.000,3.380000,0.000000,45.750,26.832661,3.487071,0.00526709,12.000000,90.453079,0.00108000,0.02834468,0.00000000,1,0
1941000.000,3.380000,0.000000,45.750,26.829502,3.487042,0.00526690,12.000000,90.453079,0.00084107,0.02756908,0.00000000,1,0
1942000.000,3.410000,0.000000,45.750,26.826891,3.487018,0.00526677,12.000000,90.453079,0.00065499,0.02681469,0.00000000,1,0
1943000.000,3.410000,0.000000,45.750,26.824280,3.486995,0.00526663,12.000000,90.453079,0.00051008,0.02608093,0.00000000,1,0
1944000.000,3.410000,0.000000,45.750,26.821667,3.486971,0.00526649,12.000000,90.453079,0.00039722,0.02536725,0.00000000,1,0
1945000.000,3.410000,0.000000,45.500,26.819054,3.486947,0.00526635,12.000000,90.453079,0.00030933,0.02467308,0.00000000,1,0
1946000.000,3.410000,0.000000,45.500,26.816437,3.486923,0.00526622,12.000000,90.453079,0.00024089,0.02399789,0.00000000,1,0
1947000.000,3.410000,2.400000,45.500,26.813677,3.486898,0.00526624,12.000000,90.453079,0.00018759,0.02334118,0.00000000,1,0
1948000.000,3.390000,0.500000,45.500,26.805111,3.486820,0.00526613,12.000000,90.453079,0.00060952,0.02284459,0.00000000,1,0
1949000.000,3.390000,0.600000,45.500,26.800941,3.486783,0.00526603,12.000000,90.453079,0.00057120,0.02224901,0.00000000,1,0
1950000.000,3.410000,0.800000,45.500,26.796896,3.486746,0.00526596,12.000000,90.453079,0.00056067,0.02167565,0.00000000,1,0
1951000.000,3.420000,0.000000,45.500,26.792616,3.486707,0.00526583,12.000000,90.453079,0.00059111,0.02112982,0.00000000,1,0
1952000.000,3.420000,0.000000,45.500,26.790186,3.486685,0.00526571,12.000000,90.453079,0.00046029,0.02055151,0.00000000,1,0
1953000.000,3.420000,0.000000,45.500,26.787758,3.486663,0.00526558,12.000000,90.453079,0.00035841,0.01998902,0.00000000,1,0
1954000.000,3.420000,0.000000,45.500,26.785330,3.486641,0.00526545,12.000000,90.453079,0.00027908,0.01944192,0.00000000,1,0
1955000.000,3.420000,0.000000,45.500,26.782898,3.486619,0.00526532,12.000000,90.453079,0.00021731,0.01890978,0.00000000,1,0
1956000.000,3.420000,0.000000,45.250,26.780468,3.486597,0.00526520,12.000000,90.453079,0.00016921,0.01839220,0.00000000,1,0
1957000.000,3.420000,0.000000,45.250,26.778036,3.486575,0.00526507,12.000000,90.453079,0.00013176,0.01788878,0.00000000,1,0
1958000.000,3.420000,0.000000,45.250,26.775608,3.486552,0.00526494,12.000000,90.453079,0.00010259,0.01739914,0.00000000,1,0
1959000.000,3.420000,0.000000,45.250,26.773176,3.486531,0.00526481,12.000000,90.453079,0.00007988,0.01692289,0.00000000,1,0
1960000.000,3.430000,0.000000,45.250,26.771030,3.486511,0.00526470,12.000000,90.453079,0.00006220,0.01645967,0.00000000,1,0
1961000.000,3.430000,0.000000,45.250,26.768885,3.486491,0.00526459,12.000000,90.453079,0.00004843,0.01600912,0.00000000,1,0
1962000.000,3.430000,0.000000,45.250,26.766739,3.486472,0.00526447,12.000000,90.453079,0.00003771,0.01557090,0.00000000,1,0
1963000.000,3.430000,0.000000,45.250,26.764593,3.486453,0.00526436,12.000000,90.453079,0.00002936,0.01514467,0.00000000,1,0
1964000.000,3.430000,0.000000,45.250,26.762447,3.486433,0.00526425,12.000000,90.453079,0.00002286,0.01473010,0.00000000,1,0
1965000.000,3.430000,0.000000,45.250,26.760302,3.486413,0.00526414,12.000000,90.453079,0.00001780,0.01432688,0.00000000,1,0
1966000.000,3.430000,0.000000,45.250,26.758156,3.486394,0.00526402,12.000000,90.453079,0.00001386,0.01393469,0.00000000,1,0
1967000.000,3.430000,0.000000,45.250,26.756010,3.486375,0.00526391,12.000000,90.453079,0.00001079,0.01355323,0.00000000,1,0
1968000.000,3.430000,0.000000,45.250,26.753866,3.486355,0.00526380,12.000000,90.453079,0.00000840,0.01318221,0.00000000,1,0
1969000.000,3.430000,0.000000,45.250,26.751720,3.486336,0.00526368,12.000000,90.453079,0.00000654,0.01282134,0.00000000,1,0
1970000.000,3.430000,0.000000,45.250,26.749578,3.486316,0.00526357,12.000000,90.453079,0.00000509,0.01247034,0.00000000,1,0
1971000.000,3.430000,0.000000,45.250,26.747433,3.486297,0.00526345,12.000000,90.453079,0.00000397,0.01212895,0.00000000,1,0
1972000.000,3.430000,0.000000,45.250,26.745289,3.486277,0.00526334,12.000000,90.453079,0.00000309,0.01179690,0.00000000,1,0
1973000.000,3.430000,0.000000,45.250,26.743147,3.486258,0.00526322,12.000000,90.453079,0.00000240,0.01147394,0.00000000,1,0
1974000.000,3.430000,0.000000,45.250,26.741005,3.486238,0.00526311,12.000000,90.453079,0.00000187,0.01115981,0.00000000,1,0
1975000.000,3.430000,0.000000,45.250,26.738861,3.486219,0.00526299,12.000000,90.453079,0.00000146,0.01085429,0.00000000,1,0
1976000.000,3.430000,0.000000,45.250,26.736721,3.486199,0.00526287,12.000000,90.453079,0.00000113,0.01055712,0.00000000,1,0
1977000.000,3.430000,0.000000,45.250,26.734581,3.486180,0.00526276,12.000000,90.453079,0.00000088,0.01026808,0.00000000,1,0
1978000.000,3.430000,0.000000,45.000,26.732439,3.486161,0.00526264,12.000000,90.453079,0.00000069,0.00998696,0.00000000,1,0
1979000.000,3.430000,0.000000,45.000,26.730299,3.486141,0.00526252,12.000000,90.453079,0.00000054,0.00971353,0.00000000,1,0
1980000.000,3.430000,0.000000,45.000,26.728159,3.486122,0.00526241,12.000000,90.453079,0.00000042,0.00944758,0.00000000,1,0
1981000.000,3.430000,0.000000,45.000,26.726019,3.486102,0.00526229,12.000000,90.453079,0.00000032,0.00918891,0.00000000,1,0
1982000.000,3.440000,0.000000,45.000,26.724266,3.486086,0.00526219,12.000000,90.453079,0.00000025,0.00893731,0.00000000,1,0
1983000.000,3.440000,0.000000,45.000,26.722517,3.486070,0.00526210,12.000000,90.453079,0.00000020,0.00869261,0.00000000,1,0
1984000.000,3.440000,0.000000,45.000,26.720766,3.486054,0.00526200,12.000000,90.453079,0.00000015,0.00845460,0.00000000,1,0
1985000.000,3.440000,0.000000,45.000,26.719015,3.486039,0.00526191,12.000000,90.453079,0.00000012,0.00822311,0.00000000,1,0
1986000.000,3.440000,0.000000,45.000,26.717266,3.486023,0.00526181,12.000000,90.453079,0.00000009,0.00799795,0.00000000,1,0
1987000.000,3.440000,0.000000,45.000,26.715517,3.486007,0.00526172,12.000000,90.453079,0.00000007,0.00777895,0.00000000,1,0
1988000.000,3.440000,0.000000,45.000,26.713768,3.485991,0.00526162,12.000000,90.453079,0.00000006,0.00756595,0.00000000,1,0
1989000.000,3.440000,0.000000,45.000,26.712019,3.485975,0.00526153,12.000000,90.453079,0.00000004,0.00735878,0.00000000,1,0
1990000.000,3.440000,0.000000,45.000,26.710268,3.485959,0.00526143,12.000000,90.453079,0.00000003,0.00715728,0.00000000,1,0
1991000.000,3.440000,0.000000,45.000,26.708523,3.485943,0.00526133,12.000000,90.453079,0.00000003,0.00696130,0.00000000,1,0
1992000.000,3.440000,0.000000,45.000,26.706776,3.485928,0.00526124,12.000000,90.453079,0.00000002,0.00677068,0.00000000,1,0
1993000.000,3.440000,0.000000,45.000,26.705030,3.485912,0.00526114,12.000000,90.453079,0.00000002,0.00658528,0.00000000,1,0
1994000.000,3.440000,0.000000,45.000,26.703283,3.485896,0.00526104,12.000000,90.453079,0.00000001,0.00640495,0.00000000,1,0
1995000.000,3.440000,0.000000,45.000,26.701536,3.485880,0.00526094,12.000000,90.453079,0.00000001,0.00622956,0.00000000,1,0
1996000.000,3.440000,0.000000,45.000,26.699793,3.485864,0.00526085,12.000000,90.453079,0.00000001,0.00605897,0.00000000,1,0
1997000.000,3.440000,0.000000,45.000,26.698050,3.485848,0.00526075,12.000000,90.453079,0.00000001,0.00589305,0.00000000,1,0
1998000.000,3.440000,0.000000,45.000,26.696306,3.485832,0.00526065,12.000000,90.453079,0.00000000,0.00573168,0.00000000,1,0
1999000.000,3.440000,0.000000,45.000,26.694563,3.485816,0.00526056,12.000000,90.453079,0.00000000,0.00557472,0.00000000,1,0
2000000.000,3.440000,0.000000,45.000,26.692820,3.485801,0.00526046,12.000000,90.453079,0.00000000,0.00542205,0.00000000,1,0
2001000.000,3.440000,0.000000,45.000,26.691078,3.485785,0.00526036,12.000000,90.453079,0.00000000,0.00527357,0.00000000,1,0
2002000.000,3.440000,0.000000,45.000,26.689339,3.485769,0.00526026,12.000000,90.453079,0.00000000,0.00512915,0.00000000,1,0
2003000.000,3.440000,0.000000,45.000,26.687599,3.485753,0.00526017,12.000000,90.453079,0.00000000,0.00498868,0.00000000,1,0
2004000.000,3.440000,0.000000,45.000,26.685862,3.485738,0.00526007,12.000000,90.453079,0.00000000,0.00485206,0.00000000,1,0
2005000.000,3.440000,0.000000,45.000,26.684124,3.485722,0.00525997,12.000000,90.453079,0.00000000,0.00471918,0.00000000,1,0
2006000.000,3.440000,0.000000,45.000,26.682386,3.485706,0.00525987,12.000000,90.453079,0.00000000,0.00458994,0.00000000,1,0
2007000.000,3.440000,0.000000,44.750,26.680649,3.485690,0.00525977,12.000000,90.453079,0.00000000,0.00446424,0.00000000,1,0
2008000.000,3.440000,0.000000,44.750,26.678911,3.485674,0.00525968,12.000000,90.453079,0.00000000,0.00434197,0.00000000,1,0
2009000.000,3.440000,0.000000,44.750,26.677176,3.485659,0.00525958,12.000000,90.453079,0.00000000,0.00422306,0.00000000,1,0
2010000.000,3.440000,0.000000,44.750,26.675442,3.485643,0.00525948,12.000000,90.453079,0.00000000,0.00410740,0.00000000,1,0
2011000.000,3.440000,0.000000,44.750,26.673708,3.485627,0.00525938,12.000000,90.453079,0.00000000,0.00399490,0.00000000,1,0
2012000.000,3.440000,0.000000,44.750,26.671976,3.485611,0.00525928,12.000000,90.453079,0.00000000,0.00388549,0.00000000,1,0
2013000.000,3.440000,0.000000,44.750,26.670244,3.485596,0.00525918,12.000000,90.453079,0.00000000,0.00377907,0.00000000,1,0
2014000.000,3.440000,0.000000,44.750,26.668512,3.485580,0.00525909,12.000000,90.453079,0.00000000,0.00367557,0.00000000,1,0
2015000.000,3.440000,0.000000,44.750,26.666784,3.485564,0.00525899,12.000000,90.453079,0.00000000,0.00357490,0.00000000,1,0
2016000.000,3.440000,0.000000,44.750,26.665056,3.485549,0.00525889,12.000000,90.453079,0.00000000,0.00347698,0.00000000,1,0
2017000.000,3.440000,0.000000,44.750,26.663330,3.485533,0.00525879,12.000000,90.453079,0.00000000,0.00338175,0.00000000,1,0
2018000.000,3.440000,0.000000,44.750,26.661602,3.485517,0.00525869,12.000000,90.453079,0.00000000,0.00328912,0.00000000,1,0
2019000.000,3.440000,0.000000,44.750,26.659874,3.485502,0.00525859,12.000000,90.453079,0.00000000,0.00319903,0.00000000,1,0
2020000.000,3.440000,0.000000,44.750,26.658148,3.485486,0.00525849,12.000000,90.453079,0.00000000,0.00311141,0.00000000,1,0
2021000.000,3.440000,0.000000,44.750,26.656422,3.485470,0.00525839,12.000000,90.453079,0.00000000,0.00302619,0.00000000,1,0
2022000.000,3.440000,0.000000,44.750,26.654697,3.485455,0.00525830,12.000000,90.453079,0.00000000,0.00294330,0.00000000,1,0
2023000.000,3.440000,0.000000,44.750,26.652973,3.485439,0.00525820,12.000000,90.453079,0.00000000,0.00286267,0.00000000,1,0
2024000.000,3.440000,0.000000,44.750,26.651251,3.485423,0.00525810,12.000000,90.453079,0.00000000,0.00278426,0.00000000,1,0
2025000.000,3.440000,0.000000,44.750,26.649532,3.485408,0.00525800,12.000000,90.453079,0.00000000,0.00270800,0.00000000,1,0
2026000.000,3.440000,0.000000,44.750,26.647812,3.485392,0.00525790,12.000000,90.453079,0.00000000,0.00263382,0.00000000,1,0
2027000.000,3.440000,0.000000,44.750,26.646093,3.485376,0.00525780,12.000000,90.453079,0.00000000,0.00256167,0.00000000,1,0
2028000.000,3.440000,0.000000,44.750,26.644377,3.485361,0.00525770,12.000000,90.453079,0.00000000,0.00249150,0.00000000,1,0
2029000.000,3.440000,0.000000,44.750,26.642660,3.485345,0.00525760,12.000000,90.453079,0.00000000,0.00242325,0.00000000,1,0
2030000.000,3.440000,0.000000,44.750,26.640944,3.485330,0.00525750,12.000000,90.453079,0.00000000,0.00235687,0.00000000,1,0
2031000.000,3.440000,0.000000,44.750,26.639229,3.485314,0.00525741,12.000000,90.453079,0.00000000,0.00229231,0.00000000,1,0
2032000.000,3.440000,0.000000,44.750,26.637516,3.485299,0.00525731,12.000000,90.453079,0.00000000,0.00222951,0.00000000,1,0
2033000.000,3.440000,0.000000,44.750,26.635801,3.485283,0.00525721,12.000000,90.453079,0.00000000,0.00216844,0.00000000,1,0
2034000.000,3.440000,0.000000,44.750,26.634090,3.485267,0.00525711,12.000000,90.453079,0.00000000,0.00210903,0.00000000,1,0
2035000.000,3.440000,0.000000,44.750,26.632381,3.485252,0.00525701,12.000000,90.453079,0.00000000,0.00205126,0.00000000,1,0
2036000.000,3.440000,0.000000,44.750,26.630672,3.485236,0.00525691,12.000000,90.453079,0.00000000,0.00199506,0.00000000,1,0
2037000.000,3.440000,0.000000,44.750,26.628965,3.485221,0.00525681,12.000000,90.453079,0.00000000,0.00194041,0.00000000,1,0
2038000.000,3.440000,0.000000,44.750,26.627254,3.485205,0.00525671,12.000000,90.453079,0.00000000,0.00188725,0.00000000,1,0
2039000.000,3.440000,0.000000,44.750,26.625547,3.485190,0.00525661,12.000000,90.453079,0.00000000,0.00183555,0.00000000,1,0
2040000.000,3.440000,0.000000,44.750,26.623838,3.485174,0.00525652,12.000000,90.453079,0.00000000,0.00178526,0.00000000,1,0
2041000.000,3.440000,0.000000,44.750,26.622131,3.485159,0.00525642,12.000000,90.453079,0.00000000,0.00173635,0.00000000,1,0
2042000.000,3.440000,0.000000,44.750,26.620426,3.485143,0.00525632,12.000000,90.453079,0.00000000,0.00168878,0.00000000,1,0
2043000.000,3.450000,0.000000,44.750,26.619104,3.485131,0.00525624,12.000000,90.453079,0.00000000,0.00164251,0.00000000,1,0
2044000.000,3.450000,0.000000,44.750,26.617781,3.485119,0.00525616,12.000000,90.453079,0.00000000,0.00159751,0.00000000,1,0
2045000.000,3.450000,0.000000,44.750,26.616457,3.485107,0.00525609,12.000000,90.453079,0.00000000,0.00155375,0.00000000,1,0
2046000.000,3.450000,0.000000,44.750,26.615137,3.485095,0.00525601,12.000000,90.453079,0.00000000,0.00151118,0.00000000,1,0
2047000.000,3.450000,0.000000,44.750,26.613817,3.485083,0.00525593,12.000000,90.453079,0.00000000,0.00146977,0.00000000,1,0
2048000.000,3.450000,0.000000,44.750,26.612495,3.485071,0.00525586,12.000000,90.453079,0.00000000,0.00142950,0.00000000,1,0
2049000.000,3.450000,0.000000,44.500,26.611176,3.485059,0.00525578,12.000000,90.453079,0.00000000,0.00139034,0.00000000,1,0
2050000.000,3.450000,0.000000,44.500,26.609859,3.485047,0.00525571,12.000000,90.453079,0.00000000,0.00135225,0.00000000,1,0
2051000.000,3.450000,0.000000,44.500,26.608541,3.485035,0.00525563,12.000000,90.453079,0.00000000,0.00131520,0.00000000,1,0
2052000.000,3.450000,0.000000,44.500,26.607224,3.485023,0.00525555,12.000000,90.453079,0.00000000,0.00127916,0.00000000,1,0
2053000.000,3.450000,0.000000,44.500,26.605907,3.485012,0.00525548,12.000000,90.453079,0.00000000,0.00124411,0.00000000,1,0
2054000.000,3.450000,0.000000,44.500,26.604593,3.485000,0.00525540,12.000000,90.453079,0.00000000,0.00121003,0.00000000,1,0
2055000.000,3.450000,0.000000,44.500,26.603279,3.484988,0.00525532,12.000000,90.453079,0.00000000,0.00117687,0.00000000,1,0
2056000.000,3.450000,0.000000,44.500,26.601965,3.484976,0.00525525,12.000000,90.453079,0.00000000,0.00114463,0.00000000,1,0
2057000.000,3.450000,0.000000,44.500,26.600653,3.484964,0.00525517,12.000000,90.453079,0.00000000,0.00111326,0.00000000,1,0
2058000.000,3.450000,0.000000,44.500,26.599342,3.484952,0.00525509,12.000000,90.453079,0.00000000,0.00108276,0.00000000,1,0
2059000.000,3.450000,0.000000,44.500,26.598030,3.484940,0.00525502,12.000000,90.453079,0.00000000,0.00105309,0.00000000,1,0
2060000.000,3.450000,0.000000,44.500,26.596720,3.484928,0.00525494,12.000000,90.453079,0.00000000,0.00102424,0.00000000,1,0
2061000.000,3.450000,0.000000,44.500,26.595411,3.484916,0.00525487,12.000000,90.453079,0.00000000,0.00099617,0.00000000,1,0
2062000.000,3.450000,0.000000,44.500,26.594103,3.484904,0.00525479,12.000000,90.453079,0.00000000,0.00096888,0.00000000,1,0
2063000.000,3.450000,0.000000,44.500,26.592794,3.484892,0.00525471,12.000000,90.453079,0.00000000,0.00094233,0.00000000,1,0
2064000.000,3.450000,0.000000,44.500,26.591486,3.484881,0.00525464,12.000000,90.453079,0.00000000,0.00091651,0.00000000,1,0
2065000.000,3.450000,0.000000,44.500,26.590178,3.484869,0.00525456,12.000000,90.453079,0.00000000,0.00089139,0.00000000,1,0
2066000.000,3.450000,0.000000,44.500,26.588869,3.484857,0.00525448,12.000000,90.453079,0.00000000,0.00086697,0.00000000,1,0
2067000.000,3.450000,0.000000,44.500,26.587561,3.484845,0.00525441,12.000000,90.453079,0.00000000,0.00084321,0.00000000,1,0
2068000.000,3.450000,0.000000,44.500,26.586256,3.484833,0.00525433,12.000000,90.453079,0.00000000,0.00082011,0.00000000,1,0
2069000.000,3.450000,0.000000,44.500,26.584949,3.484821,0.00525426,12.000000,90.453079,0.00000000,0.00079763,0.00000000,1,0
2070000.000,3.450000,0.000000,44.500,26.583645,3.484809,0.00525418,12.000000,90.453079,0.00000000,0.00077578,0.00000000,1,0
2071000.000,3.450000,0.000000,44.500,26.582340,3.484797,0.00525411,12.000000,90.453079,0.00000000,0.00075452,0.00000000,1,0
2072000.000,3.450000,0.000000,44.500,26.581038,3.484786,0.00525403,12.000000,90.453079,0.00000000,0.00073384,0.00000000,1,0
2073000.000,3.450000,0.000000,44.500,26.579735,3.484774,0.00525395,12.000000,90.453079,0.00000000,0.00071373,0.00000000,1,0
2074000.000,3.450000,0.000000,44.500,26.578432,3.484762,0.00525388,12.000000,90.453079,0.00000000,0.00069417,0.00000000,1,0
2075000.000,3.450000,0.000000,44.500,26.577135,3.484750,0.00525380,12.000000,90.453079,0.00000000,0.00067515,0.00000000,1,0
2076000.000,3.450000,0.000000,44.500,26.575840,3.484739,0.00525373,12.000000,90.453079,0.00000000,0.00065665,0.00000000,1,0
2077000.000,3.450000,0.000000,44.500,26.574543,3.484727,0.00525365,12.000000,90.453079,0.00000000,0.00063865,0.00000000,1,0
2078000.000,3.450000,0.000000,44.500,26.573246,3.484715,0.00525357,12.000000,90.453079,0.00000000,0.00062115,0.00000000,1,0
2079000.000,3.450000,0.000000,44.500,26.571953,3.484703,0.00525350,12.000000,90.453079,0.00000000,0.00060413,0.00000000,1,0
2080000.000,3.450000,0.000000,44.500,26.570660,3.484691,0.00525342,12.000000,90.453079,0.00000000,0.00058757,0.00000000,1,0
2081000.000,3.450000,0.000000,44.500,26.569366,3.484680,0.00525335,12.000000,90.453079,0.00000000,0.00057147,0.00000000,1,0
2082000.000,3.450000,0.000000,44.500,26.568073,3.484668,0.00525327,12.000000,90.453079,0.00000000,0.00055581,0.00000000,1,0
2083000.000,3.450000,0.000000,44.500,26.566782,3.484656,0.00525320,12.000000,90.453079,0.00000000,0.00054058,0.00000000,1,0
2084000.000,3.450000,0.000000,44.500,26.565493,3.484645,0.00525312,12.000000,90.453079,0.00000000,0.00052576,0.00000000,1,0
2085000.000,3.450000,0.000000,44.500,26.564201,3.484633,0.00525304,12.000000,90.453079,0.00000000,0.00051135,0.00000000,1,0
2086000.000,3.450000,0.000000,44.500,26.562914,3.484621,0.00525297,12.000000,90.453079,0.00000000,0.00049734,0.00000000,1,0
2087000.000,3.450000,0.000000,44.500,26.561626,3.484609,0.00525289,12.000000,90.453079,0.00000000,0.00048371,0.00000000,1,0
2088000.000,3.450000,0.000000,44.500,26.560339,3.484598,0.00525282,12.000000,90.453079,0.00000000,0.00047045,0.00000000,1,0
2089000.000,3.450000,0.000000,44.500,26.559052,3.484586,0.00525274,12.000000,90.453079,0.00000000,0.00045756,0.00000000,1,0
2090000.000,3.450000,0.000000,44.500,26.557768,3.484574,0.00525267,12.000000,90.453079,0.00000000,0.00044502,0.00000000,1,0
2091000.000,3.450000,0.000000,44.500,26.556482,3.484563,0.00525259,12.000000,90.453079,0.00000000,0.00043282,0.00000000,1,0
2092000.000,3.450000,0.000000,44.500,26.555199,3.484551,0.00525252,12.000000,90.453079,0.00000000,0.00042096,0.00000000,1,0
2093000.000,3.450000,0.000000,44.500,26.553913,3.484540,0.00525244,12.000000,90.453079,0.00000000,0.00040942,0.00000000,1,0
2094000.000,3.450000,0.000000,44.500,26.552633,3.484528,0.00525237,12.000000,90.453079,0.00000000,0.00039820,0.00000000,1,0
2095000.000,3.450000,0.000000,44.500,26.551352,3.484516,0.00525229,12.000000,90.453079,0.00000000,0.00038729,0.00000000,1,0
2096000.000,3.450000,0.000000,44.250,26.550070,3.484504,0.00525221,12.000000,90.453079,0.00000000,0.00037667,0.00000000,1,0
2097000.000,3.450000,0.000000,44.250,26.548788,3.484493,0.00525214,12.000000,90.453079,0.00000000,0.00036635,0.00000000,1,0
2098000.000,3.450000,0.000000,44.250,26.547510,3.484481,0.00525206,12.000000,90.453079,0.00000000,0.00035631,0.00000000,1,0
2099000.000,3.450000,0.000000,44.250,26.546230,3.484470,0.00525199,12.000000,90.453079,0.00000000,0.00034654,0.00000000,1,0
2100000.000,3.450000,0.000000,44.250,26.544952,3.484458,0.00525191,12.000000,90.453079,0.00000000,0.00033704,0.00000000,1,0
2101000.000,3.450000,0.000000,44.250,26.543676,3.484447,0.00525184,12.000000,90.453079,0.00000000,0.00032781,0.00000000,1,0
2102000.000,3.450000,0.000000,44.250,26.542400,3.484435,0.00525176,12.000000,90.453079,0.00000000,0.00031882,0.00000000,1,0
2103000.000,3.450000,0.000000,44.250,26.541126,3.484423,0.00525169,12.000000,90.453079,0.00000000,0.00031008,0.00000000,1,0
2104000.000,3.450000,0.000000,44.250,26.539850,3.484412,0.00525161,12.000000,90.453079,0.00000000,0.00030158,0.00000000,1,0
2105000.000,3.450000,0.000000,44.250,26.538578,3.484400,0.00525154,12.000000,90.453079,0.00000000,0.00029332,0.00000000,1,0
2106000.000,3.450000,0.000000,44.250,26.537306,3.484389,0.00525146,12.000000,90.453079,0.00000000,0.00028528,0.00000000,1,0
2107000.000,3.450000,0.000000,44.250,26.536032,3.484377,0.00525139,12.000000,90.453079,0.00000000,0.00027746,0.00000000,1,0
2108000.000,3.450000,0.000000,44.250,26.534760,3.484365,0.00525131,12.000000,90.453079,0.00000000,0.00026985,0.00000000,1,0
2109000.000,3.450000,0.000000,44.250,26.533491,3.484354,0.00525124,12.000000,90.453079,0.00000000,0.00026245,0.00000000,1,0
2110000.000,3.450000,0.000000,44.250,26.532221,3.484342,0.00525116,12.000000,90.453079,0.00000000,0.00025526,0.00000000,1,0
2111000.000,3.450000,0.000000,44.250,26.530951,3.484331,0.00525109,12.000000,90.453079,0.00000000,0.00024826,0.00000000,1,0
2112000.000,3.450000,0.000000,44.250,26.529682,3.484319,0.00525102,12.000000,90.453079,0.00000000,0.00024146,0.00000000,1,0
2113000.000,3.450000,0.000000,44.250,26.528416,3.484308,0.00525094,12.000000,90.453079,0.00000000,0.00023484,0.00000000,1,0
2114000.000,3.450000,0.000000,44.250,26.527149,3.484296,0.00525087,12.000000,90.453079,0.00000000,0.00022840,0.00000000,1,0
2115000.000,3.450000,0.000000,44.250,26.525883,3.484285,0.00525079,12.000000,90.453079,0.00000000,0.00022214,0.00000000,1,0
2116000.000,3.450000,0.000000,44.250,26.524616,3.484273,0.00525072,12.000000,90.453079,0.00000000,0.00021605,0.00000000,1,0
2117000.000,3.450000,0.000000,44.250,26.523352,3.484262,0.00525064,12.000000,90.453079,0.00000000,0.00021013,0.00000000,1,0
2118000.000,3.450000,0.000000,44.250,26.522087,3.484250,0.00525057,12.000000,90.453079,0.00000000,0.00020437,0.00000000,1,0
2119000.000,3.450000,0.000000,44.250,26.520824,3.484239,0.00525049,12.000000,90.453079,0.00000000,0.00019877,0.00000000,1,0
2120000.000,3.450000,0.000000,44.250,26.519564,3.484227,0.00525042,12.000000,90.453079,0.00000000,0.00019332,0.00000000,1,0
2121000.000,3.450000,0.000000,44.250,26.518303,3.484216,0.00525035,12.000000,90.453079,0.00000000,0.00018802,0.00000000,1,0
2122000.000,3.450000,0.000000,44.250,26.517042,3.484205,0.00525027,12.000000,90.453079,0.00000000,0.00018286,0.00000000,1,0
2123000.000,3.450000,0.000000,44.250,26.515781,3.484193,0.00525020,12.000000,90.453079,0.00000000,0.00017785,0.00000000,1,0
2124000.000,3.450000,0.000000,44.250,26.514524,3.484182,0.00525012,12.000000,90.453079,0.00000000,0.00017298,0.00000000,1,0
2125000.000,3.450000,0.000000,44.250,26.513268,3.484170,0.00525005,12.000000,90.453079,0.00000000,0.00016823,0.00000000,1,0
2126000.000,3.450000,0.000000,44.250,26.512009,3.484159,0.00524998,12.000000,90.453079,0.00000000,0.00016362,0.00000000,1,0
2127000.000,3.450000,0.000000,44.250,26.510752,3.484148,0.00524990,12.000000,90.453079,0.00000000,0.00015914,0.00000000,1,0
2128000.000,3.450000,0.000000,44.250,26.509497,3.484136,0.00524983,12.000000,90.453079,0.00000000,0.00015477,0.00000000,1,0
2129000.000,3.450000,0.000000,44.250,26.508242,3.484125,0.00524975,12.000000,90.453079,0.00000000,0.00015053,0.00000000,1,0
2130000.000,3.450000,0.000000,44.250,26.506987,3.484113,0.00524968,12.000000,90.453079,0.00000000,0.00014640,0.00000000,1,0
2131000.000,3.450000,0.000000,44.250,26.505733,3.484102,0.00524961,12.000000,90.453079,0.00000000,0.00014239,0.00000000,1,0
2132000.000,3.450000,0.000000,44.250,26.504480,3.484091,0.00524953,12.000000,90.453079,0.00000000,0.00013849,0.00000000,1,0
2133000.000,3.450000,0.000000,44.250,26.503229,3.484079,0.00524946,12.000000,90.453079,0.00000000,0.00013469,0.00000000,1,0
2134000.000,3.450000,0.000000,44.250,26.501978,3.484068,0.00524938,12.000000,90.453079,0.00000000,0.00013100,0.00000000,1,0
2135000.000,3.450000,0.000000,44.250,26.500725,3.484056,0.00524931,12.000000,90.453079,0.00000000,0.00012741,0.00000000,1,0
2136000.000,3.450000,0.000000,44.250,26.499477,3.484045,0.00524924,12.000000,90.453079,0.00000000,0.00012391,0.00000000,1,0
2137000.000,3.450000,0.000000,44.250,26.498228,3.484034,0.00524916,12.000000,90.453079,0.00000000,0.00012052,0.00000000,1,0
2138000.000,3.450000,0.000000,44.250,26.496979,3.484022,0.00524909,12.000000,90.453079,0.00000000,0.00011721,0.00000000,1,0
2139000.000,3.450000,0.000000,44.250,26.495731,3.484011,0.00524902,12.000000,90.453079,0.00000000,0.00011400,0.00000000,1,0
2140000.000,3.450000,0.000000,44.250,26.494486,3.484000,0.00524894,12.000000,90.453079,0.00000000,0.00011087,0.00000000,1,0
2141000.000,3.450000,0.000000,44.250,26.493240,3.483989,0.00524887,12.000000,90.453079,0.00000000,0.00010783,0.00000000,1,0
2142000.000,3.450000,0.000000,44.250,26.491997,3.483977,0.00524880,12.000000,90.453079,0.00000000,0.00010488,0.00000000,1,0
2143000.000,3.450000,0.000000,44.250,26.490753,3.483966,0.00524872,12.000000,90.453079,0.00000000,0.00010200,0.00000000,1,0
2144000.000,3.450000,0.000000,44.000,26.489513,3.483955,0.00524865,12.000000,90.453079,0.00000000,0.00009920,0.00000000,1,0
2145000.000,3.450000,0.000000,44.000,26.488274,3.483943,0.00524858,12.000000,90.453079,0.00000000,0.00009648,0.00000000,1,0
2146000.000,3.450000,0.000000,44.000,26.487034,3.483932,0.00524851,12.000000,90.453079,0.00000000,0.00009384,0.00000000,1,0
2147000.000,3.450000,0.000000,44.000,26.485794,3.483921,0.00524843,12.000000,90.453079,0.00000000,0.00009127,0.00000000,1,0
2148000.000,3.450000,0.000000,44.000,26.484558,3.483910,0.00524836,12.000000,90.453079,0.00000000,0.00008876,0.00000000,1,0
2149000.000,3.450000,0.000000,44.000,26.483322,3.483898,0.00524829,12.000000,90.453079,0.00000000,0.00008633,0.00000000,1,0
2150000.000,3.450000,0.000000,44.000,26.482084,3.483887,0.00524821,12.000000,90.453079,0.00000000,0.00008396,0.00000000,1,0
2151000.000,3.450000,0.000000,44.000,26.480848,3.483876,0.00524814,12.000000,90.453079,0.00000000,0.00008166,0.00000000,1,0
2152000.000,3.450000,0.000000,44.000,26.479614,3.483865,0.00524807,12.000000,90.453079,0.00000000,0.00007942,0.00000000,1,0
2153000.000,3.450000,0.000000,44.000,26.478380,3.483854,0.00524799,12.000000,90.453079,0.00000000,0.00007724,0.00000000,1,0
2154000.000,3.450000,0.000000,44.000,26.477146,3.483842,0.00524792,12.000000,90.453079,0.00000000,0.00007513,0.00000000,1,0
2155000.000,3.450000,0.000000,44.000,26.475912,3.483831,0.00524785,12.000000,90.453079,0.00000000,0.00007307,0.00000000,1,0
2156000.000,3.450000,0.000000,44.000,26.474682,3.483820,0.00524777,12.000000,90.453079,0.00000000,0.00007106,0.00000000,1,0
2157000.000,3.450000,0.000000,44.000,26.473450,3.483809,0.00524770,12.000000,90.453079,0.00000000,0.00006911,0.00000000,1,0
2158000.000,3.450000,0.000000,44.000,26.472219,3.483798,0.00524763,12.000000,90.453079,0.00000000,0.00006722,0.00000000,1,0
2159000.000,3.450000,0.000000,44.000,26.470989,3.483786,0.00524756,12.000000,90.453079,0.00000000,0.00006538,0.00000000,1,0
2160000.000,3.450000,0.000000,44.000,26.469761,3.483775,0.00524749,12.000000,90.453079,0.00000000,0.00006358,0.00000000,1,0
2161000.000,3.450000,0.000000,44.000,26.468533,3.483764,0.00524741,12.000000,90.453079,0.00000000,0.00006184,0.00000000,1,0
2162000.000,3.450000,0.000000,44.000,26.467306,3.483753,0.00524734,12.000000,90.453079,0.00000000,0.00006014,0.00000000,1,0
2163000.000,3.450000,0.000000,44.000,26.466078,3.483742,0.00524727,12.000000,90.453079,0.00000000,0.00005849,0.00000000,1,0
2164000.000,3.450000,0.000000,44.000,26.464853,3.483731,0.00524720,12.000000,90.453079,0.00000000,0.00005689,0.00000000,1,0
2165000.000,3.450000,0.000000,44.000,26.463627,3.483720,0.00524712,12.000000,90.453079,0.00000000,0.00005533,0.00000000,1,0
2166000.000,3.450000,0.000000,44.000,26.462402,3.483708,0.00524705,12.000000,90.453079,0.00000000,0.00005381,0.00000000,1,0
2167000.000,3.450000,0.000000,44.000,26.461178,3.483697,0.00524698,12.000000,90.453079,0.00000000,0.00005234,0.00000000,1,0
2168000.000,3.450000,0.000000,44.000,26.459957,3.483686,0.00524691,12.000000,90.453079,0.00000000,0.00005090,0.00000000,1,0
2169000.000,3.450000,0.000000,44.000,26.458735,3.483675,0.00524684,12.000000,90.453079,0.00000000,0.00004951,0.00000000,1,0
2170000.000,3.450000,0.000000,44.000,26.457512,3.483664,0.00524676,12.000000,90.453079,0.00000000,0.00004815,0.00000000,1,0
2171000.000,3.450000,0.000000,44.000,26.456291,3.483653,0.00524669,12.000000,90.453079,0.00000000,0.00004683,0.00000000,1,0
2172000.000,3.450000,0.000000,44.000,26.455072,3.483642,0.00524662,12.000000,90.453079,0.00000000,0.00004554,0.00000000,1,0
2173000.000,3.450000,0.000000,44.000,26.453854,3.483631,0.00524655,12.000000,90.453079,0.00000000,0.00004429,0.00000000,1,0
2174000.000,3.450000,0.000000,44.000,26.452633,3.483620,0.00524648,12.000000,90.453079,0.00000000,0.00004308,0.00000000,1,0
2175000.000,3.450000,0.000000,44.000,26.451414,3.483609,0.00524640,12.000000,90.453079,0.00000000,0.00004190,0.00000000,1,0
2176000.000,3.450000,0.000000,44.000,26.450199,3.483598,0.00524633,12.000000,90.453079,0.00000000,0.00004075,0.00000000,1,0
2177000.000,3.450000,0.000000,44.000,26.448982,3.483587,0.00524626,12.000000,90.453079,0.00000000,0.00003963,0.00000000,1,0
2178000.000,3.450000,0.000000,44.000,26.447767,3.483576,0.00524619,12.000000,90.453079,0.00000000,0.00003855,0.00000000,1,0
2179000.000,3.450000,0.000000,44.000,26.446550,3.483564,0.00524612,12.000000,90.453079,0.00000000,0.00003749,0.00000000,1,0
2180000.000,3.450000,0.000000,44.000,26.445337,3.483553,0.00524605,12.000000,90.453079,0.00000000,0.00003646,0.00000000,1,0
2181000.000,3.450000,0.000000,44.000,26.444126,3.483542,0.00524597,12.000000,90.453079,0.00000000,0.00003546,0.00000000,1,0
2182000.000,3.450000,0.000000,44.000,26.442913,3.483531,0.00524590,12.000000,90.453079,0.00000000,0.00003449,0.00000000,1,0
2183000.000,3.450000,0.000000,44.000,26.441700,3.483521,0.00524583,12.000000,90.453079,0.00000000,0.00003354,0.00000000,1,0
2184000.000,3.450000,0.000000,44.000,26.440489,3.483510,0.00524576,12.000000,90.453079,0.00000000,0.00003262,0.00000000,1,0
2185000.000,3.450000,0.000000,44.000,26.439280,3.483499,0.00524569,12.000000,90.453079,0.00000000,0.00003173,0.00000000,1,0
2186000.000,3.450000,0.000000,44.000,26.438068,3.483487,0.00524562,12.000000,90.453079,0.00000000,0.00003086,0.00000000,1,0
2187000.000,3.450000,0.000000,44.000,26.436859,3.483476,0.00524555,12.000000,90.453079,0.00000000,0.00003001,0.00000000,1,0
2188000.000,3.450000,0.000000,44.000,26.435656,3.483466,0.00524548,12.000000,90.453079,0.00000000,0.00002919,0.00000000,1,0
2189000.000,3.450000,0.000000,44.000,26.434452,3.483455,0.00524540,12.000000,90.453079,0.00000000,0.00002839,0.00000000,1,0
2190000.000,3.450000,0.000000,44.000,26.433247,3.483444,0.00524533,12.000000,90.453079,0.00000000,0.00002761,0.00000000,1,0
2191000.000,3.450000,0.000000,44.000,26.432043,3.483433,0.00524526,12.000000,90.453079,0.00000000,0.00002685,0.00000000,1,0
2192000.000,3.450000,0.000000,43.750,26.430841,3.483422,0.00524519,12.000000,90.453079,0.00000000,0.00002611,0.00000000,1,0
2193000.000,3.450000,0.000000,43.750,26.429642,3.483411,0.00524512,12.000000,90.453079,0.00000000,0.00002540,0.00000000,1,0
2194000.000,3.450000,0.000000,43.750,26.428440,3.483400,0.00524505,12.000000,90.453079,0.00000000,0.00002470,0.00000000,1,0
2195000.000,3.450000,0.000000,43.750,26.427238,3.483389,0.00524498,12.000000,90.453079,0.00000000,0.00002402,0.00000000,1,0
2196000.000,3.450000,0.000000,43.750,26.426041,3.483378,0.00524491,12.000000,90.453079,0.00000000,0.00002337,0.00000000,1,0
2197000.000,3.450000,0.000000,43.750,26.424843,3.483367,0.00524484,12.000000,90.453079,0.00000000,0.00002272,0.00000000,1,0
2198000.000,3.450000,0.000000,43.750,26.423645,3.483356,0.00524476,12.000000,90.453079,0.00000000,0.00002210,0.00000000,1,0
2199000.000,3.450000,0.000000,43.750,26.422447,3.483346,0.00524469,12.000000,90.453079,0.00000000,0.00002149,0.00000000,1,0
2200000.000,3.450000,0.000000,43.750,26.421251,3.483335,0.00524462,12.000000,90.453079,0.00000000,0.00002091,0.00000000,1,0
2201000.000,3.450000,0.000000,43.750,26.420057,3.483324,0.00524455,12.000000,90.453079,0.00000000,0.00002033,0.00000000,1,0
2202000.000,3.450000,0.000000,43.750,26.418861,3.483313,0.00524448,12.000000,90.453079,0.00000000,0.00001977,0.00000000,1,0
2203000.000,3.450000,0.000000,43.750,26.417667,3.483302,0.00524441,12.000000,90.453079,0.00000000,0.00001923,0.00000000,1,0
2204000.000,3.450000,0.000000,43.750,26.416471,3.483291,0.00524434,12.000000,90.453079,0.00000000,0.00001870,0.00000000,1,0
2205000.000,3.450000,0.000000,43.750,26.415279,3.483280,0.00524427,12.000000,90.453079,0.00000000,0.00001819,0.00000000,1,0
2206000.000,3.450000,0.000000,43.750,26.414087,3.483270,0.00524420,12.000000,90.453079,0.00000000,0.00001769,0.00000000,1,0
2207000.000,3.450000,0.000000,43.750,26.412895,3.483259,0.00524413,12.000000,90.453079,0.00000000,0.00001721,0.00000000,1,0
2208000.000,3.450000,0.000000,43.750,26.411703,3.483248,0.00524406,12.000000,90.453079,0.00000000,0.00001673,0.00000000,1,0
2209000.000,3.450000,0.000000,43.750,26.410515,3.483237,0.00524399,12.000000,90.453079,0.00000000,0.00001628,0.00000000,1,0
2210000.000,3.450000,0.000000,43.750,26.409325,3.483227,0.00524392,12.000000,90.453079,0.00000000,0.00001583,0.00000000,1,0
2211000.000,3.450000,0.000000,43.750,26.408136,3.483216,0.00524385,12.000000,90.453079,0.00000000,0.00001540,0.00000000,1,0
2212000.000,3.450000,0.000000,43.750,26.406946,3.483205,0.00524378,12.000000,90.453079,0.00000000,0.00001497,0.00000000,1,0
2213000.000,3.450000,0.000000,43.750,26.405760,3.483194,0.00524371,12.000000,90.453079,0.00000000,0.00001456,0.00000000,1,0
2214000.000,3.450000,0.000000,43.750,26.404575,3.483183,0.00524364,12.000000,90.453079,0.00000000,0.00001416,0.00000000,1,0
2215000.000,3.450000,0.000000,43.750,26.403389,3.483173,0.00524357,12.000000,90.453079,0.00000000,0.00001377,0.00000000,1,0
2216000.000,3.450000,0.000000,43.750,26.402203,3.483162,0.00524350,12.000000,90.453079,0.00000000,0.00001340,0.00000000,1,0
2217000.000,3.450000,0.000000,43.750,26.401020,3.483151,0.00524343,12.000000,90.453079,0.00000000,0.00001303,0.00000000,1,0
2218000.000,3.450000,0.000000,43.750,26.399836,3.483140,0.00524336,12.000000,90.453079,0.00000000,0.00001267,0.00000000,1,0
2219000.000,3.450000,0.000000,43.750,26.398653,3.483130,0.00524329,12.000000,90.453079,0.00000000,0.00001232,0.00000000,1,0
2220000.000,3.450000,0.000000,43.750,26.397470,3.483119,0.00524322,12.000000,90.453079,0.00000000,0.00001199,0.00000000,1,0
2221000.000,3.450000,0.000000,43.750,26.396290,3.483108,0.00524315,12.000000,90.453079,0.00000000,0.00001166,0.00000000,1,0
2222000.000,3.450000,0.000000,43.750,26.395109,3.483097,0.00524308,12.000000,90.453079,0.00000000,0.00001134,0.00000000,1,0
2223000.000,3.450000,0.000000,43.750,26.393929,3.483087,0.00524301,12.000000,90.453079,0.00000000,0.00001103,0.00000000,1,0
2224000.000,3.450000,0.000000,43.750,26.392750,3.483076,0.00524294,12.000000,90.453079,0.00000000,0.00001072,0.00000000,1,0
2225000.000,3.450000,0.000000,43.750,26.391569,3.483065,0.00524287,12.000000,90.453079,0.00000000,0.00001043,0.00000000,1,0
2226000.000,3.450000,0.000000,43.750,26.390392,3.483055,0.00524280,12.000000,90.453079,0.00000000,0.00001014,0.00000000,1,0
2227000.000,3.450000,0.000000,43.750,26.389214,3.483044,0.00524273,12.000000,90.453079,0.00000000,0.00000987,0.00000000,1,0
2228000.000,3.450000,0.000000,43.750,26.388037,3.483033,0.00524266,12.000000,90.453079,0.00000000,0.00000959,0.00000000,1,0
2229000.000,3.450000,0.000000,43.750,26.386860,3.483022,0.00524259,12.000000,90.453079,0.00000000,0.00000933,0.00000000,1,0
2230000.000,3.450000,0.000000,43.750,26.385685,3.483012,0.00524252,12.000000,90.453079,0.00000000,0.00000908,0.00000000,1,0
2231000.000,3.450000,0.000000,43.750,26.384512,3.483001,0.00524245,12.000000,90.453079,0.00000000,0.00000883,0.00000000,1,0
2232000.000,3.450000,0.000000,43.750,26.383337,3.482991,0.00524238,12.000000,90.453079,0.00000000,0.00000858,0.00000000,1,0
2233000.000,3.450000,0.000000,43.750,26.382164,3.482980,0.00524232,12.000000,90.453079,0.00000000,0.00000835,0.00000000,1,0
2234000.000,3.450000,0.000000,43.750,26.380995,3.482969,0.00524225,12.000000,90.453079,0.00000000,0.00000812,0.00000000,1,0
2235000.000,3.450000,0.000000,43.750,26.379827,3.482959,0.00524218,12.000000,90.453079,0.00000000,0.00000790,0.00000000,1,0
2236000.000,3.450000,0.000000,43.750,26.378658,3.482948,0.00524211,12.000000,90.453079,0.00000000,0.00000768,0.00000000,1,0
2237000.000,3.450000,0.000000,43.750,26.377491,3.482937,0.00524204,12.000000,90.453079,0.00000000,0.00000747,0.00000000,1,0
2238000.000,3.450000,0.000000,43.750,26.376326,3.482927,0.00524197,12.000000,90.453079,0.00000000,0.00000726,0.00000000,1,0
2239000.000,3.450000,0.000000,43.750,26.375160,3.482916,0.00524190,12.000000,90.453079,0.00000000,0.00000707,0.00000000,1,0
2240000.000,3.450000,0.000000,43.750,26.373995,3.482906,0.00524183,12.000000,90.453079,0.00000000,0.00000687,0.00000000,1,0
2241000.000,3.450000,0.000000,43.500,26.372829,3.482895,0.00524176,12.000000,90.453079,0.00000000,0.00000668,0.00000000,1,0
2242000.000,3.450000,0.000000,43.500,26.371664,3.482884,0.00524169,12.000000,90.453079,0.00000000,0.00000650,0.00000000,1,0
2243000.000,3.450000,0.000000,43.500,26.370502,3.482874,0.00524163,12.000000,90.453079,0.00000000,0.00000632,0.00000000,1,0
2244000.000,3.450000,0.000000,43.500,26.369339,3.482863,0.00524156,12.000000,90.453079,0.00000000,0.00000615,0.00000000,1,0
2245000.000,3.450000,0.000000,43.500,26.368177,3.482853,0.00524149,12.000000,90.453079,0.00000000,0.00000598,0.00000000,1,0
2246000.000,3.450000,0.000000,43.500,26.367014,3.482842,0.00524142,12.000000,90.453079,0.00000000,0.00000581,0.00000000,1,0
2247000.000,3.450000,0.000000,43.500,26.365856,3.482832,0.00524135,12.000000,90.453079,0.00000000,0.00000566,0.00000000,1,0
2248000.000,3.450000,0.000000,43.500,26.364697,3.482821,0.00524128,12.000000,90.453079,0.00000000,0.00000550,0.00000000,1,0
2249000.000,3.450000,0.000000,43.500,26.363537,3.482811,0.00524121,12.000000,90.453079,0.00000000,0.00000535,0.00000000,1,0
2250000.000,3.450000,0.000000,43.500,26.362377,3.482800,0.00524114,12.000000,90.453079,0.00000000,0.00000520,0.00000000,1,0
2251000.000,3.450000,0.000000,43.500,26.361217,3.482790,0.00524108,12.000000,90.453079,0.00000000,0.00000506,0.00000000,1,0
2252000.000,3.450000,0.000000,43.500,26.360062,3.482779,0.00524101,12.000000,90.453079,0.00000000,0.00000492,0.00000000,1,0
2253000.000,3.450000,0.000000,43.500,26.358906,3.482769,0.00524094,12.000000,90.453079,0.00000000,0.00000479,0.00000000,1,0
2254000.000,3.450000,0.000000,43.500,26.357750,3.482758,0.00524087,12.000000,90.453079,0.00000000,0.00000465,0.00000000,1,0
2255000.000,3.450000,0.000000,43.500,26.356592,3.482748,0.00524080,12.000000,90.453079,0.00000000,0.00000453,0.00000000,1,0
2256000.000,3.450000,0.000000,43.500,26.355440,3.482737,0.00524073,12.000000,90.453079,0.00000000,0.00000440,0.00000000,1,0
2257000.000,3.450000,0.000000,43.500,26.354286,3.482727,0.00524067,12.000000,90.453079,0.00000000,0.00000428,0.00000000,1,0
2258000.000,3.450000,0.000000,43.500,26.353132,3.482716,0.00524060,12.000000,90.453079,0.00000000,0.00000416,0.00000000,1,0
2259000.000,3.450000,0.000000,43.500,26.351980,3.482706,0.00524053,12.000000,90.453079,0.00000000,0.00000405,0.00000000,1,0
2260000.000,3.450000,0.000000,43.500,26.350828,3.482695,0.00524046,12.000000,90.453079,0.00000000,0.00000394,0.00000000,1,0
2261000.000,3.450000,0.000000,43.500,26.349678,3.482685,0.00524039,12.000000,90.453079,0.00000000,0.00000383,0.00000000,1,0
2262000.000,3.450000,0.000000,43.500,26.348528,3.482674,0.00524033,12.000000,90.453079,0.00000000,0.00000373,0.00000000,1,0
2263000.000,3.450000,0.000000,43.500,26.347378,3.482664,0.00524026,12.000000,90.453079,0.00000000,0.00000362,0.00000000,1,0
2264000.000,3.450000,0.000000,43.500,26.346228,3.482653,0.00524019,12.000000,90.453079,0.00000000,0.00000352,0.00000000,1,0
2265000.000,3.450000,0.000000,43.500,26.345079,3.482643,0.00524012,12.000000,90.453079,0.00000000,0.00000343,0.00000000,1,0
2266000.000,3.450000,0.000000,43.500,26.343933,3.482633,0.00524005,12.000000,90.453079,0.00000000,0.00000333,0.00000000,1,0
2267000.000,3.450000,0.000000,43.500,26.342785,3.482622,0.00523999,12.000000,90.453079,0.00000000,0.00000324,0.00000000,1,0
2268000.000,3.450000,0.000000,43.500,26.341639,3.482612,0.00523992,12.000000,90.453079,0.00000000,0.00000315,0.00000000,1,0
2269000.000,3.450000,0.000000,43.500,26.340494,3.482601,0.00523985,12.000000,90.453079,0.00000000,0.00000307,0.00000000,1,0
2270000.000,3.450000,0.000000,43.500,26.339350,3.482591,0.00523978,12.000000,90.453079,0.00000000,0.00000298,0.00000000,1,0
2271000.000,3.450000,0.000000,43.500,26.338205,3.482581,0.00523972,12.000000,90.453079,0.00000000,0.00000290,0.00000000,1,0
2272000.000,3.450000,0.000000,43.500,26.337061,3.482570,0.00523965,12.000000,90.453079,0.00000000,0.00000282,0.00000000,1,0
2273000.000,3.450000,0.000000,43.500,26.335917,3.482560,0.00523958,12.000000,90.453079,0.00000000,0.00000274,0.00000000,1,0
2274000.000,3.450000,0.000000,43.500,26.334774,3.482549,0.00523951,12.000000,90.453079,0.00000000,0.00000267,0.00000000,1,0
2275000.000,3.450000,0.000000,43.500,26.333633,3.482539,0.00523945,12.000000,90.453079,0.00000000,0.00000259,0.00000000,1,0
2276000.000,3.450000,0.000000,43.500,26.332491,3.482529,0.00523938,12.000000,90.453079,0.00000000,0.00000252,0.00000000,1,0
2277000.000,3.450000,0.000000,43.500,26.331350,3.482518,0.00523931,12.000000,90.453079,0.00000000,0.00000245,0.00000000,1,0
2278000.000,3.450000,0.000000,43.500,26.330212,3.482508,0.00523924,12.000000,90.453079,0.00000000,0.00000239,0.00000000,1,0
2279000.000,3.450000,0.000000,43.500,26.329073,3.482498,0.00523918,12.000000,90.453079,0.00000000,0.00000232,0.00000000,1,0
2280000.000,3.450000,0.000000,43.500,26.327934,3.482487,0.00523911,12.000000,90.453079,0.00000000,0.00000226,0.00000000,1,0
2281000.000,3.450000,0.000000,43.500,26.326799,3.482477,0.00523904,12.000000,90.453079,0.00000000,0.00000220,0.00000000,1,0
2282000.000,3.450000,0.000000,43.500,26.325665,3.482467,0.00523897,12.000000,90.453079,0.00000000,0.00000214,0.00000000,1,0
2283000.000,3.450000,0.000000,43.500,26.324532,3.482456,0.00523891,12.000000,90.453079,0.00000000,0.00000208,0.00000000,1,0
2284000.000,3.450000,0.000000,43.500,26.323399,3.482446,0.00523884,12.000000,90.453079,0.00000000,0.00000202,0.00000000,1,0
2285000.000,3.450000,0.000000,43.500,26.322266,3.482436,0.00523877,12.000000,90.453079,0.00000000,0.00000196,0.00000000,1,0
2286000.000,3.450000,0.000000,43.500,26.321135,3.482426,0.00523871,12.000000,90.453079,0.00000000,0.00000191,0.00000000,1,0
2287000.000,3.450000,0.000000,43.500,26.320004,3.482415,0.00523864,12.000000,90.453079,0.00000000,0.00000186,0.00000000,1,0
2288000.000,3.450000,0.000000,43.500,26.318874,3.482405,0.00523857,12.000000,90.453079,0.00000000,0.00000181,0.00000000,1,0
2289000.000,3.450000,0.000000,43.250,26.317745,3.482395,0.00523851,12.000000,90.453079,0.00000000,0.00000176,0.00000000,1,0
2290000.000,3.450000,0.000000,43.250,26.316616,3.482385,0.00523844,12.000000,90.453079,0.00000000,0.00000171,0.00000000,1,0
2291000.000,3.450000,0.000000,43.250,26.315487,3.482374,0.00523837,12.000000,90.453079,0.00000000,0.00000166,0.00000000,1,0
2292000.000,3.450000,0.000000,43.250,26.314360,3.482364,0.00523830,12.000000,90.453079,0.00000000,0.00000162,0.00000000,1,0
2293000.000,3.450000,0.000000,43.250,26.313232,3.482354,0.00523824,12.000000,90.453079,0.00000000,0.00000157,0.00000000,1,0
2294000.000,3.450000,0.000000,43.250,26.312107,3.482344,0.00523817,12.000000,90.453079,0.00000000,0.00000153,0.00000000,1,0
2295000.000,3.450000,0.000000,43.250,26.310980,3.482333,0.00523810,12.000000,90.453079,0.00000000,0.00000149,0.00000000,1,0
2296000.000,3.450000,0.000000,43.250,26.309856,3.482323,0.00523804,12.000000,90.453079,0.00000000,0.00000145,0.00000000,1,0
2297000.000,3.450000,0.000000,43.250,26.308733,3.482313,0.00523797,12.000000,90.453079,0.00000000,0.00000141,0.00000000,1,0
2298000.000,3.450000,0.000000,43.250,26.307610,3.482303,0.00523790,12.000000,90.453079,0.00000000,0.00000137,0.00000000,1,0
2299000.000,3.450000,0.000000,43.250,26.306486,3.482293,0.00523784,12.000000,90.453079,0.00000000,0.00000133,0.00000000,1,0
2300000.000,3.450000,0.000000,43.250,26.305363,3.482282,0.00523777,12.000000,90.453079,0.00000000,0.00000129,0.00000000,1,0
2301000.000,3.450000,0.000000,43.250,26.304241,3.482272,0.00523771,12.000000,90.453079,0.00000000,0.00000126,0.00000000,1,0
2302000.000,3.450000,0.000000,43.250,26.303122,3.482262,0.00523764,12.000000,90.453079,0.00000000,0.00000122,0.00000000,1,0
2303000.000,3.450000,0.000000,43.250,26.302000,3.482252,0.00523757,12.000000,90.453079,0.00000000,0.00000119,0.00000000,1,0
2304000.000,3.450000,0.000000,43.250,26.300880,3.482242,0.00523751,12.000000,90.453079,0.00000000,0.00000116,0.00000000,1,0
2305000.000,3.450000,0.000000,43.250,26.299763,3.482232,0.00523744,12.000000,90.453079,0.00000000,0.00000113,0.00000000,1,0
2306000.000,3.450000,0.000000,43.250,26.298645,3.482221,0.00523737,12.000000,90.453079,0.00000000,0.00000110,0.00000000,1,0
2307000.000,3.450000,0.000000,43.250,26.297527,3.482211,0.00523731,12.000000,90.453079,0.00000000,0.00000106,0.00000000,1,0
2308000.000,3.450000,0.000000,43.250,26.296410,3.482201,0.00523724,12.000000,90.453079,0.00000000,0.00000104,0.00000000,1,0
2309000.000,3.450000,0.000000,43.250,26.295292,3.482191,0.00523718,12.000000,90.453079,0.00000000,0.00000101,0.00000000,1,0
2310000.000,3.450000,0.000000,43.250,26.294178,3.482181,0.00523711,12.000000,90.453079,0.00000000,0.00000098,0.00000000,1,0
2311000.000,3.450000,0.000000,43.250,26.293064,3.482171,0.00523704,12.000000,90.453079,0.00000000,0.00000095,0.00000000,1,0
2312000.000,3.450000,0.000000,43.250,26.291948,3.482161,0.00523698,12.000000,90.453079,0.00000000,0.00000093,0.00000000,1,0
2313000.000,3.450000,0.000000,43.250,26.290834,3.482151,0.00523691,12.000000,90.453079,0.00000000,0.00000090,0.00000000,1,0
2314000.000,3.450000,0.000000,43.250,26.289719,3.482140,0.00523685,12.000000,90.453079,0.00000000,0.00000088,0.00000000,1,0
2315000.000,3.450000,0.000000,43.250,26.288609,3.482130,0.00523678,12.000000,90.453079,0.00000000,0.00000085,0.00000000,1,0
2316000.000,3.450000,0.000000,43.250,26.287497,3.482120,0.00523671,12.000000,90.453079,0.00000000,0.00000083,0.00000000,1,0
2317000.000,3.450000,0.000000,43.250,26.286385,3.482110,0.00523665,12.000000,90.453079,0.00000000,0.00000081,0.00000000,1,0
2318000.000,3.450000,0.000000,43.250,26.285273,3.482100,0.00523658,12.000000,90.453079,0.00000000,0.00000078,0.00000000,1,0
2319000.000,3.450000,0.000000,43.250,26.284164,3.482090,0.00523652,12.000000,90.453079,0.00000000,0.00000076,0.00000000,1,0
2320000.000,3.450000,0.000000,43.250,26.283056,3.482080,0.00523645,12.000000,90.453079,0.00000000,0.00000074,0.00000000,1,0
2321000.000,3.450000,0.000000,43.250,26.281946,3.482070,0.00523639,12.000000,90.453079,0.00000000,0.00000072,0.00000000,1,0
2322000.000,3.450000,0.000000,43.250,26.280838,3.482060,0.00523632,12.000000,90.453079,0.00000000,0.00000070,0.00000000,1,0
2323000.000,3.450000,0.000000,43.250,26.279730,3.482050,0.00523626,12.000000,90.453079,0.00000000,0.00000068,0.00000000,1,0
2324000.000,3.450000,0.000000,43.250,26.278624,3.482040,0.00523619,12.000000,90.453079,0.00000000,0.00000066,0.00000000,1,0
2325000.000,3.450000,0.000000,43.250,26.277519,3.482030,0.00523612,12.000000,90.453079,0.00000000,0.00000065,0.00000000,1,0
2326000.000,3.450000,0.000000,43.250,26.276413,3.482019,0.00523606,12.000000,90.453079,0.00000000,0.00000063,0.00000000,1,0
2327000.000,3.450000,0.000000,43.250,26.275307,3.482009,0.00523599,12.000000,90.453079,0.00000000,0.00000061,0.00000000,1,0
2328000.000,3.450000,0.000000,43.250,26.274200,3.481999,0.00523593,12.000000,90.453079,0.00000000,0.00000059,0.00000000,1,0
2329000.000,3.450000,0.000000,43.250,26.273102,3.481989,0.00523586,12.000000,90.453079,0.00000000,0.00000058,0.00000000,1,0
2330000.000,3.450000,0.000000,43.250,26.272001,3.481979,0.00523580,12.000000,90.453079,0.00000000,0.00000056,0.00000000,1,0
2331000.000,3.450000,0.000000,43.250,26.270903,3.481970,0.00523573,12.000000,90.453079,0.00000000,0.00000055,0.00000000,1,0
2332000.000,3.450000,0.000000,43.250,26.269802,3.481960,0.00523567,12.000000,90.453079,0.00000000,0.00000053,0.00000000,1,0
2333000.000,3.450000,0.000000,43.250,26.268705,3.481950,0.00523560,12.000000,90.453079,0.00000000,0.00000052,0.00000000,1,0
2334000.000,3.450000,0.000000,43.250,26.267609,3.481940,0.00523554,12.000000,90.453079,0.00000000,0.00000050,0.00000000,1,0
2335000.000,3.450000,0.000000,43.250,26.266512,3.481930,0.00523547,12.000000,90.453079,0.00000000,0.00000049,0.00000000,1,0
2336000.000,3.450000,0.000000,43.250,26.265415,3.481920,0.00523541,12.000000,90.453079,0.00000000,0.00000048,0.00000000,1,0
2337000.000,3.450000,0.000000,43.250,26.264318,3.481910,0.00523534,12.000000,90.453079,0.00000000,0.00000046,0.00000000,1,0
2338000.000,3.450000,0.000000,43.250,26.263226,3.481900,0.00523528,12.000000,90.453079,0.00000000,0.00000045,0.00000000,1,0
2339000.000,3.450000,0.000000,43.250,26.262131,3.481890,0.00523521,12.000000,90.453079,0.00000000,0.00000044,0.00000000,1,0
2340000.000,3.450000,0.000000,43.000,26.261038,3.481880,0.00523515,12.000000,90.453079,0.00000000,0.00000043,0.00000000,1,0
2341000.000,3.450000,0.000000,43.000,26.259943,3.481870,0.00523508,12.000000,90.453079,0.00000000,0.00000041,0.00000000,1,0
2342000.000,3.450000,0.000000,43.000,26.258850,3.481860,0.00523502,12.000000,90.453079,0.00000000,0.00000040,0.00000000,1,0
2343000.000,3.450000,0.000000,43.000,26.257759,3.481850,0.00523495,12.000000,90.453079,0.00000000,0.00000039,0.00000000,1,0
2344000.000,3.450000,0.000000,43.000,26.256668,3.481840,0.00523489,12.000000,90.453079,0.00000000,0.00000038,0.00000000,1,0
2345000.000,3.450000,0.000000,43.000,26.255577,3.481830,0.00523482,12.000000,90.453079,0.00000000,0.00000037,0.00000000,1,0
2346000.000,3.450000,0.000000,43.000,26.254486,3.481820,0.00523476,12.000000,90.453079,0.00000000,0.00000036,0.00000000,1,0
2347000.000,3.450000,0.000000,43.000,26.253397,3.481811,0.00523470,12.000000,90.453079,0.00000000,0.00000035,0.00000000,1,0
2348000.000,3.450000,0.000000,43.000,26.252308,3.481801,0.00523463,12.000000,90.453079,0.00000000,0.00000034,0.00000000,1,0
2349000.000,3.450000,0.000000,43.000,26.251221,3.481791,0.00523457,12.000000,90.453079,0.00000000,0.00000033,0.00000000,1,0
2350000.000,3.450000,0.000000,43.000,26.250134,3.481781,0.00523450,12.000000,90.453079,0.00000000,0.00000032,0.00000000,1,0
2351000.000,3.450000,0.000000,43.000,26.249044,3.481771,0.00523444,12.000000,90.453079,0.00000000,0.00000031,0.00000000,1,0
2352000.000,3.450000,0.000000,43.000,26.247961,3.481761,0.00523437,12.000000,90.453079,0.00000000,0.00000030,0.00000000,1,0
2353000.000,3.450000,0.000000,43.000,26.246876,3.481751,0.00523431,12.000000,90.453079,0.00000000,0.00000030,0.00000000,1,0
2354000.000,3.450000,0.000000,43.000,26.245790,3.481741,0.00523425,12.000000,90.453079,0.00000000,0.00000029,0.00000000,1,0
2355000.000,3.450000,0.000000,43.000,26.244705,3.481732,0.00523418,12.000000,90.453079,0.00000000,0.00000028,0.00000000,1,0
2356000.000,3.450000,0.000000,43.000,26.243622,3.481722,0.00523412,12.000000,90.453079,0.00000000,0.00000027,0.00000000,1,0
2357000.000,3.450000,0.000000,43.000,26.242538,3.481712,0.00523405,12.000000,90.453079,0.00000000,0.00000026,0.00000000,1,0
2358000.000,3.450000,0.000000,43.000,26.241457,3.481702,0.00523399,12.000000,90.453079,0.00000000,0.00000026,0.00000000,1,0
2359000.000,3.450000,0.000000,43.000,26.240376,3.481692,0.00523392,12.000000,90.453079,0.00000000,0.00000025,0.00000000,1,0
2360000.000,3.450000,0.000000,43.000,26.239294,3.481683,0.00523386,12.000000,90.453079,0.00000000,0.00000024,0.00000000,1,0
2361000.000,3.450000,0.000000,43.000,26.238213,3.481673,0.00523380,12.000000,90.453079,0.00000000,0.00000024,0.00000000,1,0
2362000.000,3.450000,0.000000,43.000,26.237133,3.481663,0.00523373,12.000000,90.453079,0.00000000,0.00000023,0.00000000,1,0
2363000.000,3.450000,0.000000,43.000,26.236053,3.481653,0.00523367,12.000000,90.453079,0.00000000,0.00000022,0.00000000,1,0
2364000.000,3.450000,0.000000,43.000,26.234976,3.481643,0.00523360,12.000000,90.453079,0.00000000,0.00000022,0.00000000,1,0
2365000.000,3.450000,0.000000,43.000,26.233896,3.481633,0.00523354,12.000000,90.453079,0.00000000,0.00000021,0.00000000,1,0
2366000.000,3.450000,0.000000,43.000,26.232819,3.481624,0.00523348,12.000000,90.453079,0.00000000,0.00000021,0.00000000,1,0
2367000.000,3.450000,0.000000,43.000,26.231743,3.481614,0.00523341,12.000000,90.453079,0.00000000,0.00000020,0.00000000,1,0
2368000.000,3.450000,0.000000,43.000,26.230665,3.481604,0.00523335,12.000000,90.453079,0.00000000,0.00000019,0.00000000,1,0
2369000.000,3.450000,0.000000,43.000,26.229589,3.481594,0.00523328,12.000000,90.453079,0.00000000,0.00000019,0.00000000,1,0
2370000.000,3.450000,0.000000,43.000,26.228514,3.481585,0.00523322,12.000000,90.453079,0.00000000,0.00000018,0.00000000,1,0
2371000.000,3.450000,0.000000,43.000,26.227438,3.481575,0.00523316,12.000000,90.453079,0.00000000,0.00000018,0.00000000,1,0
2372000.000,3.450000,0.000000,43.000,26.226366,3.481565,0.00523309,12.000000,90.453079,0.00000000,0.00000017,0.00000000,1,0
2373000.000,3.450000,0.000000,43.000,26.225292,3.481555,0.00523303,12.000000,90.453079,0.00000000,0.00000017,0.00000000,1,0
2374000.000,3.450000,0.000000,43.000,26.224220,3.481546,0.00523297,12.000000,90.453079,0.00000000,0.00000016,0.00000000,1,0
2375000.000,3.450000,0.000000,43.000,26.223146,3.481536,0.00523290,12.000000,90.453079,0.00000000,0.00000016,0.00000000,1,0
2376000.000,3.450000,0.000000,43.000,26.222075,3.481526,0.00523284,12.000000,90.453079,0.00000000,0.00000016,0.00000000,1,0
2377000.000,3.450000,0.000000,43.000,26.221004,3.481516,0.00523278,12.000000,90.453079,0.00000000,0.00000015,0.00000000,1,0
2378000.000,3.450000,0.000000,43.000,26.219934,3.481507,0.00523271,12.000000,90.453079,0.00000000,0.00000015,0.00000000,1,0
2379000.000,3.450000,0.000000,43.000,26.218864,3.481497,0.00523265,12.000000,90.453079,0.00000000,0.00000014,0.00000000,1,0
2380000.000,3.450000,0.000000,43.000,26.217798,3.481487,0.00523259,12.000000,90.453079,0.00000000,0.00000014,0.00000000,1,0
2381000.000,3.450000,0.000000,43.000,26.216730,3.481477,0.00523252,12.000000,90.453079,0.00000000,0.00000014,0.00000000,1,0
2382000.000,3.450000,0.000000,43.000,26.215666,3.481468,0.00523246,12.000000,90.453079,0.00000000,0.00000013,0.00000000,1,0
2383000.000,3.450000,0.000000,43.000,26.214603,3.481458,0.00523240,12.000000,90.453079,0.00000000,0.00000013,0.00000000,1,0
2384000.000,3.450000,0.000000,43.000,26.213539,3.481449,0.00523233,12.000000,90.453079,0.00000000,0.00000012,0.00000000,1,0
2385000.000,3.450000,0.000000,43.000,26.212475,3.481439,0.00523227,12.000000,90.453079,0.00000000,0.00000012,0.00000000,1,0
2386000.000,3.450000,0.000000,43.000,26.211411,3.481429,0.00523221,12.000000,90.453079,0.00000000,0.00000012,0.00000000,1,0
2387000.000,3.450000,0.000000,43.000,26.210350,3.481420,0.00523214,12.000000,90.453079,0.00000000,0.00000011,0.00000000,1,0
2388000.000,3.450000,0.000000,43.000,26.209290,3.481410,0.00523208,12.000000,90.453079,0.00000000,0.00000011,0.00000000,1,0
2389000.000,3.450000,0.000000,43.000,26.208227,3.481400,0.00523202,12.000000,90.453079,0.00000000,0.00000011,0.00000000,1,0
2390000.000,3.450000,0.000000,43.000,26.207167,3.481391,0.00523196,12.000000,90.453079,0.00000000,0.00000011,0.00000000,1,0
2391000.000,3.450000,0.000000,43.000,26.206106,3.481381,0.00523189,12.000000,90.453079,0.00000000,0.00000010,0.00000000,1,0
2392000.000,3.450000,0.000000,43.000,26.205048,3.481371,0.00523183,12.000000,90.453079,0.00000000,0.00000010,0.00000000,1,0
2393000.000,3.450000,0.000000,43.000,26.203991,3.481362,0.00523177,12.000000,90.453079,0.00000000,0.00000010,0.00000000,1,0
2394000.000,3.450000,0.000000,43.000,26.202932,3.481352,0.00523171,12.000000,90.453079,0.00000000,0.00000009,0.00000000,1,0
2395000.000,3.450000,0.000000,43.000,26.201874,3.481343,0.00523164,12.000000,90.453079,0.00000000,0.00000009,0.00000000,1,0
2396000.000,3.450000,0.000000,42.750,26.200815,3.481333,0.00523158,12.000000,90.453079,0.00000000,0.00000009,0.00000000,1,0
2397000.000,3.450000,0.000000,42.750,26.199760,3.481323,0.00523152,12.000000,90.453079,0.00000000,0.00000009,0.00000000,1,0
2398000.000,3.450000,0.000000,42.750,26.198706,3.481314,0.00523146,12.000000,90.453079,0.00000000,0.00000008,0.00000000,1,0
2399000.000,3.450000,0.000000,42.750,26.197651,3.481304,0.00523139,12.000000,90.453079,0.00000000,0.00000008,0.00000000,1,0
2400000.000,3.450000,0.000000,42.750,26.196596,3.481295,0.00523133,12.000000,90.453079,0.00000000,0.00000008,0.00000000,1,0
2401000.000,3.450000,0.000000,42.750,26.195541,3.481285,0.00523127,12.000000,90.453079,0.00000000,0.00000008,0.00000000,1,0
2402000.000,3.450000,0.000000,42.750,26.194489,3.481276,0.00523121,12.000000,90.453079,0.00000000,0.00000008,0.00000000,1,0
2403000.000,3.450000,0.000000,42.750,26.193438,3.481266,0.00523114,12.000000,90.453079,0.00000000,0.00000007,0.00000000,1,0
2404000.000,3.450000,0.000000,42.750,26.192385,3.481256,0.00523108,12.000000,90.453079,0.00000000,0.00000007,0.00000000,1,0
2405000.000,3.450000,0.000000,42.750,26.191334,3.481247,0.00523102,12.000000,90.453079,0.00000000,0.00000007,0.00000000,1,0
2406000.000,3.450000,0.000000,42.750,26.190281,3.481237,0.00523096,12.000000,90.453079,0.00000000,0.00000007,0.00000000,1,0
2407000.000,3.450000,0.000000,42.750,26.189232,3.481228,0.00523089,12.000000,90.453079,0.00000000,0.00000007,0.00000000,1,0
2408000.000,3.450000,0.000000,42.750,26.188183,3.481218,0.00523083,12.000000,90.453079,0.00000000,0.00000006,0.00000000,1,0
2409000.000,3.450000,0.000000,42.750,26.187134,3.481209,0.00523077,12.000000,90.453079,0.00000000,0.00000006,0.00000000,1,0
2410000.000,3.450000,0.000000,42.750,26.186085,3.481199,0.00523071,12.000000,90.453079,0.00000000,0.00000006,0.00000000,1,0
2411000.000,3.450000,0.000000,42.750,26.185036,3.481190,0.00523064,12.000000,90.453079,0.00000000,0.00000006,0.00000000,1,0
2412000.000,3.450000,0.000000,42.750,26.183990,3.481180,0.00523058,12.000000,90.453079,0.00000000,0.00000006,0.00000000,1,0
2413000.000,3.450000,0.000000,42.750,26.182943,3.481171,0.00523052,12.000000,90.453079,0.00000000,0.00000006,0.00000000,1,0
2414000.000,3.450000,0.000000,42.750,26.181898,3.481161,0.00523046,12.000000,90.453079,0.00000000,0.00000005,0.00000000,1,0
2415000.000,3.450000,0.000000,42.750,26.180851,3.481152,0.00523040,12.000000,90.453079,0.00000000,0.00000005,0.00000000,1,0
2416000.000,3.450000,0.000000,42.750,26.179806,3.481142,0.00523033,12.000000,90.453079,0.00000000,0.00000005,0.00000000,1,0
2417000.000,3.450000,0.000000,42.750,26.178762,3.481133,0.00523027,12.000000,90.453079,0.00000000,0.00000005,0.00000000,1,0
2418000.000,3.450000,0.000000,42.750,26.177719,3.481123,0.00523021,12.000000,90.453079,0.00000000,0.00000005,0.00000000,1,0
2419000.000,3.450000,0.000000,42.750,26.176676,3.481114,0.00523015,12.000000,90.453079,0.00000000,0.00000005,0.00000000,1,0
2420000.000,3.450000,0.000000,42.750,26.175632,3.481104,0.00523009,12.000000,90.453079,0.00000000,0.00000005,0.00000000,1,0
2421000.000,3.450000,0.000000,42.750,26.174589,3.481095,0.00523003,12.000000,90.453079,0.00000000,0.00000004,0.00000000,1,0
2422000.000,3.450000,0.000000,42.750,26.173550,3.481086,0.00522996,12.000000,90.453079,0.00000000,0.00000004,0.00000000,1,0
2423000.000,3.450000,0.000000,42.750,26.172510,3.481076,0.00522990,12.000000,90.453079,0.00000000,0.00000004,0.00000000,1,0
2424000.000,3.450000,0.000000,42.750,26.171471,3.481067,0.00522984,12.000000,90.453079,0.00000000,0.00000004,0.00000000,1,0
2425000.000,3.450000,0.000000,42.750,26.170429,3.481057,0.00522978,12.000000,90.453079,0.00000000,0.00000004,0.00000000,1,0
2426000.000,3.450000,0.000000,42.750,26.169390,3.481048,0.00522972,12.000000,90.453079,0.00000000,0.00000004,0.00000000,1,0
2427000.000,3.450000,0.000000,42.750,26.168352,3.481038,0.00522966,12.000000,90.453079,0.00000000,0.00000004,0.00000000,1,0
2428000.000,3.450000,0.000000,42.750,26.167315,3.481029,0.00522960,12.000000,90.453079,0.00000000,0.00000004,0.00000000,1,0
2429000.000,3.450000,0.000000,42.750,26.166279,3.481019,0.00522953,12.000000,90.453079,0.00000000,0.00000004,0.00000000,1,0
2430000.000,3.450000,0.000000,42.750,26.165241,3.481010,0.00522947,12.000000,90.453079,0.00000000,0.00000003,0.00000000,1,0
2431000.000,3.450000,0.000000,42.750,26.164204,3.481001,0.00522941,12.000000,90.453079,0.00000000,0.00000003,0.00000000,1,0
2432000.000,3.450000,0.000000,42.750,26.163170,3.480991,0.00522935,12.000000,90.453079,0.00000000,0.00000003,0.00000000,1,0
2433000.000,3.450000,0.000000,42.750,26.162138,3.480982,0.00522929,12.000000,90.453079,0.00000000,0.00000003,0.00000000,1,0
2434000.000,3.450000,0.000000,42.750,26.161108,3.480973,0.00522923,12.000000,90.453079,0.00000000,0.00000003,0.00000000,1,0
2435000.000,3.450000,0.000000,42.750,26.160076,3.480963,0.00522917,12.000000,90.453079,0.00000000,0.00000003,0.00000000,1,0
2436000.000,3.450000,0.000000,42.750,26.159044,3.480954,0.00522910,12.000000,90.453079,0.00000000,0.00000003,0.00000000,1,0
2437000.000,3.450000,0.000000,42.750,26.158014,3.480944,0.00522904,12.000000,90.453079,0.00000000,0.00000003,0.00000000,1,0
